id_feu,unidad_regional,siniestro_fecha,siniestro_hora,provincia,id_provincia,departamento,id_departamento,localidad,zona_ocurrencia,via_publica,nombre_via,altura_km,entre_calle_1,entre_calle_2,latitud,longitud,ilesos,heridos,fallecidos,vehiculos,peatones,tipo_siniestro_multiple,tipo_siniestro_unico,despiste_previo,tipo_siniestro_otro,tipo_colision,cantidad_de_involucrados,trazado_via,configuracion_de_la_via,configuracion_de_la_via_otro_tipo,pendiente_declive,cono_de_vision,material_de_la_calzada,material_de_la_calzada_otro,estado_de_la_calzada,estado_fisico_ambiental,estado_de_conservacion_otro,division_fisica_de_la_via,division_fisica_de_la_via_otro,barreras_de_seguridad,banquinas,senalizacion_carteleria,senalizacion_horizontal,senalizacion_transitoria,luminosidad,luz_artificial,transito_restringido,estado_ambiental,visibilidad,visibilidad_otro,semaforo
71290,OBS VIAL,2020-12-28,17:34:00,CORRIENTES,18,CAPITAL,21,CORRIENTES,Urbana,Calle,HIPOLITO IRIGOYEN,2500,ITUZAINGO,,-2.751.527,-5.875.677,1,1,0,2,0,Colisión entre vehículos,Colisión entre vehículos,S/D,,Angulo,2,Recta,,,,,Asfalto,,Apto,Seca,,,,,,,,,Día,,,Despejado,,,
75820,OBSERVATORIO VIAL,2020-12-27,12:15:00,CORRIENTES,18,CAPITAL,21,CORRIENTES,Urbana,Avenida,AV CUBA,6200,TURIN,,-2.750.558,-5.878.565,1,1,0,2,0,Colisión entre vehículos,Colisión entre vehículos,S/D,,Angulo,2,Recta,Intersección / cruce,,NO,,Hormigón,,Apto,Seca,,Ninguna,,,,S/D,S/D,S/D,Día,NO,Sin Restricción,Despejado,,,Sin Semáforo
72215,OBS. VIAL,2020-12-27,19:22:00,CORRIENTES,18,CAPITAL,21,CORRIENTES,Rural,Ruta Provincial,RUTA 5KM,9.300,,,-2.747.903,-5.881.874,2,1,0,2,0,Colisión entre vehículos,Colisión entre vehículos,S/D,,Angulo,2,Recta,Intersección / cruce,,,,,,Apto,Seca,,,,,,,,,Día,SI,,Despejado,Buena,,
79464,OBSERVATORIO VIAL,2020-12-26,7:14:00,CORRIENTES,18,CAPITAL,21,CORRIENTES,Urbana,Avenida,AV COLON,3000,IV CENTENARIO,,-2.748.913,-5.883.815,1,1,0,2,0,Colisión entre vehículos,Colisión entre vehículos,S/D,,Angulo,2,Recta,Intersección / cruce,,NO,,Asfalto,,Apto,Seca,,Ninguna,,,,Si,No,No,Día,NO,,Despejado,Buena,,Funciona
84248,OBSERVATORIO VIAL,2020-12-25,19:25:00,CORRIENTES,18,CAPITAL,21,CORRIENTES,Urbana,Avenida,AV GOBERNADOR RUIZ,2400,VELEZSARSFIELD,,-2.746.673,-5.881.942,1,1,0,2,0,Colisión entre vehículos,Colisión entre vehículos,S/D,,Lateral,2,Recta,Intersección / cruce,,NO,,Asfalto,,Apto,Seca,,,,,,Si,No,No,Día,NO,Sin Restricción,Despejado,Buena,,Sin Semáforo
84767,OBSERVATORIO VIAL,2020-12-21,13:25:00,CORRIENTES,18,CAPITAL,21,CORRIENTES,Urbana,Calle,ESTADOS UNIDOS,871,,,-2.746.928,-5.881.330,0,1,0,1,0,"Caída desde vehículo, Colisión entre vehículos",Colisión entre vehículos,S/D,,,1,Recta,,RECTA,NO,,Hormigón,,Apto,Seca,,Ninguna,,,,S/D,S/D,S/D,Día,NO,Sin Restricción,Despejado,Buena,,Sin Semáforo
76784,OBSERVATORIO VIAL,2020-12-19,8:45:00,CORRIENTES,18,CAPITAL,21,CORRIENTES,Urbana,Calle,H.YRIGOYEN,2300,PERU,,-2.747.010,-5.882.171,2,0,0,2,0,Colisión entre vehículos,Colisión entre vehículos,S/D,,Angulo,2,Recta,Intersección / cruce,,NO,,Asfalto,,Apto,Seca,,Ninguna,,,,No,No,No,Día,NO,Sin Restricción,Nublado,Buena,,Sin Semáforo
74218,OBSERVATORIO VIAL,2020-12-19,8:20:00,CORRIENTES,18,CAPITAL,21,CORRIENTES,Urbana,Calle,MEDRANO,1700,LAVALLE,,-2.748.321,-5.879.868,2,0,0,2,0,Colisión entre vehículos,Colisión entre vehículos,S/D,,,2,Recta,Intersección / cruce,,NO,,Asfalto,,Apto,Seca,,Ninguna,,,,S/D,S/D,S/D,Día,NO,Sin Restricción,Nublado,Buena,,Sin Semáforo
79693,OBSERVATORIO VIAL,2020-12-18,9:31:00,CORRIENTES,18,CAPITAL,21,CORRIENTES,Urbana,Avenida,AV INDEPENDENCIA,3581,GUEMES,,-2.747.930,-5.880.754,2,0,0,2,0,Colisión entre vehículos,Colisión entre vehículos,S/D,,,2,Recta,Intersección / cruce,,NO,,Asfalto,,Apto,Seca,,Cordón Divisorio,,,,Si,,,Día,SI,Sin Restricción,Despejado,Buena,,Funciona
79548,OBSERVATORIO VIAL,2020-12-18,9:31:00,CORRIENTES,18,CAPITAL,21,CORRIENTES,Urbana,Avenida,AV INDEPENDENCIA,3600,GUEMES,,-2.747.932,-5.880.753,2,0,0,2,0,Colisión entre vehículos,Colisión entre vehículos,S/D,,,2,Recta,Intersección / cruce,,NO,,Asfalto,,Apto,Seca,,Ninguna,,,,Si,No,No,Día,SI,Sin Restricción,Despejado,Buena,,Funciona
85768,OBSERVATORIO VIAL,2020-12-17,9:45:00,CORRIENTES,18,CAPITAL,21,CORRIENTES,Urbana,Avenida,AV.R.R.ALFONSIN,4289,,,-2.747.470,-5.879.889,2,1,0,2,0,Colisión entre vehículos,Colisión entre vehículos,S/D,,,2,Recta,Intersección / cruce,,NO,,Asfalto,,Apto,Seca,,Ninguna,,,,No,No,No,Día,NO,Sin Restricción,Despejado,Buena,,Funciona
81296,OBSERVATORIO VIAL,2020-12-16,11:55:00,CORRIENTES,18,CAPITAL,21,CORRIENTES,Rural,Avenida,AV TTE IBAÑEZ,1561,,,-2.748.259,-5.882.418,2,0,0,2,0,Colisión entre vehículos,Colisión entre vehículos,S/D,,Angulo,2,Recta,,,NO,,Hormigón,,Apto,Despejada,,,,,,Si,,,Día,NO,Sin Restricción,Despejado,Buena,,Sin Semáforo
87727,OBSERVATORIO VIAL,2020-12-16,16:30:00,CORRIENTES,18,CAPITAL,21,CORRIENTES,Urbana,Avenida,AV MAIPU,3500,ACONCAGUA,,-2.749.819,-5.881.520,1,1,0,2,0,Colisión entre vehículos,Colisión entre vehículos,S/D,,,2,Recta,Intersección / cruce,,NO,,Asfalto,,Apto,Seca,,Ninguna,,,,No,No,No,Día,NO,Sin Restricción,Despejado,Buena,,Sin Semáforo
75099,OBSERVATORIO VIAL,2020-12-16,12:47:00,CORRIENTES,18,CAPITAL,21,CORRIENTES,Urbana,Avenida,AV MEDRANO,4400,LORETO,,-2.750.608,-5.879.795,2,0,0,2,0,Colisión entre vehículos,Colisión entre vehículos,S/D,,,2,Recta,Intersección / cruce,,NO,,Asfalto,,Apto,Seca,,Ninguna,,,,S/D,S/D,S/D,Día,NO,Sin Restricción,Despejado,Buena,,Sin Semáforo
88553,OBSERVATORIO VIAL,2020-12-15,8:30:00,CORRIENTES,18,CAPITAL,21,CORRIENTES,Urbana,Calle,GOBERNADOR CONTE,1600,,,-2.752.532,-5.879.192,0,1,0,1,0,Colisión entre vehículos,Colisión entre vehículos,S/D,,,1,Recta,Intersección / cruce,,NO,,Asfalto,,Apto,Seca,,Ninguna,,,,No,No,No,Día,NO,Sin Restricción,Despejado,Buena,,Sin Semáforo
86070,OBSERVATORIO VIAL,2020-12-15,8:19:00,CORRIENTES,18,CAPITAL,21,CORRIENTES,Urbana,Ruta Provincial,5,1000,,,-2.748.451,-5.877.959,1,1,0,2,0,Colisión entre vehículos,Colisión entre vehículos,S/D,,,2,Recta,Intersección / cruce,,NO,,Hormigón,,Apto,Seca,,Ninguna,,,,S/D,S/D,S/D,Día,NO,Sin Restricción,Despejado,Buena,,Sin Semáforo
74029,OBSERVATORIO VIAL,2020-12-14,13:05:00,CORRIENTES,18,CAPITAL,21,CORRIENTES,Urbana,Avenida,AV LIBERTAD,5900,,,-2.746.247,-5.877.334,1,1,0,2,0,Colisión entre vehículos,Colisión entre vehículos,S/D,,,2,Recta,Intersección / cruce,,NO,,Asfalto,,Apto,Seca,,Ninguna,,,,No,No,No,Día,NO,Sin Restricción,Despejado,Buena,,Sin Semáforo
68926,OBS VIAL,2020-12-13,6:45:00,CORRIENTES,18,CAPITAL,21,CORRIENTES,Urbana,Avenida,AV ARMENIA,5.000,J.R FERNANDEZ,,-2.746.651,-5.878.977,1,1,0,2,0,Colisión entre vehículos,Colisión entre vehículos,S/D,,Angulo,2,Recta,Intersección / cruce,,NO,,Hormigón,,Apto,"Despejada, Seca",,Ninguna,,,,Si,Si,,Día,NO,Sin Restricción,Despejado,Buena,,Funciona
79465,OBSERVATORIO VIAL,2020-12-12,12:00:00,CORRIENTES,18,CAPITAL,21,CORRIENTES,Urbana,Avenida,AV.C.CORRENTINO,4415,MEDRANO,,-2.748.759,-5.879.919,2,0,0,2,0,Colisión entre vehículos,Colisión entre vehículos,S/D,,Alcance,2,Recta,,RECTA,NO,,Asfalto,,Apto,Seca,,Barrera de Hormigón,,,,S/D,S/D,S/D,Día,NO,Sin Restricción,Despejado,Buena,,Funciona
77087,OBSERVATORIO VIAL,2020-12-11,17:30:00,CORRIENTES,18,CAPITAL,21,CORRIENTES,Urbana,Avenida,AV MAIPU,2900,MANTILLA,,-2.749.617,-5.881.668,0,2,0,2,0,Colisión entre vehículos,Colisión entre vehículos,S/D,,,2,Recta,Intersección / cruce,,NO,,Asfalto,,Apto,Seca,,Ninguna,,,,No,No,No,Día,NO,Sin Restricción,Despejado,Buena,,Sin Semáforo
75806,OBSERVATORIO VIAL,2020-12-11,4:20:00,CORRIENTES,18,CAPITAL,21,CORRIENTES,Urbana,Calle,LAVALLE,200,PAGO LARGO,,-2.747.538,-5.884.968,0,1,0,1,0,Despiste,Despiste,Si,,,1,Recta,Intersección / cruce,,NO,,Asfalto,,Apto,Seca,,Ninguna,,,,No,No,No,Amanecer,SI,Sin Restricción,Despejado,Buena,,Sin Semáforo
86424,OBSERVATORIO VIAL,2020-12-11,23:20:00,CORRIENTES,18,CAPITAL,21,CORRIENTES,Urbana,Ruta Nacional,12,"1032,5",,,-2.751.859,-5.876.778,0,1,0,1,0,Despiste,Despiste,Si,,,1,Recta,Intersección / cruce,,NO,,Asfalto,,Apto,Seca,,Ninguna,,,,,,Si,Noche,SI,Sin Restricción,Despejado,Buena,,Sin Semáforo
81407,MUNICIPALIDAD DE CORRIENTES,2020-12-11,23:30:00,CORRIENTES,18,CAPITAL,21,CORRIENTES,Rural,Avenida,AV INDEPENDENCIA,5000,THAMES,,-2.748.374,-5.879.116,0,1,0,1,0,Despiste,Despiste,Si,,,1,Recta,Intersección / cruce,,NO,,Asfalto,,Apto,Seca,,,,,,No,No,No,Noche,SI,Sin Restricción,Despejado,Buena,,Sin Semáforo
86423,OBSERVATORIO VIAL,2020-12-10,12:28:00,CORRIENTES,18,CAPITAL,21,CORRIENTES,Urbana,Avenida,AV CHCABUCO,1700,INDEPENDENCIA,BANDA SU,-2.747.843,-5.881.465,1,1,0,2,0,Colisión entre vehículos,Colisión entre vehículos,S/D,,Angulo,2,Recta,Intersección / cruce,,NO,,Asfalto,,Apto,Seca,,,,,,Si,No,No,Día,NO,Sin Restricción,Despejado,Buena,,Funciona
74188,OBSERVATORIO VIAL,2020-12-09,15:45:00,CORRIENTES,18,CAPITAL,21,CORRIENTES,Urbana,Calle,COSQUIN,1900,CRESPO,,-2.749.411,-5.882.921,1,1,0,2,0,Colisión entre vehículos,Colisión entre vehículos,S/D,,Angulo,2,Recta,Intersección / cruce,,NO,,Hormigón,,Apto,Seca,,Ninguna,,,,Si,No,No,Día,NO,Sin Restricción,Despejado,Buena,,Sin Semáforo
77237,OBSERVATORIO VIAL,2020-12-08,18:00:00,CORRIENTES,18,CAPITAL,21,CORRIENTES,Urbana,Avenida,AV FERRE,1800,JUJUY,,-2.747.666,-5.882.878,1,1,0,2,0,Colisión entre vehículos,Colisión entre vehículos,S/D,,,2,Recta,Intersección / cruce,,NO,,Asfalto,,Apto,Seca,,Ninguna,,,,Si,Si,No,Día,NO,Sin Restricción,Despejado,Buena,,Funciona
85406,OBSERVATORIO VIAL,2020-12-07,15:20:00,CORRIENTES,18,CAPITAL,21,CORRIENTES,Urbana,Avenida,AV MAIPU,800,MADARIAGA,,-2.748.508,-5.882.422,0,1,0,1,0,Colisión entre vehículos,Colisión entre vehículos,S/D,,,1,Recta,Intersección / cruce,,NO,,Asfalto,,Apto,Seca,,Ninguna,,,,S/D,S/D,S/D,Día,NO,Sin Restricción,Despejado,Buena,,Sin Semáforo
85542,OBSERVATORIO VIAL,2020-12-06,10:34:00,CORRIENTES,18,CAPITAL,21,CORRIENTES,Urbana,Avenida,AV CHACABUCO,1047,,,-2.747.187,-5.881.279,1,0,0,1,0,"Caída desde vehículo, Colisión entre vehículos",Colisión entre vehículos,S/D,,,1,Recta,,RECTA,NO,,Asfalto,,Apto,Seca,,Cordón Divisorio,,,,S/D,S/D,S/D,Día,NO,Sin Restricción,Despejado,Buena,,Sin Semáforo
75163,OBSERVATORIO VIAL,2020-12-05,16:00:00,CORRIENTES,18,CAPITAL,21,CORRIENTES,Urbana,Calle,SAN FRANCISCO DE ASIS,5400,PERITO MORENO,,-2.749.551,-5.878.780,1,1,0,1,1,"Atropello a peatón/es, Colisión entre vehículos",Colisión entre vehículos,S/D,,,2,Curva,Intersección / cruce,,NO,,Asfalto,,Apto,Seca,,Ninguna,,,,No,No,No,Día,NO,Sin Restricción,Despejado,Buena,,Sin Semáforo
74535,OBSERVATORI0 VIAL,2020-12-05,16:30:00,CORRIENTES,18,CAPITAL,21,CORRIENTES,Urbana,Avenida,AV MAIPU,1350,GOYA,,-2.749.000,-5.882.054,1,1,0,1,1,Atropello a peatón/es,Atropello a peatón/es,S/D,,,2,Recta,Intersección / cruce,,NO,,Asfalto,,Apto,Seca,,Ninguna,,,,S/D,S/D,S/D,Día,NO,Sin Restricción,Despejado,Buena,,Sin Semáforo
84287,OBSERVATORIO VIAL,2020-12-04,18:54:00,CORRIENTES,18,CAPITAL,21,CORRIENTES,Urbana,Calle,M.MORENO,1000,LA RIOJA,,-2.747.307,-5.883.865,2,0,0,2,0,Colisión entre vehículos,Colisión entre vehículos,S/D,,,2,Recta,Intersección / cruce,,NO,,Asfalto,,Apto,Seca,,Ninguna,,,,S/D,S/D,S/D,Día,SI,Sin Restricción,Despejado,Buena,,Sin Semáforo
85004,OBSERVATORIO VIAL,2020-12-03,13:25:00,CORRIENTES,18,CAPITAL,21,CORRIENTES,Urbana,Calle,SALTA,1300,,,,,3,0,0,2,0,Colisión entre vehículos,Colisión entre vehículos,S/D,,,2,Recta,,RECTA,NO,,Asfalto,,Apto,Seca,,Ninguna,,,,Si,Si,Si,Día,NO,Sin Restricción,Nublado,Buena,,Sin Semáforo
79361,OBSERVATORIO VIAL,2020-12-01,8:30:00,CORRIENTES,18,CAPITAL,21,CORRIENTES,Urbana,Calle,BELGRANO,2411,ITUZAINGO,VELEZSARFIELD,-2.747.374,-5.882.020,2,0,0,2,0,,,S/D,,,2,Recta,,CALLE,NO,,,,Apto,"Despejada, Seca",,Ninguna,,,,No,No,No,Noche,SI,Sin Restricción,Despejado,Buena,,Sin Semáforo
88572,OBSERVATORIO VIAL,2020-12-01,12:00:00,CORRIENTES,18,CAPITAL,21,CORRIENTES,Urbana,Avenida,AV ARMENIA,4600,FRENTE E. TIPOITI,,-2.746.761,-5.879.399,2,1,0,2,0,Colisión entre vehículos,Colisión entre vehículos,S/D,,,2,Recta,Intersección / cruce,,NO,,Hormigón,,Apto,Seca,,Ninguna,,,,No,No,No,Día,NO,Sin Restricción,Despejado,Buena,,Sin Semáforo
88070,OBSERVATORIO VIAL,2020-11-29,6:50:00,CORRIENTES,18,CAPITAL,21,CORRIENTES,Urbana,Avenida,AV P. FERRE,2000,URUGUAY,,-2.747.687,-5.882.628,1,1,0,1,1,"Atropello a animal/es, Colisión entre vehículos",Colisión entre vehículos,S/D,,,2,Recta,Intersección / cruce,,NO,,Asfalto,,Apto,Seca,,Cordón Divisorio,,,,Si,No,No,Amanecer,NO,Sin Restricción,Despejado,Buena,,Sin Semáforo
85193,OBSERVATORIO VIAL,2020-11-29,13:30:00,CORRIENTES,18,CAPITAL,21,CORRIENTES,Urbana,Calle,ROCA,1100,,,-2.747.113,-5.882.309,1,1,0,2,0,Colisión entre vehículos,Colisión entre vehículos,S/D,,,2,Recta,,RECTA,NO,,Asfalto,,Apto,Seca,,Ninguna,,,,S/D,S/D,S/D,Día,NO,Sin Restricción,Despejado,Buena,,Sin Semáforo
74185,OBSERVATORIO VIAL,2020-11-27,13:30:00,CORRIENTES,18,CAPITAL,21,CORRIENTES,Urbana,Calle,ESPAÑA,800,9 DE julio,,-2.746.705,-5.882.910,2,0,0,2,0,Colisión entre vehículos,Colisión entre vehículos,S/D,,,2,Recta,Intersección / cruce,,NO,,Asfalto,,Apto,Seca,,Ninguna,,,,Si,Si,No,Día,NO,Sin Restricción,Despejado,Buena,,Sin Semáforo
80492,OBSERVATORIO VIAL,2020-11-24,12:35:00,CORRIENTES,18,CAPITAL,21,CORRIENTES,Urbana,Calle,GUASTAVINO,2300,PERUGORRIA,,-2.748.335,-5.884.420,1,1,0,2,0,Colisión entre vehículos,Colisión entre vehículos,S/D,,Alcance,2,Recta,Intersección / cruce,,NO,,Asfalto,,Apto,Seca,,Ninguna,,,,No,No,No,Día,NO,Sin Restricción,Despejado,Buena,,Sin Semáforo
87718,OBSERVATORIO VIAL,2020-11-22,13:30:00,CORRIENTES,18,CAPITAL,21,CORRIENTES,Urbana,Avenida,AV R.R. ALFONSIN,3400,FRENTE CASINO,BANDA SUR,-2.747.231,-5.880.830,4,0,0,2,0,,,S/D,,,2,Recta,Intersección / cruce,,NO,,Hormigón,,Apto,Seca,,Ninguna,,,,Si,Si,,Día,NO,Sin Restricción,Despejado,Buena,,Funciona
81278,OBSERVATORIO VIAL,2020-11-21,14:20:00,CORRIENTES,18,CAPITAL,21,CORRIENTES,Urbana,Calle,SAN JUAN,1200,BELGRANO,,-2.747.204,-5.883.721,2,0,0,2,0,Colisión entre vehículos,Colisión entre vehículos,S/D,,,2,Recta,Intersección / cruce,,NO,,Asfalto,,Apto,Seca,,Ninguna,,,,Si,Si,No,Día,NO,Sin Restricción,Despejado,Buena,,Sin Semáforo
84279,OBSERVATORIO VIAL,2020-11-20,14:05:00,CORRIENTES,18,CAPITAL,21,CORRIENTES,Urbana,Calle,PAGO LARGO,2100,LA MADRID,,-2.748.009,-5.885.032,3,1,0,2,0,Colisión entre vehículos,Colisión entre vehículos,S/D,,Angulo,2,Recta,Intersección / cruce,,NO,,Hormigón,,Apto,Seca,,Ninguna,,,,No,No,No,Día,NO,Sin Restricción,Despejado,Buena,,Sin Semáforo
90003,OBSERVATORIO VIAL,2020-11-19,8:15:00,CORRIENTES,18,CAPITAL,21,CORRIENTES,Urbana,Avenida,AV C.CORRRENTINO,4300,RIO JURAMENTO,,-2.748.739,-5.880.027,1,1,0,2,0,"Colisión entre vehículos, Despiste",Colisión entre vehículos,Si,,,2,Recta,Intersección / cruce,,NO,,Asfalto,,Apto,Seca,,Ninguna,,,,S/D,S/D,S/D,Día,NO,Sin Restricción,Despejado,Buena,,Sin Semáforo
84580,OBSERVATORIO VIAL,2020-11-17,16:30:00,CORRIENTES,18,CAPITAL,21,CORRIENTES,Urbana,Calle,BAIBIENE,400,VELEZSARSFIELD,,-2.746.323,-5.881.926,2,0,0,2,0,Colisión entre vehículos,Colisión entre vehículos,S/D,,Angulo,2,Recta,Intersección / cruce,,NO,,Asfalto,,Apto,Seca,,Ninguna,,,,No,No,No,Día,NO,Sin Restricción,Despejado,Buena,,Sin Semáforo
87213,OBSERVATORIO VIAL,2020-11-16,14:20:00,CORRIENTES,18,CAPITAL,21,CORRIENTES,Urbana,Avenida,AV MAIPU,2100,AV AGUSTIN PAYES,,-2.749.430,-5.881.790,1,1,0,2,0,Colisión entre vehículos,Colisión entre vehículos,S/D,,Angulo,2,Recta,Intersección / cruce,,NO,,Asfalto,,Apto,Seca,,Ninguna,,,,S/D,S/D,S/D,Día,NO,Sin Restricción,Despejado,Buena,,Sin Semáforo
75818,OBSERVATORIO VIAL,2020-11-16,8:27:00,CORRIENTES,18,CAPITAL,21,CORRIENTES,Urbana,Calle,SAN MARTIN,1700,ESPAÑA,,-2.747.051,-5.882.945,1,1,0,2,0,"Caída desde vehículo, Colisión entre vehículos",Colisión entre vehículos,S/D,,,2,Recta,Intersección / cruce,,NO,,Asfalto,,Apto,"Despejada, Seca",,Ninguna,,,,Si,Si,No,Día,NO,Sin Restricción,Despejado,Buena,,Sin Semáforo
84086,OBSERVATORIO VIAL,2020-11-16,16:30:00,CORRIENTES,18,CAPITAL,21,CORRIENTES,Urbana,Avenida,AV R.R. ALFONSIN,4980,GORRITI,,-2.747.658,-5.878.930,2,0,0,2,0,Colisión entre vehículos,Colisión entre vehículos,S/D,,Angulo,2,Recta,Intersección / cruce,,NO,,Hormigón,,Apto,Seca,,Ninguna,,,,No,No,No,Día,NO,Sin Restricción,Despejado,Buena,,
84949,OBSERVATORIO VIAL,2020-11-12,16:15:00,CORRIENTES,18,CAPITAL,21,CORRIENTES,Urbana,Avenida,AV MAIPU,3840,,,,,1,1,0,1,1,"Atropello a peatón/es, Colisión entre vehículos",Colisión entre vehículos,S/D,,,2,Curva,Intersección / cruce,,NO,,Asfalto,,Apto,Seca,,Ninguna,,,,No,No,No,Día,SI,Sin Restricción,Despejado,Buena,,Sin Semáforo
85184,OBSERVATORIO VIAL,2020-11-12,11:25:00,CORRIENTES,18,CAPITAL,21,CORRIENTES,Urbana,Avenida,AV ARMENIA,3120,ZACARIAS SANCHES,FELIX DE AZARAS,-2.746.714,-5.880.856,1,1,0,2,0,Colisión entre vehículos,Colisión entre vehículos,S/D,,,2,Recta,Intersección / cruce,,NO,,Asfalto,,Apto,Seca,,Ninguna,,,,Si,No,No,Día,NO,Sin Restricción,Nublado,Buena,,Funciona
86137,OBSERVATORIO VIAL,2020-11-12,15:30:00,CORRIENTES,18,CAPITAL,21,CORRIENTES,Urbana,Avenida,AV 3 DE ABRIL,1700,ENTRE RIOS,,-2.747.449,-5.884.480,1,1,0,2,0,Colisión entre vehículos,Colisión entre vehículos,S/D,,,2,Recta,Intersección / cruce,,NO,,Hormigón,,Apto,Seca,,Cordón Divisorio,,,,Si,No,No,,NO,Sin Restricción,Despejado,Buena,,Funciona
68938,OBS VIAL,2020-11-11,10:25:00,CORRIENTES,18,CAPITAL,21,CORRIENTES,Urbana,Calle,SAN LORENZO,1498,RIVADAVIA,,-2.747.473,-5.883.252,2,0,0,2,0,Colisión entre vehículos,Colisión entre vehículos,S/D,,Angulo,2,Recta,Intersección / cruce,,NO,,Asfalto,,Apto,"Despejada, Seca",,Ninguna,,,,S/D,S/D,S/D,Día,NO,Sin Restricción,Despejado,Buena,,Sin Semáforo
76114,OBSERVATORIO VIAL,2020-11-11,12:54:00,CORRIENTES,18,CAPITAL,21,CORRIENTES,Urbana,Avenida,AV.C.CORRENTINO,5500,MILAN,,-2.749.011,-5.878.484,1,1,0,2,0,Colisión entre vehículos,Colisión entre vehículos,S/D,,,2,Recta,Intersección / cruce,,NO,,Asfalto,,Apto,,,Otro,,,,Si,No,No,Día,NO,Sin Restricción,Despejado,Buena,,Funciona
77444,OBSERVATORIO VIAL,2020-11-10,6:35:00,CORRIENTES,18,CAPITAL,21,CORRIENTES,Urbana,Calle,PELLEGRINI,1700,ESPAÑA,,-2.746.602,-5.882.898,1,1,0,2,0,Colisión entre vehículos,Colisión entre vehículos,S/D,,Alcance,2,Recta,Intersección / cruce,,NO,,Asfalto,,Apto,Seca,,Ninguna,,,,S/D,S/D,S/D,Amanecer,NO,Sin Restricción,Despejado,,,Sin Semáforo
79530,OBSERVATORIO VIAL,2020-11-10,17:35:00,CORRIENTES,18,CAPITAL,21,CORRIENTES,Urbana,Avenida,MEDRANO,3000,PALERMO,,-2.749.513,-5.880.000,2,1,0,2,0,Colisión entre vehículos,Colisión entre vehículos,S/D,,Angulo,2,Recta,Intersección / cruce,,SI,,Hormigón,,Apto,"Despejada, Seca",,Cordón Divisorio,,,,No,No,No,Día,SI,Sin Restricción,Nublado,Buena,,Sin Semáforo
85433,OBSERVATORIO VIAL,2020-11-10,9:20:00,CORRIENTES,18,CAPITAL,21,CORRIENTES,Urbana,Calle,SAN MARTIN,1900,PARAGUAY,,-2.747.075,-5.882.685,2,0,0,2,0,Colisión entre vehículos,Colisión entre vehículos,S/D,,,2,Recta,Intersección / cruce,,NO,,Asfalto,,Apto,Seca,,Ninguna,,,,Si,No,No,Día,NO,Sin Restricción,Despejado,Buena,,Sin Semáforo
84592,OBSERVATORIO VIAL,2020-11-10,18:20:00,CORRIENTES,18,CAPITAL,21,CORRIENTES,Urbana,Avenida,AV MAIPU,6000,EX VIA,,-2.753.212,-5.877.162,2,0,0,2,0,Colisión entre vehículos,Colisión entre vehículos,S/D,,,2,Curva,Intersección / cruce,,NO,,Asfalto,,Apto,Seca,,Ninguna,,,,No,No,No,Día,NO,Sin Restricción,Despejado,Buena,,Sin Semáforo
85832,OBSERVATORIO VIAL,2020-11-09,15:30:00,CORRIENTES,18,CAPITAL,21,CORRIENTES,Urbana,Avenida,AV ARMENIA,4400,,,-2.746.832,-5.879.648,4,0,0,4,0,Colisión entre vehículos,Colisión entre vehículos,S/D,,,4,Recta,Intersección / cruce,,NO,,Asfalto,,Apto,Seca,,Ninguna,,,,S/D,S/D,S/D,Día,NO,Sin Restricción,Despejado,Buena,,Sin Semáforo
80326,OBSERVATORIO VIAL,2020-11-07,23:45:00,CORRIENTES,18,CAPITAL,21,CORRIENTES,Urbana,Calle,COSQUIN,1800,BONASTRE,,-2.749.396,-5.883.010,1,0,0,2,0,Colisión entre vehículos,Colisión entre vehículos,S/D,,,2,Recta,Intersección / cruce,,NO,,Hormigón,,Apto,Seca,,Ninguna,,,,Si,S/D,S/D,Noche,SI,Sin Restricción,Despejado,Buena,,Sin Semáforo
75811,OBSERVATORIO VIAL,2020-11-07,2:40:00,CORRIENTES,18,CAPITAL,21,CORRIENTES,Urbana,Avenida,AV C.CORRENTINO,3300,JUAN JOSE PASO,RECONQUISTA,-2.748.722,-5.881.208,0,1,0,1,0,"Caída desde vehículo, Colisión entre vehículos",Colisión entre vehículos,S/D,,,1,Recta,Intersección / cruce,,NO,,Asfalto,,Apto,Seca,,Ninguna,,,,No,No,No,,SI,,Despejado,Buena,,Sin Semáforo
87719,OBSERVATORIO VIAL,2020-11-06,13:30:00,CORRIENTES,18,CAPITAL,21,CORRIENTES,Urbana,Avenida,AV. R. R. ALFONSIN,3400,FRENTE AL CASINO,BANDA NORTE,-2.747.230,-5.880.831,1,1,0,2,0,Colisión entre vehículos,Colisión entre vehículos,S/D,,,2,Recta,Intersección / cruce,,NO,,Hormigón,,Apto,Seca,,Ninguna,,,,Si,Si,No,Día,NO,Sin Restricción,Despejado,Buena,,Funciona
88571,OBSERVATORIO VIAL,2020-11-06,18:00:00,CORRIENTES,18,CAPITAL,21,CORRIENTES,Urbana,Calle,AV LA PRIDA,200,GIMENEZ,,-2.746.680,-5.878.719,1,1,0,2,0,Colisión entre vehículos,Colisión entre vehículos,S/D,,Angulo,2,Recta,Intersección / cruce,,NO,,Asfalto,,Apto,Seca,,Ninguna,,,,No,No,No,Día,NO,Sin Restricción,,Buena,,Sin Semáforo
76319,OBSERVATORIO VIAL,2020-11-06,18:45:00,CORRIENTES,18,CAPITAL,21,CORRIENTES,Urbana,Calle,I. YRIGOYEN,1845,JUJUY,PARAGUAY,-2.746.951,-5.882.757,2,1,0,2,0,Colisión entre vehículos,Colisión entre vehículos,S/D,,,2,Recta,,RECTA,NO,,Asfalto,,Apto,Seca,,Ninguna,,,,No,No,No,Noche,SI,Sin Restricción,,Buena,,Sin Semáforo
79531,OBSERVATORIO VIAL,2020-11-06,23:50:00,CORRIENTES,18,CAPITAL,21,CORRIENTES,Urbana,Avenida,AV GOBERNADOR RUIZ,2435,,,-2.746.679,-5.881.883,1,0,0,1,0,"Caída desde vehículo, Colisión entre vehículos",Colisión entre vehículos,S/D,,,1,Recta,,RECTA,NO,,Asfalto,,Apto,Seca,,Cordón Divisorio,,,,S/D,S/D,S/D,Noche,SI,Sin Restricción,Nublado,Buena,,Sin Semáforo
86579,OBSERVATORIO VIAL,2020-11-06,1:00:00,CORRIENTES,18,CAPITAL,21,CORRIENTES,Urbana,Avenida,AV GENERAL SAN MARTIN,1200,EDISON,QUEVEDO,-2.747.043,-5.885.406,2,0,0,2,0,Colisión entre vehículos,Colisión entre vehículos,S/D,,Angulo,2,Recta,,RECTA,NO,,Asfalto,,Apto,"Despejada, Seca",,Otro,PATERRE,,,S/D,S/D,S/D,Noche,SI,Sin Restricción,Despejado,Buena,,Sin Semáforo
72298,OBS VIAL,2020-11-06,8:00:00,CORRIENTES,18,CAPITAL,21,CORRIENTES,Urbana,Calle,ITUZAINGO,23OO,MORENO,,-2.746.449,-5.873.514,2,0,0,2,0,Colisión entre vehículos,Colisión entre vehículos,S/D,,Angulo,2,Recta,Intersección / cruce,,NO,,Hormigón,,Apto,Seca,,Ninguna,,,,No,No,No,Día,NO,Sin Restricción,Despejado,Buena,,Sin Semáforo
84566,OBSERVATORIO VIAL,2020-11-06,17:05:00,CORRIENTES,18,CAPITAL,21,CORRIENTES,Urbana,Avenida,AV LIBERTAD,5400,,,-2.746.508,-5.878.399,2,0,0,2,0,Colisión entre vehículos,Colisión entre vehículos,S/D,,,2,Recta,,,NO,,Asfalto,,Apto,Seca,,Cordón Divisorio,,,,Si,,,Día,SI,Sin Restricción,Nublado,Buena,,Sin Semáforo
74014,OBSERVATORIO VIAL,2020-11-05,21:30:00,CORRIENTES,18,CAPITAL,21,CORRIENTES,Urbana,Calle,ESPAÑA,700,PELLEGRINI,,-2.746.602,-5.882.898,1,1,0,2,0,Colisión entre vehículos,Colisión entre vehículos,S/D,,,2,Recta,Intersección / cruce,,NO,,Asfalto,,Apto,Seca,,Ninguna,,,,S/D,S/D,S/D,Noche,NO,Sin Restricción,Despejado,Buena,,Sin Semáforo
85435,OBSERVATORIO VIAL,2020-11-05,18:30:00,CORRIENTES,18,CAPITAL,21,CORRIENTES,Urbana,Calle,SAN JUAN,1000,BELGRANO,,-2.747.204,-5.883.721,2,0,0,2,0,Choque,Choque,S/D,,,2,Recta,Intersección / cruce,,NO,,Asfalto,,Apto,Seca,,Ninguna,,,,No,No,No,Atardecer,NO,,Despejado,Buena,,Sin Semáforo
85548,OBSERVATORIO VIAL,2020-11-05,11:45:00,CORRIENTES,18,CAPITAL,21,CORRIENTES,Urbana,Calle,LAS PIEDRAS,1700,LAVALLE,,-2.748.272,-5.880.081,1,1,0,2,0,Colisión entre vehículos,Colisión entre vehículos,S/D,,Angulo,2,Recta,Intersección / cruce,,NO,,Hormigón,,,"Despejada, Seca",,Ninguna,,,,S/D,S/D,S/D,Día,NO,Sin Restricción,Despejado,Buena,,Sin Semáforo
76210,OBSERVATORIO VIAL,2020-11-04,10:00:00,CORRIENTES,18,CAPITAL,21,CORRIENTES,Urbana,Calle,TURIN,3400,NICARAGUA,,-2.750.276,-5.878.562,0,1,0,1,0,Caída desde vehículo,Caída desde vehículo,S/D,,,1,Recta,Intersección / cruce,,NO,,Hormigón,,Apto,Seca,,Ninguna,,,,S/D,S/D,S/D,Día,NO,Sin Restricción,Despejado,Buena,,Sin Semáforo
76228,OBSERVATORIO VIAL,2020-11-02,17:15:00,CORRIENTES,18,CAPITAL,21,CORRIENTES,Urbana,Calle,BRASIL,2200,RIVADAVIA,,-2.747.553,-5.882.487,1,1,0,2,0,Colisión entre vehículos,Colisión entre vehículos,S/D,,,2,Recta,Intersección / cruce,,NO,,Hormigón,,Apto,"Despejada, Seca",,Ninguna,,,,No,No,No,Día,NO,Sin Restricción,Despejado,Buena,,Sin Semáforo
84079,OBSERVATORIO VIAL,2020-11-02,0:05:00,CORRIENTES,18,CAPITAL,21,CORRIENTES,Urbana,Calle,AV PEDRO FERRE,2200,ROCA,,-2.747.730,-5.882.368,2,0,0,2,0,Colisión entre vehículos,Colisión entre vehículos,S/D,,,2,Recta,Intersección / cruce,,NO,,Asfalto,,Apto,Seca,,Ninguna,,,,Si,S/D,S/D,Noche,SI,Sin Restricción,Despejado,Buena,,Funciona
84415,OBSERVATORIO VIAL,2020-11-02,9:00:00,CORRIENTES,18,CAPITAL,21,CORRIENTES,Urbana,Avenida,AV MAIPU,2800,LOS MATACOS,,-2.750.375,-5.881.218,1,3,0,3,0,Colisión entre vehículos,Colisión entre vehículos,S/D,,Angulo,3,Recta,Intersección / cruce,,NO,,Asfalto,,Apto,Seca,,Ninguna,,,,No,No,No,Día,NO,Sin Restricción,Despejado,Buena,,Sin Semáforo
85539,OBSERVATORIO VIAL,2020-11-02,8:54:00,CORRIENTES,18,CAPITAL,21,CORRIENTES,Urbana,Avenida,AV INDEPENDENCIA,3600,GUEMEZ,,-2.747.930,-5.880.754,2,0,0,2,0,"Colisión entre vehículos, Despiste",Colisión entre vehículos,Si,,,2,Recta,Intersección / cruce,,NO,,Hormigón,,Apto,Seca,,Ninguna,,,,Si,,,Día,NO,,Despejado,Buena,,Sin Semáforo
71294,OBS VIAL,2020-10-30,20:05:00,CORRIENTES,18,CAPITAL,21,CORRIENTES,Urbana,Avenida,RUTA 5 KM 2,Km 2,,,-2.748.794,-5.876.381,3,0,0,2,0,Colisión entre vehículos,Colisión entre vehículos,S/D,,Angulo,2,Recta,Intersección / cruce,,,,,,Apto,Seca,,Ninguna,,,,,,,,SI,,Despejado,Buena,,
86573,OBSERVATORIO VIAL,2020-10-30,9:49:00,CORRIENTES,18,CAPITAL,21,CORRIENTES,Urbana,Calle,JUNIN,700,BUENOS AIRES,,-2.746.727,-5.884.052,1,1,0,2,0,Colisión entre vehículos,Colisión entre vehículos,S/D,,,2,Recta,Intersección / cruce,,NO,,Asfalto,,Apto,Seca,,Cordón Divisorio,,,,Si,No,,Día,NO,Sin Restricción,Despejado,Buena,,Sin Semáforo
72171,OBS VIAL,2020-10-30,8:00:00,CORRIENTES,18,CAPITAL,21,CORRIENTES,Urbana,Ruta Provincial,RUTA 12,Km 1036,KM1036,,-2.744.667,-5.874.853,2,0,0,2,0,"Colisión entre vehículos, Vuelco (solo 1 participante)",Colisión entre vehículos,S/D,,Angulo,2,Recta,Intersección / cruce,,NO,,Asfalto,,Apto,Despejada,,Ninguna,,,,S/D,S/D,S/D,Día,NO,Sin Restricción,Despejado,,,Sin Semáforo
76791,OBSERVATORIO VIAL,2020-10-29,10:45:00,CORRIENTES,18,CAPITAL,21,CORRIENTES,Urbana,Avenida,AV MAIPU,950,AV C. CORRENTINOS,,-2.748.645,-5.882.308,1,1,0,2,0,Colisión entre vehículos,Colisión entre vehículos,S/D,,Alcance,2,Recta,Intersección / cruce,,NO,,Asfalto,,Apto,Seca,,Ninguna,,,,Si,S/D,S/D,Día,SI,Sin Restricción,Despejado,Buena,,Funciona
84766,OBSERVATORIO VIAL,2020-10-29,9:12:00,CORRIENTES,18,CAPITAL,21,CORRIENTES,Urbana,Calle,MEDRANO,1800,NECOCHEA,LAVALLE,-2.748.375,-5.879.874,1,1,0,2,0,Colisión entre vehículos,Colisión entre vehículos,S/D,,Angulo,2,Recta,Intersección / cruce,,NO,,Asfalto,,Apto,Seca,,Ninguna,,,,S/D,S/D,S/D,Día,NO,Sin Restricción,Despejado,Buena,,Sin Semáforo
90015,OBSERVATORIO VIAL,2020-10-28,10:00:00,CORRIENTES,18,CAPITAL,21,CORRIENTES,Urbana,Avenida,AV ARMENIA,4800,ONTIVERO,,-2.746.692,-5.879.079,2,0,0,2,0,Colisión entre vehículos,Colisión entre vehículos,S/D,,,2,Recta,Intersección / cruce,,NO,,Asfalto,,Apto,Seca,,Ninguna,,,,S/D,S/D,S/D,Día,NO,Sin Restricción,Despejado,Buena,,Sin Semáforo
86054,OBSERVATORIO VIAL,2020-10-28,9:05:00,CORRIENTES,18,CAPITAL,21,CORRIENTES,Urbana,Avenida,AV ARMENIA,3800,22 DE mayo,,-2.746.866,-5.880.256,2,0,0,2,0,Colisión entre vehículos,Colisión entre vehículos,S/D,,,2,Recta,Intersección / cruce,,NO,,Asfalto,,,,,,,,,S/D,S/D,S/D,Día,,,,,,Sin Semáforo
71573,OBS VIAL,2020-10-27,3:42:00,CORRIENTES,18,CAPITAL,21,CORRIENTES,Rural,Avenida,Av. Armenia,2934,ESTADOS UNIDOS,,-2.746.883,-5.880.166,2,0,0,2,0,Colisión entre vehículos,Colisión entre vehículos,S/D,,Rozamiento,2,Recta,,,NO,,Asfalto,,Apto,Seca,,Cordón Divisorio,,,,Si,Si,,Noche,SI,Sin Restricción,Despejado,Buena,,Funciona
77085,OBSERVATORIO VIAL,2020-10-27,8:34:00,CORRIENTES,18,CAPITAL,21,CORRIENTES,Urbana,Avenida,AV GRAL PAZ,2200,GDOR CONTTE,,-2.747.970,-5.882.390,2,0,0,2,0,Colisión entre vehículos,Colisión entre vehículos,S/D,,,2,Recta,Intersección / cruce,,NO,,Asfalto,,Apto,Seca,,Ninguna,,,,No,No,No,Día,NO,Sin Restricción,Despejado,Buena,,Sin Semáforo
74751,OBSERVATORIO VIAL,2020-10-27,12:40:00,CORRIENTES,18,CAPITAL,21,CORRIENTES,Urbana,Avenida,AV FERRE,2100,BRASIL,,-2.747.714,-5.882.507,2,0,0,2,0,Colisión entre vehículos,Colisión entre vehículos,S/D,,Alcance,2,Recta,Intersección / cruce,,NO,,Hormigón,,Apto,Seca,,Ninguna,,,,Si,Si,,Día,NO,Sin Restricción,Despejado,Buena,,
74189,OBSERVATORIO VIAL,2020-10-27,23:35:00,CORRIENTES,18,CAPITAL,21,CORRIENTES,Urbana,Ruta Nacional,12,1021,FRENTE AL AEROPUERTO,,-2.745.192,-5.875.535,1,0,1,2,0,Colisión entre vehículos,Colisión entre vehículos,S/D,,,2,Recta,Intersección / cruce,,NO,,Asfalto,,Apto,Seca,,Ninguna,,,,No,No,No,Día,SI,Sin Restricción,Despejado,Buena,,Sin Semáforo
71454,Observatorio Vial,2020-10-27,23:15:00,CORRIENTES,18,CAPITAL,21,CORRIENTES,Urbana,Avenida,Av C. Correntinos,4300,Rio Juramento,,-2.748.747,-5.880.027,1,1,0,2,0,Colisión entre vehículos,Colisión entre vehículos,S/D,,Angulo,2,Recta,Intersección / cruce,,NO,,Hormigón,,Apto,Seca,Corrientes,Ninguna,,,,Si,,,Noche,NO,,Despejado,Buena,,Sin Semáforo
88554,OBSERVATORIO VIAL,2020-10-26,16:50:00,CORRIENTES,18,CAPITAL,21,CORRIENTES,Urbana,Ruta Provincial,RUTA PROVINCIAL 5,1,,,-2.748.608,-5.876.990,2,0,1,2,0,Colisión entre vehículos,Colisión entre vehículos,S/D,,Lateral,2,Recta,Intersección / cruce,,NO,,Asfalto,,Apto,Seca,,Ninguna,,,,No,No,No,Día,NO,Sin Restricción,Despejado,Buena,,Sin Semáforo
91660,OBSERVATORIO VIAL,2020-10-26,16:50:00,CORRIENTES,18,CAPITAL,21,CORRIENTES,Urbana,Avenida,AV 3 DE ABRIL,1000,LA RIOJA (BANDA CENTRAL SUR ),,-2.747.556,-5.883.906,1,1,0,2,0,Colisión entre vehículos,Colisión entre vehículos,S/D,,Angulo,2,Recta,Intersección / cruce,,NO,,Asfalto,,Apto,Seca,,Ninguna,,,,Si,Si,No,Día,NO,Sin Restricción,Despejado,Buena,,Funciona
87364,OBSERVATORIO VIAL,2020-10-25,7:45:00,CORRIENTES,18,CAPITAL,21,CORRIENTES,Urbana,Ruta Nacional,12,5KM,,,-2.751.733,-5.876.819,0,2,0,2,0,Colisión entre vehículos,Colisión entre vehículos,S/D,,Angulo,2,Recta,,RECTA,NO,,Asfalto,,Apto,Seca,,Ninguna,,,,No,No,No,Día,SI,Sin Restricción,Despejado,,,Sin Semáforo
79451,OBSEVATORIO VIAL,2020-10-24,9:50:00,CORRIENTES,18,CAPITAL,21,CORRIENTES,Urbana,Calle,NUESTRA SEÑORA DE ASUNCION,2200,EX VIA,,-2.749.066,-5.881.855,1,1,0,2,0,Colisión entre vehículos,Colisión entre vehículos,S/D,,Angulo,2,Recta,Intersección / cruce,,NO,,Asfalto,,Apto,Seca,,Ninguna,,,,S/D,S/D,S/D,Día,NO,Sin Restricción,"Despejado, Viento",Buena,,Sin Semáforo
85194,OBSERVATORIO VIAL,2020-10-23,8:08:00,CORRIENTES,18,CAPITAL,21,CORRIENTES,Urbana,Avenida,AV J.R.VIDAL,1600,,,-2.747.869,-5.881.471,1,1,0,2,0,Colisión entre vehículos,Colisión entre vehículos,S/D,,,2,Recta,Intersección / cruce,,NO,,Asfalto,,Apto,Seca,,Ninguna,,,,S/D,S/D,S/D,Día,NO,Sin Restricción,Despejado,Buena,,Sin Semáforo
76286,OBSERVATORIO VIAL,2020-10-22,7:00:00,CORRIENTES,18,CAPITAL,21,CORRIENTES,Urbana,Avenida,AV PUJOL,2400,VELEZ SARSFIELD,,-2.746.847,-5.882.013,0,1,0,1,0,Colisión entre vehículos,Colisión entre vehículos,S/D,,,1,Recta,Intersección / cruce,,NO,,Asfalto,,Apto,Seca,,Cordón Divisorio,,,,S/D,S/D,S/D,Día,NO,Sin Restricción,,Buena,,Sin Semáforo
68921,OBS VIAL,2020-10-22,17:34:00,CORRIENTES,18,CAPITAL,21,CORRIENTES,Urbana,Calle,AV.CARTAJENA,3700,TACUARI,,-2.746.906,-5.883.372,2,0,0,2,0,Colisión entre vehículos,Colisión entre vehículos,S/D,,Alcance,2,Recta,Intersección / cruce,,NO,,Hormigón,,Apto,"Despejada, Seca",,Ninguna,,,,Si,Si,No,Día,NO,Sin Restricción,Despejado,Buena,,Sin Semáforo
72457,OBS .VIAL,2020-10-21,17:20:00,CORRIENTES,18,CAPITAL,21,CORRIENTES,Urbana,Calle,SAN MARTIN,1200,MENDOZA,,-2.746.990,-5.883.584,1,1,0,2,0,Colisión entre vehículos,Colisión entre vehículos,S/D,,Angulo,2,Recta,,,NO,,Asfalto,,Apto,Seca,,,,,,Si,No,No,Día,NO,Sin Restricción,Nublado,Buena,,Sin Semáforo
81281,OBSERVATORIO VIAL,2020-10-20,18:00:00,CORRIENTES,18,CAPITAL,21,CORRIENTES,Urbana,Calle,TENIENTE CUNDON,1500,GOBERNADOR VELAZCO,,-2.748.640,-5.883.425,4,0,0,2,0,Colisión entre vehículos,Colisión entre vehículos,S/D,,,2,Curva,Intersección / cruce,,NO,,Hormigón,,Apto,Seca,,Ninguna,,,,Si,No,No,Día,NO,Sin Restricción,Despejado,Buena,,Sin Semáforo
74181,OBSERVATORIO VIAL,2020-10-20,12:10:00,CORRIENTES,18,CAPITAL,21,CORRIENTES,Urbana,Calle,PARAGUAY,1200,BOLIVAR,,-2.747.189,-5.882.698,2,0,0,2,0,Colisión entre vehículos,Colisión entre vehículos,S/D,,,2,Recta,Intersección / cruce,,NO,,Hormigón,,Apto,Seca,,,,,,No,No,No,Día,NO,Sin Restricción,Despejado,Buena,,Sin Semáforo
74020,OBSERVATORIO VIAL,2020-10-20,23:35:00,CORRIENTES,18,CAPITAL,21,CORRIENTES,Urbana,Calle,PLACIDO MARTINEZ,400,SA JUAN,,-2.746.197,-5.883.633,2,0,0,2,0,Colisión entre vehículos,Colisión entre vehículos,S/D,,,2,Recta,Intersección / cruce,,NO,,Asfalto,,Apto,Seca,,Ninguna,,,,Si,Si,S/D,Noche,NO,Sin Restricción,Despejado,Buena,,Sin Semáforo
72422,OBS. VIAL,2020-10-18,10:05:00,CORRIENTES,18,CAPITAL,21,CORRIENTES,Urbana,Avenida,AV.FERRE,1500,CHACABUCO,,-2.747.850,-5.881.458,2,0,0,2,0,Colisión entre vehículos,Colisión entre vehículos,S/D,,Angulo,2,Recta,Intersección / cruce,,NO,,Asfalto,,Apto,Despejada,,Cordón Divisorio,,,,,,,Día,NO,Sin Restricción,Despejado,Buena,,Funciona
79284,OBSERVATORIO VIAL,2020-10-17,17:40:00,CORRIENTES,18,CAPITAL,21,CORRIENTES,Urbana,Avenida,AV LAPRIDA,800,LA FERRERE,,-2.747.077,-5.878.768,2,1,0,2,0,Colisión entre vehículos,Colisión entre vehículos,S/D,,,2,Recta,Intersección / cruce,,NO,,Hormigón,,Apto,,,Cordón Divisorio,,,,No,No,No,Atardecer,NO,Sin Restricción,Despejado,Buena,,Sin Semáforo
91662,OBSERVATORIO VIAL,2020-10-16,9:40:00,CORRIENTES,18,CAPITAL,21,CORRIENTES,Urbana,Avenida,AV FERRE,2700,CHILE,,,,1,1,0,2,0,Colisión entre vehículos,Colisión entre vehículos,S/D,,Angulo,2,Recta,Intersección / cruce,,NO,,Asfalto,,Apto,Seca,,Cordón Divisorio,,,,No,No,No,Día,NO,Sin Restricción,Despejado,Buena,,Sin Semáforo
84257,OBSERVATORIO VIAL,2020-10-16,23:30:00,CORRIENTES,18,CAPITAL,21,CORRIENTES,Urbana,Avenida,AV MAIPU,6000,RUTA 12,,-2.752.620,-5.876.480,0,1,0,1,0,Caída desde vehículo,Caída desde vehículo,S/D,,,1,Recta,Intersección / cruce,,NO,,Asfalto,,Apto,Seca,,,,,,S/D,S/D,Si,Noche,NO,Obra en Construcción,Despejado,Buena,,Sin Semáforo
84408,OBSERVATORIO VIAL,2020-10-15,14:40:00,CORRIENTES,18,CAPITAL,21,CORRIENTES,Urbana,Calle,SAMUEL MORSE,910,,,-2.747.116,-5.879.612,0,1,0,1,0,"Caída desde vehículo, Colisión entre vehículos",Colisión entre vehículos,S/D,,,1,Recta,,RECTA,NO,,Hormigón,,Apto,Seca,,Ninguna,,,,No,No,No,Día,SI,Sin Restricción,Despejado,Buena,,Sin Semáforo
72269,OBS VIAL,2020-10-15,11:00:00,CORRIENTES,18,CAPITAL,21,CORRIENTES,Urbana,Avenida,Av. Independencia,4200,GASCON,,-2.748.239,-5.879.677,2,0,0,2,0,Colisión entre vehículos,Colisión entre vehículos,S/D,,Alcance,2,Recta,Intersección / cruce,,NO,,Hormigón,,Apto,Seca,,,,,,Si,Si,,Día,NO,Sin Restricción,Despejado,Buena,,Funciona
84412,OBSERVATORIO VIAL,2020-10-15,14:15:00,CORRIENTES,18,CAPITAL,21,CORRIENTES,Urbana,Calle,SAN LORENZO,1400,RIVADAVIA,,-2.747.477,-5.883.255,2,0,0,2,0,Colisión entre vehículos,Colisión entre vehículos,S/D,,Angulo,2,Recta,Intersección / cruce,,NO,,Asfalto,,Apto,Seca,,Ninguna,,,,Si,Si,No,Día,NO,Sin Restricción,Despejado,Buena,,Sin Semáforo
84589,OBSERVATORIO VIAL,2020-10-14,22:15:00,CORRIENTES,18,CAPITAL,21,CORRIENTES,Urbana,Avenida,AV CHACABUCO,2200,MADARIAGA,GARCIA DE COSIO,-2.748.528,-5.881.595,1,2,0,2,0,Colisión entre vehículos,Colisión entre vehículos,S/D,,,2,Recta,,RECTA,NO,,Hormigón,,Apto,Despejada,,Cordón Divisorio,,,,Si,S/D,S/D,Noche,SI,Sin Restricción,Despejado,,,Sin Semáforo
85774,OBSERVATORIO VIAL,2020-10-13,11:55:00,CORRIENTES,18,CAPITAL,21,CORRIENTES,Urbana,Avenida,AV INDEPENDENCIA,4020,,,-2.748.004,-5.880.327,2,0,0,2,0,Colisión entre vehículos,Colisión entre vehículos,S/D,,,2,Recta,,RECTA,NO,,Asfalto,,Apto,Seca,,,,,,S/D,S/D,S/D,Día,NO,Sin Restricción,Despejado,,,Sin Semáforo
85000,OBSERVATORIO VIAL,2020-10-11,17:00:00,CORRIENTES,18,CAPITAL,21,CORRIENTES,Urbana,Avenida,AV 3 DE ABRIL,1100,CATAMARCA,,,,1,1,0,2,0,Colisión entre vehículos,Colisión entre vehículos,S/D,,Angulo,2,Recta,Intersección / cruce,,NO,,Hormigón,,Apto,Seca,,Cordón Divisorio,,,,Si,Si,S/D,Día,NO,Sin Restricción,Despejado,Buena,,Funciona
76028,OBSERVATORIO VIAL,2020-10-11,7:00:00,CORRIENTES,18,CAPITAL,21,CORRIENTES,Urbana,Avenida,AV. PAYSANDU,3800,RAFAELA,,-2.749.751,-5.882.537,0,1,0,1,0,"Caída desde vehículo, Colisión entre vehículos",Colisión entre vehículos,S/D,,,1,Recta,Intersección / cruce,,,,Asfalto,,Apto,Seca,,Ninguna,,,,S/D,S/D,S/D,Amanecer,SI,Sin Restricción,Despejado,Buena,,Sin Semáforo
88053,OBSERVATORIO VIAL,2020-10-10,12:50:00,CORRIENTES,18,CAPITAL,21,CORRIENTES,Urbana,Calle,CATAMARCA,1200,BOLIVAR,,-2.747.122,-5.883.344,1,1,0,2,0,Colisión entre vehículos,Colisión entre vehículos,S/D,,,2,Recta,Intersección / cruce,,NO,,Asfalto,,Apto,Seca,,Ninguna,,,,Si,Si,No,Día,NO,Sin Restricción,Despejado,Buena,,Sin Semáforo
79470,OBSERVATORIO VIAL,2020-10-10,12:57:00,CORRIENTES,18,CAPITAL,21,CORRIENTES,Urbana,Avenida,AV MAIPU,2300,,,-2.749.700,-5.881.609,3,0,0,2,0,Colisión entre vehículos,Colisión entre vehículos,S/D,,Angulo,2,Recta,Intersección / cruce,,NO,,,,Apto,Seca,,Cordón Divisorio,,,,No,No,No,Día,NO,Sin Restricción,Despejado,Buena,,Sin Semáforo
75476,OBSERVATORIO VIAL,2020-10-10,6:15:00,CORRIENTES,18,CAPITAL,21,CORRIENTES,Urbana,Avenida,AV ARMENIA,3050,AMADO BOMPLAN,,-2.746.721,-5.880.982,1,1,0,2,0,Colisión entre vehículos,Colisión entre vehículos,S/D,,,2,Recta,Intersección / cruce,,NO,,Asfalto,,Apto,Mojada,,Ninguna,,,,S/D,S/D,S/D,Amanecer,SI,Sin Restricción,Lluvia,Buena,,Sin Semáforo
86577,OBSERVATORIO VIAL,2020-10-10,13:30:00,CORRIENTES,18,CAPITAL,21,CORRIENTES,Urbana,Avenida,AV CHACABUCO,2206,MADARIAGA,,-2.748.511,-5.881.589,1,1,0,2,0,Colisión entre vehículos,Colisión entre vehículos,S/D,,Alcance,2,Recta,Intersección / cruce,,NO,,Asfalto,,Apto,Seca,,,,,,S/D,S/D,S/D,Día,NO,Sin Restricción,Despejado,Buena,,Sin Semáforo
77242,OBSERVATORIO VIAL,2020-10-10,12:33:00,CORRIENTES,18,CAPITAL,21,CORRIENTES,Urbana,Avenida,AV MAIPU,3200,CUEVAS,,-2.750.653,-5.881.083,1,1,0,2,0,Colisión entre vehículos,Colisión entre vehículos,S/D,,Alcance,2,Recta,Intersección / cruce,,NO,,Asfalto,,Apto,Seca,,Ninguna,,,,No,No,No,Día,NO,Sin Restricción,Despejado,Buena,,Sin Semáforo
71483,Corrientes,2020-10-10,10:15:00,CORRIENTES,18,CAPITAL,21,CORRIENTES,Urbana,Avenida,FERRE,2900,,,-2.747.846,-5.881.548,2,1,0,2,0,Colisión entre vehículos,Colisión entre vehículos,S/D,,Lateral,2,Recta,Intersección / cruce,,NO,,Hormigón,,Apto,Despejada,,,,,,No,No,,Día,NO,Sin Restricción,Despejado,,,Funciona
74182,OBSERVATORIO VIAL,2020-10-10,6:00:00,CORRIENTES,18,CAPITAL,21,CORRIENTES,Urbana,Avenida,AV FERRE,3000,AV CHACABUCO,,-2.747.850,-5.881.475,2,0,0,2,0,Colisión entre vehículos,Colisión entre vehículos,S/D,,,2,Recta,Intersección / cruce,,NO,,Hormigón,,Apto,Seca,,,,,,Si,S/D,S/D,Día,NO,Sin Restricción,Despejado,Buena,,Funciona
76289,OBSERVATORIO VIAL,2020-10-09,10:55:00,CORRIENTES,18,CAPITAL,21,CORRIENTES,Urbana,Calle,ESPAÑA,1400,MORENO,,-2.747.387,-5.882.984,3,0,0,3,0,Colisión entre vehículos,Colisión entre vehículos,S/D,,Alcance,3,Recta,Intersección / cruce,,NO,,Asfalto,,,Seca,,Ninguna,,,,No,No,No,Día,NO,Sin Restricción,Despejado,Buena,,Sin Semáforo
74779,OBSERVATORIO VIAL,2020-10-09,8:45:00,CORRIENTES,18,CAPITAL,21,CORRIENTES,Urbana,Avenida,AV MEDRANO,24001,OMBU,,-2.749.000,-5.879.970,1,1,0,2,0,Colisión entre vehículos,Colisión entre vehículos,S/D,,Angulo,2,Recta,Intersección / cruce,,NO,,Hormigón,,Apto,Seca,,Ninguna,,,,Si,,,Día,NO,Sin Restricción,Nublado,Buena,,Sin Semáforo
77612,OBSERVATORIO VIAL,2020-10-09,18:10:00,CORRIENTES,18,CAPITAL,21,CORRIENTES,Urbana,Avenida,AV INDEPENDENCIA,3700,TACUARI,,-2.747.952,-5.880.636,1,1,0,2,0,Colisión entre vehículos,Colisión entre vehículos,S/D,,,2,Recta,Intersección / cruce,,NO,,Asfalto,,Apto,Seca,,Ninguna,,,,Si,No,No,Atardecer,NO,Sin Restricción,Despejado,Buena,,No Funciona
92378,OBSERVATORIO VIAL,2020-10-09,17:40:00,CORRIENTES,18,CAPITAL,21,CORRIENTES,Urbana,Avenida,AV 3 DE ABRIL,1200,MENDOZA,,-2.747.562,-5.883.646,3,1,0,2,0,Colisión entre vehículos,Colisión entre vehículos,S/D,,,2,Recta,Intersección / cruce,,NO,,Asfalto,,Apto,Seca,,Ninguna,,,,Si,Si,No,Día,NO,Sin Restricción,Despejado,Buena,,Sin Semáforo
84283,OBSERVATORIO VIAL,2020-10-09,13:40:00,CORRIENTES,18,CAPITAL,21,CORRIENTES,Urbana,Avenida,AV POMAR,3500,AV. R.R. ALFONSIN,,-2.747.272,-5.880.636,0,1,0,1,0,Caída desde vehículo,Caída desde vehículo,S/D,,,1,Recta,Intersección / cruce,,NO,,Asfalto,,Apto,Seca,,,,,,Si,Si,No,Día,SI,Sin Restricción,Despejado,Buena,,Funciona
86575,OBSERVATORIO VIAL,2020-10-07,10:30:00,CORRIENTES,18,CAPITAL,21,CORRIENTES,Urbana,Ruta Nacional,12,1034.2,,,-2.745.584,-5.876.062,1,1,0,2,0,Colisión entre vehículos,Colisión entre vehículos,S/D,,,2,Recta,Intersección / cruce,,NO,,Asfalto,,En reparación,Seca,,Otro,,,,No,No,Si,Día,NO,Sin Restricción,Despejado,Buena,,Sin Semáforo
84247,OBSERVATORIO VIAL,2020-10-06,8:03:00,CORRIENTES,18,CAPITAL,21,CORRIENTES,Urbana,Calle,GENERAL PAZ,1800,ELIAS ABAD,,-2.747.667,-5.884.848,1,1,0,2,0,Colisión entre vehículos,Colisión entre vehículos,S/D,,,2,Recta,Intersección / cruce,,NO,,Asfalto,,Apto,"Despejada, Seca",,,,,,Si,S/D,,Día,NO,Sin Restricción,Despejado,Buena,,Sin Semáforo
91661,OBSERVATORIO VIAL,2020-10-06,11:50:00,CORRIENTES,18,CAPITAL,21,CORRIENTES,Urbana,Calle,URUGUAY,300,J.M. ROLON,,-2.746.148,-5.882.463,1,1,0,2,0,Colisión entre vehículos,Colisión entre vehículos,S/D,,Lateral,2,Recta,Intersección / cruce,,NO,,Asfalto,,Apto,Seca,,Ninguna,,,,No,No,,Día,NO,Sin Restricción,Despejado,Buena,,Sin Semáforo
74532,OBSERVATORIO VIAL,2020-10-06,10:25:00,CORRIENTES,18,CAPITAL,21,CORRIENTES,Urbana,Calle,SANTA MARIA DE ORO,1600,,,-2.749.689,-5.883.825,0,2,0,2,0,Colisión entre vehículos,Colisión entre vehículos,S/D,,Frontal,2,Recta,Intersección / cruce,,NO,,Tierra,,Apto,Seca,,Ninguna,,,,No,No,No,Día,NO,Sin Restricción,Despejado,Buena,,Sin Semáforo
85199,OBSERVATORIO VIAL,2020-10-05,6:35:00,CORRIENTES,18,CAPITAL,21,CORRIENTES,Urbana,Calle,ROCA,1200,BOLIVAR,,-2.747.221,-5.882.326,0,3,0,2,0,Colisión entre vehículos,Colisión entre vehículos,S/D,,Angulo,2,Recta,Intersección / cruce,,NO,,Asfalto,,Apto,Seca,,Ninguna,,,,Si,Si,,Amanecer,NO,Sin Restricción,Nublado,Buena,,Sin Semáforo
84220,OBSERVATORIO VIAL,2020-10-05,14:20:00,CORRIENTES,18,CAPITAL,21,CORRIENTES,Urbana,Calle,MEDRANO,3200,CARTAGENA,,-2.749.613,-5.880.021,0,1,0,2,0,Colisión entre vehículos,Colisión entre vehículos,S/D,,,2,Curva,Intersección / cruce,,NO,,Asfalto,,Apto,,,Ninguna,,,,S/D,S/D,S/D,Día,NO,Sin Restricción,Despejado,Buena,,Sin Semáforo
91666,OBSERVATORIO VIAL,2020-10-05,14:00:00,CORRIENTES,18,CAPITAL,21,CORRIENTES,Urbana,Calle,BELGRANO,1900,PARAGUAY,,-2.747.308,-5.882.713,3,1,0,2,0,Colisión entre vehículos,Colisión entre vehículos,S/D,,,2,Recta,Intersección / cruce,,NO,,Asfalto,,Apto,Seca,,Ninguna,,,,Si,No,No,Día,NO,Sin Restricción,Despejado,Buena,,Sin Semáforo
77448,OBSERVATORIO VIAL,2020-10-04,6:45:00,CORRIENTES,18,CAPITAL,21,CORRIENTES,Urbana,Avenida,AV VERA,1200,MENDOZA,,-2.746.119,-5.883.489,0,1,0,1,0,"Caída desde vehículo, Colisión entre vehículos",Colisión entre vehículos,S/D,,,1,Recta,Intersección / cruce,,NO,,Asfalto,,Apto,Seca,,Ninguna,,,,No,No,No,Amanecer,NO,Sin Restricción,Despejado,Buena,,Sin Semáforo
84586,OBSERVATORIO VIAL,2020-10-04,9:45:00,CORRIENTES,18,CAPITAL,21,CORRIENTES,Urbana,Calle,ENTRE RIOS,1300,BELGRANO,,-2.747.140,-5.884.453,2,1,0,2,0,Colisión entre vehículos,Colisión entre vehículos,S/D,,,2,Recta,Intersección / cruce,,NO,,Asfalto,,Apto,Seca,,Ninguna,,,,S/D,S/D,S/D,Día,NO,Sin Restricción,Despejado,Buena,,Sin Semáforo
87735,OBSERVATORIO VIAL,2020-10-04,22:15:00,CORRIENTES,18,CAPITAL,21,CORRIENTES,Urbana,Avenida,AV ARMENIA,3200,24 DE agosto,,-2.746.711,-5.880.762,2,0,0,2,0,Colisión entre vehículos,Colisión entre vehículos,S/D,,Angulo,2,Recta,Intersección / cruce,,NO,,Asfalto,,Apto,Seca,,Cordón Divisorio,,,,Si,S/D,S/D,Noche,SI,Sin Restricción,Despejado,Buena,,Intermitente
85009,OBSERVATORIO VIAL,2020-10-04,9:47:00,CORRIENTES,18,CAPITAL,21,CORRIENTES,Urbana,Calle,CERDEÑA,3100,ARTAZA,,,,1,0,0,1,0,Despiste,Despiste,Si,,,1,Recta,,,NO,,Ripio,,Apto,Seca,,Ninguna,,,,No,No,No,Día,SI,Sin Restricción,Despejado,Buena,,Sin Semáforo
71459,Observatorio Vial,2020-10-04,10:30:00,CORRIENTES,18,CAPITAL,21,CORRIENTES,Urbana,Calle,MARIO PAYES,Km 8,ACC ESPERANZA,,-2.753.107,-5.879.129,1,2,0,1,0,Vuelco (solo 1 participante),Vuelco (solo 1 participante),S/D,,,1,Recta,,,NO,,Tierra,,Apto,,,Ninguna,,,,No,No,No,Día,NO,,Despejado,Buena,,
75098,OBSERVATORO VIAL,2020-10-03,9:30:00,CORRIENTES,18,CAPITAL,21,CORRIENTES,Urbana,Calle,RESOAGLI,2000,LAS HERAS,,-2.748.461,-5.880.475,1,1,0,2,0,Colisión entre vehículos,Colisión entre vehículos,S/D,,Angulo,2,Recta,Intersección / cruce,,NO,,Tierra,,Apto,Seca,,Ninguna,,,,No,No,No,Día,NO,Sin Restricción,Despejado,Buena,,Sin Semáforo
88065,OBSERVATORIO VIAL,2020-10-03,11:00:00,CORRIENTES,18,CAPITAL,21,CORRIENTES,Urbana,Calle,J.J. CASTELLI,1500,LUIS BRAILE,,-2.747.774,-5.880.951,1,1,0,2,0,Colisión entre vehículos,Colisión entre vehículos,S/D,,Angulo,2,Recta,Intersección / cruce,,NO,,Tierra,,Apto,Seca,,Ninguna,,,,Si,No,No,Día,NO,Sin Restricción,,Buena,,Sin Semáforo
74017,OBSERVATORIO VIAL,2020-10-01,11:55:00,CORRIENTES,18,CAPITAL,21,CORRIENTES,Urbana,Avenida,AV MEDRANO,2500,LARREA,,-2.749.134,-5.879.959,2,0,0,2,0,Colisión entre vehículos,Colisión entre vehículos,S/D,,Angulo,2,Recta,Intersección / cruce,,NO,,Asfalto,,Apto,Seca,,,,,,No,No,No,Día,NO,Sin Restricción,Despejado,Buena,,Sin Semáforo
74224,OBSERVATORIO VIAL,2020-10-01,9:10:00,CORRIENTES,18,CAPITAL,21,CORRIENTES,Urbana,Avenida,AV 3 DE ABRIL,800,BLAS PARERA,,-2.747.542,-5.884.038,2,0,0,2,0,Colisión entre vehículos,Colisión entre vehículos,S/D,,,2,Recta,Intersección / cruce,,NO,,Hormigón,,Apto,"Despejada, Seca",,,,,,Si,Si,S/D,Día,NO,Sin Restricción,Nublado,Buena,,Sin Semáforo
84569,OBSERVATORIO VIAL,2020-09-30,7:52:00,CORRIENTES,18,CAPITAL,21,CORRIENTES,Urbana,Ruta Nacional,12,KM 1,ROTONDA VIRGEN DE ITATI,,-2.748.339,-5.878.244,2,1,0,2,0,Colisión entre vehículos,Colisión entre vehículos,S/D,,Alcance,2,Curva,Rotonda,,NO,,Asfalto,,Apto,Seca,,Ninguna,,,,Si,Si,Si,Día,NO,Obra en Construcción,Despejado,Buena,,Sin Semáforo
85761,OBSERVATORIO VIAL,2020-09-30,3:45:00,CORRIENTES,18,CAPITAL,21,CORRIENTES,Urbana,Avenida,AV INDEPENDENCIA,3126,RECONQUISTA,SAAVEDRA ( BANDA LATERAL SUR),,,1,2,0,2,0,Choque,Choque,S/D,,Otro,2,Recta,Intersección / cruce,EN CALZADA,NO,,Hormigón,,Apto,Seca,,Cordón Divisorio,,,,No,No,No,Noche,SI,Sin Restricción,Despejado,Buena,,Sin Semáforo
86716,OBSERVATORIO VIAL,2020-09-29,13:50:00,CORRIENTES,18,CAPITAL,21,CORRIENTES,Urbana,Avenida,AV CHACABUCO,1800,GENERAL PAZ,,-2.748.062,-5.881.510,1,2,0,2,0,Colisión entre vehículos,Colisión entre vehículos,S/D,,,2,Recta,Intersección / cruce,,NO,,Hormigón,,Apto,Seca,,Ninguna,,,,Si,Si,No,Día,NO,Sin Restricción,Despejado,Buena,,Funciona
89995,OBSERVATORIO VIAL,2020-09-29,20:00:00,CORRIENTES,18,CAPITAL,21,CORRIENTES,Urbana,Calle,SUIZA,3300,REPUBLIVA DOMINICANA,,-2.747.615,-5.881.075,2,0,0,2,0,Colisión entre vehículos,Colisión entre vehículos,S/D,,,2,Recta,Intersección / cruce,,NO,,Asfalto,,Apto,Seca,,Ninguna,,,,No,No,No,Noche,SI,Sin Restricción,Despejado,Buena,,Sin Semáforo
85429,OBSERVATORIO VIAL,2020-09-28,17:20:00,CORRIENTES,18,CAPITAL,21,CORRIENTES,Urbana,Avenida,AV CHACABUCO,1100,BOLIVAR,,-2.747.225,-5.881.317,1,1,0,2,0,Colisión entre vehículos,Colisión entre vehículos,S/D,,,2,Recta,Intersección / cruce,,NO,,Asfalto,,Apto,Seca,,Ninguna,,,,S/D,S/D,S/D,Día,NO,Sin Restricción,Despejado,Buena,,Sin Semáforo
85830,OBSERVATORIO VIAL,2020-09-28,15:50:00,CORRIENTES,18,CAPITAL,21,CORRIENTES,Urbana,Calle,SAN MARTIN,1700,ESPAÑA,,-2.747.052,-5.882.948,1,1,0,2,0,Colisión entre vehículos,Colisión entre vehículos,S/D,,,2,Recta,Intersección / cruce,,NO,,Asfalto,,Apto,Despejada,,Ninguna,,,,S/D,S/D,S/D,Día,NO,Sin Restricción,Despejado,Buena,,Sin Semáforo
74213,OBSERVATORIO VIAL,2020-09-27,7:15:00,CORRIENTES,18,CAPITAL,21,CORRIENTES,Urbana,Avenida,AV 3 DE ABRIL,600,TUCUMAN,,-2.747.508,-5.884.220,1,1,0,2,0,Colisión entre vehículos,Colisión entre vehículos,S/D,,Angulo,2,Recta,Intersección / cruce,,NO,,Hormigón,,Apto,Seca,,Ninguna,,,,Si,Si,S/D,Día,SI,Sin Restricción,Despejado,Buena,,No Funciona
85001,OBSERVATORIO VIAL,2020-09-27,19:50:00,CORRIENTES,18,CAPITAL,21,CORRIENTES,Urbana,Avenida,AV VERA,1500,CATAMARCA,,,,1,0,1,2,0,Colisión entre vehículos,Colisión entre vehículos,S/D,,,2,Curva,Intersección / cruce,,NO,,Asfalto,,Apto,Seca,,Ninguna,,,,No,No,No,Noche,SI,Sin Restricción,Despejado,Buena,,Sin Semáforo
79368,OBSERVATORIO VIAL,2020-09-25,11:05:00,CORRIENTES,18,CAPITAL,21,CORRIENTES,Urbana,Calle,H. IRIGOYEN,1851,,,-2.746.959,-5.882.740,2,1,0,2,0,Colisión entre vehículos,Colisión entre vehículos,S/D,,,2,Recta,Intersección / cruce,,NO,,Asfalto,,,Seca,,Cordón Divisorio,,,,No,No,No,Día,NO,Sin Restricción,Despejado,Buena,,Sin Semáforo
72185,OBS VIAL,2020-09-25,10:25:00,CORRIENTES,18,CAPITAL,21,CORRIENTES,Rural,Avenida,AV .TTE IBAÑE,500,MAIPU,,-2.748.330,-5.882.595,2,0,0,2,0,Colisión entre vehículos,Colisión entre vehículos,S/D,,Lateral,2,Recta,Intersección / cruce,,NO,,Hormigón,,Apto,Seca,,Ninguna,,,,S/D,S/D,S/D,Día,NO,,Despejado,Buena,,Sin Semáforo
74892,OBSERVATORIO VIAL,2020-09-24,11:01:00,CORRIENTES,18,CAPITAL,21,CORRIENTES,Urbana,Avenida,AV. ARTIGAS,1300,BELGRANO,,-2.747.387,-5.881.913,1,1,0,2,0,Colisión entre vehículos,Colisión entre vehículos,S/D,,,2,Recta,Intersección / cruce,,NO,,Asfalto,,Apto,Seca,,Ninguna,,,,Si,Si,No,Día,NO,Sin Restricción,Despejado,Buena,,Funciona
84562,OBSERVATORIO  VIAL,2020-09-23,19:34:00,CORRIENTES,18,CAPITAL,21,CORRIENTES,Urbana,Calle,SANTA CATALINA,1800,LYON,,-2.749.480,-5.882.047,2,0,0,2,0,Colisión entre vehículos,Colisión entre vehículos,S/D,,Alcance,2,Recta,Intersección / cruce,,NO,,Asfalto,,Apto,Seca,,Ninguna,,,,S/D,S/D,S/D,Noche,SI,Sin Restricción,Despejado,Buena,,Sin Semáforo
84761,OBSERVATORIO VIAL,2020-09-23,8:20:00,CORRIENTES,18,CAPITAL,21,CORRIENTES,Urbana,Avenida,AV. R.R.ALFONSIN,3400,J.J. CASTELLI,,-2.747.225,-5.880.829,1,1,0,2,0,Colisión entre vehículos,Colisión entre vehículos,S/D,,Angulo,2,Recta,Intersección / cruce,,NO,,Asfalto,,Apto,Seca,,Ninguna,,,,Si,S/D,S/D,Día,NO,Sin Restricción,Nublado,Buena,,Funciona
76545,OBSERVATORIO VIAL,2020-09-22,14:55:00,CORRIENTES,18,CAPITAL,21,CORRIENTES,Urbana,Avenida,AV PATAGONIA,2000,2 DE abril,,-2.749.204,-5.882.790,1,1,0,2,0,Colisión entre vehículos,Colisión entre vehículos,S/D,,Angulo,2,Recta,Intersección / cruce,,NO,,Hormigón,,Apto,"Despejada, Seca",,Ninguna,,,,No,No,No,Día,NO,Sin Restricción,Despejado,Buena,,Sin Semáforo
79362,OBSERVATORIO VIAL,2020-09-22,13:10:00,CORRIENTES,18,CAPITAL,21,CORRIENTES,Urbana,Avenida,AV VERA,1400,CATAMARCA,,-2.746.127,-5.883.230,1,1,0,2,0,Colisión entre vehículos,Colisión entre vehículos,S/D,,Angulo,2,Recta,Intersección / cruce,,NO,,,,Apto,"Despejada, Seca",,Ninguna,,,,No,No,No,Día,NO,Sin Restricción,Despejado,Buena,,No Funciona
74008,OBSERVATORIO VIAL,2020-09-22,8:42:00,CORRIENTES,18,CAPITAL,21,CORRIENTES,Urbana,Calle,MEDRANO,1500,,,-2.748.036,-5.879.818,2,0,0,2,0,Colisión entre vehículos,Colisión entre vehículos,S/D,,Lateral,2,Recta,Intersección / cruce,,NO,,Asfalto,,Apto,Seca,,Ninguna,,,,Si,S/D,S/D,Día,NO,Sin Restricción,Despejado,Buena,,Funciona
84282,OBSERVATORIO VIAL,2020-09-21,10:11:00,CORRIENTES,18,CAPITAL,21,CORRIENTES,Urbana,Avenida,AV C.CORRENTINO,3700,TACUARI,,-2.748.646,-5.880.726,1,0,0,1,0,"Caída desde vehículo, Despiste",Despiste,Si,,,1,Recta,Intersección / cruce,,NO,,Hormigón,,Apto,Seca,,Ninguna,,,,Si,S/D,S/D,Día,SI,Sin Restricción,Despejado,Buena,,Funciona
75527,OBSERVATORIO VIAL,2020-09-21,11:36:00,CORRIENTES,18,CAPITAL,21,CORRIENTES,Urbana,Calle,9 DE julio,1900,PARAGUAY,,-2.746.725,-5.882.648,1,1,0,2,0,Colisión entre vehículos,Colisión entre vehículos,S/D,,,2,Recta,Intersección / cruce,,NO,,Asfalto,,Apto,Seca,,Ninguna,,,,S/D,S/D,S/D,Día,NO,Sin Restricción,Despejado,Buena,,Sin Semáforo
79468,OBSERVATORIO VIAL,2020-09-21,11:08:00,CORRIENTES,18,CAPITAL,21,CORRIENTES,Urbana,Calle,PARAGUAY,1100,SAN MARTIN,,-2.747.075,-5.882.685,1,1,0,2,0,Colisión entre vehículos,Colisión entre vehículos,S/D,,,2,Recta,Intersección / cruce,,NO,,Asfalto,,Apto,Seca,,Ninguna,,,,No,No,No,Día,NO,Sin Restricción,Despejado,Buena,,Sin Semáforo
91679,OBSERVATORIO VIAL,2020-09-21,13:15:00,CORRIENTES,18,CAPITAL,21,CORRIENTES,Urbana,Ruta Provincial,RUTA PROVINCIAL Nª 5,KM 2,FRENTE INCA,,,,1,0,1,1,1,Colisión entre vehículos,Colisión entre vehículos,S/D,,,2,Recta,Intersección / cruce,RECTA,NO,,Asfalto,,Apto,Seca,,Ninguna,,,,No,No,No,Día,NO,Sin Restricción,Despejado,Buena,,Sin Semáforo
84758,OBSERVATORIO VIAL,2020-09-20,10:00:00,CORRIENTES,18,CAPITAL,21,CORRIENTES,Urbana,Avenida,AV.R.R.ALFONSIN,4432,MEDRANO,,-2.747.521,-5.879.725,1,1,0,2,0,Colisión entre vehículos,Colisión entre vehículos,S/D,,Angulo,2,Recta,Intersección / cruce,,NO,,Asfalto,,Apto,Seca,,Cordón Divisorio,,,,No,No,No,Día,NO,Sin Restricción,Despejado,Buena,,No Funciona
88552,OBSERVATORIO VIAL,2020-09-19,12:30:00,CORRIENTES,18,CAPITAL,21,CORRIENTES,Urbana,Ruta Provincial,RUTA 5,1,,,-2.748.602,-5.876.991,1,1,0,2,0,Colisión entre vehículos,Colisión entre vehículos,S/D,,,2,Recta,Intersección / cruce,,NO,,Asfalto,,Apto,Seca,,Otro,,,,Si,No,No,Día,NO,Sin Restricción,Despejado,Buena,,Sin Semáforo
74180,OBSERVATORIO VIAL,2020-09-19,1:15:00,CORRIENTES,18,CAPITAL,21,CORRIENTES,Rural,Ruta Nacional,12,1023,,,-2.754.237,-5.875.282,0,3,0,2,0,Colisión entre vehículos,Colisión entre vehículos,S/D,,,2,Recta,Intersección / cruce,,NO,,Asfalto,,,,,,,,,Si,S/D,S/D,Noche,,,,,,Sin Semáforo
74753,OBSERVATORIO VIAL,2020-09-18,12:50:00,CORRIENTES,18,CAPITAL,21,CORRIENTES,Urbana,Avenida,AV FERRE,1900,PARAGUAY,,-2.747.687,-5.882.749,1,1,0,2,0,Colisión entre vehículos,Colisión entre vehículos,S/D,,,2,Recta,Intersección / cruce,,NO,,Hormigón,,Apto,Seca,,Ninguna,,,,Si,S/D,S/D,Día,NO,Sin Restricción,Despejado,Buena,,Funciona
76551,OBSERVATORIO VIAL,2020-09-18,13:50:00,CORRIENTES,18,CAPITAL,21,CORRIENTES,Urbana,Avenida,AV 3 DE ABRIL,1700,SANTA FE,,-2.747.651,-5.883.145,2,1,0,2,0,Colisión entre vehículos,Colisión entre vehículos,S/D,,Angulo,2,Recta,Intersección / cruce,,NO,,Hormigón,,Apto,Seca,,Ninguna,,,,Si,Si,No,Día,NO,Sin Restricción,Despejado,Buena,,Funciona
84588,OBSERVATORIO VIAL,2020-09-18,19:30:00,CORRIENTES,18,CAPITAL,21,CORRIENTES,Urbana,Calle,MISIONES,400,JUNIN,,-2.746.689,-5.884.545,2,0,0,2,0,Colisión entre vehículos,Colisión entre vehículos,S/D,,,2,Recta,Intersección / cruce,,NO,,Asfalto,,Apto,Seca,,Ninguna,,,,No,No,No,Noche,SI,Sin Restricción,Despejado,Buena,,Sin Semáforo
84419,OBSERVATORIO VIAL,2020-09-18,9:36:00,CORRIENTES,18,CAPITAL,21,CORRIENTES,Urbana,Avenida,AV INDEPENDENCIA,3600,GUEMES,,-2.747.930,-5.880.754,2,0,0,2,0,Colisión entre vehículos,Colisión entre vehículos,S/D,,,2,Recta,Intersección / cruce,,NO,,Asfalto,,Apto,Seca,,Ninguna,,,,S/D,S/D,S/D,Día,NO,Sin Restricción,Despejado,Buena,,Funciona
71289,OBS .VIAL,2020-09-17,11:05:00,CORRIENTES,18,CAPITAL,21,CORRIENTES,Urbana,Avenida,AV SANTA ROSA,1700,ÑAEMBE,,-2.747.902,-5.881.999,1,1,0,2,0,Colisión entre vehículos,Colisión entre vehículos,S/D,,,2,Recta,,,NO,,Hormigón,,Apto,Seca,,Ninguna,,,,Si,Si,No,Día,NO,,Despejado,,,Sin Semáforo
84578,OBSERVATORIO VIAL,2020-09-17,14:40:00,CORRIENTES,18,CAPITAL,21,CORRIENTES,Urbana,Calle,INGLATERRA,4200,LORETA,,-2.750.561,-5.880.252,1,1,0,2,0,Colisión entre vehículos,Colisión entre vehículos,S/D,,Angulo,2,Recta,Intersección / cruce,,NO,,Hormigón,,Apto,Seca,,Otro,,,,No,No,No,Día,NO,Sin Restricción,Despejado,Buena,,Sin Semáforo
84763,OBSERVATORIO VIAL,2020-09-15,11:45:00,CORRIENTES,18,CAPITAL,21,CORRIENTES,Urbana,Ruta Provincial,5,100,ROTONDA DE LA VIRGEN DE ITATI,,-2.748.470,-5.878.139,2,0,0,2,0,Colisión entre vehículos,Colisión entre vehículos,S/D,,Alcance,2,Curva,Rotonda,,NO,,Asfalto,,Apto,Seca,,Ninguna,,,,No,No,Si,Día,NO,Sin Restricción,Despejado,Buena,,Sin Semáforo
76043,OBSERVATORIO VIAL,2020-09-15,20:00:00,CORRIENTES,18,CAPITAL,21,CORRIENTES,Urbana,Avenida,AV MAIPU,1500,ASUNCION,,-2.749.119,-5.881.979,0,1,0,1,0,"Caída desde vehículo, Colisión entre vehículos",Colisión entre vehículos,S/D,,,1,Curva,Intersección / cruce,,NO,,Asfalto,,Apto,Seca,,Ninguna,,,,Si,No,No,Noche,SI,Sin Restricción,Despejado,Buena,,Funciona
85440,OBSERVATORIO VIAL,2020-09-14,6:30:00,CORRIENTES,18,CAPITAL,21,CORRIENTES,Urbana,Avenida,AV MAIPU,1045,,,,,1,0,0,1,0,Colisión entre vehículos,Colisión entre vehículos,S/D,,,1,Recta,Intersección / cruce,,NO,,Asfalto,,,Seca,,,,,,Si,No,No,Amanecer,NO,Sin Restricción,Despejado,Buena,,Sin Semáforo
84285,OBSERVATORIO VIAL,2020-09-14,20:30:00,CORRIENTES,18,CAPITAL,21,CORRIENTES,Urbana,Avenida,MEDRANO,2800,SAN FRANCISCO DE ASIS,,-2.749.315,-5.879.929,1,1,0,2,0,Colisión entre vehículos,Colisión entre vehículos,S/D,,,2,Curva,,,NO,,Asfalto,,Apto,Seca,,Ninguna,,,,No,No,No,Noche,SI,Sin Restricción,Despejado,Buena,,Sin Semáforo
81314,OBSERVATORIO VIAL,2020-09-13,22:30:00,CORRIENTES,18,CAPITAL,21,CORRIENTES,Urbana,Calle,MORENO,2100,ROCA,,-2.747.451,-5.882.346,1,1,0,2,0,Colisión entre vehículos,Colisión entre vehículos,S/D,,Angulo,2,Recta,Intersección / cruce,,NO,,Asfalto,,Apto,Seca,,Cordón Divisorio,,,,S/D,S/D,S/D,Noche,SI,Sin Restricción,Despejado,Buena,,Sin Semáforo
74034,OBSERVATORIO VIAL,2020-09-12,20:20:00,CORRIENTES,18,CAPITAL,21,CORRIENTES,Urbana,Calle,MENDOZA,1800,GENERAL PAZ,,-2.747.829,-5.883.680,2,0,0,2,0,Colisión entre vehículos,Colisión entre vehículos,S/D,,Frontal,2,Recta,Intersección / cruce,,NO,,Asfalto,,Apto,Seca,,Ninguna,,,,Si,S/D,S/D,Noche,NO,Sin Restricción,Despejado,Buena,,Sin Semáforo
80494,OBSERVATORIO VIAL,2020-09-12,19:30:00,CORRIENTES,18,CAPITAL,21,CORRIENTES,Urbana,Calle,AV PUJOL,22001,CARLOS PELLEGRINI,,-2.746.644,-5.882.268,2,0,0,2,0,Colisión entre vehículos,Colisión entre vehículos,S/D,,,2,Curva,Intersección / cruce,,NO,,Asfalto,,Apto,Seca,,Ninguna,,,,No,No,No,Día,NO,Sin Restricción,Despejado,Buena,,Sin Semáforo
84226,OBSERVATORIO VIAL,2020-09-12,22:15:00,CORRIENTES,18,CAPITAL,21,CORRIENTES,Urbana,Avenida,AV COLON,800,IRALA,,-2.748.838,-5.884.331,0,1,0,1,0,"Caída desde vehículo, Despiste, Vuelco (solo 1 participante)",Vuelco (solo 1 participante),Si,,,1,Recta,Intersección / cruce,,NO,,Asfalto,,Apto,Seca,,Cordón Divisorio,,,,No,No,No,Noche,NO,Sin Restricción,Viento,Buena,,Sin Semáforo
86712,OBSERVATORIO VIAL,2020-09-12,8:29:00,CORRIENTES,18,CAPITAL,21,CORRIENTES,Urbana,Ruta Provincial,5,1000,YEDRO,,-2.748.859,-5.876.191,0,2,0,2,0,Colisión entre vehículos,Colisión entre vehículos,S/D,,Angulo,2,Recta,Intersección / cruce,,NO,,Hormigón,,Apto,Seca,,Ninguna,,,,S/D,S/D,S/D,Día,NO,Sin Restricción,Despejado,Buena,,Sin Semáforo
79285,OBSERVATORIO VIAL,2020-09-12,6:00:00,CORRIENTES,18,CAPITAL,21,CORRIENTES,Urbana,Avenida,AV FERRE,2100,BRASIL,,-2.747.714,-5.882.507,2,0,0,2,0,Colisión entre vehículos,Colisión entre vehículos,S/D,,,2,Recta,Intersección / cruce,,NO,,Asfalto,,Apto,Seca,,Cordón Divisorio,,,,Si,No,No,Amanecer,SI,Sin Restricción,Despejado,Buena,,Funciona
76052,OBSERVATORIO VIAL,2020-09-10,17:40:00,CORRIENTES,18,CAPITAL,21,CORRIENTES,Urbana,Avenida,AV MAIPU,2800,LOS MATACOS,,-2.750.375,-5.881.218,3,1,0,3,0,Colisión entre vehículos,Colisión entre vehículos,S/D,,,3,Recta,Intersección / cruce,,NO,,Asfalto,,Apto,Seca,,Ninguna,,,,No,No,,Día,NO,Sin Restricción,Despejado,Buena,,Sin Semáforo
80974,OBSERVATORIO VIAL,2020-09-09,22:10:00,CORRIENTES,18,CAPITAL,21,CORRIENTES,Urbana,Avenida,AV. PAYSANDU,4200,TEGUELCHE,,-2.750.060,-5.882.589,1,1,0,2,0,Colisión entre vehículos,Colisión entre vehículos,S/D,,,2,Recta,Intersección / cruce,,NO,,Hormigón,,Apto,Seca,,Ninguna,,,,S/D,S/D,S/D,Noche,SI,Sin Restricción,Despejado,Buena,,Sin Semáforo
84424,OBSERVATORIO VIAL,2020-09-08,17:08:00,CORRIENTES,18,CAPITAL,21,CORRIENTES,Urbana,Avenida,AV FERRE,1800,JUJUY,,-2.747.667,-5.882.878,1,2,0,2,1,"Atropello a peatón/es, Colisión entre vehículos",Colisión entre vehículos,S/D,,,3,Recta,Intersección / cruce,,NO,,Asfalto,,Apto,Seca,,Ninguna,,,,Si,Si,No,Día,NO,Sin Restricción,Despejado,Buena,,Funciona
86429,OBSERVATORIO VIAL,2020-09-08,17:55:00,CORRIENTES,18,CAPITAL,21,CORRIENTES,Urbana,Ruta Provincial,5,1025,,,-2.748.794,-5.876.355,0,1,0,1,0,Colisión entre vehículos,Colisión entre vehículos,S/D,,,1,Recta,,RECTA,NO,,Asfalto,,Apto,Seca,,Ninguna,,,,No,No,No,Atardecer,NO,Sin Restricción,Despejado,Buena,,Sin Semáforo
73996,OBSERVATORIO VIAL,2020-09-07,22:15:00,CORRIENTES,18,CAPITAL,21,CORRIENTES,Urbana,Avenida,AV SANTA ROSA,1700,PJE CABILDO,,-2.748.056,-5.882.016,2,0,0,2,0,Colisión entre vehículos,Colisión entre vehículos,S/D,,,2,Recta,Intersección / cruce,,NO,,Hormigón,,Apto,Seca,,Ninguna,,,,No,No,No,Noche,NO,Sin Restricción,Despejado,Buena,,Sin Semáforo
87514,OBSERVATORIO VIAL,2020-09-06,3:41:00,CORRIENTES,18,CAPITAL,21,CORRIENTES,Urbana,Avenida,AV FERRE,2450,,,-2.747.800,-5.882.070,3,0,0,3,0,Colisión entre vehículos,Colisión entre vehículos,S/D,,,3,Recta,,RECTA,NO,,Hormigón,,Apto,Seca,,Cordón Divisorio,,,,Si,No,No,Noche,SI,Sin Restricción,Nublado,Buena,,Sin Semáforo
90017,OBSERVATORIO VIAÑL,2020-09-06,13:50:00,CORRIENTES,18,CAPITAL,21,CORRIENTES,Urbana,Calle,BOLIVAR,1200,SAN LORENZO,,-2.747.136,-5.883.211,0,1,0,1,0,Colisión entre vehículos,Colisión entre vehículos,S/D,,,1,Recta,Intersección / cruce,,NO,,Asfalto,,Apto,Seca,,,,,,Si,Si,No,Día,NO,Sin Restricción,Despejado,Buena,,Sin Semáforo
80166,OBSERVATORIO,2020-09-04,22:30:00,CORRIENTES,18,CAPITAL,21,CORRIENTES,Urbana,Avenida,AV INDEPENDENCIA,4200,LAS PIEDRAS,,-2.748.080,-5.880.050,2,0,0,2,0,Colisión entre vehículos,Colisión entre vehículos,S/D,,,2,Recta,Intersección / cruce,,NO,,Hormigón,,Apto,Seca,,Cordón Divisorio,,,,Si,No,No,Noche,SI,Sin Restricción,Despejado,Buena,,Funciona
79699,OBSERVATORIO VIAL,2020-09-04,20:15:00,CORRIENTES,18,CAPITAL,21,CORRIENTES,Urbana,Avenida,AV R.R.ALFONSIN,5500,RUTA NACIONAL 12,,-2.747.824,-5.878.310,2,1,0,3,0,Colisión entre vehículos,Colisión entre vehículos,S/D,,Alcance,3,Recta,Intersección / cruce,,NO,,Asfalto,,Apto,Seca,,Cordón Divisorio,,,,Si,Si,Si,Noche,SI,Sin Restricción,Despejado,Buena,,Funciona
81355,OBSERVATORIO VIAL,2020-09-02,17:40:00,CORRIENTES,18,CAPITAL,21,CORRIENTES,Urbana,Avenida,GUTEMBER,1700,GRAL PAZ,,-2.747.892,-5.883.170,1,1,0,2,0,Colisión entre vehículos,Colisión entre vehículos,S/D,,,2,Recta,Intersección / cruce,,NO,,Hormigón,,Apto,Seca,,Cordón Divisorio,,,,S/D,S/D,S/D,Día,NO,Sin Restricción,Despejado,Buena,,Sin Semáforo
76787,OBSERVATORIO VIAL,2020-08-27,19:15:00,CORRIENTES,18,CAPITAL,21,CORRIENTES,Urbana,Calle,DARRAGUEIRA,2000,LAS HERAS,,-2.748.565,-5.879.735,1,1,0,2,0,Colisión entre vehículos,Colisión entre vehículos,S/D,,,2,Recta,Intersección / cruce,,NO,,Asfalto,,,Seca,,Ninguna,,,,Si,No,No,Noche,SI,Sin Restricción,Despejado,Buena,,Sin Semáforo
88052,OBSERVATORIO VILA,2020-08-25,21:47:00,CORRIENTES,18,CAPITAL,21,CORRIENTES,Urbana,Calle,PARAGUAY,1100,SAN MARTIN,,-2.747.075,-5.882.685,1,1,0,2,0,Colisión entre vehículos,Colisión entre vehículos,S/D,,Angulo,2,Recta,Intersección / cruce,,NO,,Asfalto,,Apto,Seca,,Ninguna,,,,No,No,No,Noche,SI,Sin Restricción,Despejado,Buena,,Sin Semáforo
74041,OBSERVATORIO VIAL,2020-08-25,12:00:00,CORRIENTES,18,CAPITAL,21,CORRIENTES,Urbana,Calle,COLOMBIA,900,PASAJE PUJOL,,-2.746.992,-5.881.654,2,0,0,2,0,Colisión entre vehículos,Colisión entre vehículos,S/D,,Angulo,2,Recta,Intersección / cruce,,NO,,Asfalto,,Apto,Seca,,Ninguna,,,,No,No,No,Día,NO,Siniestro Previo,Despejado,Buena,,Sin Semáforo
85008,OBSERVATORIO VIAL,2020-08-24,9:30:00,CORRIENTES,18,CAPITAL,21,CORRIENTES,Urbana,Avenida,AV.R.R.ALFONSIN,4300,MEDRANO,,,,0,1,0,1,0,Colisión entre vehículos,Colisión entre vehículos,S/D,,,1,Recta,Intersección / cruce,,NO,,Asfalto,,Apto,Seca,,Ninguna,,,,Si,No,No,Día,NO,Sin Restricción,Nublado,Buena,,Sin Semáforo
76790,OBSERVATORIO VIAL,2020-08-23,7:48:00,CORRIENTES,18,CAPITAL,21,CORRIENTES,Urbana,Avenida,AV C.CORRENTINO,4200,LAS PIEDRAS,,-2.748.738,-5.880.144,2,0,0,2,0,Colisión entre vehículos,Colisión entre vehículos,S/D,,Frontal,2,Recta,Intersección / cruce,,NO,,Asfalto,,Apto,Seca,,Ninguna,,,,Si,S/D,S/D,Día,SI,Sin Restricción,Despejado,Buena,,Funciona
77611,OBSERVATORIO VIAL,2020-08-23,15:45:00,CORRIENTES,18,CAPITAL,21,CORRIENTES,Urbana,Calle,ALBERTI,2749,,,-2.748.762,-5.881.644,3,0,0,2,0,Colisión entre vehículos,Colisión entre vehículos,S/D,,,2,Recta,,RECTA,NO,,Tierra,,Apto,"Despejada, Seca",,Ninguna,,,,No,No,No,Día,NO,Sin Restricción,Nublado,Buena,,Sin Semáforo
85676,OBSERVATORIO VIAL,2020-08-23,7:00:00,CORRIENTES,18,CAPITAL,21,CORRIENTES,Urbana,Avenida,AV. LIBERTAD,5900,,,-2.746.197,-5.877.104,1,1,0,2,0,Colisión entre vehículos,Colisión entre vehículos,S/D,,Angulo,2,Recta,Intersección / cruce,,NO,,Asfalto,,Apto,"Despejada, Seca",,Cordón Divisorio,,,,S/D,S/D,S/D,Día,NO,Sin Restricción,Despejado,Buena,,Sin Semáforo
86063,OBSERVATORIO VIAL,2020-08-22,8:00:00,CORRIENTES,18,CAPITAL,21,CORRIENTES,Urbana,Avenida,AV MAIPU,4200,,,-2.751.228,-5.880.880,0,1,0,1,0,Atropello a animal/es,Atropello a animal/es,S/D,,,1,Recta,Intersección / cruce,,NO,,Hormigón,,Apto,Despejada,,Cordón Divisorio,,,,S/D,S/D,S/D,Día,NO,Sin Restricción,Despejado,Buena,,Sin Semáforo
81280,OBSERVATORIO VIAL,2020-08-22,17:30:00,CORRIENTES,18,CAPITAL,21,CORRIENTES,Urbana,Calle,TENIENTE IBAÑEZ,2000,GOBERNADOR CONTTE,,-2.748.258,-5.882.418,1,1,0,2,0,Colisión entre vehículos,Colisión entre vehículos,S/D,,,2,Recta,Intersección / cruce,,NO,,Hormigón,,Apto,Seca,,Ninguna,,,,Si,No,No,Atardecer,NO,Sin Restricción,Despejado,Buena,,Sin Semáforo
76209,OBSERVATORIO VIAL,2020-08-22,10:30:00,CORRIENTES,18,CAPITAL,21,CORRIENTES,Urbana,Avenida,AV LA PAZ,2000,HONDURAS,,-2.748.633,-5.882.523,2,0,0,2,0,Colisión entre vehículos,Colisión entre vehículos,S/D,,Alcance,2,Recta,Intersección / cruce,,NO,,Asfalto,,Apto,Seca,,Ninguna,,,,S/D,S/D,S/D,Día,NO,Sin Restricción,Despejado,Buena,,Sin Semáforo
81276,OBSERVATORIO VIAL,2020-08-21,11:00:00,CORRIENTES,18,CAPITAL,21,CORRIENTES,Urbana,Calle,LAS HERAS,3800,PIROVANO,,-2.748.444,-5.880.596,2,0,0,2,0,Colisión entre vehículos,Colisión entre vehículos,S/D,,,2,Recta,Intersección / cruce,,NO,,Ripio,,Apto,,,Ninguna,,,,S/D,S/D,S/D,Día,NO,Sin Restricción,"Despejado, Viento",Buena,,Sin Semáforo
75530,OBSERVATORIO VIAL,2020-08-21,16:30:00,CORRIENTES,18,CAPITAL,21,CORRIENTES,Urbana,Calle,ROCA,1300,BELGRANO,,-2.747.340,-5.882.335,2,1,0,2,0,Choque,Choque,S/D,,,2,Recta,Intersección / cruce,,SI,,Asfalto,,Apto,Seca,,Ninguna,,,,No,No,No,Día,NO,Sin Restricción,Nublado,Buena,,Sin Semáforo
76135,OBSERVATORIO VIAL,2020-08-21,12:20:00,CORRIENTES,18,CAPITAL,21,CORRIENTES,Urbana,Calle,BRAILE,900,MADARIAGA,,-2.748.250,-5.884.141,1,1,0,2,0,Colisión entre vehículos,Colisión entre vehículos,S/D,,,2,Recta,Intersección / cruce,,NO,,Ripio,,Apto,Seca,,Ninguna,,,,No,No,No,Día,NO,Sin Restricción,Despejado,Buena,,Sin Semáforo
79703,OBSERVATORIO VIAL,2020-08-21,15:17:00,CORRIENTES,18,CAPITAL,21,CORRIENTES,Urbana,Calle,SANTA CATALINA,4000,LOS MATACOS,,-2.750.457,-5.882.228,1,0,0,1,0,"Caída desde vehículo, Despiste",Despiste,Si,,,1,Recta,Intersección / cruce,,NO,,Hormigón,,Apto,Seca,,Cordón Divisorio,,,,No,No,No,Día,NO,Sin Restricción,Despejado,Buena,,Sin Semáforo
81269,OBSERVATORIO VIAL,2020-08-20,14:50:00,CORRIENTES,18,CAPITAL,21,CORRIENTES,Urbana,Calle,COSQUIN,1900,CRESPO,,-2.749.409,-5.882.921,2,0,0,2,0,Colisión entre vehículos,Colisión entre vehículos,S/D,,,2,Recta,Intersección / cruce,,NO,,Hormigón,,Apto,Seca,,Ninguna,,,,Si,No,No,Día,NO,Sin Restricción,Despejado,Buena,,Sin Semáforo
84759,OBSERVATORIO VIAL,2020-08-20,11:40:00,CORRIENTES,18,CAPITAL,21,CORRIENTES,Urbana,Avenida,AV MAIPU,1800,LYON,,-2.749.479,-5.881.745,1,1,0,2,0,Colisión entre vehículos,Colisión entre vehículos,S/D,,Alcance,2,Recta,Intersección / cruce,,NO,,Asfalto,,Apto,Seca,,Ninguna,,,,S/D,S/D,S/D,,NO,Sin Restricción,Despejado,Buena,,Sin Semáforo
68911,OBS  VIAL,2020-08-19,18:30:00,CORRIENTES,18,CAPITAL,21,CORRIENTES,Urbana,Calle,ALMIRANTE BROWN,3298,,,-2.747.500,-5.881.059,1,1,0,2,0,Colisión entre vehículos,Colisión entre vehículos,S/D,,Alcance,2,Recta,Intersección / cruce,,,,Asfalto,,Apto,"Despejada, Seca",,Ninguna,,,,,,,Día,NO,Sin Restricción,Despejado,Buena,,
79711,OBSERVATORIO VIAL,2020-08-19,17:00:00,CORRIENTES,18,CAPITAL,21,CORRIENTES,Urbana,Calle,JUNIN,300,CHACO,,-2.746.680,-5.884.671,2,0,0,2,0,Colisión entre vehículos,Colisión entre vehículos,S/D,,,2,Recta,Intersección / cruce,,NO,,Hormigón,,Apto,Seca,,Ninguna,,,,S/D,S/D,S/D,Atardecer,NO,Sin Restricción,Despejado,Buena,,Sin Semáforo
74190,OBSERVATORIO VIAL,2020-08-18,13:35:00,CORRIENTES,18,CAPITAL,21,CORRIENTES,Urbana,Calle,SUIZA,3300,REPUBLICA DOMINICANA,,-2.747.611,-5.881.069,1,1,0,2,0,Colisión entre vehículos,Colisión entre vehículos,S/D,,,2,Recta,Intersección / cruce,,NO,,Asfalto,,Apto,Seca,,Ninguna,,,,S/D,S/D,S/D,Día,NO,Sin Restricción,Despejado,Buena,,Sin Semáforo
80926,OBSERVATORIO VIAL,2020-08-13,10:15:00,CORRIENTES,18,CAPITAL,21,CORRIENTES,Urbana,Avenida,AV MAIPU,2400,,,-2.749.824,-5.881.520,1,1,0,2,0,Colisión entre vehículos,Colisión entre vehículos,S/D,,,2,Recta,Intersección / cruce,,NO,,Asfalto,,Apto,Seca,,Ninguna,,,,S/D,S/D,S/D,Día,NO,Sin Restricción,Despejado,Buena,,Sin Semáforo
79466,OBSERVATORIO VIAL,2020-08-11,13:00:00,CORRIENTES,18,CAPITAL,21,CORRIENTES,Urbana,Calle,H.IRIGOYEN,2000,URUGUAY,,-2.746.973,-5.882.546,2,0,0,2,0,Colisión entre vehículos,Colisión entre vehículos,S/D,,Alcance,2,Recta,Intersección / cruce,,NO,,Asfalto,,Apto,Seca,,Ninguna,,,,S/D,Si,S/D,Día,NO,Sin Restricción,Despejado,Buena,,Sin Semáforo
80320,OBSERVATORIO VIAL,2020-08-10,11:50:00,CORRIENTES,18,CAPITAL,21,CORRIENTES,Urbana,Avenida,AV TENIENTE IBAÑES,700,GUSTAVINO,,-2.748.462,-5.884.431,2,0,0,2,0,Colisión entre vehículos,Colisión entre vehículos,S/D,,,2,Recta,Intersección / cruce,,NO,,Asfalto,,Apto,Seca,,Ninguna,,,,No,No,No,Día,NO,Sin Restricción,Despejado,Buena,,Sin Semáforo
71357,Observatorio Vial,2020-08-10,11:50:00,CORRIENTES,18,CAPITAL,21,CORRIENTES,Urbana,Calle,San Martin,1700,JUJUY,,-2.747.066,-5.882.823,1,1,0,2,0,Colisión entre vehículos,Colisión entre vehículos,S/D,,Alcance,2,Recta,Intersección / cruce,,NO,,Hormigón,,Apto,Seca,,,,,,Si,,,Día,NO,Sin Restricción,Despejado,Buena,,
74538,OBSERVATORIO VIAL,2020-08-09,10:00:00,CORRIENTES,18,CAPITAL,21,CORRIENTES,Urbana,Calle,GUEMES,3600,GENERAL PAZ,,-2.748.207,-5.880.800,2,0,0,2,0,Colisión entre vehículos,Colisión entre vehículos,S/D,,,2,Recta,Intersección / cruce,,NO,,Asfalto,,Apto,Seca,,Ninguna,,,,Si,S/D,S/D,Día,SI,Sin Restricción,Despejado,Buena,,Sin Semáforo
85403,OBSERVATORIO VIAL,2020-08-08,16:10:00,CORRIENTES,18,CAPITAL,21,CORRIENTES,Urbana,Avenida,AV JUAN PUJOL,2450,JUNIN,,-2.746.917,-5.881.953,1,1,0,2,0,Colisión entre vehículos,Colisión entre vehículos,S/D,,Angulo,2,Recta,Intersección / cruce,,NO,,Asfalto,,Apto,Seca,,Ninguna,,,,No,Si,No,Día,NO,Sin Restricción,Despejado,Buena,,Sin Semáforo
76226,OBSERVATORIO VIAL,2020-08-08,14:20:00,CORRIENTES,18,CAPITAL,21,CORRIENTES,Urbana,Calle,VELEZ SARSFIELD,300,ROLON,,-2.746.170,-5.881.923,4,1,0,2,0,Colisión entre vehículos,Colisión entre vehículos,S/D,,,2,Recta,Intersección / cruce,,SI,,Hormigón,,Apto,Seca,,Ninguna,,,,No,No,No,Día,NO,Sin Restricción,Despejado,Buena,,Sin Semáforo
74187,OBSERVATORIO VIAL,2020-08-07,23:10:00,CORRIENTES,18,CAPITAL,21,CORRIENTES,Urbana,Avenida,PAYSANDU,4068,,,-2.750.032,-5.882.585,1,1,0,2,0,Colisión entre vehículos,Colisión entre vehículos,S/D,,,2,Recta,,RECTA,NO,,Hormigón,,Apto,Seca,,Ninguna,,,,S/D,S/D,S/D,Noche,SI,Sin Restricción,Despejado,Buena,,Sin Semáforo
84421,OBSERVATORIO VIAL,2020-08-07,10:50:00,CORRIENTES,18,CAPITAL,21,CORRIENTES,Urbana,Calle,ESPAÑA,1200,BOLIVAR,,-2.747.166,-5.882.963,1,1,0,2,0,Colisión entre vehículos,Colisión entre vehículos,S/D,,Angulo,2,Recta,Intersección / cruce,,NO,,Asfalto,,Apto,Seca,,Ninguna,,,,S/D,S/D,S/D,Día,NO,Sin Restricción,Despejado,Buena,,Sin Semáforo
85540,OBSERVATORIO VIAL,2020-08-06,17:50:00,CORRIENTES,18,CAPITAL,21,CORRIENTES,Urbana,Calle,BELGRANO,2300,PERU,,-2.747.354,-5.882.201,1,1,0,2,0,Colisión entre vehículos,Colisión entre vehículos,S/D,,Angulo,2,Recta,Intersección / cruce,,NO,,Asfalto,,,"Despejada, Seca",,Ninguna,,,,No,No,No,Día,NO,Sin Restricción,Despejado,Buena,,Sin Semáforo
90037,OBSERVATORIO VIAL,2020-08-06,10:45:00,CORRIENTES,18,CAPITAL,21,CORRIENTES,Urbana,Calle,SAN JUAN,1100,Y SAN MARTIN,,-2.746.977,-5.883.696,1,1,0,2,0,Colisión entre vehículos,Colisión entre vehículos,S/D,,,2,Recta,Intersección / cruce,,NO,,Asfalto,,Apto,Seca,,Ninguna,,,,Si,Si,No,Día,NO,Sin Restricción,Despejado,Buena,,Sin Semáforo
87211,OBSERVATORIO VIAL,2020-08-05,14:15:00,CORRIENTES,18,CAPITAL,21,CORRIENTES,Urbana,Avenida,AV INDEPENDENCIA,4200,LAS PIEDRAS,,-2.748.079,-5.880.050,1,1,0,2,0,Colisión entre vehículos,Colisión entre vehículos,S/D,,Alcance,2,Recta,Intersección / cruce,,NO,,Asfalto,,Apto,Seca,,Ninguna,,,,Si,S/D,S/D,,SI,Sin Restricción,Despejado,Buena,,Funciona
68891,OBS VIAL,2020-08-05,13:12:00,CORRIENTES,18,CAPITAL,21,CORRIENTES,Urbana,Avenida,CARTAJENA,3900,RESOAGLI,,-2.749.351,-5.880.618,1,1,0,2,0,Colisión entre vehículos,Colisión entre vehículos,S/D,,Angulo,2,Recta,,,NO,,Hormigón,,Apto,"Despejada, Seca",,Cordón Divisorio,,,,No,No,No,Día,SI,Sin Restricción,,Buena,,Sin Semáforo
74077,OBSERVATORIO VIAL,2020-08-04,20:05:00,CORRIENTES,18,CAPITAL,21,CORRIENTES,Urbana,Avenida,AV FERRE,2600,AV ARTIGAS,,-2.747.789,-5.881.974,1,0,1,2,0,Colisión entre vehículos,Colisión entre vehículos,S/D,,Alcance,2,Recta,Intersección / cruce,,NO,,Asfalto,,Apto,Seca,,Ninguna,,,,Si,Si,S/D,Noche,NO,Sin Restricción,Despejado,Buena,,Funciona
74089,OBSERVATORIO VIAL,2020-08-02,3:17:00,CORRIENTES,18,CAPITAL,21,CORRIENTES,Urbana,Ruta Provincial,RUTA 5,KM 1,ROTONDA DE LA VIRGEN DE ITATI,,-2.748.450,-5.878.143,0,0,1,1,0,"Caída desde vehículo, Colisión entre vehículos",Colisión entre vehículos,S/D,,,1,Curva,Intersección / cruce,,NO,,Asfalto,,Apto,Seca,,,,,,Si,No,Si,Noche,SI,Sin Restricción,Despejado,Buena,,Sin Semáforo
87518,OBSERVATORIO VIAL,2020-08-01,12:00:00,CORRIENTES,18,CAPITAL,21,CORRIENTES,Urbana,Avenida,AV 3 DE ABRIL,1000,LA RIOJA,,-2.747.539,-5.883.896,1,1,0,2,0,Colisión entre vehículos,Colisión entre vehículos,S/D,,Angulo,2,Recta,Intersección / cruce,,NO,,Asfalto,,Apto,Seca,,Ninguna,,,,Si,Si,No,Día,NO,Sin Restricción,Despejado,Buena,,Funciona
79701,OBSERVATORIO VIAL,2020-08-01,10:50:00,CORRIENTES,18,CAPITAL,21,CORRIENTES,Urbana,Avenida,AV INDEPENDENCIA,3700,TACUARI,,-2.747.952,-5.880.636,0,1,0,1,0,Caída desde vehículo,Caída desde vehículo,S/D,,,1,Recta,Intersección / cruce,,NO,,Hormigón,,Apto,Seca,,Cordón Divisorio,,,,Si,Si,No,Día,NO,Sin Restricción,,Buena,,Funciona
87717,OBSERVATORIO VIAL,2020-08-01,19:20:00,CORRIENTES,18,CAPITAL,21,CORRIENTES,Urbana,Avenida,AV PAYSANDU,3500,FRAY MARTI Y PORTO,,-2.750.640,-5.882.634,1,1,0,2,0,"Atropello a animal/es, Colisión entre vehículos",Colisión entre vehículos,S/D,,,2,Recta,Intersección / cruce,,NO,,Asfalto,,Apto,Seca,,Ninguna,,,,Si,Si,No,Atardecer,SI,Sin Restricción,Despejado,Buena,,Funciona
81040,OBSERVATORIO VIAL,2020-08-01,18:45:00,CORRIENTES,18,CAPITAL,21,CORRIENTES,Urbana,Calle,RIO LIMAY,1435,MAGALLANES,,-2.749.322,-5.883.571,2,0,0,2,0,Colisión entre vehículos,Colisión entre vehículos,S/D,,Angulo,2,Recta,Intersección / cruce,,NO,,Hormigón,,Apto,Seca,,Ninguna,,,,No,No,No,Día,NO,Sin Restricción,Despejado,Buena,,Sin Semáforo
74222,OBSERVATORIO VIAL,2020-08-01,11:46:00,CORRIENTES,18,CAPITAL,21,CORRIENTES,Urbana,Avenida,AV 3 DE ABRIL,1100,SAN JUAN,,-2.747.555,-5.883.762,2,1,0,2,0,Colisión entre vehículos,Colisión entre vehículos,S/D,,Alcance,2,Recta,Intersección / cruce,,NO,,Asfalto,,Apto,Seca,,Ninguna,,,,Si,S/D,S/D,Día,NO,Sin Restricción,Despejado,Buena,,Funciona
84423,OBSERVATORIO VIAL,2020-07-31,11:39:00,CORRIENTES,18,CAPITAL,21,CORRIENTES,Urbana,Avenida,AV CHACABUCO,1200,ESTADO DE ISRAEL,,-2.747.330,-5.881.335,2,0,0,2,0,Colisión entre vehículos,Colisión entre vehículos,S/D,,,2,Recta,Intersección / cruce,,NO,,Hormigón,,Apto,Seca,,Ninguna,,,,No,No,No,Día,NO,Sin Restricción,Despejado,Buena,,Sin Semáforo
84407,OBSERVATORIO VIAL,2020-07-31,19:50:00,CORRIENTES,18,CAPITAL,21,CORRIENTES,Urbana,Avenida,AV MAIPU,1800,LYON,,-2.749.480,-5.881.756,0,2,0,1,1,"Atropello a peatón/es, Colisión entre vehículos",Colisión entre vehículos,S/D,,,2,Recta,Intersección / cruce,,NO,,Asfalto,,Apto,Seca,,Ninguna,,,,S/D,S/D,S/D,Noche,SI,Sin Restricción,Despejado,Buena,,Sin Semáforo
91669,OBSERVATORIO VIAL,2020-07-30,11:25:00,CORRIENTES,18,CAPITAL,21,CORRIENTES,Urbana,Avenida,AV 3 DE ABRIL,800,BUENOS AIRES,,-2.747.498,-5.884.117,1,1,0,2,0,Colisión entre vehículos,Colisión entre vehículos,S/D,,Angulo,2,Recta,Intersección / cruce,,NO,,Asfalto,,Apto,Seca,,,,,,Si,Si,No,Día,NO,Sin Restricción,Despejado,Buena,,Funciona
79532,OBSERVATORIO VIAL,2020-07-30,7:10:00,CORRIENTES,18,CAPITAL,21,CORRIENTES,Urbana,Calle,ESPAÑA,1600,RIVADAVIA,,-2.747.498,-5.883.003,2,1,0,2,0,Colisión entre vehículos,Colisión entre vehículos,S/D,,,2,Recta,Intersección / cruce,,NO,,Asfalto,,Apto,"Despejada, Seca",,Ninguna,,,,S/D,S/D,S/D,Día,NO,Sin Restricción,Nublado,Buena,,Sin Semáforo
84411,OBSERVATORIO VIAL,2020-07-28,7:42:00,CORRIENTES,18,CAPITAL,21,CORRIENTES,Urbana,Avenida,AV MAIPU,3000,LOS CONDORES,,-2.749.991,-5.881.401,1,1,0,2,0,Colisión entre vehículos,Colisión entre vehículos,S/D,,,2,Recta,Intersección / cruce,,NO,,Asfalto,,Apto,Seca,,Ninguna,,,,S/D,S/D,S/D,Día,NO,Sin Restricción,Despejado,Buena,,Sin Semáforo
75815,OBSERVATORIO VIAL,2020-07-28,0:11:00,CORRIENTES,18,CAPITAL,21,CORRIENTES,Urbana,Ruta Nacional,12,1 1/2,INGRESO Bº PIRAYUI,,-2.750.538,-5.877.347,0,2,0,1,0,Despiste,Despiste,Si,,,1,Recta,,RECTA,NO,,Asfalto,,Apto,Seca,,Ninguna,,,,No,No,No,Noche,SI,Sin Restricción,Despejado,Buena,,Sin Semáforo
87516,OBSERVATORIO VIAL,2020-07-27,13:45:00,CORRIENTES,18,CAPITAL,21,CORRIENTES,Urbana,Avenida,AV R.R.ALFONSIN,5100,SANCHEZ DE BUSTAMANTE,,-2.747.675,-5.878.789,1,1,0,2,0,Colisión entre vehículos,Colisión entre vehículos,S/D,,,2,Recta,Intersección / cruce,,NO,,Hormigón,,Apto,Seca,,Cordón Divisorio,,,,Si,No,No,Día,NO,Sin Restricción,Despejado,Buena,,Sin Semáforo
79696,OBSERVATORIO VIAL,2020-07-26,10:47:00,CORRIENTES,18,CAPITAL,21,CORRIENTES,Urbana,Calle,LA RIOJA,1000,SAN MARTIN,,-2.746.966,-5.883.828,2,0,0,2,0,Colisión entre vehículos,Colisión entre vehículos,S/D,,Angulo,2,Recta,Intersección / cruce,,NO,,Asfalto,,Apto,Seca,,Ninguna,,,,No,No,No,Día,NO,Sin Restricción,Despejado,Buena,,Sin Semáforo
90016,OBSERVATORIO VIAL,2020-07-26,12:20:00,CORRIENTES,18,CAPITAL,21,CORRIENTES,Urbana,Calle,PLACIDO MARTINEZ,1400,,,-2.746.241,-5.883.243,1,1,0,2,0,Colisión entre vehículos,Colisión entre vehículos,S/D,,,2,Recta,Intersección / cruce,,NO,,Asfalto,,,Seca,,Ninguna,,,,S/D,S/D,S/D,Día,,Sin Restricción,,,,Sin Semáforo
84409,OBSERVATORIO VIAL,2020-07-25,10:00:00,CORRIENTES,18,CAPITAL,21,CORRIENTES,Urbana,Calle,SUIZA,4300,REPUBLICA DOMINICANA,,-2.747.612,-5.881.069,1,1,0,2,0,Colisión entre vehículos,Colisión entre vehículos,S/D,,,2,Recta,Intersección / cruce,,NO,,Asfalto,,Apto,Seca,,Ninguna,,,,S/D,S/D,S/D,Día,NO,Sin Restricción,Despejado,Buena,,Sin Semáforo
88630,OBSERVATORIO VIAL,2020-07-25,12:55:00,CORRIENTES,18,CAPITAL,21,CORRIENTES,Urbana,Calle,TUCUMAN,800,BELGRANO,,-2.747.160,-5.884.196,5,0,0,4,0,Colisión entre vehículos,Colisión entre vehículos,S/D,,,4,Recta,Intersección / cruce,,NO,,Asfalto,,Apto,Seca,,Ninguna,,,,Si,No,No,Día,NO,Sin Restricción,,Buena,,Sin Semáforo
75455,OBSERVATORIO VIAL,2020-07-25,13:40:00,CORRIENTES,18,CAPITAL,21,CORRIENTES,Urbana,Calle,PAGO LARGO,200,,JUNIN,-2.746.670,-5.884.799,2,0,0,2,0,Colisión entre vehículos,Colisión entre vehículos,S/D,,,2,Recta,Intersección / cruce,,NO,,Asfalto,,Apto,Seca,,Ninguna,,,,Si,No,No,Día,NO,Sin Restricción,Nublado,Buena,,Sin Semáforo
84558,OBSERVATORIO VIAL,2020-07-25,13:11:00,CORRIENTES,18,CAPITAL,21,CORRIENTES,Urbana,Avenida,AV MAIPU,3900,GUAIQUIRARO,,-2.751.379,-5.880.720,2,0,0,2,0,,,S/D,,,2,Recta,Intersección / cruce,,NO,,Asfalto,,Apto,Seca,,Ninguna,,,,No,No,No,Día,NO,Sin Restricción,Despejado,Buena,,Sin Semáforo
75474,OBSERVATORIO VIAL,2020-07-25,12:18:00,CORRIENTES,18,CAPITAL,21,CORRIENTES,Urbana,Avenida,AV MAIPU,100,,,-2.747.754,-5.883.022,3,1,0,2,0,Colisión entre vehículos,Colisión entre vehículos,S/D,,,2,Curva,Intersección / cruce,,NO,,Asfalto,,Apto,Seca,,Ninguna,,,,S/D,S/D,S/D,Día,NO,Sin Restricción,Despejado,Buena,,Funciona
70155,OBS VIAL,2020-07-25,3:47:00,CORRIENTES,18,CAPITAL,21,CORRIENTES,Urbana,Avenida,LAPRIDA,5.200,LIBERTAD,,-2.746.787,-5.878.732,0,1,0,1,0,Choque,Choque,S/D,,Columna,1,Recta,,,NO,,Hormigón,,Apto,Mojada,,,,,,S/D,S/D,S/D,Noche,SI,Sin Restricción,,Lluvia,MALA VISIBILIZAD,Sin Semáforo
88569,OBSERVATORIO VIAL,2020-07-24,23:15:00,CORRIENTES,18,CAPITAL,21,CORRIENTES,Urbana,Calle,SANTA FE,1600,H IRIGOYEN,,-2.746.925,-5.883.060,0,1,0,1,0,Colisión entre vehículos,Colisión entre vehículos,S/D,,,1,Recta,Intersección / cruce,,NO,,Asfalto,,Apto,Seca,,Ninguna,,,,Si,Si,S/D,Noche,NO,Sin Restricción,Despejado,Buena,,Funciona
71307,Corrientes,2020-07-23,13:00:00,CORRIENTES,18,CAPITAL,21,CORRIENTES,Urbana,Avenida,Av. Maipú,2151,Reconquista,,-2.749.706,-5.881.600,2,0,0,2,0,Colisión entre vehículos,Colisión entre vehículos,S/D,,Alcance,2,Recta,Intersección / cruce,,,,,,Apto,Seca,,Cordón Divisorio,,,,Si,,,Día,NO,,Despejado,Buena,,Funciona
72391,OBS VIAL,2020-07-23,15:40:00,CORRIENTES,18,CAPITAL,21,CORRIENTES,Urbana,Avenida,AV. ARMENIA,3930,22 DE mayo,LOS TILOS,-2.746.920,-5.880.035,5,0,0,2,0,Colisión entre vehículos,Colisión entre vehículos,S/D,,Alcance,2,Recta,,,NO,,Asfalto,,Apto,Seca,,Cordón Divisorio,,,,Si,No,No,Día,NO,,Despejado,Buena,,Sin Semáforo
76041,OBSERVATORIO VIAL,2020-07-22,8:00:00,CORRIENTES,18,CAPITAL,21,CORRIENTES,Urbana,Ruta Nacional,12,2 1/2,,,-2.751.739,-5.876.832,2,0,0,2,0,Colisión entre vehículos,Colisión entre vehículos,S/D,,,2,Recta,Intersección / cruce,,NO,,Asfalto,,Apto,Seca,,Ninguna,,,,No,,,Día,NO,Sin Restricción,Despejado,Buena,,Sin Semáforo
84281,OBSERVATORIO VIAL,2020-07-22,19:50:00,CORRIENTES,18,CAPITAL,21,CORRIENTES,Urbana,Ruta Provincial,5,KM2,,,-2.748.534,-5.877.403,1,1,0,2,0,Colisión entre vehículos,Colisión entre vehículos,S/D,,,2,Recta,,RECTA,NO,,Asfalto,,Apto,Seca,,Ninguna,,,,No,Si,S/D,Noche,SI,Sin Restricción,Despejado,Buena,,Sin Semáforo
85762,OBSERVATORIO VIAL,2020-07-22,8:20:00,CORRIENTES,18,CAPITAL,21,CORRIENTES,Urbana,Avenida,AV R.R. ALFONSIN,5100,MEDRANO,,,,0,3,0,3,0,Colisión entre vehículos,Colisión entre vehículos,S/D,,"Lateral, Multiple",3,Recta,Intersección / cruce,,NO,,Asfalto,,Apto,Seca,,Cordón Divisorio,,,,S/D,S/D,S/D,Día,NO,Sin Restricción,Despejado,,,Funciona
86078,OBSERVATORIO VIAL,2020-07-22,10:43:00,CORRIENTES,18,CAPITAL,21,CORRIENTES,Urbana,Calle,SANTA FE,800,,,-2.746.695,-5.883.035,2,0,0,2,0,Colisión entre vehículos,Colisión entre vehículos,S/D,,Alcance,2,Recta,Intersección / cruce,,NO,,Asfalto,,Apto,Seca,,Ninguna,,,,No,No,No,Día,NO,Sin Restricción,Despejado,Buena,,Funciona
72266,OBS VIAL,2020-07-21,11:15:00,CORRIENTES,18,CAPITAL,21,CORRIENTES,Urbana,Calle,RIOJA,1100,SAN MARTIN,,-2.746.967,-5.883.829,1,1,0,2,0,Colisión entre vehículos,Colisión entre vehículos,S/D,,Angulo,2,Recta,Intersección / cruce,,,,Asfalto,,Apto,Seca,,Ninguna,,,,No,No,,Día,NO,Sin Restricción,Despejado,Buena,,Sin Semáforo
75819,OBSERVATORIO VIAL,2020-07-21,6:15:00,CORRIENTES,18,CAPITAL,21,CORRIENTES,Urbana,Calle,SAN LUIS,1000,H YRIGOYEN,,-2.746.813,-5.884.304,1,1,0,2,0,Colisión entre vehículos,Colisión entre vehículos,S/D,,Angulo,2,Curva,Intersección / cruce,,NO,,Hormigón,,Apto,Seca,,Ninguna,,,,Si,No,No,Amanecer,NO,Sin Restricción,Despejado,Buena,,Sin Semáforo
85306,OBSERVATORIO VIAL,2020-07-21,8:00:00,CORRIENTES,18,CAPITAL,21,CORRIENTES,Urbana,Calle,RESOAGLI,2500,LARREA,,-2.748.982,-5.880.533,2,0,0,2,0,Colisión entre vehículos,Colisión entre vehículos,S/D,,Angulo,2,Recta,Intersección / cruce,,NO,,Asfalto,,Apto,Seca,,Ninguna,,,,S/D,S/D,S/D,Día,NO,Sin Restricción,Despejado,Buena,,Sin Semáforo
76229,OBSERVATORIO VIAL,2020-07-20,0:20:00,CORRIENTES,18,CAPITAL,21,CORRIENTES,Urbana,Calle,CENTENO,1400,RIO  LIMAY,,-2.749.704,-5.883.637,2,0,0,2,0,Colisión entre vehículos,Colisión entre vehículos,S/D,,,2,Recta,Intersección / cruce,,NO,,Asfalto,,Apto,"Despejada, Seca",,Ninguna,,,,S/D,S/D,S/D,Noche,SI,Sin Restricción,Despejado,Buena,,Sin Semáforo
76541,OBSERVATORI0 VIAL,2020-07-20,13:00:00,CORRIENTES,18,CAPITAL,21,CORRIENTES,Urbana,Avenida,AV INDEPENDENCIA,3400,"J,J, CASTELLI",,-2.747.904,-5.880.979,2,0,0,2,0,Colisión entre vehículos,Colisión entre vehículos,S/D,,,2,Recta,Intersección / cruce,,NO,,Asfalto,,Apto,"Despejada, Seca",,Ninguna,,,,Si,S/D,S/D,Día,NO,Sin Restricción,Despejado,Buena,,Funciona
76292,OBSERVATORIO VIAL,2020-07-20,14:10:00,CORRIENTES,18,CAPITAL,21,CORRIENTES,Urbana,Calle,LAS PIEDRAS,1800,GENERAL PAZ,,-2.748.309,-5.880.067,1,1,0,2,0,Colisión entre vehículos,Colisión entre vehículos,S/D,,,2,Recta,Intersección / cruce,,NO,,Hormigón,,Apto,Seca,,Ninguna,,,,No,No,No,Día,NO,Sin Restricción,Despejado,Buena,,Sin Semáforo
79697,OBSERVATORIO VIAL,2020-07-20,19:23:00,CORRIENTES,18,CAPITAL,21,CORRIENTES,Urbana,Calle,SANTA CATALINA,4000,,,-2.751.103,-5.882.200,1,1,0,2,0,Colisión entre vehículos,Colisión entre vehículos,S/D,,Alcance,2,Recta,Intersección / cruce,,NO,,Asfalto,,Apto,Seca,,Cordón Divisorio,,,,S/D,S/D,S/D,Noche,SI,Sin Restricción,Despejado,Buena,,Sin Semáforo
79709,OBSERVATORIO VIAL,2020-07-16,18:10:00,CORRIENTES,18,CAPITAL,21,CORRIENTES,Urbana,Ruta Provincial,RUTA PROVINCIAL 5,1,,,-2.748.614,-5.876.972,1,1,0,2,0,Colisión entre vehículos,Colisión entre vehículos,S/D,,,2,Recta,Intersección / cruce,,,,Hormigón,,Apto,Seca,,Ninguna,,,,S/D,S/D,S/D,Atardecer,NO,Sin Restricción,Despejado,Buena,,Sin Semáforo
76321,OBSERVATORIO VIAL,2020-07-16,14:40:00,CORRIENTES,18,CAPITAL,21,CORRIENTES,Urbana,Calle,SUIZA,2700,COLOMBIA,,-2.747.510,-5.881.773,1,1,0,2,0,Colisión entre vehículos,Colisión entre vehículos,S/D,,Alcance,2,Recta,,,NO,,Hormigón,,Apto,"Despejada, Seca",,Ninguna,,,,Si,No,No,Día,NO,Sin Restricción,Despejado,Buena,,Sin Semáforo
84284,OBSERVATORIO VIAL,2020-07-12,20:05:00,CORRIENTES,18,CAPITAL,21,CORRIENTES,Urbana,Avenida,AV EL MAESTRO,2100,RAFAELA,,-2.749.719,-5.882.717,2,0,0,2,0,Colisión entre vehículos,Colisión entre vehículos,S/D,,,2,Recta,Intersección / cruce,,NO,,Asfalto,,Apto,Seca,,,,,,S/D,S/D,S/D,Noche,SI,Sin Restricción,Despejado,,,Sin Semáforo
76785,OBSERVATORIO VIAL,2020-07-12,12:11:00,CORRIENTES,18,CAPITAL,21,CORRIENTES,Urbana,Calle,NUESTRA SEÑORA DE LA ASUNCION,2653,,,-2.749.121,-5.881.981,1,1,0,2,0,Colisión entre vehículos,Colisión entre vehículos,S/D,,,2,Recta,Intersección / cruce,,,,,,Apto,Seca,,Ninguna,,,,No,No,No,,NO,Sin Restricción,Despejado,Buena,,Sin Semáforo
90004,OBSERVATORIO VIAL,2020-07-12,7:25:00,CORRIENTES,18,CAPITAL,21,CORRIENTES,Urbana,Avenida,AV.C.CORRENTINOS,3400,NIÑO JESUS,,-2.748.706,-5.880.298,2,0,0,2,0,Colisión entre vehículos,Colisión entre vehículos,S/D,,,2,Recta,Intersección / cruce,,NO,,Asfalto,,Apto,Seca,,Ninguna,,,,S/D,S/D,S/D,Día,NO,,Despejado,Buena,,Sin Semáforo
76136,OBSERVATORIO VIAL,2020-07-08,8:20:00,CORRIENTES,18,CAPITAL,21,CORRIENTES,Urbana,Avenida,AV C. CORRENTINO,4400,MEDRANO,,-2.748.762,-5.879.940,1,1,0,2,0,Colisión entre vehículos,Colisión entre vehículos,S/D,,,2,Curva,Intersección / cruce,,NO,,Asfalto,,Apto,Seca,,Ninguna,,,,Si,No,No,Día,NO,Sin Restricción,Despejado,Buena,,Funciona
85007,OBSERVATORIO VIAL,2020-07-06,0:10:00,CORRIENTES,18,CAPITAL,21,CORRIENTES,Urbana,Avenida,AV MAIPU,300,,,,,0,1,0,1,0,Despiste,Despiste,Si,,,1,Recta,Intersección / cruce,,NO,,Asfalto,,Apto,Seca,,Ninguna,,,,S/D,S/D,S/D,Noche,SI,,Nublado,Buena,,Sin Semáforo
84591,OBSERVATORIO VIAL,2020-07-06,8:05:00,CORRIENTES,18,CAPITAL,21,CORRIENTES,Urbana,Calle,SANTA FE,995,,,-2.746.918,-5.883.058,2,0,0,2,0,Colisión entre vehículos,Colisión entre vehículos,S/D,,Alcance,2,Recta,Intersección / cruce,,NO,,Asfalto,,Apto,Seca,,Ninguna,,,,No,No,No,Día,NO,Sin Restricción,Despejado,Buena,,Funciona
76034,OBSERVATORIO VIAL,2020-07-06,11:40:00,CORRIENTES,18,CAPITAL,21,CORRIENTES,Urbana,Avenida,AV MAIPU,1687,,,-2.749.383,-5.881.808,1,1,0,1,1,Atropello a peatón/es,Atropello a peatón/es,S/D,,,2,Recta,,RECTA,NO,,Asfalto,,Apto,Seca,,Ninguna,,,,S/D,S/D,S/D,Día,NO,Sin Restricción,Despejado,Buena,,Funciona
79831,OBSERVATORIO VIAL,2020-07-03,8:50:00,CORRIENTES,18,CAPITAL,21,CORRIENTES,Urbana,Avenida,AV INDEPENDENCIA,3400,CASTELLI,,-2.747.922,-5.880.983,2,0,0,2,0,Colisión entre vehículos,Colisión entre vehículos,S/D,,,2,Recta,Intersección / cruce,,NO,,Hormigón,,Apto,"Despejada, Seca",,Cordón Divisorio,,,,Si,No,No,Día,NO,Sin Restricción,Despejado,Buena,,Funciona
85763,OBSERVATORIO VIAL,2020-07-03,18:40:00,CORRIENTES,18,CAPITAL,21,CORRIENTES,Urbana,Calle,9 DE julio,1200,ESPAÑA,,,,1,1,0,2,0,Colisión entre vehículos,Colisión entre vehículos,S/D,,,2,Recta,Intersección / cruce,,NO,,Asfalto,,Apto,Seca,,Ninguna,,,,No,No,No,Día,NO,Sin Restricción,Despejado,Buena,,Sin Semáforo
87517,OBSERVATORIO VIAL,2020-07-02,20:40:00,CORRIENTES,18,CAPITAL,21,CORRIENTES,Urbana,Calle,H. IRIGOYEN,1800,JUJUY,,-2.746.948,-5.882.801,2,1,0,2,0,Colisión entre vehículos,Colisión entre vehículos,S/D,,Alcance,2,Recta,Intersección / cruce,,NO,,Asfalto,,,Seca,,Ninguna,,,,No,No,No,Noche,SI,Sin Restricción,Despejado,Buena,,Sin Semáforo
85681,OBSERVATORIO VIAL,2020-07-01,17:30:00,CORRIENTES,18,CAPITAL,21,CORRIENTES,Urbana,Avenida,AV TENIENTE IBAÑES,960,HEROES CIVILES,,-2.748.502,-5.884.070,1,1,0,2,0,Colisión entre vehículos,Colisión entre vehículos,S/D,,Lateral,2,Recta,Intersección / cruce,,NO,,Hormigón,,Apto,Seca,,Cordón Divisorio,,,,Si,S/D,S/D,Atardecer,SI,Sin Restricción,Despejado,Buena,,Sin Semáforo
88573,OBSERVATORIO VIAL,2020-07-01,13:20:00,CORRIENTES,18,CAPITAL,21,CORRIENTES,Urbana,Avenida,AV IV CENTENARIO,2900,,,-2.749.082,-5.883.817,0,1,0,1,0,"Caída desde vehículo, Colisión entre vehículos",Colisión entre vehículos,S/D,,,1,Recta,Intersección / cruce,,NO,,Asfalto,,Apto,Seca,,Ninguna,,,,No,No,No,Día,NO,Sin Restricción,Despejado,Buena,,Sin Semáforo
87716,OBSERVATORIO VIAL,2020-06-30,1:30:00,CORRIENTES,18,CAPITAL,21,CORRIENTES,Urbana,Ruta Provincial,RUTA NACIONAL 12,1024,,,-2.751.786,-5.876.819,1,0,0,1,0,"Atropello a animal/es, Colisión entre vehículos",Colisión entre vehículos,S/D,,,1,Recta,,RECTA,NO,,Hormigón,,Apto,Mojada,,Ninguna,,,,No,No,No,Noche,SI,Obra en Construcción,Nublado,Buena,,Sin Semáforo
71315,OBSERVATORIO VIAL,2020-06-30,14:30:00,CORRIENTES,18,CAPITAL,21,CORRIENTES,Urbana,Calle,GUASTAVINO,1700,GENERAL PAZ,,-2.747.743,-5.884.333,2,0,0,2,0,Colisión entre vehículos,Colisión entre vehículos,S/D,,Angulo,2,Recta,Intersección / cruce,,NO,,Asfalto,,Apto,,,,,,,No,No,No,,NO,Sin Restricción,Despejado,Buena,,Sin Semáforo
71467,Corrientes,2020-06-30,9:10:00,CORRIENTES,18,CAPITAL,21,CORRIENTES,Urbana,Avenida,INDEPENDENCIA,4191,LAS PIEDRAS,,-2.748.067,-5.880.064,2,0,0,2,0,Colisión entre vehículos,Colisión entre vehículos,S/D,,Alcance,2,Recta,Intersección / cruce,,NO,,Hormigón,,Apto,Seca,,,,,,,,,Día,NO,Sin Restricción,Despejado,Buena,,Funciona
86713,OBSERVATORIO VIAL,2020-06-29,9:39:00,CORRIENTES,18,CAPITAL,21,CORRIENTES,Urbana,Calle,LA RIOJA,1064,BOLIVAR,,-2.747.054,-5.883.839,2,0,0,2,0,Colisión entre vehículos,Colisión entre vehículos,S/D,,Alcance,2,Recta,Intersección / cruce,,NO,,Asfalto,,Apto,Seca,,Ninguna,,,,S/D,S/D,S/D,Día,NO,Sin Restricción,Despejado,Buena,,Sin Semáforo
74942,OBSERVATORIO VIAL,2020-06-27,10:37:00,CORRIENTES,18,CAPITAL,21,CORRIENTES,Urbana,Calle,ESPAÑA,1300,BELGRAO,,-2.747.278,-5.882.972,1,2,0,2,0,Colisión entre vehículos,Colisión entre vehículos,S/D,,,2,Recta,Intersección / cruce,,NO,,Asfalto,,Apto,Seca,,Ninguna,,,,Si,No,S/D,Día,NO,Sin Restricción,Nublado,Buena,,Sin Semáforo
71380,Corrientes,2020-06-27,6:00:00,CORRIENTES,18,CAPITAL,21,CORRIENTES,Urbana,Avenida,MAIPU,150,,,-2.747.814,-5.882.979,1,0,1,2,0,Choque,Choque,S/D,,En calzada,2,Recta,,,NO,,,,Apto,Seca,Corrientes,,,,,Si,,,Día,SI,Sin Restricción,Despejado,Buena,,
90042,OBSERVATORIO VIAL,2020-06-27,10:00:00,CORRIENTES,18,CAPITAL,21,CORRIENTES,Urbana,Avenida,AV MAIPU,1200,HAITI,,-2.748.792,-5.882.207,1,2,0,2,0,Colisión entre vehículos,Colisión entre vehículos,S/D,,Angulo,2,Recta,Intersección / cruce,,NO,,Asfalto,,Apto,Seca,,Ninguna,,,,Si,Si,No,Día,NO,Sin Restricción,Despejado,Buena,,Sin Semáforo
72307,OBS.VIAL,2020-06-26,6:31:00,CORRIENTES,18,CAPITAL,21,CORRIENTES,Urbana,Calle,LA MADRID,200,SUIPACHA,,-2.747.995,-5.885.152,2,0,0,2,0,Colisión entre vehículos,Colisión entre vehículos,S/D,,Frontal,2,Recta,Intersección / cruce,,,,Asfalto,,Apto,Seca,,,,,,,,,Día,NO,,Despejado,Buena,,
72416,OBS. VIAL,2020-06-26,16:40:00,CORRIENTES,18,CAPITAL,21,CORRIENTES,Urbana,Calle,ROMULO ALTIERA,1700,VERONA,,-2.749.734,-5.877.028,2,1,0,2,0,Colisión entre vehículos,Colisión entre vehículos,S/D,,Angulo,2,Recta,Intersección / cruce,,NO,,Tierra,,,Mojada,,Ninguna,,,,Si,Si,Si,Día,NO,Sin Restricción,Nublado,,,Sin Semáforo
80927,OBSERVATORIO VIAL,2020-06-25,12:50:00,CORRIENTES,18,CAPITAL,21,CORRIENTES,Urbana,Avenida,AV MAIPU,4500,RUTA 12,,-2.752.498,-5.876.512,1,3,0,2,0,Colisión entre vehículos,Colisión entre vehículos,S/D,,,2,Curva,Intersección / cruce,,NO,,Hormigón,,Apto,Seca,,Ninguna,,,,S/D,S/D,S/D,Día,NO,Sin Restricción,Despejado,Buena,,Sin Semáforo
84577,OBSERVATORIO VIAL,2020-06-25,13:00:00,CORRIENTES,18,CAPITAL,21,CORRIENTES,Urbana,Avenida,AV ARTIGAS,1400,MORENO,,-2.747.493,-5.881.933,2,0,0,2,0,Colisión entre vehículos,Colisión entre vehículos,S/D,,Alcance,2,Recta,Intersección / cruce,,NO,,Asfalto,,Apto,Seca,,,,,,Si,S/D,S/D,Día,NO,Sin Restricción,Despejado,,,Funciona
90001,OBSERVATORIO VIAL,2020-06-25,8:45:00,CORRIENTES,18,CAPITAL,21,CORRIENTES,Urbana,Avenida,AV GOBERNADOR RUIZ,2800,,,-2.746.760,-5.881.396,1,1,0,2,0,Colisión entre vehículos,Colisión entre vehículos,S/D,,,2,Recta,Intersección / cruce,,NO,,Asfalto,,Apto,Seca,,Ninguna,,,,S/D,S/D,S/D,Día,NO,Sin Restricción,Despejado,Buena,,Sin Semáforo
75542,OBSERVATORIO VIAL,2020-06-25,13:05:00,CORRIENTES,18,CAPITAL,21,CORRIENTES,Urbana,Calle,HEROES CIVILES,2300,PERUGORRIA,,-2.748.379,-5.884.014,1,1,0,2,0,Colisión entre vehículos,Colisión entre vehículos,S/D,,,2,Recta,Intersección / cruce,,NO,,Hormigón,,Apto,Seca,,Ninguna,,,,Si,No,No,Día,NO,Sin Restricción,Nublado,Buena,,Sin Semáforo
74431,OBSERVATORIO VIAL,2020-06-23,21:22:00,CORRIENTES,18,CAPITAL,21,CORRIENTES,Urbana,Avenida,AV CENTENARIO,6000,,,-2.747.924,-5.877.940,1,1,0,2,0,Colisión entre vehículos,Colisión entre vehículos,S/D,,,2,Recta,Intersección / cruce,,NO,,Ripio,,Apto,Seca,,Ninguna,,,,No,No,No,Noche,SI,Sin Restricción,Despejado,Buena,,Sin Semáforo
86431,OBSERVATORIO VIAL,2020-06-23,19:20:00,CORRIENTES,18,CAPITAL,21,CORRIENTES,Urbana,Avenida,AV RIO CHICO,5300,BENABIDES,,-2.746.118,-5.878.267,1,1,0,2,0,Colisión entre vehículos,Colisión entre vehículos,S/D,,,2,Recta,Intersección / cruce,,NO,,Hormigón,,Apto,Seca,,Ninguna,,,,No,No,No,Noche,SI,Sin Restricción,Despejado,Buena,,Sin Semáforo
80975,OBSERVATORIO VIAL,2020-06-19,16:10:00,CORRIENTES,18,CAPITAL,21,CORRIENTES,Urbana,Avenida,AV 3 DE ABRIL,600,TUCUMAN,,-2.747.508,-5.884.227,1,1,0,2,0,Colisión entre vehículos,Colisión entre vehículos,S/D,,,2,Recta,Intersección / cruce,,NO,,Asfalto,,Apto,Seca,,Ninguna,,,,S/D,S/D,S/D,Día,NO,Sin Restricción,Despejado,Buena,,Funciona
86707,OBSERVATORIO VIAL,2020-06-19,18:50:00,CORRIENTES,18,CAPITAL,21,CORRIENTES,Urbana,Calle,CATAMARCA,1200,BOLIVAR,,-2.747.122,-5.883.344,1,2,0,2,0,Colisión entre vehículos,Colisión entre vehículos,S/D,,Angulo,2,Recta,Intersección / cruce,,NO,,Asfalto,,Apto,Seca,,Ninguna,,,,Si,S/D,S/D,Atardecer,SI,Sin Restricción,Despejado,Buena,,Sin Semáforo
77408,OBSERVATORIO VIAL,2020-06-18,8:10:00,CORRIENTES,18,CAPITAL,21,CORRIENTES,Urbana,Avenida,AV DEL IV CENTENARIO,3400,TARAGUI,,-2.749.548,-5.883.813,1,1,0,1,0,"Caída desde vehículo, Colisión entre vehículos",Colisión entre vehículos,S/D,,,1,Recta,Intersección / cruce,,NO,,Asfalto,,Apto,Seca,,Ninguna,,,,S/D,S/D,S/D,Día,NO,Sin Restricción,Despejado,Buena,,Sin Semáforo
89994,OBSERVATORIO VIAL,2020-06-18,20:15:00,CORRIENTES,18,CAPITAL,21,CORRIENTES,Urbana,Avenida,AV MAIPU,6700,ROTONDA SANTA CATALINA,,-2.752.211,-5.879.979,2,0,0,2,0,Colisión entre vehículos,Colisión entre vehículos,S/D,,,2,Curva,Rotonda,,NO,,Asfalto,,Apto,Seca,,,,,,Si,,,Noche,SI,Sin Restricción,Despejado,Buena,,Sin Semáforo
76288,OBSERVATORIO VIAL,2020-06-18,10:00:00,CORRIENTES,18,CAPITAL,21,CORRIENTES,Urbana,Calle,ELIAS ABAD,2400,,,-2.748.362,-5.884.987,1,1,0,2,0,Colisión entre vehículos,Colisión entre vehículos,S/D,,Angulo,2,Recta,Intersección / cruce,,NO,,Hormigón,,Apto,Seca,,Ninguna,,,,No,No,No,Día,NO,Sin Restricción,"Despejado, Viento",Buena,,Sin Semáforo
84083,OBSERVATORIO VIAL,2020-06-18,8:41:00,CORRIENTES,18,CAPITAL,21,CORRIENTES,Urbana,Calle,H. IRIGOYEN,2500,ITUZAINGO,,-2.747.038,-5.881.901,2,0,0,2,0,Colisión entre vehículos,Colisión entre vehículos,S/D,,Angulo,2,Recta,Intersección / cruce,,NO,,Asfalto,,Apto,Seca,,Ninguna,,,,S/D,S/D,S/D,Día,NO,Sin Restricción,Despejado,,,Sin Semáforo
84401,OBSERVATORIO VIAL,2020-06-17,22:54:00,CORRIENTES,18,CAPITAL,21,CORRIENTES,Urbana,Calle,LAS HERAS,4000,OBISPO NIELLA,,-2.748.479,-5.880.349,2,0,0,2,0,Colisión entre vehículos,Colisión entre vehículos,S/D,,,2,Recta,Intersección / cruce,,NO,,Asfalto,,Apto,Seca,,,,,,S/D,S/D,S/D,Noche,NO,Sin Restricción,Despejado,Buena,,Sin Semáforo
74003,OBSERVATORIO VIAL,2020-06-17,20:10:00,CORRIENTES,18,CAPITAL,21,CORRIENTES,Urbana,Avenida,AV R.R.ALFONSIN,4400,MEDRANO,,-2.747.521,-5.879.725,1,1,0,2,0,Colisión entre vehículos,Colisión entre vehículos,S/D,,,2,Recta,Intersección / cruce,,NO,,Asfalto,,Apto,Seca,,Ninguna,,,,Si,S/D,S/D,Noche,SI,,Despejado,Buena,,Funciona
85772,OBSERVATORIO VIAL,2020-06-17,8:29:00,CORRIENTES,18,CAPITAL,21,CORRIENTES,Urbana,Avenida,AV VERA,1400,CATAMARCA,,-2.746.127,-5.883.230,0,1,0,1,0,"Caída desde vehículo, Colisión entre vehículos",Colisión entre vehículos,S/D,,,1,Recta,Intersección / cruce,,NO,,Asfalto,,Apto,Seca,,Ninguna,,,,No,No,No,Día,NO,Sin Restricción,Despejado,Buena,,Sin Semáforo
79828,OBSERVATORIO VIAL,2020-06-17,12:45:00,CORRIENTES,18,CAPITAL,21,CORRIENTES,Urbana,Calle,MEXICO,1400,SUECIA,,-2.747.522,-5.881.642,0,2,0,2,0,Colisión entre vehículos,Colisión entre vehículos,S/D,,,2,Recta,Intersección / cruce,,NO,,Asfalto,,Apto,Seca,,Ninguna,,,,No,No,No,Día,NO,Sin Restricción,Despejado,Buena,,
88050,OBSERVATORIO VIAL,2020-06-16,11:10:00,CORRIENTES,18,CAPITAL,21,CORRIENTES,Urbana,Calle,LA CUEVA,2700,,,-2.750.664,-5.881.168,2,1,0,2,0,Colisión entre vehículos,Colisión entre vehículos,S/D,,Alcance,2,Recta,Intersección / cruce,,NO,,Asfalto,,Apto,Seca,,Ninguna,,,,S/D,S/D,S/D,Día,NO,Sin Restricción,Despejado,Buena,,Sin Semáforo
71477,Corrientes,2020-06-16,6:00:00,CORRIENTES,18,CAPITAL,21,CORRIENTES,Urbana,Avenida,MAIPU,500,TENIENTE IBAÑEZ,,-2.748.742,-5.882.223,1,2,0,2,0,Colisión entre vehículos,Colisión entre vehículos,S/D,,Angulo,2,Recta,Intersección / cruce,,NO,,Asfalto,,Apto,Seca,Corrientes,,,,,,,S/D,Día,NO,,,Buena,,Intermitente
71488,Corrientes,2020-06-16,15:45:00,CORRIENTES,18,CAPITAL,21,CORRIENTES,Urbana,Calle,ESPAÑA,1571,,,-2.747.599,-5.883.003,1,1,0,2,0,Colisión entre vehículos,Colisión entre vehículos,S/D,,Alcance,2,Recta,,,NO,,Hormigón,,Apto,Seca,,Ninguna,,,,,,,Día,NO,Sin Restricción,,,,Funciona
74042,OBSERVATORO VIAL,2020-06-16,12:45:00,CORRIENTES,18,CAPITAL,21,CORRIENTES,Urbana,Avenida,AV  3 DE ABRIL,1500,SAN LORENZO,,-2.747.615,-5.883.268,2,0,0,2,0,Colisión entre vehículos,Colisión entre vehículos,S/D,,,2,Recta,Intersección / cruce,,NO,,Hormigón,,Apto,Seca,,Ninguna,,,,Si,No,No,Día,NO,Sin Restricción,Despejado,Buena,,Sin Semáforo
74783,OBSERVATORIO VIAL,2020-06-16,16:25:00,CORRIENTES,18,CAPITAL,21,CORRIENTES,Urbana,Calle,GENERAL PAZ,300,ELIAS ABAB,,-2.747.671,-5.884.848,1,1,0,2,0,Colisión entre vehículos,Colisión entre vehículos,S/D,,Angulo,2,Recta,Intersección / cruce,,NO,,Asfalto,,Apto,Seca,,Ninguna,,,,S/D,S/D,S/D,,NO,Sin Restricción,Despejado,,,Sin Semáforo
81408,MUNICIPALIDAD DE CORRIENTES,2020-06-16,19:10:00,CORRIENTES,18,CAPITAL,21,CORRIENTES,Urbana,Avenida,JUAN PUJOL,1900,PARAGUAY,URUGUAY,-2.746.850,-5.882.662,1,1,0,2,0,Colisión entre vehículos,Colisión entre vehículos,S/D,,Alcance,2,Recta,,,NO,,Asfalto,,Apto,Seca,,,,,,,,,Noche,,,Despejado,Buena,,
86428,OBSERVATORIO VIAL,2020-06-14,7:50:00,CORRIENTES,18,CAPITAL,21,CORRIENTES,Urbana,Calle,RAWSON,4800,ONTEVERO,,-2.747.429,-5.879.217,0,2,0,2,0,Colisión entre vehículos,Colisión entre vehículos,S/D,,Angulo,2,Recta,Intersección / cruce,,NO,,Asfalto,,Apto,Seca,,Ninguna,,,,S/D,S/D,S/D,Día,NO,Sin Restricción,Despejado,Buena,,Sin Semáforo
85679,OBSERVATORIO VIAL,2020-06-13,18:00:00,CORRIENTES,18,CAPITAL,21,CORRIENTES,Urbana,Calle,SAAVEDRA,1800,CABILDO,,-2.748.075,-5.881.235,1,1,0,2,0,Colisión entre vehículos,Colisión entre vehículos,S/D,,,2,Recta,Intersección / cruce,,NO,,Ripio,,Apto,"Despejada, Seca",,Cordón Divisorio,,,,S/D,S/D,S/D,Día,NO,Sin Restricción,Despejado,Buena,,Sin Semáforo
74869,OBSERVATORIO VIAL,2020-06-13,8:00:00,CORRIENTES,18,CAPITAL,21,CORRIENTES,Urbana,Avenida,AV MAIPU,3000,,,-2.749.722,-5.881.589,0,1,0,1,0,Caída desde vehículo,Caída desde vehículo,S/D,,,1,Recta,Intersección / cruce,,NO,,Asfalto,,Apto,Mojada,,Ninguna,,,,S/D,S/D,S/D,Día,NO,Sin Restricción,Lluvia,Buena,,Sin Semáforo
71388,Corrientes,2020-06-13,8:30:00,CORRIENTES,18,CAPITAL,21,CORRIENTES,Urbana,Avenida,Av. Gdor Ruiz,2000,Av. Gdor J. Pujol,,-2.746.709,-5.882.170,2,0,0,2,0,Colisión entre vehículos,Colisión entre vehículos,S/D,,Angulo,2,Recta,Rotonda,,NO,,Hormigón,,Apto,Mojada,Corrientes,Cordón Divisorio,,,,Si,Si,No,Día,NO,,Lluvia,Buena,,Sin Semáforo
85191,OBSERVATORIO VIAL,2020-06-12,10:00:00,CORRIENTES,18,CAPITAL,21,CORRIENTES,Urbana,Avenida,AV 3 DE ABRIL,1700,ESPAÑA,,-2.747.639,-5.883.017,3,0,0,3,0,Colisión entre vehículos,Colisión entre vehículos,S/D,,Alcance,3,Recta,Intersección / cruce,,NO,,Asfalto,,Apto,Seca,,Ninguna,,,,Si,Si,No,Día,NO,Sin Restricción,Despejado,Buena,,Sin Semáforo
79462,OBSERVATORIO VIAL,2020-06-12,17:30:00,CORRIENTES,18,CAPITAL,21,CORRIENTES,Urbana,Calle,CUBA,4800,YUGOSLAVIA,,-2.750.478,-5.879.561,1,2,0,2,0,Colisión entre vehículos,Colisión entre vehículos,S/D,,Angulo,2,Recta,Intersección / cruce,,NO,,Hormigón,,Apto,Seca,,Ninguna,,,,S/D,S/D,S/D,Atardecer,NO,Sin Restricción,Despejado,Buena,,Sin Semáforo
75447,OBSERVATORIO VIAL,2020-06-12,13:45:00,CORRIENTES,18,CAPITAL,21,CORRIENTES,Urbana,Calle,ESMERALDA,4600,GOROSTIAGA,,-2.748.321,-5.879.687,1,1,0,2,0,Colisión entre vehículos,Colisión entre vehículos,S/D,,,2,Recta,Intersección / cruce,,NO,,Tierra,,Apto,Seca,,Ninguna,,,,No,No,No,Día,NO,,Nublado,Buena,,Sin Semáforo
80317,OBSERVATORIO VIAL,2020-06-11,9:43:00,CORRIENTES,18,CAPITAL,21,CORRIENTES,Urbana,Calle,MEDRANO,1700,LAVALLE,,-2.748.323,-5.879.866,1,1,0,2,0,Colisión entre vehículos,Colisión entre vehículos,S/D,,,2,Recta,Intersección / cruce,,NO,,Asfalto,,Apto,Seca,,Ninguna,,,,No,No,No,Día,NO,,Despejado,Buena,,Sin Semáforo
76290,OBSERVATORIO VIAL,2020-06-11,13:00:00,CORRIENTES,18,CAPITAL,21,CORRIENTES,Urbana,Calle,NECOCHEA,300,ELIAS ABAD,,-2.747.790,-5.884.865,1,2,0,2,0,Colisión entre vehículos,Colisión entre vehículos,S/D,,,2,Recta,Intersección / cruce,,NO,,Hormigón,,Apto,Seca,,Ninguna,,,,No,No,No,Día,NO,Sin Restricción,Despejado,Buena,,Sin Semáforo
72242,OBS.VIAL,2020-06-10,16:15:00,CORRIENTES,18,CAPITAL,21,CORRIENTES,Urbana,Avenida,CAFAYATE 2800,2200,AV. SANTA CATALINA,,-2.749.708,-5.882.123,1,1,0,2,0,Colisión entre vehículos,Colisión entre vehículos,S/D,,Frontal,2,Recta,Intersección / cruce,,,,,,Apto,Mojada,,Ninguna,,,,,,,,NO,,Lluvia,Lluvia,,
86705,OBSERVATORIO VIAL,2020-06-09,6:25:00,CORRIENTES,18,CAPITAL,21,CORRIENTES,Urbana,Calle,MENDOZA,600,PELLEGRINI,,-2.746.545,-5.883.537,1,1,0,2,0,Choque,Choque,S/D,,,2,Recta,Intersección / cruce,,NO,,Asfalto,,Apto,Seca,,Ninguna,,,,Si,Si,No,Día,NO,Sin Restricción,Despejado,Buena,,Funciona
71448,Corrientes,2020-06-08,10:30:00,CORRIENTES,18,CAPITAL,21,CORRIENTES,Urbana,Avenida,GOBERNADOR RUIZ,2200,PERU,,-2.746.671,-5.882.067,1,1,0,2,0,Colisión entre vehículos,Colisión entre vehículos,S/D,,Alcance,2,Recta,Intersección / cruce,,NO,,Asfalto,,Apto,Seca,Corrientes,Vegetación,,,,S/D,S/D,S/D,Día,NO,Sin Restricción,Nublado,Buena,,Sin Semáforo
74183,OBSERVATORIO VIAL,2020-06-08,13:25:00,CORRIENTES,18,CAPITAL,21,CORRIENTES,Urbana,Avenida,AV SARMIENTO,1845,GEERAL PAZ,,-2.747.903,-5.883.039,2,1,0,2,0,Colisión entre vehículos,Colisión entre vehículos,S/D,,,2,Recta,Intersección / cruce,,NO,,Asfalto,,Apto,Seca,,Ninguna,,,,Si,Si,S/D,Día,NO,Sin Restricción,Despejado,Buena,,Sin Semáforo
84246,OBSERVATORIO VIAL,2020-06-05,22:00:00,CORRIENTES,18,CAPITAL,21,CORRIENTES,Urbana,Calle,CARTAGENA,3200,SAAVEDRA,J.J. PASO,-2.749.255,-5.881.408,3,1,0,2,0,Colisión entre vehículos,Colisión entre vehículos,S/D,,,2,Recta,Intersección / cruce,,NO,,Hormigón,,Apto,,,,,,,S/D,S/D,S/D,Noche,SI,Sin Restricción,Nublado,Buena,,Sin Semáforo
72435,OBS.VIAL,2020-06-04,17:45:00,CORRIENTES,18,CAPITAL,21,CORRIENTES,Urbana,Calle,SAN LUIS,1096,SAN MARTIN,,-2.746.910,-5.884.307,2,2,0,2,0,Colisión entre vehículos,Colisión entre vehículos,S/D,,Angulo,2,Recta,Intersección / cruce,,,,Asfalto,,Apto,Seca,,Ninguna,,,,Si,,,Día,NO,Sin Restricción,Despejado,Buena,,Sin Semáforo
76792,OBSERVATORIO VIAL,2020-06-04,13:30:00,CORRIENTES,18,CAPITAL,21,CORRIENTES,Urbana,Calle,SAN FRANCISCO DE ASIS,5300,DUMAS,,-2.749.557,-5.878.685,0,2,0,2,0,Colisión entre vehículos,Colisión entre vehículos,S/D,,Frontal,2,Recta,Intersección / cruce,,NO,,Asfalto,,Apto,Seca,,Ninguna,,,,No,No,No,Día,NO,Sin Restricción,Despejado,Buena,,Sin Semáforo
85189,OBSERVATORIO VIAL,2020-06-04,14:00:00,CORRIENTES,18,CAPITAL,21,CORRIENTES,Urbana,Calle,BRASIL,1200,BOLIVAR,,-2.747.214,-5.882.447,2,0,0,2,0,Colisión entre vehículos,Colisión entre vehículos,S/D,,Angulo,2,Recta,Intersección / cruce,,NO,,Asfalto,,Apto,"Despejada, Seca",,Ninguna,,,,No,No,No,Día,SI,Sin Restricción,Despejado,Buena,,Sin Semáforo
74426,OBSERVATORIO VIAL,2020-06-02,10:39:00,CORRIENTES,18,CAPITAL,21,CORRIENTES,Urbana,Calle,COMODORO RIVADAVIA,1300,TRES SARGENTO,,-2.748.992,-5.883.705,1,0,0,1,0,Choque,Choque,S/D,,Inmueble,1,Recta,Intersección / cruce,,NO,,Asfalto,,Apto,Seca,,Ninguna,,,,S/D,S/D,S/D,Día,SI,Sin Restricción,Nublado,Buena,,Sin Semáforo
74868,OBSERVATORIO VIAL,2020-06-01,8:00:00,CORRIENTES,18,CAPITAL,21,CORRIENTES,Urbana,Avenida,AV PUJOL,2400,VELEZ SARSFIELD,,-2.746.847,-5.882.013,1,1,0,1,0,Caída desde vehículo,Caída desde vehículo,S/D,,,1,Recta,Intersección / cruce,,NO,,Asfalto,,Apto,Mojada,,Barrera de Hormigón,,,,S/D,S/D,S/D,Día,SI,Obra en Construcción,Lluvia,Buena,,Sin Semáforo
76109,OBSERVATORIO VIAL,2020-05-31,7:20:00,CORRIENTES,18,CAPITAL,21,CORRIENTES,Urbana,Avenida,AV LAS VIOLETAS,300,LOS LIRIOS,,-2.745.661,-5.877.695,2,1,0,2,0,Colisión entre vehículos,Colisión entre vehículos,S/D,,,2,Recta,Intersección / cruce,,,,Asfalto,,Apto,Seca,,Ninguna,,,,No,No,No,Día,NO,Sin Restricción,Nublado,Buena,,Sin Semáforo
74752,OBSERVATORIO VIAL,2020-05-30,11:00:00,CORRIENTES,18,CAPITAL,21,CORRIENTES,Urbana,Avenida,AV FERRE,2600,AV ARTIGAS,,-2.747.789,-5.881.974,1,1,0,2,0,Colisión entre vehículos,Colisión entre vehículos,S/D,,Angulo,2,Recta,Intersección / cruce,,NO,,Hormigón,,Apto,Seca,,Ninguna,,,,Si,Si,No,Día,NO,Sin Restricción,Despejado,Buena,,Funciona
85431,OBSERVATORIO VIAL,2020-05-29,7:00:00,CORRIENTES,18,CAPITAL,21,CORRIENTES,Urbana,Ruta Nacional,12,1027,,,-2.750.999,-5.877.142,1,1,0,2,0,Colisión entre vehículos,Colisión entre vehículos,S/D,,,2,Recta,Intersección / cruce,,NO,,Asfalto,,Apto,Seca,,Barrera de Hormigón,,,,Si,No,No,Amanecer,NO,Sin Restricción,Despejado,Buena,,Sin Semáforo
77084,OBSERVATORIO VIAL,2020-05-27,18:30:00,CORRIENTES,18,CAPITAL,21,CORRIENTES,Urbana,Calle,JUJUY,1200,BOLIVAR,,-2.747.175,-5.882.834,2,1,0,2,0,Colisión entre vehículos,Colisión entre vehículos,S/D,,,2,Recta,Intersección / cruce,,NO,,Asfalto,,Apto,Seca,,Ninguna,,,,No,No,No,Noche,NO,Sin Restricción,Despejado,Buena,,Sin Semáforo
70376,OBS.VIAL,2020-05-27,23:00:00,CORRIENTES,18,CAPITAL,21,CORRIENTES,Urbana,Avenida,AV MAIPU,1.800,LYON,,-2.749.478,-5.881.745,1,2,0,2,0,Colisión entre vehículos,Colisión entre vehículos,S/D,,Angulo,2,Recta,Intersección / cruce,,NO,,Hormigón,,Apto,Mojada,LLUVIA,Cordón Divisorio,,,,Si,,,Noche,SI,Sin Restricción,Lluvia,Buena,,Funciona
85764,OBSERVATORIO VIAL,2020-05-26,18:30:00,CORRIENTES,18,CAPITAL,21,CORRIENTES,Urbana,Avenida,AV RIO CHICO,5100,TULIPANES,,,,1,1,0,2,0,Colisión entre vehículos,Colisión entre vehículos,S/D,,,2,Recta,Intersección / cruce,,NO,,Asfalto,,Apto,Seca,,Ninguna,,,,No,No,No,Atardecer,NO,Sin Restricción,,Buena,,Sin Semáforo
90040,OBSERVATORIO VIAL,2020-05-25,6:10:00,CORRIENTES,18,CAPITAL,21,CORRIENTES,Urbana,Calle,MORENO,1399,VELEZSARSFIELD,,-2.747.476,-5.882.093,4,0,0,2,0,Colisión entre vehículos,Colisión entre vehículos,S/D,,,2,Recta,Intersección / cruce,,NO,,Asfalto,,Apto,Seca,,Cordón Divisorio,,,,S/D,S/D,S/D,Día,NO,Sin Restricción,Despejado,,,Sin Semáforo
74220,OBSERVATTORI VIAL,2020-05-24,7:10:00,CORRIENTES,18,CAPITAL,21,CORRIENTES,Urbana,Ruta Nacional,12,2,VERONA,,-2.749.615,-5.877.733,1,1,0,2,0,Colisión entre vehículos,Colisión entre vehículos,S/D,,,2,Recta,Intersección / cruce,,NO,,Asfalto,,Apto,Seca,,Ninguna,,,,No,No,No,Día,SI,Sin Restricción,Despejado,Buena,,Sin Semáforo
85759,OBSERVATORIO VIAL,2020-05-23,8:50:00,CORRIENTES,18,CAPITAL,21,CORRIENTES,Urbana,Avenida,AV ARMENIA,4300,JUAN AMBRISETTI,,,,2,0,0,2,0,Colisión entre vehículos,Colisión entre vehículos,S/D,,Angulo,2,Recta,Intersección / cruce,,NO,,Asfalto,,Apto,Seca,,Ninguna,,,,No,No,No,Día,NO,Sin Restricción,Despejado,Buena,,Sin Semáforo
75800,OBSERVATORIO VIAL,2020-05-22,14:17:00,CORRIENTES,18,CAPITAL,21,CORRIENTES,Urbana,Avenida,AV FERRE,2700,,,-2.747.817,-5.881.853,0,1,0,1,0,Caída desde vehículo,Caída desde vehículo,S/D,,,1,Recta,,CALZADA,NO,,Hormigón,,Apto,Seca,,Ninguna,,,,Si,S/D,S/D,Día,,Sin Restricción,Lluvia,Lluvia,,Sin Semáforo
91673,OBSERVATORIO VIAL,2020-05-22,11:30:00,CORRIENTES,18,CAPITAL,21,CORRIENTES,Urbana,Avenida,AV MAIPU,5500,FRENTE MAYORISTA MAKRO,,-2.751.963,-5.880.132,1,0,0,1,0,Colisión entre vehículos,Colisión entre vehículos,S/D,,,1,Curva,Intersección / cruce,,NO,,Asfalto,,Apto,Seca,,Ninguna,,,,No,Si,No,Día,NO,Sin Restricción,Despejado,Buena,,Sin Semáforo
85197,OBSERVATORIO VIAL,2020-05-21,16:45:00,CORRIENTES,18,CAPITAL,21,CORRIENTES,Urbana,Ruta Nacional,12,1100,TUPAK AMARU,,-2.750.062,-5.877.548,1,1,0,2,0,Colisión entre vehículos,Colisión entre vehículos,S/D,,Angulo,2,Recta,Intersección / cruce,RUTA,NO,,Asfalto,,,Despejada,,Ninguna,,,,No,No,Si,Día,SI,Sin Restricción,,Buena,,Sin Semáforo
87210,OBSERVATORIO VIAL,2020-05-19,7:40:00,CORRIENTES,18,CAPITAL,21,CORRIENTES,Urbana,Avenida,AV FERRE,1600,JUJUY,,-2.747.667,-5.882.878,2,0,0,2,0,Colisión entre vehículos,Colisión entre vehículos,S/D,,,2,Recta,Intersección / cruce,,NO,,Asfalto,,Apto,Seca,,Ninguna,,,,Si,S/D,S/D,Día,NO,Sin Restricción,Despejado,Buena,,Funciona
74422,OBSERVATORIO VIAL,2020-05-19,8:50:00,CORRIENTES,18,CAPITAL,21,CORRIENTES,Urbana,Calle,LAVALLE,1200,MENDOZA,,-2.747.707,-5.883.665,1,1,0,2,0,Colisión entre vehículos,Colisión entre vehículos,S/D,,,2,Recta,Intersección / cruce,,NO,,Asfalto,,Apto,Seca,,Ninguna,,,,Si,S/D,S/D,Día,NO,Sin Restricción,Despejado,Buena,,Sin Semáforo
76786,OBSERVATORIO VIAL,2020-05-18,14:00:00,CORRIENTES,18,CAPITAL,21,CORRIENTES,Urbana,Calle,SAN MARTIN,1700,ESPAÑA,,-2.747.052,-5.882.946,2,0,0,2,0,Colisión entre vehículos,Colisión entre vehículos,S/D,,,2,Recta,Intersección / cruce,,NO,,Asfalto,,Apto,Seca,,Ninguna,,,,No,No,No,Día,NO,Sin Restricción,Despejado,Buena,,Sin Semáforo
80973,OBSERVATORIO VIAL,2020-05-17,6:00:00,CORRIENTES,18,CAPITAL,21,CORRIENTES,Urbana,Avenida,AV. C.CORRENTINO,5900,TRENTO,,-2.749.065,-5.878.120,0,1,0,1,0,Colisión entre vehículos,Colisión entre vehículos,S/D,,,1,Recta,Intersección / cruce,,NO,,Hormigón,,Apto,Seca,,,,,,No,S/D,S/D,Amanecer,SI,Sin Restricción,Despejado,Buena,,Sin Semáforo
88051,OBSERVATORIO VIAL,2020-05-16,7:51:00,CORRIENTES,18,CAPITAL,21,CORRIENTES,Urbana,Avenida,AV FERRE,2100,BRASIL,,-2.747.714,-5.882.507,5,0,0,2,0,Colisión entre vehículos,Colisión entre vehículos,S/D,,Alcance,2,Recta,Intersección / cruce,,NO,,Asfalto,,Apto,Seca,,Cordón Divisorio,,,,Si,No,No,Día,NO,,Despejado,,,Funciona
87512,OBSERVATORIO VIAL,2020-05-16,14:18:00,CORRIENTES,18,CAPITAL,21,CORRIENTES,Urbana,Avenida,AV C. CORRENTINO,4300,RIO JURAMENTO,,-2.748.742,-5.880.026,2,0,0,2,0,Colisión entre vehículos,Colisión entre vehículos,S/D,,Angulo,2,Recta,Intersección / cruce,,NO,,Asfalto,,Apto,Seca,,Cordón Divisorio,,,,No,No,No,Día,SI,Sin Restricción,Despejado,Buena,,Sin Semáforo
87363,OBSERVATORIO VIAL,2020-05-14,16:24:00,CORRIENTES,18,CAPITAL,21,CORRIENTES,Urbana,Calle,RIVADAVIA,1400,,,-2.747.467,-5.883.381,1,3,0,2,0,Colisión entre vehículos,Colisión entre vehículos,S/D,,,2,Recta,Intersección / cruce,,NO,,Asfalto,,Apto,Seca,,Ninguna,,,,No,No,No,Día,NO,Sin Restricción,Despejado,Buena,,Sin Semáforo
89993,OBSERVATORIO VIAL,2020-05-14,14:00:00,CORRIENTES,18,CAPITAL,21,CORRIENTES,Urbana,Avenida,AV INDEPENDENCIA,4230,,,-2.748.085,-5.880.017,1,1,0,2,0,Colisión entre vehículos,Colisión entre vehículos,S/D,,Angulo,2,Recta,,RECTA,NO,,Asfalto,,Apto,Seca,,Ninguna,,,,S/D,S/D,S/D,Día,NO,Sin Restricción,Despejado,Buena,,Sin Semáforo
81404,MUNICIPALIDAD DE CORRRIENTES,2020-05-13,22:50:00,CORRIENTES,18,CAPITAL,21,CORRIENTES,Urbana,Ruta Provincial,NUMERO 5,2 1/2,111,115,-2.748.604,-5.877.014,0,0,1,1,0,Atropello a animal/es,Atropello a animal/es,S/D,,,1,Recta,,RECTA,NO,,Asfalto,,Apto,Seca,,Ninguna,,,,No,S/D,S/D,Noche,,Sin Restricción,Despejado,Buena,,Sin Semáforo
71471,Observatorio Vial,2020-05-13,7:20:00,CORRIENTES,18,CAPITAL,21,CORRIENTES,Urbana,Calle,Pte. A. Frondizi,4250,NICARAGUA,,-2.750.269,-5.879.767,1,0,0,1,0,Despiste,Despiste,Si,,,1,Recta,Intersección / cruce,,NO,,Hormigón,,Apto,,,,,,,No,No,No,Día,NO,Sin Restricción,Nublado,Buena,,Sin Semáforo
79708,OBSERVATORIO VIAL,2020-05-10,10:30:00,CORRIENTES,18,CAPITAL,21,CORRIENTES,Urbana,Avenida,MEDRANO,2600,LARREA,,-2.749.134,-5.879.959,1,1,0,2,0,Colisión entre vehículos,Colisión entre vehículos,S/D,,Angulo,2,Recta,Intersección / cruce,,NO,,Hormigón,,Apto,Seca,,Cordón Divisorio,,,,No,No,No,Día,NO,Sin Restricción,Nublado,Buena,,Sin Semáforo
91675,OBSERVATORIO VIAL,2020-05-05,10:40:00,CORRIENTES,18,CAPITAL,21,CORRIENTES,Urbana,Calle,MENDOZA,800,9 DE julio,,-2.746.656,-5.883.549,2,0,0,2,0,Colisión entre vehículos,Colisión entre vehículos,S/D,,,2,Recta,Intersección / cruce,,NO,,Asfalto,,Apto,Seca,,Ninguna,,,,Si,Si,No,Día,SI,Sin Restricción,Despejado,Buena,,Funciona
79535,OBSERVATORIO,2020-05-03,14:10:00,CORRIENTES,18,CAPITAL,21,CORRIENTES,Urbana,Avenida,AV INDEPENDENCIA,4000,DARRAGUEIRA,,,,4,0,0,2,0,Colisión entre vehículos,Colisión entre vehículos,S/D,,Alcance,2,Recta,Intersección / cruce,,NO,,Hormigón,,Apto,Mojada,,Cordón Divisorio,,,,Si,No,No,Día,NO,Sin Restricción,Lluvia,Buena,,Sin Semáforo
73997,OBSERVATORIO VIAL,2020-04-30,16:25:00,CORRIENTES,18,CAPITAL,21,CORRIENTES,Urbana,Avenida,AV INDEPENDENCIA,3700,TACUARI,,-2.747.953,-5.880.636,1,1,0,2,0,Colisión entre vehículos,Colisión entre vehículos,S/D,,Angulo,2,Recta,Intersección / cruce,,NO,,Asfalto,,Apto,Seca,,,,,,Si,S/D,S/D,Día,SI,Sin Restricción,Despejado,Buena,,Funciona
79467,OBSERVATORIO VIAL,2020-04-28,8:50:00,CORRIENTES,18,CAPITAL,21,CORRIENTES,Urbana,Avenida,AV PUJOL,2300,ROCA,,-2.746.712,-5.882.185,1,1,0,2,0,Colisión entre vehículos,Colisión entre vehículos,S/D,,,2,Recta,Intersección / cruce,,NO,,Asfalto,,Apto,Seca,,Cordón Divisorio,,,,Si,Si,S/D,Día,NO,Sin Restricción,Nublado,Buena,,Sin Semáforo
85196,OBSERVATORIO VIAL,2020-04-23,7:00:00,CORRIENTES,18,CAPITAL,21,CORRIENTES,Urbana,Calle,ESNAOLA,400,,,-2.746.557,-5.878.932,0,1,0,1,0,"Colisión entre vehículos, Despiste",Colisión entre vehículos,Si,,,1,Recta,Intersección / cruce,,NO,,Asfalto,,Apto,Seca,,Ninguna,,,,S/D,S/D,S/D,Día,NO,Sin Restricción,Despejado,Buena,,Sin Semáforo
86710,OBSERVATORIO VIAL,2020-04-18,19:00:00,CORRIENTES,18,CAPITAL,21,CORRIENTES,Urbana,Calle,IRIGOYEN,2100,BRASIL,,-2.746.987,-5.882.418,1,2,0,2,0,Colisión entre vehículos,Colisión entre vehículos,S/D,,Alcance,2,Recta,Intersección / cruce,,NO,,Asfalto,,Apto,Seca,,Ninguna,,,,S/D,S/D,S/D,Atardecer,SI,Sin Restricción,Despejado,Buena,,Sin Semáforo
68901,OBS VIAL,2020-04-18,18:10:00,CORRIENTES,18,CAPITAL,21,CORRIENTES,Urbana,Calle,CRISTO OBRERO,4200,RAFAEL OBLIDO,,-2.746.752,-5.879.818,0,1,0,2,0,Colisión entre vehículos,Colisión entre vehículos,S/D,,Angulo,2,Recta,Intersección / cruce,,NO,,Hormigón,,Apto,"Despejada, Seca",,Ninguna,,,,Si,No,No,Día,NO,Sin Restricción,Despejado,Buena,,Sin Semáforo
74219,OBSERVATORIO VIAL,2020-04-13,12:55:00,CORRIENTES,18,CAPITAL,21,CORRIENTES,Urbana,Calle,MEDRANO,1400,BRAILE,,,,1,1,0,2,0,Colisión entre vehículos,Colisión entre vehículos,S/D,,,2,Recta,Intersección / cruce,,NO,,Hormigón,,Apto,Seca,,Ninguna,,,,S/D,S/D,S/D,Día,SI,Sin Restricción,Despejado,Buena,,Sin Semáforo
89999,OBSERVATORIO VIAL,2020-04-11,13:55:00,CORRIENTES,18,CAPITAL,21,CORRIENTES,Urbana,Calle,AYACUCHO,2700,COLOMBIA,,-2.747.058,-5.881.678,1,1,0,2,0,Colisión entre vehículos,Colisión entre vehículos,S/D,,Angulo,2,Recta,Intersección / cruce,,NO,,Asfalto,,Apto,Seca,,Ninguna,,,,Si,No,No,Día,NO,Sin Restricción,Despejado,Buena,,Sin Semáforo
72280,OBS VIAL,2020-04-10,7:30:00,CORRIENTES,18,GENERAL ALVEAR,56,,,Ruta Provincial,RATU 12,,,,-2.872.190,-5.661.667,1,1,0,2,0,Colisión entre vehículos,Colisión entre vehículos,S/D,,Angulo,2,Recta,Intersección / cruce,,NO,,Asfalto,,Apto,Despejada,,,,,,,,,Día,SI,Obra en Construcción,Despejado,Buena,,Sin Semáforo
85434,OBSERVATORIO VIAL,2020-04-09,9:30:00,CORRIENTES,18,CAPITAL,21,CORRIENTES,Urbana,Avenida,AV. CENTENARIO,3600,AV POMAR,,-2.747.276,-5.880.625,1,1,0,2,0,Colisión entre vehículos,Colisión entre vehículos,S/D,,Lateral,2,Recta,Intersección / cruce,,NO,,Asfalto,,Apto,Seca,,Ninguna,,,,Si,S/D,S/D,Día,NO,Sin Restricción,Despejado,Buena,,Sin Semáforo
91663,OBSERVATORIO VIAL,2020-04-02,12:30:00,CORRIENTES,18,CAPITAL,21,CORRIENTES,Urbana,Avenida,AV. ARTIGAS,1100,BOLIVAR,,,,2,0,0,2,0,Colisión entre vehículos,Colisión entre vehículos,S/D,,Angulo,2,Recta,Intersección / cruce,,NO,,Asfalto,,Apto,Seca,,Ninguna,,,,Si,Si,No,Día,NO,Sin Restricción,Despejado,Buena,,Sin Semáforo
79370,MUNICIPALIDAD DE LA CIUDAD DE CORRIENTES,2020-03-30,19:00:00,CORRIENTES,18,CAPITAL,21,CORRIENTES,Urbana,Avenida,AV C.CORRENTINO,2000,RECONQUISTA,,-2.748.208,-5.881.539,1,1,0,2,0,Colisión entre vehículos,Colisión entre vehículos,S/D,,,2,Recta,,,NO,,Asfalto,,Apto,Seca,,Cordón Divisorio,,,,No,No,No,Noche,NO,Sin Restricción,Nublado,Buena,,Sin Semáforo
74781,OOBSERVATORIO VIAL,2020-03-29,6:57:00,CORRIENTES,18,CAPITAL,21,CORRIENTES,Urbana,Avenida,AV R.R. ALFONSIN,3535,,,-2.747.255,-5.880.702,1,0,0,1,0,Despiste,Despiste,Si,,,1,Recta,Intersección / cruce,,NO,,Asfalto,,Apto,Seca,,Ninguna,,,,Si,S/D,S/D,Amanecer,NO,Sin Restricción,Despejado,Buena,,Sin Semáforo
85186,OBSERVATORIO VIAL,2020-03-29,10:05:00,CORRIENTES,18,CAPITAL,21,CORRIENTES,Urbana,Avenida,AV 3 DE ABRIL,1700,ESPAÑA,,-2.747.639,-5.883.017,0,1,0,1,0,"Caída desde vehículo, Colisión entre vehículos",Colisión entre vehículos,S/D,,,1,Recta,Intersección / cruce,,NO,,Asfalto,,Apto,Seca,,Ninguna,,,,Si,Si,No,Día,NO,Sin Restricción,Despejado,Buena,,Funciona
79839,OBSERVATORIO VIAL,2020-03-28,15:25:00,CORRIENTES,18,CAPITAL,21,CORRIENTES,Urbana,Avenida,AV INDEPENDENCIA,3400,CASTELLI,,-2.747.922,-5.880.983,2,1,0,2,0,Colisión entre vehículos,Colisión entre vehículos,S/D,,,2,Recta,Intersección / cruce,,NO,,Hormigón,,Apto,Seca,,Ninguna,,,,Si,No,No,Atardecer,NO,Sin Restricción,Despejado,Buena,,Funciona
71366,Corrientes,2020-03-28,12:45:00,CORRIENTES,18,CAPITAL,21,CORRIENTES,Rural,Ruta Provincial,5,1900,,,-2.748.733,-5.876.570,1,1,0,2,0,Colisión entre vehículos,Colisión entre vehículos,S/D,,Lateral,2,Recta,Intersección / cruce,,NO,,Asfalto,,Apto,,,,,,,Si,,,Día,NO,Sin Restricción,Despejado,Buena,,
77240,OBSERVATORIO VIAL,2020-03-28,16:00:00,CORRIENTES,18,CAPITAL,21,CORRIENTES,Urbana,Calle,CATAMARCA,1300,BELGRANO,,-2.747.238,-5.883.357,1,1,0,2,0,Colisión entre vehículos,Colisión entre vehículos,S/D,,,2,Recta,Intersección / cruce,,NO,,Hormigón,,Apto,Seca,,Ninguna,,,,No,No,No,Día,NO,,Nublado,,,Sin Semáforo
84948,OBSERVATORIO VIAL,2020-03-20,12:30:00,CORRIENTES,18,CAPITAL,21,CORRIENTES,Urbana,Avenida,AV.C.CORRENTINO,5900,RUTA 12,,,,1,0,0,1,0,"Colisión entre vehículos, Vuelco (solo 1 participante)",Colisión entre vehículos,S/D,,,1,Recta,Intersección / cruce,,NO,,Asfalto,,Apto,Seca,,Ninguna,,,,No,No,No,Día,NO,Sin Restricción,Despejado,Buena,,Funciona
73994,OBSERVATORIO VIAL,2020-03-19,18:40:00,CORRIENTES,18,CAPITAL,21,CORRIENTES,Urbana,Avenida,AV SANTA ROSA,2000,LAS HERAS,,-2.748.239,-5.882.053,3,2,0,2,0,Colisión entre vehículos,Colisión entre vehículos,S/D,,,2,Recta,Intersección / cruce,,NO,,Hormigón,,Apto,"Despejada, Seca",,,,,,No,No,No,Día,NO,Sin Restricción,Despejado,Buena,,Sin Semáforo
74782,OBSERVATORIO VIAL,2020-03-16,13:00:00,CORRIENTES,18,CAPITAL,21,CORRIENTES,Urbana,Calle,ALTE BROWN,4900,ARAOZ,,-2.747.906,-5.879.184,0,1,0,2,0,Colisión entre vehículos,Colisión entre vehículos,S/D,,Alcance,2,Recta,Intersección / cruce,,NO,,Tierra,,Apto,"Despejada, Seca",,Ninguna,,,,No,No,No,Día,NO,Sin Restricción,Despejado,Buena,,Sin Semáforo
80324,OBSERVATORIO VIAL,2020-03-15,17:50:00,CORRIENTES,18,CAPITAL,21,CORRIENTES,Urbana,Avenida,AV C.CORRENTINO,4000,GUEMES,,-2.748.653,-5.880.829,2,0,0,2,0,,,S/D,,,2,Recta,Intersección / cruce,,NO,,Asfalto,,Apto,Seca,,Ninguna,,,,S/D,S/D,S/D,Día,NO,Sin Restricción,Despejado,Buena,,Sin Semáforo
76211,OBSERVATORIO VIAL,2020-03-14,10:08:00,CORRIENTES,18,CAPITAL,21,CORRIENTES,Urbana,Avenida,AV C.CORRENTINOS,4100,LAS PIEDRAS,,-2.748.733,-5.880.142,1,1,0,2,0,Colisión entre vehículos,Colisión entre vehículos,S/D,,Angulo,2,Recta,Intersección / cruce,,NO,,Asfalto,,,"Despejada, Seca",,Ninguna,,,,Si,No,No,Día,,Sin Restricción,Despejado,Buena,,Funciona
80337,OBSERVATORIO VIAL,2020-03-13,18:45:00,CORRIENTES,18,CAPITAL,21,CORRIENTES,Urbana,Calle,COLOMBIA,1100,SAN MARTIN,,-2.747.175,-5.881.701,0,2,0,2,0,Colisión entre vehículos,Colisión entre vehículos,S/D,,,2,Recta,Intersección / cruce,,NO,,Hormigón,,Apto,Seca,,Ninguna,,,,No,No,No,Atardecer,SI,Sin Restricción,Despejado,Buena,,Sin Semáforo
75162,OBSERVAORIO VIAL,2020-03-12,13:50:00,CORRIENTES,18,CAPITAL,21,CORRIENTES,Urbana,Avenida,AV JUAN DE VERA,1200,PJE MANTILLA,,-2.746.119,-5.883.489,2,0,0,2,0,Colisión entre vehículos,Colisión entre vehículos,S/D,,,2,Curva,Intersección / cruce,,NO,,Asfalto,,Apto,Seca,,Ninguna,,,,S/D,S/D,S/D,Día,SI,Sin Restricción,Despejado,Buena,,Sin Semáforo
81042,OBSERVATORIO VIAL,2020-03-12,15:30:00,CORRIENTES,18,CAPITAL,21,CORRIENTES,Urbana,Avenida,AV MAIPU,2100,VALPARAISO,,-2.749.724,-5.881.588,0,2,0,2,0,Colisión entre vehículos,Colisión entre vehículos,S/D,,,2,Recta,Intersección / cruce,,NO,,Hormigón,,Apto,Seca,,Ninguna,,,,S/D,S/D,S/D,Día,NO,Sin Restricción,Despejado,Buena,,Sin Semáforo
80346,OBSERVATORIO VIAL,2020-03-11,18:50:00,CORRIENTES,18,CAPITAL,21,CORRIENTES,Urbana,Avenida,AV MAIPU,1150,HAITI,,-2.748.782,-5.882.207,3,1,0,2,0,Colisión entre vehículos,Colisión entre vehículos,S/D,,Angulo,2,Recta,Intersección / cruce,,NO,,Hormigón,,Apto,Seca,,Ninguna,,,,No,No,No,Noche,SI,Sin Restricción,Despejado,Buena,,Sin Semáforo
81277,OBSERVATORIO VIAL,2020-03-11,11:51:00,CORRIENTES,18,CAPITAL,21,CORRIENTES,Urbana,Calle,LA RIOJA,1047,,,-2.746.906,-5.883.819,1,1,0,2,0,Colisión entre vehículos,Colisión entre vehículos,S/D,,,2,Recta,,RECTA,NO,,Asfalto,,Apto,Seca,,Ninguna,,,,Si,No,No,Día,NO,Sin Restricción,Despejado,Buena,,Sin Semáforo
85010,OBSERVATORIO VIAL,2020-03-11,11:15:00,CORRIENTES,18,CAPITAL,21,CORRIENTES,Urbana,Avenida,AV RIO CHICO,6715,,,,,0,1,0,1,0,Despiste,Despiste,Si,,,1,Recta,Intersección / cruce,,NO,,Asfalto,,Apto,Seca,,Ninguna,,,,No,No,No,Día,SI,Sin Restricción,Nublado,Buena,,Sin Semáforo
71296,OBS VIAL,2020-03-10,20:20:00,CORRIENTES,18,CAPITAL,21,CORRIENTES,Urbana,Avenida,3 DE abril,2600,ARTIGAS,,-2.747.831,-5.882.011,2,0,0,2,0,Colisión entre vehículos,Colisión entre vehículos,S/D,,Alcance,2,Recta,,,,,Hormigón,,Apto,Seca,,,,,,Si,Si,,Noche,SI,,Despejado,Buena,,Funciona
74521,OBSERVATORIO VIAL,2020-03-07,10:20:00,CORRIENTES,18,CAPITAL,21,CORRIENTES,Urbana,Avenida,AV ARMENIA,2900,BON PLAN,,-2.746.739,-5.881.252,2,1,1,4,0,Colisión entre vehículos,Colisión entre vehículos,S/D,,,4,Recta,Intersección / cruce,,NO,,Hormigón,,Apto,Seca,,Ninguna,,,,Si,S/D,S/D,Día,NO,Sin Restricción,Nublado,Buena,,Sin Semáforo
81285,OBSERVATORIO VIAL,2020-03-07,5:50:00,CORRIENTES,18,CAPITAL,21,CORRIENTES,Urbana,Avenida,AYACUCHO,2659,,,-2.747.060,-5.881.722,1,0,0,1,0,Choque,Choque,S/D,ATROPELLO ARBOL,Arbol,1,Recta,Intersección / cruce,,NO,,Asfalto,,Apto,,,,,,,S/D,S/D,S/D,Amanecer,SI,Sin Restricción,Despejado,Buena,,Sin Semáforo
84947,OBSERVATORIO VIAL,2020-03-06,19:30:00,CORRIENTES,18,CAPITAL,21,CORRIENTES,Urbana,Avenida,AV PUJOL,1700,PAMPIN,,-4.000.000,-6.100.000,1,1,0,2,0,Colisión entre vehículos,Colisión entre vehículos,S/D,,Angulo,2,Curva,Intersección / cruce,,,,,,Apto,Seca,,Otro,,,,No,No,No,Noche,NO,Sin Restricción,Despejado,Buena,,Sin Semáforo
85437,OBSERVATORIO VIAL,2020-03-05,21:40:00,CORRIENTES,18,CAPITAL,21,CORRIENTES,Urbana,Avenida,AV MAIPU,900,AUSTRALIA,,-2.748.603,-5.882.352,2,0,0,2,0,Colisión entre vehículos,Colisión entre vehículos,S/D,,,2,Recta,Intersección / cruce,,NO,,Asfalto,,Apto,Seca,,Ninguna,,,,S/D,S/D,S/D,Noche,NO,Sin Restricción,Despejado,Buena,,Sin Semáforo
74529,OBSERVATORIO VIAL,2020-03-03,16:45:00,CORRIENTES,18,CAPITAL,21,CORRIENTES,Urbana,Avenida,AV INDEPEDENCIA,4200,LAS PIERAS,,-2.748.079,-5.880.050,1,1,0,2,0,Colisión entre vehículos,Colisión entre vehículos,S/D,,,2,Recta,Intersección / cruce,,NO,,Hormigón,,Apto,Seca,,Ninguna,,,,Si,Si,S/D,Día,NO,Sin Restricción,Despejado,Buena,,Funciona
74072,OBSERVATORIO VIAL,2020-03-02,18:30:00,CORRIENTES,18,CAPITAL,21,CORRIENTES,Urbana,Ruta Provincial,RUTA 5,"KM 2,5",,,-2.748.529,-5.877.458,1,1,0,2,0,Colisión entre vehículos,Colisión entre vehículos,S/D,,,2,Recta,Intersección / cruce,,NO,,Asfalto,,Apto,Seca,,,,,,No,S/D,S/D,Día,SI,Sin Restricción,Despejado,Buena,,Sin Semáforo
74891,OBSERVATORIO VIAL,2020-03-02,10:39:00,CORRIENTES,18,CAPITAL,21,CORRIENTES,Urbana,Avenida,AV. C.CORRENTINO,4200,LAS PIEDRAS,,-2.748.726,-5.880.145,1,1,0,1,1,Atropello a animal/es,Atropello a animal/es,S/D,,,2,Recta,Intersección / cruce,,NO,,Asfalto,,Apto,Seca,,Ninguna,,,,No,No,No,Día,NO,Sin Restricción,Despejado,Buena,,Sin Semáforo
84080,OBSERVATORIO VIAL,2020-03-01,10:50:00,CORRIENTES,18,CAPITAL,21,CORRIENTES,Urbana,Avenida,AV MAIPU,500,,,-2.748.263,-5.882.633,1,1,0,2,0,Colisión entre vehículos,Colisión entre vehículos,S/D,,Alcance,2,Recta,Intersección / cruce,,NO,,Asfalto,,Apto,Seca,,Ninguna,,,,Si,Si,S/D,Día,NO,Sin Restricción,Despejado,Buena,,Sin Semáforo
76311,OBSERVATORIO VIAL,2020-02-29,12:45:00,CORRIENTES,18,CAPITAL,21,CORRIENTES,Urbana,Avenida,AV VERA,1400,CATAMARCA,,-2.746.127,-5.883.230,2,0,0,2,0,Colisión entre vehículos,Colisión entre vehículos,S/D,,Alcance,2,Recta,Intersección / cruce,,SI,,Asfalto,,Apto,Seca,,Ninguna,,,,No,Si,No,Día,NO,Desvío Provisorio,Despejado,Buena,,Sin Semáforo
74186,OBSERVATORIO VIAL,2020-02-29,22:30:00,CORRIENTES,18,CAPITAL,21,CORRIENTES,Urbana,Calle,PARAGUAY,1900,LAVALLE,,-2.747.790,-5.882.762,1,1,0,2,0,Colisión entre vehículos,Colisión entre vehículos,S/D,,,2,Recta,Intersección / cruce,,NO,,Asfalto,,Apto,Seca,,Ninguna,,,,No,No,No,Noche,SI,Sin Restricción,Despejado,Buena,,Sin Semáforo
75165,OBSERVATORIO VIAL,2020-02-29,13:40:00,CORRIENTES,18,CAPITAL,21,CORRIENTES,Urbana,Avenida,AV FERRE,1700,ROCA,,-2.747.730,-5.882.368,3,2,0,3,0,Colisión entre vehículos,Colisión entre vehículos,S/D,,,3,Recta,Intersección / cruce,,NO,,Hormigón,,Apto,Seca,,Ninguna,,,,Si,Si,No,Día,NO,Sin Restricción,Despejado,Buena,,Funciona
79463,OBSERVATORIO VIAL,2020-02-27,11:00:00,CORRIENTES,18,CAPITAL,21,CORRIENTES,Urbana,Avenida,AV R.R.ALFONSIN,3046,,,,,2,0,0,2,0,Colisión entre vehículos,Colisión entre vehículos,S/D,,,2,Recta,Intersección / cruce,,NO,,,,Apto,Seca,,Ninguna,,,,Si,S/D,S/D,Día,NO,Sin Restricción,Despejado,Buena,,
86425,OBSERVATORIO VIAL,2020-02-26,8:25:00,CORRIENTES,18,CAPITAL,21,CORRIENTES,Urbana,Calle,LUIS BRAILE,4800,SAENZ,,-2.748.100,-5.879.330,2,1,0,3,0,Colisión entre vehículos,Colisión entre vehículos,S/D,,Angulo,3,Recta,Intersección / cruce,,NO,,Asfalto,,Apto,Seca,,Ninguna,,,,S/D,S/D,S/D,Día,NO,Sin Restricción,Despejado,Buena,,Sin Semáforo
87714,OBSERVATORIO VIAL,2020-02-26,23:00:00,CORRIENTES,18,CAPITAL,21,CORRIENTES,Urbana,Calle,AV INDEPENDENCIA,1500,MEDRANO,,-2.748.171,-5.879.839,2,0,0,2,0,Colisión entre vehículos,Colisión entre vehículos,S/D,,Alcance,2,Recta,Intersección / cruce,,NO,,Hormigón,,Apto,Seca,,Cordón Divisorio,,,,Si,No,No,Noche,SI,Sin Restricción,Nublado,Buena,,Funciona
74043,OBSERVATORIO VIAL,2020-02-26,6:45:00,CORRIENTES,18,CAPITAL,21,CORRIENTES,Urbana,Calle,AYACUCHO,2950,ESTADOS UNIDOS,,-2.747.094,-5.881.356,0,2,0,2,0,Colisión entre vehículos,Colisión entre vehículos,S/D,,,2,Recta,Intersección / cruce,,NO,,Asfalto,,Apto,Seca,,Ninguna,,,,No,,,Día,NO,Sin Restricción,Despejado,Buena,,Sin Semáforo
81279,OBSERVATORIO VIAL,2020-02-24,17:20:00,CORRIENTES,18,CAPITAL,21,CORRIENTES,Urbana,Calle,SAN JUAN,1060,,,-2.746.931,-5.883.694,1,0,0,1,0,"Caída desde vehículo, Colisión entre vehículos",Colisión entre vehículos,S/D,,,1,Recta,,RECTA,NO,,Hormigón,,Apto,Seca,,Ninguna,,,,Si,Si,No,Atardecer,NO,Sin Restricción,Despejado,Buena,,Sin Semáforo
80316,OBSERVATORIO VIAL,2020-02-24,7:40:00,CORRIENTES,18,CAPITAL,21,CORRIENTES,Urbana,Avenida,AV SARMIENTO,3500,RAFAELA,,-2.749.629,-5.883.240,2,0,0,2,0,Colisión entre vehículos,Colisión entre vehículos,S/D,,,2,Recta,Intersección / cruce,,NO,,Asfalto,,Apto,Seca,,Cordón Divisorio,,,,No,No,No,Día,NO,Sin Restricción,Despejado,Buena,,Sin Semáforo
84771,OBSERVATORIO VIAL,2020-02-23,15:20:00,CORRIENTES,18,CAPITAL,21,CORRIENTES,Urbana,Avenida,AV MAIPU,3400,ALTA GRACIA,,-2.750.771,-5.881.056,2,0,0,2,0,Colisión entre vehículos,Colisión entre vehículos,S/D,,Lateral,2,Recta,Intersección / cruce,,NO,,Asfalto,,Apto,Seca,,Ninguna,,,,Si,S/D,S/D,Día,SI,Sin Restricción,Despejado,Buena,,Funciona
85003,OBSERVATORIO VIAL,2020-02-23,7:35:00,CORRIENTES,18,CAPITAL,21,CORRIENTES,Urbana,Avenida,AV C.CORRRENTINO,5000,AV. MILAN,,,,2,0,0,2,0,Colisión entre vehículos,Colisión entre vehículos,S/D,,,2,Recta,Intersección / cruce,,NO,,Asfalto,,Apto,Seca,,Cordón Divisorio,,,,Si,No,No,Día,SI,Sin Restricción,Despejado,Buena,,Funciona
87715,OBSERVATORIO VIAL,2020-02-22,11:00:00,CORRIENTES,18,CAPITAL,21,CORRIENTES,Urbana,Avenida,AV MAIPU,400,GENERAL PAZ,,-2.747.931,-5.882.881,1,1,0,2,0,Colisión entre vehículos,Colisión entre vehículos,S/D,,,2,Recta,Intersección / cruce,,NO,,,,Apto,Seca,,Cordón Divisorio,,,,S/D,S/D,S/D,Día,NO,Sin Restricción,Despejado,Buena,,Sin Semáforo
75804,OBSERVATORIO VIAL,2020-02-20,13:45:00,CORRIENTES,18,CAPITAL,21,CORRIENTES,Urbana,Calle,9 DE julio,600,TUCUMAN,,-2.746.607,-5.884.158,1,1,0,2,0,Colisión entre vehículos,Colisión entre vehículos,S/D,,,2,Recta,Intersección / cruce,,NO,,Asfalto,,Apto,Mojada,,Ninguna,,,,Si,S/D,S/D,Día,NO,Sin Restricción,Lluvia,Buena,,Sin Semáforo
86426,OBSERVATORIO VIAL,2020-02-19,8:21:00,CORRIENTES,18,CAPITAL,21,CORRIENTES,Urbana,Avenida,AV ARMENIA,4780,,,-2.746.696,-5.879.072,2,0,0,2,0,Colisión entre vehículos,Colisión entre vehículos,S/D,,Alcance,2,Recta,Intersección / cruce,,NO,,Asfalto,,Apto,Seca,,Ninguna,,,,S/D,S/D,S/D,Día,NO,Sin Restricción,Despejado,Buena,,Sin Semáforo
87736,OBSERVATORIO VIAL,2020-02-19,22:30:00,CORRIENTES,18,CAPITAL,21,CORRIENTES,Urbana,Avenida,AV CANGALLO,4900,RENACIMIENTO,,-2.750.873,-5.879.427,0,2,0,2,0,Colisión entre vehículos,Colisión entre vehículos,S/D,,Alcance,2,Recta,Intersección / cruce,,NO,,Hormigón,,Apto,Seca,,Ninguna,,,,No,No,No,Noche,SI,Sin Restricción,Despejado,Buena,,Sin Semáforo
86062,OBSERVATORIO VIAL,2020-02-17,8:37:00,CORRIENTES,18,CAPITAL,21,CORRIENTES,Urbana,Avenida,AV ARMENIA,3900,BRAILE,,-2.746.878,-5.880.176,1,0,0,1,0,Caída desde vehículo,Caída desde vehículo,S/D,,,1,Recta,Intersección / cruce,,NO,,Asfalto,,Apto,Seca,,Ninguna,,,,S/D,S/D,S/D,Día,NO,Sin Restricción,"Lluvia, Viento",Buena,,Sin Semáforo
74191,OBSERVATORIO VIAL,2020-02-17,12:15:00,CORRIENTES,18,CAPITAL,21,CORRIENTES,Urbana,Calle,RECONQUISTA,2600,MATEU,,-2.748.901,-5.881.516,1,1,0,2,0,Colisión entre vehículos,Colisión entre vehículos,S/D,,,2,Recta,Intersección / cruce,,NO,,Ripio,,Apto,Seca,,Ninguna,,,,No,,,Día,SI,Sin Restricción,Despejado,Buena,,Sin Semáforo
75449,OBSERVATORIO VIAL,2020-02-17,7:20:00,CORRIENTES,18,CAPITAL,21,CORRIENTES,Urbana,Avenida,AV MAIPU,7045,,,-2.752.656,-5.879.559,0,2,0,2,0,Colisión entre vehículos,Colisión entre vehículos,S/D,,,2,Recta,Intersección / cruce,,NO,,Hormigón,,Apto,Seca,,Ninguna,,,,Si,S/D,S/D,Día,NO,Sin Restricción,Despejado,Buena,,Sin Semáforo
81041,OBSERVATORIO VIAL,2020-02-13,18:38:00,CORRIENTES,18,CAPITAL,21,CORRIENTES,Urbana,Avenida,AV RIO CHICO,5100,CALLE UNNE,,-2.746.134,-5.878.494,1,1,0,2,0,Colisión entre vehículos,Colisión entre vehículos,S/D,,,2,Recta,Intersección / cruce,,NO,,Asfalto,,Apto,Seca,,,,,,S/D,S/D,S/D,Noche,SI,Sin Restricción,Despejado,Buena,,Sin Semáforo
76029,OBSERVATORIO VIAL,2020-02-13,13:33:00,CORRIENTES,18,CAPITAL,21,CORRIENTES,Urbana,Avenida,AV MAIPU,800,MADARIAGA,,-2.748.507,-5.882.417,0,1,0,1,0,"Caída desde vehículo, Colisión entre vehículos",Colisión entre vehículos,S/D,,,1,Recta,Intersección / cruce,,NO,,Asfalto,,Apto,Seca,,Ninguna,,,,S/D,S/D,S/D,Día,SI,Sin Restricción,Despejado,Buena,,Sin Semáforo
76789,OBSERVATORIO VIAL,2020-02-12,17:10:00,CORRIENTES,18,CAPITAL,21,CORRIENTES,Urbana,Calle,BRASIL,1000,H. YRIGOYEN,,-2.746.988,-5.882.419,2,0,0,2,0,Colisión entre vehículos,Colisión entre vehículos,S/D,,,2,Recta,Intersección / cruce,,NO,,Asfalto,,Apto,Seca,,Ninguna,,,,No,No,Si,Día,NO,Sin Restricción,Despejado,,,Sin Semáforo
81411,OBSERVATORIO VIAL,2020-02-08,19:15:00,CORRIENTES,18,CAPITAL,21,CORRIENTES,Urbana,Calle,MEDRANO,2800,SAN FRANCISCO,,-2.749.311,-5.879.929,1,1,0,2,0,Colisión entre vehículos,Colisión entre vehículos,S/D,,,2,Recta,Intersección / cruce,,NO,,Asfalto,,Apto,Seca,,,,,,No,No,No,Noche,SI,Sin Restricción,Despejado,Buena,,Sin Semáforo
84676,OBSERVATORIO VIAL,2020-02-04,12:40:00,CORRIENTES,18,CAPITAL,21,CORRIENTES,Urbana,Avenida,AV AYACUCHO,2900,ESTADOS UNIDOS,,-2.747.086,-5.881.410,2,0,0,2,0,Colisión entre vehículos,Colisión entre vehículos,S/D,,,2,Recta,Intersección / cruce,,NO,,Asfalto,,Apto,Seca,,Ninguna,,,,S/D,S/D,S/D,Día,NO,Sin Restricción,Despejado,Buena,,Sin Semáforo
74780,OBSERVATORIO VIAL,2020-02-03,10:00:00,CORRIENTES,18,CAPITAL,21,CORRIENTES,Urbana,Calle,SAN MARTIN,300,CHACO,,-2.746.905,-5.884.690,2,0,0,2,0,Colisión entre vehículos,Colisión entre vehículos,S/D,,Angulo,2,Recta,Intersección / cruce,,NO,,Hormigón,,Apto,Seca,,Ninguna,,,,No,No,No,Día,NO,Sin Restricción,Despejado,Buena,,Sin Semáforo
85549,OBSERVATORIO VIAL,2020-02-03,18:45:00,CORRIENTES,18,CAPITAL,21,CORRIENTES,Urbana,Calle,BELGRANO,700,TUCUMAN,,0,0,1,1,0,2,0,Colisión entre vehículos,Colisión entre vehículos,S/D,,Angulo,2,Recta,Intersección / cruce,,NO,,Asfalto,,Apto,"Despejada, Seca",,Ninguna,,,,S/D,S/D,S/D,Día,NO,Sin Restricción,Despejado,Buena,,Sin Semáforo
80331,OBSERVATORIO VIAL,2020-02-02,14:48:00,CORRIENTES,18,CAPITAL,21,CORRIENTES,Urbana,Calle,ESTADOS UNIDOS,900,JUNIN,,-2.746.963,-5.881.334,0,1,0,2,0,Colisión entre vehículos,Colisión entre vehículos,S/D,,,2,Recta,Intersección / cruce,,NO,,Hormigón,,Apto,Seca,,Ninguna,,,,No,No,No,Día,NO,Sin Restricción,Despejado,Buena,,Sin Semáforo
75470,OBSERVATORIO VIAL,2020-01-30,11:40:00,CORRIENTES,18,CAPITAL,21,CORRIENTES,Urbana,Avenida,CORDOBA E,1000,H YRIGOYEN,,-2.746.889,-5.883.449,0,1,0,1,0,"Caída desde vehículo, Colisión entre vehículos",Colisión entre vehículos,S/D,,,1,Recta,Intersección / cruce,,NO,,Hormigón,,,Seca,,Ninguna,,,,S/D,S/D,S/D,Día,NO,Sin Restricción,Despejado,Buena,,Sin Semáforo
79700,OBSERVATORIO VIAL,2020-01-28,21:27:00,CORRIENTES,18,CAPITAL,21,CORRIENTES,Urbana,Avenida,AV C. CORRENTINO,4100,,,-2.748.703,-5.880.297,2,0,0,2,0,Colisión entre vehículos,Colisión entre vehículos,S/D,,,2,Recta,Intersección / cruce,,NO,,Asfalto,,Apto,Seca,,Cordón Divisorio,,,,S/D,S/D,S/D,Noche,SI,Sin Restricción,Despejado,Buena,,Sin Semáforo
88064,OBSERVATORIO VIAL,2020-01-26,11:10:00,CORRIENTES,18,CAPITAL,21,CORRIENTES,Urbana,Avenida,AV INDEPENDENCIA,3000,,,-2.747.840,-5.881.465,3,0,0,3,0,Colisión entre vehículos,Colisión entre vehículos,S/D,,Alcance,3,Recta,Intersección / cruce,,NO,,Asfalto,,Apto,Seca,,Cordón Divisorio,,,,S/D,S/D,S/D,Día,NO,Sin Restricción,Despejado,Buena,,Sin Semáforo
76111,OBSERVATORIO VIAL,2020-01-26,13:30:00,CORRIENTES,18,CAPITAL,21,CORRIENTES,Urbana,Calle,M. MORENA,1400,BRASIL,,-2.747.437,-5.882.473,2,0,0,2,0,Colisión entre vehículos,Colisión entre vehículos,S/D,,,2,Recta,Intersección / cruce,,NO,,Asfalto,,Apto,Seca,,Ninguna,,,,No,No,No,Día,NO,Sin Restricción,Despejado,,,Sin Semáforo
74035,OBSERVATORIO VIAL,2020-01-25,12:00:00,CORRIENTES,18,CAPITAL,21,CORRIENTES,Urbana,Calle,9 DE julio,1700,ESPAÑA,,-2.746.704,-5.882.913,2,0,0,2,0,Colisión entre vehículos,Colisión entre vehículos,S/D,,Angulo,2,Recta,Intersección / cruce,,NO,,Asfalto,,Apto,Seca,,Ninguna,,,,S/D,S/D,S/D,Día,NO,Sin Restricción,Despejado,Buena,,Sin Semáforo
74184,OBSERVATORIO VIAL,2020-01-25,6:00:00,CORRIENTES,18,CAPITAL,21,CORRIENTES,Urbana,Avenida,AV MAIPU,3100,TILCARA,,-2.750.210,-5.881.275,2,0,0,2,0,Colisión entre vehículos,Colisión entre vehículos,S/D,,,2,Recta,Intersección / cruce,,NO,,Hormigón,,Apto,Seca,,Ninguna,,,,Si,,,Amanecer,NO,Sin Restricción,Despejado,Buena,,Sin Semáforo
80977,OBSERVATORIO VIAL,2020-01-24,20:30:00,CORRIENTES,18,CAPITAL,21,CORRIENTES,Urbana,Avenida,AV MAIPU,3900,TILCARA,,-2.750.209,-5.881.276,2,0,0,2,0,Colisión entre vehículos,Colisión entre vehículos,S/D,,,2,Recta,Intersección / cruce,,NO,,Asfalto,,Apto,Seca,,Ninguna,,,,Si,No,No,Noche,SI,Sin Restricción,Despejado,Buena,,Funciona
85432,OBSERVATORIO VIAL,2020-01-23,8:40:00,CORRIENTES,18,CAPITAL,21,CORRIENTES,Urbana,Avenida,AV ARMENIA,3600,19 DE mayo,,-2.746.786,-5.880.504,2,0,0,2,0,Colisión entre vehículos,Colisión entre vehículos,S/D,,,2,Curva,Intersección / cruce,,NO,,Asfalto,,,Seca,,Ninguna,,,,Si,No,No,Día,NO,Sin Restricción,Despejado,Buena,,Sin Semáforo
87209,OBSERVATORIO VIAL,2020-01-22,21:05:00,CORRIENTES,18,CAPITAL,21,CORRIENTES,Urbana,Avenida,AV.C.CORRENTINO,5350,PERITO MORENO,,-2.748.984,-5.878.695,2,2,0,2,0,Colisión entre vehículos,Colisión entre vehículos,S/D,,,2,Recta,Intersección / cruce,,NO,,Asfalto,,Apto,Seca,,Cordón Divisorio,,,,S/D,S/D,S/D,Noche,SI,Sin Restricción,Despejado,Buena,,Sin Semáforo
71311,OBSERVATORIO VIAL,2020-01-22,6:00:00,CORRIENTES,18,CAPITAL,21,CORRIENTES,Rural,Ruta Nacional,12,1032,LILA SOTO,,-2.746.867,-5.877.765,1,1,0,2,0,Colisión entre vehículos,Colisión entre vehículos,S/D,,Angulo,2,Recta,Intersección / cruce,,,,,,Apto,Seca,Corrientes,Ninguna,,,,,,,,NO,,Despejado,Buena,,
80323,OBSERVATORIO VIAL,2020-01-22,14:10:00,CORRIENTES,18,CAPITAL,21,CORRIENTES,Urbana,Avenida,MEDRANO,4300,CUBA,,-2.750.478,-5.879.784,1,1,0,2,0,Colisión entre vehículos,Colisión entre vehículos,S/D,,,2,Recta,Intersección / cruce,,NO,,Asfalto,,Apto,Seca,,Ninguna,,,,S/D,S/D,Si,Día,NO,Sin Restricción,Despejado,Buena,,Funciona
79829,OBSERVATORIO VIAL,2020-01-20,18:45:00,CORRIENTES,18,CAPITAL,21,CORRIENTES,Urbana,Calle,ROCA,1500,RIVADAVIA,,-2.747.568,-5.882.351,2,0,0,2,0,Colisión entre vehículos,Colisión entre vehículos,S/D,,,2,Recta,Intersección / cruce,,NO,,Asfalto,,Apto,Seca,,,,,,No,No,No,Noche,SI,Sin Restricción,Despejado,Buena,,Sin Semáforo
72082,OBS VIAL,2020-01-20,21:30:00,CORRIENTES,18,CAPITAL,21,CORRIENTES,Urbana,Avenida,AV INDEPENDENCIA,5195,SANCHE DE BUSTAMANTE,,-2.748.389,-5.878.823,4,0,0,4,0,Colisión entre vehículos,Colisión entre vehículos,S/D,,Alcance,4,Recta,Intersección / cruce,,,,Hormigón,,Apto,Seca,,Cordón Divisorio,,,,,,,,SI,,Despejado,Buena,,Funciona
81343,OBSERVATORIO VIAL,2020-01-20,18:26:00,CORRIENTES,18,CAPITAL,21,CORRIENTES,Urbana,Calle,LAMADRID,3100,,,-2.748.440,-5.881.440,1,1,0,2,0,Colisión entre vehículos,Colisión entre vehículos,S/D,,Angulo,2,Recta,,,NO,,Asfalto,,Apto,Seca,,,,,,S/D,S/D,S/D,Atardecer,SI,Sin Restricción,Despejado,Buena,,Sin Semáforo
86138,OBSERVATORIO VIAL,2020-01-18,19:00:00,CORRIENTES,18,CAPITAL,21,CORRIENTES,Urbana,Calle,SAN MARTIN,1300,CORDOBA,,-2.746.999,-5.883.466,1,1,0,2,0,Colisión entre vehículos,Colisión entre vehículos,S/D,,Lateral,2,Recta,Intersección / cruce,,NO,,Asfalto,,Apto,Seca,,Ninguna,,,,Si,S/D,S/D,Atardecer,NO,Sin Restricción,Despejado,Buena,,Sin Semáforo
71371,Corrientes,2020-01-17,5:00:00,CORRIENTES,18,CAPITAL,21,CORRIENTES,Urbana,Avenida,Av.  Pedro Ferre,2300,VELEZ SARFIELD,,-2.747.757,-5.882.125,1,1,0,2,0,Colisión entre vehículos,Colisión entre vehículos,S/D,,Lateral,2,Recta,Intersección / cruce,,,,Hormigón,,Apto,Seca,Corrientes,Cordón Divisorio,,,,,,,,SI,Sin Restricción,Despejado,Buena,,
74002,OBSERVATORIO VIAL,2020-01-16,17:58:00,CORRIENTES,18,CAPITAL,21,CORRIENTES,Urbana,Calle,HIPOLITO YRIGOYEN,800,BUENOS AIRES,,-2.746.830,-5.884.058,5,0,0,2,0,Colisión entre vehículos,Colisión entre vehículos,S/D,,,2,Recta,Intersección / cruce,,NO,,Asfalto,,Apto,Seca,,Ninguna,,,,Si,Si,No,Día,NO,Sin Restricción,Despejado,Buena,,Sin Semáforo
84266,OBSERVATORIO VIAL,2020-01-15,9:00:00,CORRIENTES,18,CAPITAL,21,CORRIENTES,Urbana,Avenida,AV R.R. ALFONSIN,4900,,,-2.747.639,-5.879.003,1,1,0,2,0,Colisión entre vehículos,Colisión entre vehículos,S/D,,,2,Recta,Intersección / cruce,,NO,,Asfalto,,Apto,Seca,,Ninguna,,,,Si,S/D,S/D,Día,NO,Sin Restricción,Despejado,Buena,,Funciona
91664,OBSERVATORIO VIAL,2020-01-14,6:30:00,CORRIENTES,18,CAPITAL,21,CORRIENTES,Urbana,Avenida,AV MAIPU,1600,,,-2.749.312,-5.881.883,0,1,0,1,0,Colisión entre vehículos,Colisión entre vehículos,S/D,,,1,Recta,Rotonda,,NO,,Asfalto,,Apto,Seca,,Ninguna,,,,Si,No,S/D,Día,NO,Sin Restricción,,Buena,,Sin Semáforo
79450,OBSERVATORIO VIAL,2020-01-10,6:33:00,CORRIENTES,18,CAPITAL,21,CORRIENTES,Urbana,Avenida,AV R.R.ALFONSIN,4400,MEDRANO,,-2.747.521,-5.879.725,1,1,0,1,0,Colisión entre vehículos,Colisión entre vehículos,S/D,,,1,Recta,Intersección / cruce,,NO,,Asfalto,,Apto,Seca,,Otro,,,,No,No,No,Noche,SI,Sin Restricción,Despejado,Buena,,Sin Semáforo
76788,OBSERVATORIO VIAL,2020-01-10,12:10:00,CORRIENTES,18,CAPITAL,21,CORRIENTES,Urbana,Avenida,AV 3 DE ABRIL,2360,,,-2.747.743,-5.882.195,2,0,0,2,0,Colisión entre vehículos,Colisión entre vehículos,S/D,,Angulo,2,Recta,Intersección / cruce,,NO,,Asfalto,,Apto,Seca,,Ninguna,,,,Si,S/D,S/D,Día,NO,Sin Restricción,Despejado,Buena,,Funciona
85543,OBSERVATORIO VIAL,2020-01-09,10:21:00,CORRIENTES,18,CAPITAL,21,CORRIENTES,Urbana,Avenida,AV MAIPU,1800,LYON,,-2.749.482,-5.881.753,1,1,0,2,0,Colisión entre vehículos,Colisión entre vehículos,S/D,,,2,Recta,Intersección / cruce,,NO,,Asfalto,,Apto,"Despejada, Seca",,Ninguna,,,,S/D,S/D,S/D,Día,NO,Sin Restricción,Despejado,Buena,,Funciona
74012,OBSERVATORIO VIAL,2020-01-08,6:20:00,CORRIENTES,18,CAPITAL,21,CORRIENTES,Urbana,Calle,NUESTRA SEÑORA E ASUNCION,2500,,,-2.749.164,-5.882.082,0,2,0,1,0,"Caída desde vehículo, Colisión entre vehículos",Colisión entre vehículos,S/D,,,1,Recta,Intersección / cruce,,NO,,Asfalto,,Apto,Seca,,Ninguna,,,,No,No,No,Amanecer,SI,Sin Restricción,,Buena,,Sin Semáforo
81275,OBSERVATORIO VIAL,2020-01-08,15:50:00,CORRIENTES,18,CAPITAL,21,CORRIENTES,Urbana,Avenida,AV LIBERTAD,6400,RUTA NACIONAL 12,,-2.746.210,-5.876.898,0,2,0,2,0,Choque,Choque,S/D,,,2,Recta,Intersección / cruce,,NO,,Asfalto,,Apto,Seca,,Ninguna,,,,S/D,S/D,S/D,Atardecer,NO,Sin Restricción,Despejado,Buena,,Sin Semáforo
85438,OBSERVATORIO VIAL,2020-01-08,21:50:00,CORRIENTES,18,CAPITAL,21,CORRIENTES,Urbana,Avenida,AV SARMIENTO,2600,Y PATAGONIA,,-2.749.071,-5.883.122,1,1,0,2,0,"Caída desde vehículo, Colisión entre vehículos",Colisión entre vehículos,S/D,,,2,Recta,Intersección / cruce,,NO,,Asfalto,,Apto,Seca,,Cordón Divisorio,,,,Si,Si,No,Noche,SI,Sin Restricción,Despejado,Buena,,Funciona
91678,OBSERVATORIO VIAL,2020-01-08,11:10:00,CORRIENTES,18,CAPITAL,21,CORRIENTES,Urbana,Ruta Provincial,RUTA PROVINCIAL Nª 5,2  1/2,FRENTE A BJB,,-2.748.973,-5.875.857,1,1,0,2,0,Colisión entre vehículos,Colisión entre vehículos,S/D,,,2,Recta,,RECTA,NO,,Asfalto,,Apto,Seca,,Barrera de Hormigón,,,,No,Si,No,Día,NO,Sin Restricción,Despejado,Buena,,Sin Semáforo
74890,OBSERVATORIO VIAL,2020-01-08,7:00:00,CORRIENTES,18,CAPITAL,21,CORRIENTES,Urbana,Avenida,AV.C.CORRENTINO,4400,MEDRANO,,-2.748.758,-5.879.941,0,1,0,2,0,Colisión entre vehículos,Colisión entre vehículos,S/D,,,2,Recta,Intersección / cruce,,NO,,Asfalto,,Apto,Mojada,,Ninguna,,,,S/D,Si,S/D,Amanecer,SI,Sin Restricción,Nublado,Buena,,Sin Semáforo
74108,OBSERVATORIO VIAL,2020-01-08,9:00:00,CORRIENTES,18,CAPITAL,21,CORRIENTES,Urbana,Avenida,AV ARMEIA,2650,MEXICO,COLOMBIA,-2.746.749,-5.881.437,2,0,0,2,0,Colisión entre vehículos,Colisión entre vehículos,S/D,,Lateral,2,Recta,Intersección / cruce,,NO,,Asfalto,,Apto,Seca,,Ninguna,,,,S/D,S/D,S/D,Día,NO,Sin Restricción,Despejado,Buena,,Sin Semáforo
74784,OBSERVATORIO VIAL,2020-01-08,16:55:00,CORRIENTES,18,CAPITAL,21,CORRIENTES,Urbana,Calle,H. YRIGOYEN,2400,V.SARSFIEL,,-2.747.022,-5.882.041,1,1,0,2,0,Choque,Choque,S/D,,,2,Recta,Intersección / cruce,,NO,,Hormigón,,Apto,Mojada,,Ninguna,,,,No,No,No,Día,NO,Sin Restricción,Lluvia,Buena,,Sin Semáforo
90041,OBSERVATORIO VIA,2020-01-07,11:35:00,CORRIENTES,18,CAPITAL,21,CORRIENTES,Urbana,Calle,JUNIN,700,,,-2.746.722,-5.884.165,1,0,0,1,0,"Caída desde vehículo, Colisión entre vehículos",Colisión entre vehículos,S/D,,,1,Recta,Intersección / cruce,,NO,,Asfalto,,Apto,Seca,,Ninguna,,,,Si,Si,No,Día,NO,Sin Restricción,Despejado,,,Sin Semáforo
74033,OBSERVATORIO VIAL,2020-01-07,12:15:00,CORRIENTES,18,CAPITAL,21,CORRIENTES,Urbana,Avenida,AV.R.R.ALFONSIN,4500,,,-2.747.557,-5.879.566,3,1,0,2,0,Colisión entre vehículos,Colisión entre vehículos,S/D,,,2,Recta,Intersección / cruce,,SI,,Hormigón,,Apto,"Despejada, Seca",,Cordón Divisorio,,,,S/D,S/D,S/D,Día,NO,Sin Restricción,Despejado,Buena,,Sin Semáforo
87513,OBSERVATORIO VIAL,2020-01-06,8:33:00,CORRIENTES,18,CAPITAL,21,CORRIENTES,Urbana,Avenida,AV INDEPENDENCIA,4400,MEDRANO,,-2.748.171,-5.879.839,1,0,0,1,0,"Caída desde vehículo, Colisión entre vehículos",Colisión entre vehículos,S/D,,,1,Recta,Intersección / cruce,,NO,,Asfalto,,Apto,Seca,,,,,,Si,Si,,Día,NO,Sin Restricción,Despejado,Buena,,Funciona
81359,OBSERVATORIO VIAL,2020-01-04,20:50:00,CORRIENTES,18,CAPITAL,21,CORRIENTES,Urbana,Avenida,AV IBERA,1700,AV SARMIENO,,-2.749.839,-5.883.283,2,0,0,2,0,Colisión entre vehículos,Colisión entre vehículos,S/D,,Lateral,2,Curva,Intersección / cruce,,NO,,Asfalto,,Apto,Despejada,,Ninguna,,,,S/D,S/D,S/D,Noche,SI,Sin Restricción,Despejado,Buena,,Sin Semáforo
90039,OBSERVATORIO VIAL,2020-01-03,7:00:00,CORRIENTES,18,CAPITAL,21,CORRIENTES,Urbana,Avenida,AV 3 DE ABRIL,1300,CORDOBA,,-2.747.603,-5.883.533,2,1,0,2,0,Colisión entre vehículos,Colisión entre vehículos,S/D,,,2,Recta,Intersección / cruce,,NO,,Asfalto,,,Seca,,Cordón Divisorio,,,,Si,Si,No,Día,NO,Sin Restricción,Despejado,Buena,,Funciona
73999,OBSERVATORIO VIAL,2020-01-03,13:35:00,CORRIENTES,18,CAPITAL,21,CORRIENTES,Urbana,Avenida,AV FERRE,2200,ROCA,,-2.747.730,-5.882.368,1,2,0,2,0,Colisión entre vehículos,Colisión entre vehículos,S/D,,Alcance,2,Recta,Intersección / cruce,,NO,,Asfalto,,Apto,Seca,,,,,,Si,S/D,S/D,Día,NO,Sin Restricción,Despejado,Buena,,Funciona