id_feu,unidad_regional,siniestro_fecha,siniestro_hora,provincia,id_provincia,departamento,id_departamento,localidad,zona_ocurrencia,via_publica,nombre_via,altura_km,entre_calle_1,entre_calle_2,latitud,longitud,ilesos,heridos,fallecidos,vehiculos,peatones,tipo_siniestro_multiple,tipo_siniestro_unico,despiste_previo,tipo_siniestro_otro,tipo_colision,cantidad_de_involucrados,trazado_via,configuracion_de_la_via,configuracion_de_la_via_otro_tipo,pendiente_declive,cono_de_vision,material_de_la_calzada,material_de_la_calzada_otro,estado_de_la_calzada,estado_fisico_ambiental,estado_de_conservacion_otro,division_fisica_de_la_via,division_fisica_de_la_via_otro,barreras_de_seguridad,banquinas,senalizacion_carteleria,senalizacion_horizontal,senalizacion_transitoria,luminosidad,luz_artificial,transito_restringido,estado_ambiental,visibilidad,visibilidad_otro,semaforo
148183,OBSERVATORIO VIAL,2022-12-28,10:17:00,CORRIENTES,18,CAPITAL,21,,Urbana,,SAN JUAN,640,,,,,1,2,0,2,0,Colisión entre vehículos,Colisión entre vehículos,S/D,,Alcance,2,Recta,Intersección / cruce,,NO,,Asfalto,,Apto,,,Ninguna,,,,S/D,S/D,S/D,Día,NO,Sin Restricción,Despejado,Buena,,Sin Semáforo
142693,OBSERVATORIO VIAL,2022-12-25,22:00:00,CORRIENTES,18,CAPITAL,21,CORRIENTES,Urbana,Avenida,AV PASANDU,2700,CONCORDIA,,,,0,0,1,1,0,Despiste,Despiste,Si,,,1,Recta,,SOBRE AVENIDA,NO,,Asfalto,,Apto,"Despejada, Seca",,Cordón Divisorio,,,,No,No,No,Noche,SI,Sin Restricción,Despejado,Buena,,Sin Semáforo
151168,OBSERVATORIO VIAL,2022-12-24,12:50:00,CORRIENTES,18,CAPITAL,21,CORRIENTES,Urbana,Avenida,AV PAYSANDU,3800,IBERA,,,,2,0,0,2,0,Colisión entre vehículos,Colisión entre vehículos,S/D,,Rozamiento,2,Recta,Intersección / cruce,,NO,,Asfalto,,Apto,"Despejada, Seca",,Cordón Divisorio,,,,Si,Si,No,Día,NO,Sin Restricción,Despejado,Buena,,Funciona
151207,OBSERVATORIO VIAL,2022-12-24,17:25:00,CORRIENTES,18,CAPITAL,21,CORRIENTES,Urbana,Avenida,SANTA CATALINA,6000,ALTA GRACIA,,-2.750.910,-5.882.218,2,1,0,2,0,Colisión entre vehículos,Colisión entre vehículos,S/D,,Angulo,2,Recta,Intersección / cruce,,NO,,Asfalto,,Apto,Seca,,Ninguna,,,,No,No,No,Día,NO,Sin Restricción,Despejado,Buena,,Sin Semáforo
164602,OBSERVATORIO VIAL,2022-12-22,18:05:00,CORRIENTES,18,CAPITAL,21,CORRIENTES,Urbana,Calle,TACUARI,3400,,,,,0,1,0,1,0,Despiste,Despiste,Si,,,1,Recta,Intersección / cruce,,NO,,Asfalto,,Apto,"Despejada, Seca",,Ninguna,,,,Si,No,No,Día,NO,Sin Restricción,Despejado,Buena,,Sin Semáforo
152105,OBSERVATORIO VIAL,2022-12-21,18:58:00,CORRIENTES,18,CAPITAL,21,,Urbana,Ruta Nacional,12,,CUBA,,,,3,0,0,3,0,Colisión entre vehículos,Colisión entre vehículos,S/D,,Alcance,3,Recta,,,NO,,Asfalto,,,Seca,,Ninguna,,,,S/D,S/D,S/D,Atardecer,SI,Sin Restricción,Despejado,Buena,,Funciona
175468,OBSERVATORIO VIAL,2022-12-20,11:30:00,CORRIENTES,18,CAPITAL,21,CORRIENTES,Urbana,Calle,JUJUY,1800,3 DE abril,,,,1,1,0,2,0,Colisión entre vehículos,Colisión entre vehículos,,,Alcance,2,,Intersección / cruce,,,S/D,Asfalto,,Apto,Seca,,S/D,,S/D,,,S/D,S/D,Día,,,Despejado,,,S/D
133417,DIREC. DE SEG VIAL,2022-12-20,7:00:00,CORRIENTES,18,CAPITAL,21,CORRIENTES,Urbana,Avenida,AV. INDEPENDENCIA,,"J,J. CASTELLI",,,,2,0,0,2,0,Colisión entre vehículos,Colisión entre vehículos,S/D,,,2,Recta,Intersección / cruce,,NO,,Asfalto,,Apto,Seca,,,,,,Si,Si,No,Día,NO,Sin Restricción,Despejado,Buena,,Funciona
151197,OBSERVATORIO VIAL,2022-12-19,9:50:00,CORRIENTES,18,CAPITAL,21,CORRIENTES,Urbana,Ruta Nacional,12,KM7,,,,,1,1,0,2,0,Colisión entre vehículos,Colisión entre vehículos,S/D,,,2,Recta,Intersección / cruce,,,,Asfalto,,Apto,Seca,,Barrera de Hormigón,,,,S/D,S/D,S/D,Día,NO,Sin Restricción,Despejado,Buena,,Sin Semáforo
136376,MUNICIPALIDAD DE CORRIENTES,2022-12-19,9:14:00,CORRIENTES,18,CAPITAL,21,CORRIENTES,Urbana,Calle,MEDRANO,2300,LARREA,,,,1,1,0,2,0,Colisión entre vehículos,Colisión entre vehículos,S/D,,,2,Recta,Intersección / cruce,,NO,,Asfalto,,Apto,Seca,,Barrera de Hormigón,,,,,,,Día,NO,Sin Restricción,Despejado,Buena,,
166826,MUNICIPALIDAD DE CORRIENTES,2022-12-18,10:35:00,CORRIENTES,18,CAPITAL,21,CORRIENTES,Urbana,Avenida,AVENIDA LIBERTAD,5255,,,-2.747.665,-5.878.859,2,0,0,2,0,Colisión entre vehículos,Colisión entre vehículos,S/D,,Angulo,2,Recta,Intersección / cruce,,NO,,Asfalto,,Apto,Despejada,,Cordón Divisorio,,,,,,,Día,NO,Sin Restricción,Despejado,Buena,,Funciona
158159,OBSERVATORIO VIAL,2022-12-18,21:50:00,CORRIENTES,18,CAPITAL,21,CORRIENTES,Urbana,Avenida,AV CENTENARIO,4000,LOS TILOS,,-2.747.408,-5.880.141,1,1,0,2,0,Colisión entre vehículos,Colisión entre vehículos,S/D,,Lateral,2,Recta,Intersección / cruce,,NO,,Asfalto,,Apto,"Despejada, Seca",,Cordón Divisorio,,,,S/D,S/D,S/D,Noche,SI,Sin Restricción,Despejado,Buena,,Sin Semáforo
151163,OBSERVATORIO VIAL,2022-12-16,10:00:00,CORRIENTES,18,CAPITAL,21,,Urbana,,SAN LORENZO,,H.YRIGOYEN,,,,1,1,0,2,0,Colisión entre vehículos,Colisión entre vehículos,S/D,,Angulo,2,Recta,Intersección / cruce,,NO,,Asfalto,,Apto,Seca,,Ninguna,,,,Si,Si,No,Día,NO,Sin Restricción,Nublado,Buena,,Funciona
174822,OBSERVATORIO VIAL,2022-12-15,11:15:00,CORRIENTES,18,CAPITAL,21,CORRIENTES,Urbana,Calle,RIVADAVIA,2500,ITUZAINGO,,-2.747.603,-5.882.011,1,0,0,2,0,Colisión entre vehículos,Colisión entre vehículos,,,,2,,Intersección / cruce,,,No obstruido,Asfalto,,Apto,Seca,,Ninguna,,Ninguna,,S/D,S/D,No,Día,,,Despejado,,,Sin Semáforo
157799,OBSERVATORIO VIAL,2022-12-15,10:49:00,CORRIENTES,18,CAPITAL,21,CORRIENTES,Urbana,Avenida,AV CHACABUCO,1300,SUIZA,,,,1,0,0,1,0,Choque,Choque,S/D,,Arbol,1,Recta,Intersección / cruce,,,,Asfalto,,Apto,"Despejada, Seca",,Cordón Divisorio,,,,Si,Si,No,Día,NO,Sin Restricción,Despejado,Buena,,Funciona
175505,OBSERVATORIO VIAL,2022-12-15,19:40:00,CORRIENTES,18,CAPITAL,21,CORRIENTES,Urbana,Calle,SAN LUIS,,9 DE julio,,,,1,1,0,2,0,Colisión entre vehículos,Colisión entre vehículos,,,,2,,Intersección / cruce,,,S/D,Asfalto,,Apto,Seca,,,,S/D,,S/D,S/D,S/D,Noche,SI,,Despejado,,,Sin Semáforo
152097,OBSERVATORIO VIAL,2022-12-15,17:20:00,CORRIENTES,18,CAPITAL,21,,Urbana,,CATUEÑO,,ALFONSIN,,,,0,2,0,2,0,Colisión entre vehículos,Colisión entre vehículos,S/D,,Angulo,2,Recta,Intersección / cruce,,NO,,,,Apto,Seca,,Ninguna,,,,S/D,S/D,S/D,Día,NO,Sin Restricción,Despejado,Buena,,
139936,OBSERVATORIO VIAL,2022-12-14,16:50:00,CORRIENTES,18,CAPITAL,21,CORRIENTES,Urbana,Avenida,AV ARMENIA,3400,BENITO LINCH,,,,1,0,0,1,0,Caída desde vehículo,Caída desde vehículo,S/D,,,1,Curva,Intersección / cruce,,NO,,Asfalto,,Apto,Seca,,Ninguna,,,,Si,No,No,Día,NO,Sin Restricción,Despejado,Buena,,Sin Semáforo
153869,OBSERVATORIO VIAL,2022-12-14,7:20:00,CORRIENTES,18,CAPITAL,21,CORRIENTES,Urbana,Avenida,AV. PATAGONIA,2200,AV PAYSANDU,,-2.749.263,-5.882.441,1,2,0,2,0,Colisión entre vehículos,Colisión entre vehículos,S/D,,Angulo,2,Recta,Intersección / cruce,,NO,,Asfalto,,Apto,Seca,,Ninguna,,,,S/D,S/D,S/D,Día,NO,Sin Restricción,Despejado,Buena,,Sin Semáforo
162765,OBSERVATORIO VIAL,2022-12-14,8:40:00,CORRIENTES,18,CAPITAL,21,CORRIENTES,Urbana,Calle,CARLOS PELLEGRINI,1057,,,-2.746.526,-5.883.707,1,1,0,2,0,Colisión entre vehículos,Colisión entre vehículos,S/D,,Lateral,2,Recta,Intersección / cruce,,NO,,Asfalto,,Apto,"Despejada, Seca",,Ninguna,,,,S/D,S/D,S/D,Día,NO,Sin Restricción,Despejado,Buena,,Funciona
148158,OBSERVATORIO VIAL,2022-12-14,10:40:00,CORRIENTES,18,CAPITAL,21,CORRIENTES,Urbana,Avenida,AV. PEDRO FERRE,1720,ESPAÑA,,-2.747.639,-5.883.015,5,0,0,2,0,Colisión entre vehículos,Colisión entre vehículos,S/D,,Alcance,2,Recta,Intersección / cruce,,NO,,Asfalto,,Apto,Seca,,Cordón Divisorio,,,,Si,Si,No,Día,NO,Sin Restricción,Despejado,Buena,,Funciona
133416,DIRECCIÓN DE SEG. VIAL,2022-12-13,10:55:00,CORRIENTES,18,CAPITAL,21,CORRIENTES,Urbana,Avenida,PEDERNERA,,AV. ARMENIA,,,,1,1,0,2,0,Colisión entre vehículos,Colisión entre vehículos,S/D,,,2,Recta,,,NO,,Asfalto,,Apto,Seca,,,,,,Si,Si,No,Día,SI,Sin Restricción,Despejado,Buena,,Sin Semáforo
144739,OBSERVATORIO VIAL,2022-12-12,10:33:00,CORRIENTES,18,CAPITAL,21,CORRIENTES,Urbana,Calle,SALTA,,SAN MARTIN,,,,2,0,0,2,0,Colisión entre vehículos,Colisión entre vehículos,S/D,,,2,Recta,Intersección / cruce,,NO,,Asfalto,,Apto,Seca,,,,,,Si,Si,Si,Día,NO,,Despejado,Buena,,Sin Semáforo
145037,OBSERVATORIO VIAL,2022-12-11,22:30:00,CORRIENTES,18,CAPITAL,21,CORRIENTES,Urbana,Avenida,AV RAUL ALFONSIN,5100,GODOY CRUZ,,,,1,1,0,2,0,Colisión entre vehículos,Colisión entre vehículos,S/D,,Lateral,2,Recta,Intersección / cruce,,NO,,Asfalto,,Apto,Seca,,Cordón Divisorio,,,,Si,S/D,S/D,Noche,SI,Sin Restricción,Nublado,Buena,,Funciona
157809,MUNICIPALIDAD DE CORRIENTES,2022-12-09,17:08:00,CORRIENTES,18,CAPITAL,21,CORRIENTES,Urbana,Calle,SAN LUIS,,BELGRANO,BOLÍVAR,-2.747.098,-5.884.325,1,0,0,2,0,Colisión entre vehículos,Colisión entre vehículos,S/D,,Angulo,2,Recta,,MITAD DE CUADRA,NO,,Asfalto,,Apto,"Despejada, Seca",,Ninguna,,,,No,No,No,Día,NO,Sin Restricción,Despejado,Buena,,Sin Semáforo
146709,OBSERVATORIO VIAL,2022-12-09,7:10:00,CORRIENTES,18,CAPITAL,21,,Urbana,Avenida,,,FRAGATA ARGENTINA,,,,1,1,0,2,0,Colisión entre vehículos,Colisión entre vehículos,S/D,,Angulo,2,Recta,Intersección / cruce,,NO,,Asfalto,,Apto,Seca,,Cordón Divisorio,,,,Si,S/D,S/D,Día,NO,Sin Restricción,Despejado,Buena,,Funciona
160639,MUNICIPALIDAD DE CORRIENTES,2022-12-09,22:30:00,CORRIENTES,18,CAPITAL,21,CORRIENTES,Urbana,Avenida,AVDA FERRÉ,2790,CHILE,,-2.747.826,-5.881.747,2,0,0,2,0,Colisión entre vehículos,Colisión entre vehículos,S/D,,Alcance,2,Recta,,,NO,,Asfalto,,Apto,Seca,,Ninguna,,,,,,,Noche,SI,Sin Restricción,Despejado,Buena,,Funciona
146706,OBSERVATORIO VIAL,2022-12-09,6:20:00,CORRIENTES,18,,,,Urbana,,RUTA 5,,,,,,3,0,0,2,0,Colisión entre vehículos,Colisión entre vehículos,S/D,,,2,Recta,Intersección / cruce,,NO,,Asfalto,,Apto,Despejada,,Barrera de Alto Impacto,,,,Si,S/D,S/D,Amanecer,SI,,Despejado,Buena,,Funciona
153889,OBSERVATORIO VIAL,2022-12-08,9:45:00,CORRIENTES,18,CAPITAL,21,CORRIENTES,Urbana,,9 DE julio,,BRASIL,,,,2,0,0,2,0,Colisión entre vehículos,Colisión entre vehículos,S/D,,Angulo,2,Recta,Intersección / cruce,,NO,,Asfalto,,Apto,Seca,,Ninguna,,,,S/D,S/D,S/D,Día,NO,Sin Restricción,Despejado,Buena,,
142710,OBSERVATORIO VIAL,2022-12-08,7:45:00,CORRIENTES,18,CAPITAL,21,CORRIENTES,Urbana,Calle,CARLOS PELLEGRINI,1300,CORDOBA,,,,2,0,0,2,0,Colisión entre vehículos,Colisión entre vehículos,S/D,,Alcance,2,Recta,Intersección / cruce,,NO,,Asfalto,,Apto,Mojada,,Otro,,,,Si,Si,No,Día,NO,Sin Restricción,Lluvia,Buena,,Funciona
132615,MUNICIPALIDAD DE CORRIENTES,2022-12-07,22:05:00,CORRIENTES,18,CAPITAL,21,CORRIENTES,Urbana,Avenida,AV. ARMINIA,,ONTIVEROS,,,,2,0,0,2,0,Colisión entre vehículos,Colisión entre vehículos,S/D,,Angulo,2,Recta,,,NO,,Asfalto,,Apto,Seca,,Ninguna,,,,,,,Noche,,Sin Restricción,Despejado,Buena,,
156531,OBSERVATORIO VIAL,2022-12-06,22:15:00,CORRIENTES,18,,,,,,AV. MEDRANO,,SAN FRANCISCODE ASIS,,,,1,1,0,2,0,Colisión entre vehículos,Colisión entre vehículos,S/D,,Alcance,2,Recta,Intersección / cruce,,NO,,Hormigón,,Apto,Seca,,Cordón Divisorio,,,,Si,No,No,Noche,SI,Sin Restricción,Despejado,Buena,,Sin Semáforo
155616,OBSERVATORIO VIAL,2022-12-06,14:30:00,CORRIENTES,18,CAPITAL,21,CORRIENTES,Urbana,Avenida,ALTA GRACIA,2464,,,,,2,1,0,2,0,Colisión entre vehículos,Colisión entre vehículos,S/D,,Lateral,2,Recta,Intersección / cruce,,NO,,Asfalto,,Apto,"Despejada, Seca",,Ninguna,,,,S/D,S/D,S/D,Día,NO,Sin Restricción,Despejado,Buena,,Sin Semáforo
167750,MUNICIPALIDAD DE CORRIENTES,2022-12-05,11:13:00,CORRIENTES,18,CAPITAL,21,CORRIENTES,Urbana,Avenida,AVENIDA CENTENARIO,3030,,,-2.748.650,-5.883.247,1,1,0,2,0,Colisión entre vehículos,Colisión entre vehículos,S/D,,,2,Recta,,,NO,,Asfalto,,Apto,,,,,,,S/D,Si,S/D,Día,NO,Sin Restricción,Despejado,Buena,,
159883,MUNICIPALIDAD DE CORRIENTES,2022-12-05,8:45:00,CORRIENTES,18,CAPITAL,21,CORRIENTES,Urbana,Calle,FACUNDO,224,,,-2.749.574,-5.884.329,2,0,0,2,0,Colisión entre vehículos,Colisión entre vehículos,S/D,,Alcance,2,Recta,Intersección / cruce,,NO,,Asfalto,,Apto,"Despejada, Seca",,Ninguna,,,,No,No,S/D,Día,NO,Sin Restricción,Despejado,Buena,,Sin Semáforo
167751,MUNICIPALIDAD DE CORRIENTES,2022-12-04,23:05:00,CORRIENTES,18,CAPITAL,21,CORRIENTES,Urbana,Avenida,AVENIDA MAIPÚ,6000,,,-2.753.099,-5.876.936,1,1,0,2,0,Colisión entre vehículos,Colisión entre vehículos,S/D,,Angulo,2,Recta,Intersección / cruce,,NO,,Asfalto,,Apto,Seca,,,,,,No,No,No,Noche,SI,Sin Restricción,Despejado,Buena,,Sin Semáforo
176151,OBSERVATORIO VIAL,2022-12-04,9:00:00,CORRIENTES,18,CAPITAL,21,CORRIENTES,Urbana,Avenida,INDEPENDENCIA,,GUEMEZ,,,,2,0,0,2,0,Colisión entre vehículos,Colisión entre vehículos,,,,2,,Recta,,,,Asfalto,,Apto,Seca,,S/D,,S/D,,Si,Si,Si,Día,,,Despejado,,,Funciona
152095,OBSERVATORIO VIAL,2022-12-04,16:50:00,CORRIENTES,18,CAPITAL,21,CORRIENTES,Urbana,,PUJOL,,PELLEGRINI,,,,1,1,0,2,0,Colisión entre vehículos,Colisión entre vehículos,S/D,,,2,Recta,Intersección / cruce,,NO,,Asfalto,,Apto,Seca,,Ninguna,,,,S/D,S/D,S/D,Día,NO,Sin Restricción,Despejado,Buena,,Sin Semáforo
156561,OBSERVATORIO VIAL,2022-12-04,12:20:00,CORRIENTES,18,CAPITAL,21,CORRIENTES,Urbana,Calle,HIPOLITO YRIGOYEN,800,SALTA,,-2.746.844,-5.883.925,2,1,0,3,0,Colisión entre vehículos,Colisión entre vehículos,S/D,,Multiple,3,Recta,Intersección / cruce,,NO,,Asfalto,,Apto,"Despejada, Seca",,Ninguna,,,,Si,Si,No,Día,NO,Sin Restricción,Despejado,Buena,,Sin Semáforo
169894,MUNICIPALIDAD DE CORRIENTES,2022-12-02,14:30:00,CORRIENTES,18,CAPITAL,21,CORRIENTES,Urbana,Avenida,AVENIDA INDEPENDENCIA,3600,TACUARÍ,,-2.747.932,-5.880.636,1,1,0,2,0,Colisión entre vehículos,Colisión entre vehículos,S/D,,Angulo,2,Recta,Intersección / cruce,,NO,,Hormigón,,Apto,"Despejada, Seca",,Ninguna,,,,S/D,S/D,S/D,Día,NO,Sin Restricción,,,,Funciona
175460,OBSERVATORIO VIAL,2022-12-02,20:10:00,CORRIENTES,18,CAPITAL,21,CORRIENTES,Urbana,Avenida,AV RAUL ALFONSIN,3000,,LOS TILOS,,,0,1,0,1,0,Caída desde vehículo,Caída desde vehículo,,,,1,,Recta,,,,Asfalto,,Apto,Seca,,S/D,,,,S/D,S/D,S/D,Noche,SI,,Despejado,,,Sin Semáforo
139278,MUNICIPALIDAD DE CORRIENTES,2022-12-01,14:34:00,CORRIENTES,18,CAPITAL,21,CORRIENTES,Urbana,Calle,CATAMARCA,800,,,,,1,1,0,2,0,Colisión entre vehículos,Colisión entre vehículos,S/D,,,2,Recta,Intersección / cruce,,NO,,Asfalto,,Apto,Seca,,,,,,S/D,Si,Si,Día,NO,Sin Restricción,Despejado,Buena,,Funciona
139948,OBSERVATORIO VIAL,2022-12-01,10:52:00,CORRIENTES,18,CAPITAL,21,CORRIENTES,Urbana,Calle,CARLOS PELLEGRINI,1600,,,,,7,0,0,3,0,Colisión entre vehículos,Colisión entre vehículos,S/D,,Alcance,3,Recta,Intersección / cruce,,NO,,Asfalto,,Apto,Seca,,Ninguna,,,,Si,Si,No,Día,NO,Sin Restricción,Despejado,Buena,,Funciona
151196,OBSERVATORIO VIAL,2022-11-30,12:12:00,CORRIENTES,18,,,,Urbana,,LAPRIDA,1401,,,,,1,1,0,2,0,Colisión entre vehículos,Colisión entre vehículos,S/D,,,2,Recta,Intersección / cruce,,NO,,Asfalto,,Apto,Seca,,,,,,S/D,S/D,S/D,Día,NO,Sin Restricción,Despejado,Buena,,Sin Semáforo
156534,OBSERVATORIO VIAL,2022-11-30,6:20:00,CORRIENTES,18,,,,,Avenida,AV. 3 DE ABRIL,,SANTA FE,,,,0,1,0,1,0,Caída desde vehículo,Caída desde vehículo,S/D,,,1,Recta,Intersección / cruce,,NO,,Asfalto,,Apto,Mojada,,Cordón Divisorio,,,,Si,Si,No,Noche,SI,Sin Restricción,Lluvia,Lluvia,,Funciona
161491,MUNICIPALIDAD DE CORRIENTES,2022-11-29,7:40:00,CORRIENTES,18,CAPITAL,21,CORRIENTES,Urbana,Avenida,AVDA 3 DE ABRIL,1200,MENDOZA,,-2.747.563,-5.883.646,1,1,0,2,0,Colisión entre vehículos,Colisión entre vehículos,S/D,,Angulo,2,Recta,Intersección / cruce,,NO,,Asfalto,,Apto,"Despejada, Seca",,Cordón Divisorio,,,,Si,Si,No,Día,,Sin Restricción,Despejado,Buena,,Funciona
143760,OBSERVATORIO VIAL,2022-11-29,12:58:00,CORRIENTES,18,CAPITAL,21,CORRIENTES,Urbana,Avenida,AV. INDEPENDENCIA,3600,GUEMES,,,,2,0,0,2,0,Colisión entre vehículos,Colisión entre vehículos,S/D,,,2,Recta,Intersección / cruce,,NO,,Asfalto,,Apto,Seca,,Ninguna,,,,Si,Si,Si,Día,NO,Otro,Despejado,Buena,,Funciona
176157,OBSERVATORIO VIAL,2022-11-28,23:30:00,CORRIENTES,18,CAPITAL,21,CORRIENTES,Urbana,Calle,MEDRANO,,ZAPIOLA,,,,1,1,0,2,0,Colisión entre vehículos,Colisión entre vehículos,,,,2,,Recta,,,,Asfalto,,Apto,Seca,,S/D,,S/D,,No,No,No,Noche,SI,,Despejado,,,Sin Semáforo
151157,OBSERVATORIO VIAL,2022-11-28,12:45:00,CORRIENTES,18,CAPITAL,21,,Urbana,,QUINQUELA MARTIN,,CENTENARIO,,,,1,1,0,2,0,Colisión entre vehículos,Colisión entre vehículos,S/D,,Angulo,2,Recta,Intersección / cruce,,NO,,Asfalto,,Apto,Despejada,,Ninguna,,,,S/D,S/D,S/D,Día,NO,Sin Restricción,Despejado,Buena,,Sin Semáforo
151169,OBSERVATORIO VIAL,2022-11-27,7:35:00,CORRIENTES,18,CAPITAL,21,CORRIENTES,Urbana,Avenida,RIO CHICO,5200,MADERO,,,,0,1,0,1,0,Caída desde vehículo,Caída desde vehículo,S/D,,,1,Recta,Intersección / cruce,,NO,,Asfalto,,Apto,"Despejada, Seca",,Cordón Divisorio,,,,Si,S/D,S/D,Día,NO,Sin Restricción,Despejado,Buena,,Sin Semáforo
165346,MUNICIPALIDAD DE CORRIENTES,2022-11-26,20:45:00,CORRIENTES,18,CAPITAL,21,CORRIENTES,Urbana,Avenida,AVENIDA RÍO CHICO,5600,LAS AMAPOLAS,,-2.746.091,-5.878.031,1,1,0,2,0,Colisión entre vehículos,Colisión entre vehículos,S/D,,Angulo,2,Recta,Intersección / cruce,,NO,,Asfalto,,Apto,"Despejada, Seca",,Cordón Divisorio,,,,S/D,S/D,,Noche,SI,Sin Restricción,Despejado,Buena,,Sin Semáforo
142758,OBSERVATORIO VIAL,2022-11-26,2:15:00,CORRIENTES,18,CAPITAL,21,CORRIENTES,Urbana,Calle,IBERA,1100,PJE LAS FLORES,,,,1,1,0,2,0,Colisión entre vehículos,Colisión entre vehículos,S/D,,Frontal,2,Recta,Intersección / cruce,,NO,,Asfalto,,Baches,Mojada,,Ninguna,,,,No,No,No,,SI,Sin Restricción,Nublado,Buena,,Sin Semáforo
157804,MUNICIPALIDAD DE CORRIENTES,2022-11-26,7:42:00,CORRIENTES,18,CAPITAL,21,CORRIENTES,Urbana,Calle,GUTENBERG,2202,MADARIAGA,,-2.748.346,-5.883.228,1,1,0,2,0,Colisión entre vehículos,Colisión entre vehículos,S/D,,Angulo,2,Recta,Intersección / cruce,,NO,,Asfalto,,Apto,"Despejada, Seca",,Ninguna,,,,No,No,No,Día,NO,Sin Restricción,Despejado,Buena,,Sin Semáforo
165287,OBSERVATORIO VIAL,2022-11-26,11:40:00,CORRIENTES,18,CAPITAL,21,CORRIENTES,Urbana,Avenida,AV INDEPENDENCIA,4300,RIO JURAMENTO,,-2.748.144,-5.879.934,4,1,0,4,0,Colisión entre vehículos,Colisión entre vehículos,S/D,,Alcance,4,Recta,Intersección / cruce,,NO,,Hormigón,,Apto,Seca,,Cordón Divisorio,,,,Si,Si,S/D,Día,NO,Sin Restricción,Despejado,Buena,,Funciona
133402,DIRECCIÓN DE SEG VIAL,2022-11-25,11:55:00,CORRIENTES,18,CAPITAL,21,CORRIENTES,Urbana,Avenida,AV. FERRE,2100,,,,,2,0,0,2,0,Colisión entre vehículos,Colisión entre vehículos,S/D,,Angulo,2,Recta,Intersección / cruce,,NO,,Asfalto,,Apto,Seca,,,,,,,,,Día,NO,Sin Restricción,Despejado,Buena,,
143757,OBSERVATORIO VIAL,2022-11-24,11:52:00,CORRIENTES,18,CAPITAL,21,CORRIENTES,Urbana,Calle,J.R. FERNANDEZ,190,REMEDIOS DE ESCALADA,,,,3,0,0,2,0,Colisión entre vehículos,Colisión entre vehículos,S/D,,,2,Recta,Intersección / cruce,,NO,,Asfalto,,Apto,Seca,,Ninguna,,,,S/D,No,No,Día,NO,Sin Restricción,Despejado,Buena,,Sin Semáforo
151160,OBSERVATORIO VIAL,2022-11-24,7:15:00,CORRIENTES,18,CAPITAL,21,,,Ruta Nacional,12,,ALFONSIN,,,,1,1,0,2,0,Colisión entre vehículos,Colisión entre vehículos,S/D,,Angulo,2,Recta,Intersección / cruce,,NO,,Asfalto,,Apto,Seca,,,,,,S/D,S/D,S/D,Amanecer,NO,Sin Restricción,Despejado,Buena,,Sin Semáforo
163593,MUNICIPALIDAD DE CORRIENTES,2022-11-23,15:58:00,CORRIENTES,18,CAPITAL,21,CORRIENTES,Urbana,Avenida,AVDA. MAIPÚ,2830,,,,,1,0,0,1,0,Atropello a animal/es,Atropello a animal/es,S/D,,,1,Recta,Intersección / cruce,,NO,,Asfalto,,Apto,Seca,,,,,,No,,,Día,SI,,Despejado,Buena,,
132629,MUNICIPALIDAD DE CORRIENTES,2022-11-23,15:45:00,CORRIENTES,18,CAPITAL,21,CORRIENTES,Urbana,Calle,CAZADORES CORRENTINOS,,TACUARÍ,,,,2,0,0,2,0,Colisión entre vehículos,Colisión entre vehículos,S/D,,,2,Recta,,,NO,,Asfalto,,Apto,Seca,,,,,,,,,Día,NO,Sin Restricción,Despejado,Buena,,
142760,OBSERVATORIO VIAL,2022-11-22,17:28:00,CORRIENTES,18,CAPITAL,21,CORRIENTES,Urbana,Avenida,CENTENARIO,5400,RUTA 12,,,,2,0,0,2,0,Colisión entre vehículos,Colisión entre vehículos,S/D,,Lateral,2,Recta,Intersección / cruce,,NO,,,,Apto,"Despejada, Seca",,Ninguna,,,,Si,S/D,S/D,Día,NO,Sin Restricción,Despejado,Buena,,Funciona
134862,MUNICIPALIDAD DE CORRIENTES,2022-11-22,17:00:00,CORRIENTES,18,CAPITAL,21,CORRIENTES,Urbana,Calle,CARTAGENA,3800,,,,,1,3,0,2,0,Colisión entre vehículos,Colisión entre vehículos,S/D,,Frontal,2,Recta,Intersección / cruce,,NO,,Asfalto,,Apto,Seca,,Ninguna,,,,,,,,NO,Sin Restricción,Despejado,Buena,,
169896,MUNICIPALIDAD DE CORRIENTES,2022-11-18,14:30:00,CORRIENTES,18,CAPITAL,21,CORRIENTES,Urbana,Calle,GUTENBERG,1750,LAVALLE,GRAL. PAZ,-2.747.823,-5.883.165,2,0,0,2,0,Choque,Choque,S/D,,En calzada,2,Recta,,,NO,,Asfalto,,Apto,"Despejada, Seca",,Ninguna,,,,Si,Si,No,Día,SI,Sin Restricción,Despejado,Buena,,Sin Semáforo
137575,MUNICIPALIDAD DE CORRIENTES,2022-11-17,14:10:00,CORRIENTES,18,CAPITAL,21,CORRIENTES,Urbana,Calle,MARIO PAYES,,MAIPU,,-2.753.857,-5.879.102,1,0,0,1,0,Despiste,Despiste,Si,,,1,Recta,Fuera de calzada,,NO,,Ripio,,Apto,Seca,,Ninguna,,,,S/D,,,Día,NO,Sin Restricción,Despejado,Buena,,Sin Semáforo
157821,OBSERVATORIO VIAL,2022-11-17,7:30:00,CORRIENTES,18,CAPITAL,21,CORRIENTES,Urbana,Calle,ELIAS ABAD,2158,,,,,0,1,0,1,0,Vuelco (solo 1 participante),Vuelco (solo 1 participante),S/D,,,1,Recta,,,NO,,Asfalto,,Apto,"Despejada, Seca",,Ninguna,,,,S/D,S/D,S/D,Día,NO,Sin Restricción,Despejado,Buena,,Sin Semáforo
152946,OBSERVATORIO VIAL,2022-11-17,7:55:00,CORRIENTES,18,CAPITAL,21,CORRIENTES,Urbana,Calle,COSQUIN,1800,2 DE abril,,,,1,1,0,2,0,Colisión entre vehículos,Colisión entre vehículos,S/D,,Angulo,2,Recta,Intersección / cruce,,NO,,Asfalto,,Apto,"Despejada, Seca",,Ninguna,,,,S/D,S/D,S/D,Día,NO,Sin Restricción,Nublado,Buena,,Sin Semáforo
164578,OBSERVATORIO VIAL,2022-11-17,11:50:00,CORRIENTES,18,CAPITAL,21,CORRIENTES,Urbana,Calle,PERUGORRIA,2400,GUTEMBERG,,,,2,0,0,2,0,Colisión entre vehículos,Colisión entre vehículos,S/D,,Alcance,2,Recta,Intersección / cruce,,NO,,Asfalto,,Apto,"Despejada, Seca",,Ninguna,,,,Si,No,No,Día,SI,Sin Restricción,Despejado,Buena,,Funciona
146724,OBSERVATORIO VIAL,2022-11-16,14:34:00,CORRIENTES,18,CAPITAL,21,CORRIENTES,Urbana,,MORENO,,SAN LORENZO,,,,0,2,0,2,0,Colisión entre vehículos,Colisión entre vehículos,S/D,,Angulo,2,Recta,Intersección / cruce,,NO,,Asfalto,,Apto,"Despejada, Seca",,Ninguna,,,,S/D,S/D,S/D,Día,NO,Sin Restricción,Despejado,Buena,,Sin Semáforo
134803,OBSERVATORIO VIAL,2022-11-16,7:20:00,CORRIENTES,18,CAPITAL,21,CORRIENTES,Urbana,Calle,HEROES CIVILES,2000,LA RIOJA,,-2.748.037,-5.883.968,2,0,0,2,0,Colisión entre vehículos,Colisión entre vehículos,S/D,,Lateral,2,Recta,Intersección / cruce,,NO,,Asfalto,,Apto,Seca,,Ninguna,,,,Si,No,No,Día,NO,Sin Restricción,Despejado,Buena,,Sin Semáforo
143720,OBSERVATORIO VIAL,2022-11-15,19:15:00,CORRIENTES,18,CAPITAL,21,CORRIENTES,Urbana,Calle,MORENO,1300,CATAMARCA,,,,1,1,0,2,0,Colisión entre vehículos,Colisión entre vehículos,S/D,,Lateral,2,Recta,Intersección / cruce,,NO,,Asfalto,,Apto,"Despejada, Seca",,Ninguna,,,,Si,Si,No,Noche,SI,Sin Restricción,Despejado,Buena,,Sin Semáforo
164577,OBSERVATORIO VIAL,2022-11-15,7:30:00,CORRIENTES,18,CAPITAL,21,CORRIENTES,Urbana,Avenida,AV PUJOL,1900,URUGUAY,,,,1,2,0,2,0,Colisión entre vehículos,Colisión entre vehículos,S/D,,Lateral,2,Recta,Intersección / cruce,,NO,,Asfalto,,Apto,"Despejada, Seca",,Cordón Divisorio,,,,S/D,S/D,S/D,Día,NO,Sin Restricción,Despejado,Buena,,Sin Semáforo
175472,OBSERVATORIO VIAL,2022-11-15,6:55:00,CORRIENTES,18,CAPITAL,21,CORRIENTES,Urbana,Calle,LAS PIEDRAS,2400,ITALIA,,-2.748.960,-5.880.247,1,0,0,1,0,Otro,Otro,,DESPISTE,,1,,Intersección / cruce,,,No obstruido,Asfalto,,Apto,Seca,,Ninguna,,Ninguna,,Si,Si,No,Día,,,Despejado,,,Funciona
165294,OBSERVATORIO VIAL,2022-11-15,9:15:00,CORRIENTES,18,CAPITAL,21,CORRIENTES,Urbana,Calle,MEDRANO,1600,,,-2.748.177,-5.879.840,2,0,0,2,0,Colisión entre vehículos,Colisión entre vehículos,S/D,,,2,Recta,Intersección / cruce,,NO,,Hormigón,,Apto,Seca,,Ninguna,,,,S/D,S/D,S/D,Día,NO,Sin Restricción,Despejado,Buena,,Sin Semáforo
134050,MUNICIPALIDAD DE CORRIENTES,2022-11-15,14:30:00,CORRIENTES,18,CAPITAL,21,CORRIENTES,Urbana,Calle,TACUARI,1700,LAVALLE,,,,0,3,0,2,0,Colisión entre vehículos,Colisión entre vehículos,S/D,,,2,Recta,Intersección / cruce,,NO,,Asfalto,,Apto,Seca,,,,,,,,,Día,NO,Sin Restricción,Despejado,Buena,,
169874,MUNICIPALIDAD DE CORRIENTES,2022-11-14,7:05:00,CORRIENTES,18,CAPITAL,21,CORRIENTES,Urbana,Avenida,REPÚBLICA DEL LÍBANO,1852,AVENIDA SARMIENTO,,-2.747.980,-5.883.038,0,1,0,1,0,Caída desde vehículo,Caída desde vehículo,S/D,,,1,Recta,Intersección / cruce,,NO,,Asfalto,,Apto,,,,,,,S/D,S/D,S/D,Día,NO,Sin Restricción,Despejado,Buena,,Sin Semáforo
133414,MUNICIPALIDAD DE CORRIENTES,2022-11-14,8:45:00,CORRIENTES,18,CAPITAL,21,CORRIENTES,Urbana,Avenida,AV. CHACABUCO,2200,,,,,1,1,0,2,0,Colisión entre vehículos,Colisión entre vehículos,S/D,,,2,Recta,Intersección / cruce,,NO,,Asfalto,,Apto,Seca,,Ninguna,,,,,,,Día,NO,Sin Restricción,Despejado,Buena,,
146710,OBSERVATORIO VIAL,2022-11-13,11:05:00,CORRIENTES,18,,,,Urbana,Avenida,AV MAIPU,,ALTA GRACIA,,,,1,2,0,2,0,Colisión entre vehículos,Colisión entre vehículos,S/D,,Angulo,2,Recta,Intersección / cruce,,NO,,Asfalto,,Apto,"Despejada, Seca",,Cordón Divisorio,,,,Si,Si,S/D,Día,NO,Sin Restricción,Despejado,Buena,,
146728,OBSERVATORIO VIAL,2022-11-13,16:50:00,CORRIENTES,18,CAPITAL,21,,,Avenida,AV.PAYSANDU,,AV.IBERA,,,,2,0,0,2,0,Colisión entre vehículos,Colisión entre vehículos,S/D,,Angulo,2,Recta,Intersección / cruce,,NO,,Asfalto,,Apto,Seca,,Cordón Divisorio,,,,Si,Si,S/D,Día,NO,Sin Restricción,Despejado,Buena,,Funciona
151228,OBSERVATORIO VIAL,2022-11-12,6:34:00,CORRIENTES,18,CAPITAL,21,CORRIENTES,Urbana,Avenida,AV MAIPU,2500,CARIBE,,,,1,1,0,2,0,Colisión entre vehículos,Colisión entre vehículos,S/D,,Angulo,2,Recta,,,NO,,Asfalto,,Apto,Seca,,Ninguna,,,,Si,No,No,Amanecer,SI,,Despejado,Buena,,Funciona
161494,MUNICIPALIDAD DE CORRIENTES,2022-11-12,8:45:00,CORRIENTES,18,CAPITAL,21,CORRIENTES,Urbana,Avenida,AVDA. INDEPENDENCIA,4300,RÍO JURAMENTO,,-2.748.132,-5.879.930,2,0,0,2,0,Colisión entre vehículos,Colisión entre vehículos,S/D,,,2,Recta,Intersección / cruce,,NO,,Asfalto,,Apto,,,,,,,,Si,,Día,NO,Sin Restricción,Despejado,Buena,,No Funciona
163574,OBSERVATORIO VIAL,2022-11-11,9:15:00,CORRIENTES,18,CAPITAL,21,CORRIENTES,Urbana,Calle,SAN MARTIN,1200,,,-2.747.014,-5.883.332,2,0,0,2,0,Colisión entre vehículos,Colisión entre vehículos,S/D,,Angulo,2,Recta,Intersección / cruce,,NO,,Asfalto,,Apto,Seca,,Ninguna,,,,S/D,S/D,S/D,Día,NO,Sin Restricción,Despejado,Buena,,Sin Semáforo
160647,MUNICIPALIDAD DE CORRIENTES,2022-11-11,21:45:00,CORRIENTES,18,CAPITAL,21,CORRIENTES,Urbana,Avenida,AVDA. SARMIENTO,2500,VIEDMA,,-2.748.781,-5.883.085,0,3,0,2,0,Colisión entre vehículos,Colisión entre vehículos,S/D,,Angulo,2,Recta,Intersección / cruce,,NO,,Asfalto,,Apto,Seca,,Cordón Divisorio,,,,No,No,No,Noche,SI,,Despejado,Buena,,Sin Semáforo
148992,OBSERVATORIO VIAL,2022-11-11,8:40:00,CORRIENTES,18,CAPITAL,21,CORRIENTES,Urbana,Calle,SANTA FE,900,,,,,2,0,0,2,0,Colisión entre vehículos,Colisión entre vehículos,S/D,,Lateral,2,Recta,Intersección / cruce,,NO,,Asfalto,,Apto,"Despejada, Seca",,Ninguna,,,,Si,Si,No,Día,NO,Sin Restricción,Despejado,Buena,,Funciona
164618,MUNICIPALIDAD DE CORRIENTES,2022-11-11,12:20:00,CORRIENTES,18,CAPITAL,21,CORRIENTES,Urbana,Calle,BRASIL,1200,,,-2.747.285,-5.882.456,0,2,0,1,0,Caída desde vehículo,Caída desde vehículo,S/D,,,1,Recta,Intersección / cruce,,NO,,Asfalto,,Apto,Despejada,,Ninguna,,,,No,No,No,Día,NO,Sin Restricción,"Despejado, Viento",Buena,,Sin Semáforo
135575,MUNICIPALIDAD DE CORRIENTES,2022-11-11,18:01:00,CORRIENTES,18,CAPITAL,21,CORRIENTES,Urbana,Calle,PARAGUAY,1100,,,,,1,1,0,2,0,Colisión entre vehículos,Colisión entre vehículos,S/D,,,2,Recta,,,NO,,Asfalto,,Apto,Seca,,Ninguna,,,,,,,Día,NO,Sin Restricción,Despejado,Buena,,
151223,OBSERVATORIO VIAL,2022-11-10,15:12:00,CORRIENTES,18,,,,Urbana,,ELIAS ABAD,,RIO DULCE,,,,1,3,0,2,0,Colisión entre vehículos,Colisión entre vehículos,S/D,,,2,Recta,,,NO,,Asfalto,,Apto,Seca,,Ninguna,,,,No,No,No,Día,NO,Sin Restricción,Despejado,Buena,,Sin Semáforo
162773,OBSERVATORIO VIAL,2022-11-09,12:20:00,CORRIENTES,18,CAPITAL,21,CORRIENTES,Urbana,Calle,SAN JUAN,1770,,,,,0,1,0,1,0,Caída desde vehículo,Caída desde vehículo,S/D,,,1,Recta,Intersección / cruce,,NO,,Asfalto,,Apto,"Despejada, Seca",,Ninguna,,,,S/D,S/D,S/D,Día,NO,Sin Restricción,Despejado,Buena,,Sin Semáforo
166828,MUNICIPALIDAD DE CORRIENTES,2022-11-09,7:03:00,CORRIENTES,18,CAPITAL,21,CORRIENTES,Urbana,Avenida,AVENIDA MAIPÚ,200,,,,,0,2,0,1,1,Atropello a peatón/es,Atropello a peatón/es,S/D,,,2,Recta,,,NO,,Asfalto,,Apto,,,,,,,,,,Día,NO,Sin Restricción,Despejado,Buena,,
135584,OBSERVATORIO VIAL,2022-11-09,19:00:00,CORRIENTES,18,CAPITAL,21,CORRIENTES,Urbana,Avenida,AV PUJOL,2100,BRASIL,,-2.746.561,-5.882.365,0,2,0,2,0,Colisión entre vehículos,Colisión entre vehículos,S/D,,Alcance,2,Recta,Intersección / cruce,,NO,,Asfalto,,Apto,Seca,,Cordón Divisorio,,,,No,No,No,Día,NO,Sin Restricción,Despejado,Buena,,Sin Semáforo
141854,OBSERVATORIO VIAL,2022-11-08,11:00:00,CORRIENTES,18,CAPITAL,21,CORRIENTES,Urbana,Calle,SAN JUAN,1200,BELGRANO,,,,1,1,0,2,0,Colisión entre vehículos,Colisión entre vehículos,S/D,,Lateral,2,Recta,Intersección / cruce,,NO,,Asfalto,,Apto,Seca,,Ninguna,,,,Si,Si,S/D,Día,NO,Sin Restricción,Despejado,Buena,,Sin Semáforo
174254,OBSERVATORIO VIAL,2022-11-07,16:50:00,CORRIENTES,18,CAPITAL,21,CORRIENTES,Urbana,Avenida,AV MAIPU,1700,,,,,3,0,0,3,0,Colisión entre vehículos,Colisión entre vehículos,,,Alcance,3,,Recta,,,,Asfalto,,Apto,Seca,,S/D,,S/D,,Si,Si,,Día,,,Despejado,,,Sin Semáforo
151188,OBSERVATORIO VIAL,2022-11-06,20:30:00,CORRIENTES,18,CAPITAL,21,CORRIENTES,Urbana,Avenida,AV MAIPU,140,GRAL PAZ,,,,1,1,0,2,0,Colisión entre vehículos,Colisión entre vehículos,S/D,,Lateral,2,Recta,Intersección / cruce,,NO,,Asfalto,,Apto,"Despejada, Seca",,Cordón Divisorio,,,,Si,Si,S/D,Noche,SI,Sin Restricción,Despejado,Buena,,Funciona
158155,OBSERVATORIO VIAL,2022-11-05,11:35:00,CORRIENTES,18,CAPITAL,21,CORRIENTES,Urbana,Avenida,AV GDOR RUIZ,2325,,,-2.746.663,-5.882.032,2,0,0,2,0,Colisión entre vehículos,Colisión entre vehículos,S/D,,Lateral,2,Recta,Intersección / cruce,,NO,,Asfalto,,Apto,"Despejada, Seca",,Ninguna,,,,Si,S/D,S/D,Día,NO,Sin Restricción,Despejado,Buena,,Sin Semáforo
145119,OBSERVATORIO VIAL,2022-11-05,13:30:00,CORRIENTES,18,CAPITAL,21,CORRIENTES,Urbana,Calle,SAN LORENZO,1600,RIVADAVIA,,,,2,0,0,2,0,Colisión entre vehículos,Colisión entre vehículos,S/D,,Alcance,2,Recta,Intersección / cruce,,NO,,Asfalto,,Apto,"Despejada, Seca",,Ninguna,,,,Si,Si,S/D,Día,NO,Sin Restricción,Despejado,Buena,,Sin Semáforo
156581,OBSERVATORIO VIAL,2022-11-05,19:00:00,CORRIENTES,18,CAPITAL,21,CORRIENTES,Urbana,Calle,PARAGUAY,1322,MORENO,,,,1,1,0,2,0,Colisión entre vehículos,Colisión entre vehículos,S/D,VEHICULO ESTACIONADO,,2,Recta,Intersección / cruce,,NO,,Asfalto,,Apto,Despejada,,Ninguna,,,,S/D,S/D,S/D,Atardecer,SI,Sin Restricción,Despejado,Buena,,Sin Semáforo
169172,MUNICIPALIDAD DE CORRIENTES,2022-11-05,9:42:00,CORRIENTES,18,CAPITAL,21,CORRIENTES,Urbana,Avenida,AVENIDA PEDRO FERRÉ,1730,,,-2.747.679,-5.882.954,1,1,0,2,0,Colisión entre vehículos,Colisión entre vehículos,S/D,,Angulo,2,Recta,Intersección / cruce,,NO,,Asfalto,,Apto,"Despejada, Seca",,Cordón Divisorio,,,,Si,Si,No,Día,NO,Sin Restricción,Despejado,Buena,,Funciona
134857,OBSERVATORIO VIAL,2022-11-05,11:00:00,CORRIENTES,18,CAPITAL,21,CORRIENTES,Urbana,Calle,J.M.AGUIRRE,5600,,,-2.752.054,-5.879.129,1,0,0,1,0,Colisión entre vehículos,Colisión entre vehículos,S/D,,,1,Recta,Intersección / cruce,,NO,,Tierra,,,Seca,,Ninguna,,,,No,No,No,Día,NO,Sin Restricción,Despejado,Buena,,Sin Semáforo
142755,OBSERVATORIO VIAL,2022-11-05,13:50:00,CORRIENTES,18,CAPITAL,21,CORRIENTES,Urbana,Calle,GUTEMBERG,2000,LAMADRID,,,,1,1,0,2,0,Colisión entre vehículos,Colisión entre vehículos,S/D,,Lateral,2,Recta,,,NO,,Asfalto,,Apto,"Despejada, Seca",,Ninguna,,,,Si,No,No,Día,NO,Sin Restricción,Despejado,Buena,,Sin Semáforo
134859,OBSERVATORIO VIAL,2022-11-05,12:30:00,CORRIENTES,18,CAPITAL,21,CORRIENTES,Urbana,Avenida,AV CHACABUCO,3000,IAV NDEPENDENCIA,,,,2,1,0,3,0,Colisión entre vehículos,Colisión entre vehículos,S/D,,Alcance,3,Recta,,SOBRE SENDA PEATONAL,,,Hormigón,,Apto,Seca,,Cordón Divisorio,,,,Si,Si,No,Día,,Sin Restricción,Despejado,Buena,,Funciona
137591,MUNICIPALIDAD DE CORRIENTES,2022-11-04,12:45:00,CORRIENTES,18,CAPITAL,21,CORRIENTES,Urbana,Avenida,AV. INDEPENDENCIA,,MEDRANO,,,,3,1,0,2,0,Colisión entre vehículos,Colisión entre vehículos,S/D,,Alcance,2,Recta,Intersección / cruce,,NO,,Asfalto,,Apto,Seca,,Ninguna,,,,Si,Si,,Día,NO,Sin Restricción,Despejado,Buena,,Funciona
167748,MUNICIPALIDAD DE CORRIENTES,2022-11-03,16:00:00,CORRIENTES,18,CAPITAL,21,CORRIENTES,Urbana,Calle,LA RIOJA,1500,BERNARDINO RIVADAVIA,,-2.747.424,-5.883.876,1,1,0,2,0,Colisión entre vehículos,Colisión entre vehículos,S/D,,Angulo,2,Recta,Intersección / cruce,,NO,,Asfalto,,Apto,Seca,,Ninguna,,,,Si,Si,No,Día,NO,Sin Restricción,Despejado,Buena,,Sin Semáforo
134825,MUNICIPALIDAD DE CORRIENTES,2022-11-03,12:15:00,CORRIENTES,18,CAPITAL,21,CORRIENTES,Urbana,Avenida,RAUL ALFONSIN,,SANCHEZ DE BUSTAMANTE,,,,1,1,0,2,0,Colisión entre vehículos,Colisión entre vehículos,S/D,,,2,Recta,Intersección / cruce,,NO,,Asfalto,,Apto,Seca,,,,,,,,,Día,NO,Sin Restricción,Despejado,Buena,,
148162,OBSERVATORIO VIAL,2022-11-02,8:30:00,CORRIENTES,18,CAPITAL,21,CORRIENTES,Urbana,Avenida,AV 3 DE ABRIL,800,BUENOS AIRES,,-2.747.497,-5.884.117,3,1,0,3,0,Colisión entre vehículos,Colisión entre vehículos,S/D,,,3,Recta,Intersección / cruce,,NO,,Hormigón,,Apto,Seca,,Ninguna,,,,Si,Si,No,Día,NO,Sin Restricción,Despejado,Buena,,Funciona
134047,MUNICIPALIDAD DE CORRIENTES,2022-10-30,12:25:00,CORRIENTES,18,CAPITAL,21,CORRIENTES,Urbana,Avenida,AV. MAIPU,,KM 10,,,,1,1,0,2,0,Colisión entre vehículos,Colisión entre vehículos,S/D,,,2,Recta,Intersección / cruce,,NO,,Asfalto,,Apto,,,,,,,,,,Día,NO,Sin Restricción,Despejado,Buena,,
157743,OBSERVATORIO VIAL,2022-10-30,14:27:00,CORRIENTES,18,CAPITAL,21,CORRIENTES,Urbana,Avenida,AV CHACABUCO,1900,LAS HERAS,,,,2,0,0,2,0,Colisión entre vehículos,Colisión entre vehículos,S/D,,,2,Recta,Intersección / cruce,,NO,,Hormigón,,Apto,"Despejada, Seca",,,,,,Si,,,Día,NO,,Despejado,Buena,,Funciona
162788,MUNICIPALIDAD DE CORRIENTES,2022-10-30,7:00:00,CORRIENTES,18,CAPITAL,21,CORRIENTES,Urbana,Calle,RECONQUISTA,3100,ESTADO DE ISRAEL,,-2.747.352,-5.881.213,1,1,0,2,0,,,S/D,,,2,Recta,Intersección / cruce,,NO,,Asfalto,,Apto,Seca,,,,,,S/D,S/D,S/D,Día,NO,Sin Restricción,Despejado,Buena,,
142707,OBSERVATORIO VIAL,2022-10-29,16:40:00,CORRIENTES,18,CAPITAL,21,CORRIENTES,Urbana,Avenida,ROTONDA,KM 1030,RUTA 12,,,,1,0,0,1,0,Caída desde vehículo,Caída desde vehículo,S/D,,,1,Recta,Rotonda,,,,,,Apto,"Despejada, Seca",,Otro,,,,Si,Si,Si,Día,NO,Sin Restricción,Nublado,Buena,,Sin Semáforo
146727,OBSERVATORIO VIAL,2022-10-29,0:10:00,CORRIENTES,18,CAPITAL,21,,,,AV. INDEPENDENCIA,,SAENZ,,,,1,1,0,2,0,Colisión entre vehículos,Colisión entre vehículos,S/D,,Angulo,2,Recta,Intersección / cruce,,NO,,Asfalto,,Apto,,,Cordón Divisorio,,,,Si,S/D,S/D,Noche,SI,Sin Restricción,Despejado,Buena,,Funciona
152961,OBSERVATORIO VIAL,2022-10-29,13:25:00,CORRIENTES,18,CAPITAL,21,CORRIENTES,Urbana,Calle,LAVALLE,3600,TACUARI,,,,1,1,0,2,0,Colisión entre vehículos,Colisión entre vehículos,S/D,,Lateral,2,Recta,Intersección / cruce,,NO,,Asfalto,,Apto,"Despejada, Seca",,,,,,Si,Si,S/D,Día,NO,Sin Restricción,Despejado,Buena,,Sin Semáforo
148180,OBSERVATORIO VIAL,2022-10-29,15:10:00,CORRIENTES,18,CAPITAL,21,,Urbana,,AV. CAZADORES,,RIO JURAMENTO,,,,1,1,0,2,0,Colisión entre vehículos,Colisión entre vehículos,S/D,,Angulo,2,Recta,Intersección / cruce,,NO,,Hormigón,,Apto,Seca,,Cordón Divisorio,,,,No,,,Día,NO,Sin Restricción,Despejado,Buena,,Sin Semáforo
148212,OBSERVATORIO VIAL,2022-10-28,15:15:00,CORRIENTES,18,CAPITAL,21,,Urbana,,AYACUCHO,,COLOMBIA,,,,1,1,0,2,0,Colisión entre vehículos,Colisión entre vehículos,S/D,,Angulo,2,Recta,Intersección / cruce,,NO,,Asfalto,,Apto,Mojada,,Ninguna,,,,S/D,S/D,S/D,Día,NO,Sin Restricción,Lluvia,Lluvia,,Sin Semáforo
160685,MUNICIPALIDAD DE CORRIENTES,2022-10-28,10:30:00,CORRIENTES,18,CAPITAL,21,CORRIENTES,Urbana,Avenida,AVDA. PATAGONIA,1898,PROFESOR CRESPO,,-2.749.189,-5.882.877,2,0,0,2,0,Colisión entre vehículos,Colisión entre vehículos,S/D,,,2,Recta,Intersección / cruce,,NO,,Asfalto,,Apto,,,,,,,,,,Día,NO,Sin Restricción,Despejado,Buena,,
175462,OBSERVATORIO VIAL,2022-10-27,10:47:00,CORRIENTES,18,CAPITAL,21,CORRIENTES,Urbana,Calle,9 DE julio,1000,BUENOS AIRES,,,,2,0,0,2,0,Colisión entre vehículos,Colisión entre vehículos,,,Angulo,2,,Recta,,,,Asfalto,,Apto,Seca,,S/D,,S/D,,S/D,S/D,S/D,Día,,,Despejado,,,Sin Semáforo
152945,OBSERVATORIO VIAL,2022-10-27,9:50:00,CORRIENTES,18,CAPITAL,21,CORRIENTES,Urbana,Avenida,AV CENTENARIO,3900,,,,,0,1,0,1,0,Caída desde vehículo,Caída desde vehículo,S/D,,,1,Recta,Intersección / cruce,,NO,,Asfalto,,Apto,"Despejada, Seca",,Cordón Divisorio,,,,S/D,S/D,S/D,Día,,Sin Restricción,Despejado,Buena,,Sin Semáforo
139229,MUNICIPALIDAD DE CORRIENTES,2022-10-27,9:00:00,CORRIENTES,18,CAPITAL,21,CORRIENTES,Urbana,Avenida,AV. MAIPU,400,LAMADRID,,-2.748.848,-5.882.235,1,1,0,2,0,Colisión entre vehículos,Colisión entre vehículos,S/D,,Angulo,2,Recta,Intersección / cruce,,NO,,Asfalto,,Apto,Seca,,,,,,,,,Día,NO,Sin Restricción,Despejado,Buena,,
161498,MUNICIPALIDAD DE CORRIENTES,2022-10-26,9:45:00,CORRIENTES,18,CAPITAL,21,CORRIENTES,Urbana,Avenida,AVDA. LIBERTAD,5900,LAS VIOLETAS,,-2.746.282,-5.877.486,2,0,0,2,0,Colisión entre vehículos,Colisión entre vehículos,S/D,,,2,Recta,Intersección / cruce,,NO,,Asfalto,,Apto,,,,,,,,,,Día,NO,Sin Restricción,Despejado,Buena,,
169889,MUNICIPALIDAD DE CORRIENTES,2022-10-26,8:40:00,CORRIENTES,18,CAPITAL,21,CORRIENTES,Urbana,Calle,YERBAL,400,,,-2.746.736,-5.880.600,0,1,0,1,0,Caída desde vehículo,Caída desde vehículo,S/D,,,1,Recta,,,NO,,Asfalto,,Apto,,,,,,,S/D,S/D,S/D,Día,NO,Sin Restricción,Despejado,Buena,,Sin Semáforo
147418,OBSERVATORIO VIAL,2022-10-26,10:43:00,CORRIENTES,18,CAPITAL,21,,Urbana,Calle,BRASIL,,PELLEGRINI,,,,1,1,0,2,0,Colisión entre vehículos,Colisión entre vehículos,S/D,,Angulo,2,Recta,Intersección / cruce,,NO,,Asfalto,,Apto,Seca,,,,,,S/D,S/D,S/D,Día,NO,Sin Restricción,Despejado,Buena,,Sin Semáforo
168423,MUNICIPALIDAD DE CORRIENTES,2022-10-26,9:50:00,CORRIENTES,18,CAPITAL,21,CORRIENTES,Urbana,Calle,SAN MARTÍN,2300,PERÚ,,,,1,1,0,2,0,Colisión entre vehículos,Colisión entre vehículos,S/D,,,2,Recta,Intersección / cruce,,NO,,Asfalto,,Apto,Seca,,Ninguna,,,,No,Si,No,Amanecer,SI,Sin Restricción,Despejado,Buena,,Sin Semáforo
137579,MUNICIPALIDAD DE CORRIENTES,2022-10-26,17:40:00,CORRIENTES,18,CAPITAL,21,CORRIENTES,Urbana,Avenida,INDEPENDENCIA,5400,,,,,1,1,0,2,0,Colisión entre vehículos,Colisión entre vehículos,S/D,,Alcance,2,Curva,Rotonda,,NO,,Asfalto,,Apto,Seca,,,,,,Si,No,No,Día,NO,Sin Restricción,Despejado,Buena,,Sin Semáforo
143763,OBSERVATORIO VIAL,2022-10-24,8:14:00,CORRIENTES,18,CAPITAL,21,CORRIENTES,Urbana,Calle,JOSE INGENIERO,410,,,,,2,0,0,2,0,Colisión entre vehículos,Colisión entre vehículos,S/D,,,2,Recta,Intersección / cruce,,NO,,Asfalto,,Apto,Seca,,Ninguna,,,,S/D,S/D,S/D,Día,NO,Sin Restricción,Despejado,Buena,,Sin Semáforo
146705,OBSERVATORIO VIAL,2022-10-23,19:13:00,CORRIENTES,18,,,,Urbana,,AV. MAIPU,1600,ESPAÑA,,,,3,0,0,2,0,Colisión entre vehículos,Colisión entre vehículos,S/D,,,2,Recta,Intersección / cruce,,NO,,,,Apto,Seca,,Ninguna,,,,S/D,S/D,S/D,Atardecer,SI,Sin Restricción,Despejado,Buena,,Sin Semáforo
139999,OBSERVATORIO VIAL,2022-10-23,14:42:00,CORRIENTES,18,CAPITAL,21,CORRIENTES,Urbana,Avenida,AV JUAN DE VERA,1600,SANTA FE,,,,1,1,0,1,1,Atropello a peatón/es,Atropello a peatón/es,S/D,,,2,Recta,Intersección / cruce,,NO,,Asfalto,,Apto,Seca,,Cordón Divisorio,,,,Si,Si,No,Día,NO,Sin Restricción,Despejado,Buena,,Sin Semáforo
140915,OBSERVATORIO VIAL,2022-10-23,5:30:00,CORRIENTES,18,CAPITAL,21,CORRIENTES,Urbana,Ruta Provincial,5,"2,5",,,,,0,2,0,2,0,Colisión entre vehículos,Colisión entre vehículos,S/D,,Alcance,2,Recta,Intersección / cruce,,NO,,Asfalto,,Apto,Seca,,Ninguna,,,,No,No,No,Día,SI,Sin Restricción,Despejado,Buena,,Sin Semáforo
146726,OBSERVATORIO VIAL,2022-10-22,9:15:00,CORRIENTES,18,CAPITAL,21,,,,AV. ARMENIA,,DEPARTAMENTO MERCEDES,,,,1,1,0,2,0,Colisión entre vehículos,Colisión entre vehículos,S/D,,Angulo,2,Recta,Intersección / cruce,,NO,,,,Apto,Seca,,Ninguna,,,,S/D,S/D,,Día,NO,Sin Restricción,,Buena,,Sin Semáforo
163544,OBSERVATORIO VIAL,2022-10-22,23:20:00,CORRIENTES,18,CAPITAL,21,CORRIENTES,Urbana,Avenida,AV 3 DE ABRIL,1630,AV MAIPU,,-2.747.658,-5.883.090,2,0,0,2,0,"Caída desde vehículo, Colisión entre vehículos",Colisión entre vehículos,S/D,,,2,Recta,Intersección / cruce,,NO,,Hormigón,,Apto,Seca,,Ninguna,,,,Si,No,No,Noche,SI,Sin Restricción,Despejado,Buena,,Sin Semáforo
158366,MUNICIPALIDAD DE CORRIENTES,2022-10-22,10:31:00,CORRIENTES,18,CAPITAL,21,CORRIENTES,Urbana,Avenida,AVDA. JUAN DE GAARAY,864,,,-2.749.303,-5.884.311,1,1,0,1,1,Atropello a peatón/es,Atropello a peatón/es,S/D,,,2,Recta,,,NO,,Asfalto,,Apto,Seca,,,,,,,,,Día,NO,Sin Restricción,Despejado,,,
162789,MUNICIPALIDAD DE CORRIENTES,2022-10-22,11:00:00,CORRIENTES,18,CAPITAL,21,CORRIENTES,Urbana,Calle,GOBERNADOR RUÍZ,2200,,,,,0,1,0,1,0,Caída desde vehículo,Caída desde vehículo,S/D,,,1,Recta,,,NO,,Asfalto,,Apto,Seca,,,,,,,,,Día,NO,Sin Restricción,Despejado,Buena,,
169147,MUNICIPALIDAD DE CORRIENTES,2022-10-21,8:48:00,CORRIENTES,18,CAPITAL,21,CORRIENTES,Urbana,Avenida,LAPRIDA,5000,GABRIELA MISTRAL,,-2.746.995,-5.878.758,1,1,0,2,0,Colisión entre vehículos,Colisión entre vehículos,S/D,,,2,Recta,Intersección / cruce,,NO,,Asfalto,,Apto,Seca,,,,,,Si,Si,No,Día,NO,Sin Restricción,Despejado,Buena,,Sin Semáforo
139213,OBSERVATORIO VIAL,2022-10-21,15:50:00,CORRIENTES,18,CAPITAL,21,CORRIENTES,Urbana,Avenida,AV 3 DE ABRIL,1900,PARAGUAY,,-2.747.674,-5.882.745,2,0,0,2,0,Colisión entre vehículos,Colisión entre vehículos,S/D,,,2,Recta,Intersección / cruce,,NO,,Asfalto,,Apto,Seca,,Ninguna,,,,Si,Si,Si,Día,NO,Sin Restricción,Despejado,Buena,,Funciona
166847,MUNICIPALIDAD DE CORRIENTES,2022-10-21,8:13:00,CORRIENTES,18,CAPITAL,21,CORRIENTES,Urbana,Calle,HUNGRÍA,3400,NIÑO JESÚS,,-2.747.153,-5.880.051,1,1,0,2,0,Colisión entre vehículos,Colisión entre vehículos,S/D,,,2,Recta,,,NO,,Asfalto,,Apto,,,,,,,No,No,No,,NO,Sin Restricción,Despejado,Buena,,Sin Semáforo
175474,OBSERVATORIO VIAL,2022-10-20,10:59:00,CORRIENTES,18,CAPITAL,21,CORRIENTES,Urbana,Avenida,AVENIDA COSTANERA,1,AVENIDA 3 DE ABRIL,,-2.747.332,-5.885.552,2,0,0,2,0,Colisión entre vehículos,Colisión entre vehículos,,,,2,,Intersección / cruce,,,No obstruido,Asfalto,,Apto,Seca,,Otro,PARTERRE,Ninguna,,Si,Si,No,,,,Despejado,,,Funciona
134856,OBSERVATORIO VIAL,2022-10-19,13:30:00,CORRIENTES,18,CAPITAL,21,CORRIENTES,Urbana,Avenida,AV FERRE,1600,GDOR. MARTIN GOITIA,,,,1,1,0,2,0,Colisión entre vehículos,Colisión entre vehículos,S/D,,Lateral,2,Recta,Intersección / cruce,,NO,,Asfalto,,Apto,Seca,,Cordón Divisorio,,,,Si,Si,No,Día,NO,Sin Restricción,Despejado,Buena,,Sin Semáforo
134819,MUNICIPALIDAD DE CORRIENTES,2022-10-19,11:30:00,CORRIENTES,18,CAPITAL,21,CORRIENTES,Urbana,Calle,BRASIL,,SAN MARTIN,,,,2,0,0,2,0,Colisión entre vehículos,Colisión entre vehículos,S/D,,,2,Recta,Intersección / cruce,,NO,,Asfalto,,Apto,Seca,,,,,,,,,Día,NO,Sin Restricción,Despejado,Buena,,
140938,OBSERVATORIO VIAL31,2022-10-18,2:30:00,CORRIENTES,18,CAPITAL,21,CORRIENTES,Urbana,Calle,MENDOZA,1600,LAVALLE,,,,1,1,0,2,0,Colisión entre vehículos,Colisión entre vehículos,S/D,,Angulo,2,Recta,Intersección / cruce,,NO,,Asfalto,,Apto,Seca,,Ninguna,,,,Si,No,No,Noche,SI,Sin Restricción,Despejado,Buena,,Sin Semáforo
143759,OBSERVATORIO VIAL,2022-10-17,17:49:00,CORRIENTES,18,CAPITAL,21,CORRIENTES,Urbana,Calle,SAN MARTIN,1300,CORDOBA,,,,1,1,0,2,0,Colisión entre vehículos,Colisión entre vehículos,S/D,,,2,Recta,Intersección / cruce,,NO,,Asfalto,EN CALZADA,Apto,Seca,,Ninguna,,,,S/D,S/D,S/D,Día,NO,Sin Restricción,Despejado,Buena,,Sin Semáforo
169161,MUNICIPALIDAD DE CORRIENTES,2022-10-17,12:30:00,CORRIENTES,18,CAPITAL,21,CORRIENTES,Urbana,Avenida,AVENIDA COSTANERA JUAN PABLO II,1800,GENERAL PAZ,,-2.747.584,-5.885.555,0,2,0,2,0,Colisión entre vehículos,Colisión entre vehículos,S/D,,,2,Curva,Intersección / cruce,,NO,,Asfalto,,Apto,Seca,,,,,,Si,Si,No,Día,NO,Sin Restricción,Despejado,Buena,,Sin Semáforo
175463,OBSERVATORIO VIAL,2022-10-17,7:15:00,CORRIENTES,18,CAPITAL,21,CORRIENTES,Urbana,Avenida,AV FERRE,2000,AV ARTIGAS,,,,1,0,0,2,0,Colisión entre vehículos,Colisión entre vehículos,,,,2,,Intersección / cruce,,,S/D,Asfalto,,Apto,Seca,,S/D,,Asfalto,,S/D,S/D,S/D,Día,,,Despejado,,,Funciona
167752,MUNICIPALIDAD DE CORRIENTES,2022-10-17,15:20:00,CORRIENTES,18,CAPITAL,21,CORRIENTES,Urbana,Calle,PERÚ,1200,SIMÓN BOLÍVAR,MANUEL BELGRANO,,,2,0,0,2,0,Colisión entre vehículos,Colisión entre vehículos,S/D,,Alcance,2,Recta,Intersección / cruce,,NO,,Asfalto,,Apto,"Despejada, Seca",,Ninguna,,,,Si,Si,No,Día,NO,Sin Restricción,Despejado,Buena,,Sin Semáforo
143764,OBSERVATORIO VIAL,2022-10-16,12:15:00,CORRIENTES,18,CAPITAL,21,CORRIENTES,Urbana,Calle,QUINQUELA MARTIN,900,LAFERRERE,,,,0,2,0,1,0,"Atropello a animal/es, Colisión entre vehículos",Colisión entre vehículos,S/D,,,1,Recta,,,NO,,Asfalto,,Apto,Seca,,,,,,S/D,S/D,S/D,Día,NO,Sin Restricción,Despejado,Buena,,Sin Semáforo
174826,OBSERVATORIO VIAL,2022-10-16,13:00:00,CORRIENTES,18,CAPITAL,21,CORRIENTES,Urbana,Avenida,3 DE abril,1300,CÓRDOBA,,,,3,0,0,3,0,Colisión entre vehículos,Colisión entre vehículos,,,Alcance,3,,Mitad de la calle / avenida,,,,Asfalto,,Apto,Seca,,Ninguna,,Ninguna,,Si,Si,No,Día,,,Despejado,,,Funciona
157745,OBSERVATORIO VIAL,2022-10-16,17:28:00,CORRIENTES,18,,,,Urbana,,GOBERNADOR RUIZ,2200,,,,,0,2,0,1,0,"Caída desde vehículo, Colisión entre vehículos",Colisión entre vehículos,S/D,,,1,Recta,Intersección / cruce,,NO,,Asfalto,,Apto,Seca,,Ninguna,,,,S/D,S/D,S/D,,NO,Sin Restricción,Nublado,Buena,,Sin Semáforo
169850,MUNICIPALIDAD DE CORRIENTES,2022-10-16,11:50:00,CORRIENTES,18,CAPITAL,21,CORRIENTES,Urbana,Calle,SAN LORENZO,1100,,,-2.747.024,-5.883.208,3,0,0,3,0,Colisión entre vehículos,Colisión entre vehículos,S/D,,Multiple,3,Recta,Intersección / cruce,,NO,,Asfalto,,Apto,"Despejada, Seca",,Ninguna,,,,Si,Si,No,Día,NO,Sin Restricción,Despejado,Buena,,Funciona
171746,OBSERVATORIO VIAL,2022-10-15,15:35:00,CORRIENTES,18,CAPITAL,21,CORRIENTES,Urbana,Calle,SAN MARTÍN,1600,SANTA FE,,-2.747.038,-5.883.072,2,0,0,2,0,Colisión entre vehículos,Colisión entre vehículos,S/D,,Alcance,2,Recta,Intersección / cruce,,,,Asfalto,,Apto,"Despejada, Seca",,Ninguna,,,,Si,Si,No,Día,SI,Sin Restricción,Despejado,Buena,,Funciona
132621,MUNICIPALIDAD DE CORRIENTES,2022-10-15,7:27:00,CORRIENTES,18,CAPITAL,21,CORRIENTES,Urbana,Avenida,AV CAZADORES CORRENTINOS,,LAS PIEDRAS,,,,2,2,0,2,0,Colisión entre vehículos,Colisión entre vehículos,S/D,,Angulo,2,Recta,Intersección / cruce,,NO,,Hormigón,,Apto,Seca,,,,,,,,,Amanecer,NO,,Despejado,Buena,,
145180,OBSERVATORIO VIAL,2022-10-15,17:20:00,CORRIENTES,18,,,,,Ruta Provincial,RUTA 5,"1,5",,,,,2,0,0,2,0,Colisión entre vehículos,Colisión entre vehículos,S/D,,,2,Recta,Intersección / cruce,,NO,,Asfalto,,Apto,,,,,,,S/D,S/D,S/D,Día,NO,Sin Restricción,Despejado,Buena,,Intermitente
165347,MUNICIPALIDAD DE CORRIENTES,2022-10-15,20:10:00,CORRIENTES,18,CAPITAL,21,CORRIENTES,Urbana,Avenida,AVENIDA J.R. VIDAL,2200,MADARIAGA,,-2.748.511,-5.881.604,1,1,0,2,0,Colisión entre vehículos,Colisión entre vehículos,S/D,,Angulo,2,Recta,Intersección / cruce,,NO,,Hormigón,,Apto,,,Cordón Divisorio,,,,S/D,S/D,S/D,Noche,SI,Sin Restricción,Despejado,Buena,,Sin Semáforo
166845,MUNICIPALIDAD DE CORRIENTES,2022-10-14,10:20:00,CORRIENTES,18,CAPITAL,21,CORRIENTES,Urbana,Avenida,AVENIDA ARTÍGAS,1100,SIMÓN BOLÍVAR,,-2.747.269,-5.881.891,2,0,0,2,0,Colisión entre vehículos,Colisión entre vehículos,S/D,,Angulo,2,Recta,Intersección / cruce,,NO,,Asfalto,,Apto,Despejada,,Ninguna,,,,,,,Día,NO,Sin Restricción,Despejado,Buena,,Sin Semáforo
167697,MUNICIPALIDAD DE CORRIENTES,2022-10-14,9:10:00,CORRIENTES,18,CAPITAL,21,CORRIENTES,Urbana,Avenida,AVENIDA LIBERTAD,603,,,,,1,0,0,1,0,Despiste,Despiste,Si,,,1,Recta,Intersección / cruce,,NO,,Hormigón,,Apto,Seca,,Ninguna,,,,Si,Si,No,Día,NO,Sin Restricción,Despejado,Buena,,Sin Semáforo
174257,OBSERVATORIO VIAL,2022-10-14,8:40:00,CORRIENTES,18,CAPITAL,21,CORRIENTES,Urbana,Calle,ESPAÑA,1800,PUJOL,,,,1,1,0,2,0,Colisión entre vehículos,Colisión entre vehículos,,,,2,,Recta,,,,Asfalto,,Apto,Seca,,S/D,,S/D,,S/D,S/D,S/D,Día,,,Despejado,,,Sin Semáforo
176146,OBSERVATORIO VIAL,2022-10-13,10:20:00,CORRIENTES,18,CAPITAL,21,CORRIENTES,Urbana,Avenida,CHACABUCO,2800,,,,,1,1,0,2,0,Colisión entre vehículos,Colisión entre vehículos,,,Lateral,2,,Intersección / cruce,,,No obstruido,Asfalto,,Apto,Seca,,Cantero central,,Ninguna,,Si,Si,No,Día,,,Despejado,,,Sin Semáforo
176149,OBSERVATORIO VIAL,2022-10-13,16:45:00,CORRIENTES,18,CAPITAL,21,CORRIENTES,Urbana,Avenida,ARMENIA,4600,JOSE INGENIERO,,,,2,0,0,2,0,,,,,,2,,Intersección / cruce,,,No obstruido,Asfalto,,Apto,Seca,,Cantero central,,Ninguna,,Si,Si,No,Día,,,Despejado,,,Sin Semáforo
141865,OBSERVATORIO VIAL,2022-10-13,6:10:00,CORRIENTES,18,CAPITAL,21,CORRIENTES,Urbana,Calle,9 DE julio,1100,MENDOZA,,,,1,0,0,1,0,Despiste,Despiste,Si,,,1,Recta,Intersección / cruce,,NO,,Asfalto,,Apto,Seca,,Ninguna,,,,Si,Si,No,Amanecer,SI,Sin Restricción,Despejado,Buena,,Funciona
152943,OBSERVATORIO VIAL,2022-10-12,9:59:00,CORRIENTES,18,CAPITAL,21,CORRIENTES,Urbana,Avenida,AV ARMENIA,2637,,,,,2,0,0,2,0,Colisión entre vehículos,Colisión entre vehículos,S/D,,Alcance,2,Recta,Intersección / cruce,,NO,,Asfalto,,Apto,"Despejada, Seca",,Cordón Divisorio,,,,S/D,S/D,S/D,Día,NO,Sin Restricción,Nublado,Buena,,Sin Semáforo
147087,OBSERVATORIO VIAL,2022-10-12,10:10:00,CORRIENTES,18,,,,Urbana,Calle,A. CORREA FERNNDEZ,,SASRMIENTO,,,,0,1,0,1,0,Vuelco (solo 1 participante),Vuelco (solo 1 participante),S/D,,,1,Recta,Intersección / cruce,,NO,,Asfalto,,Apto,Despejada,,Ninguna,,,,S/D,S/D,S/D,Día,NO,Sin Restricción,Despejado,Buena,,Sin Semáforo
136374,DIRECCIÓN DE SEGURIDAD VIAL,2022-10-11,8:10:00,CORRIENTES,18,CAPITAL,21,CORRIENTES,Urbana,Avenida,SAN JUAN,,AV. 3 DE ABRIL,,,,0,2,0,1,1,Atropello a peatón/es,Atropello a peatón/es,S/D,,,2,Recta,Intersección / cruce,,NO,,Asfalto,,Apto,Seca,,Ninguna,,,,,,,Día,NO,Sin Restricción,Despejado,Buena,,
157822,OBSERVATORIO VIAL,2022-10-10,8:30:00,CORRIENTES,18,CAPITAL,21,CORRIENTES,Urbana,Avenida,AV PEDRO FERRE,2100,BRASIL,,-2.747.722,-5.882.507,2,1,0,2,0,Colisión entre vehículos,Colisión entre vehículos,S/D,,Lateral,2,Recta,Intersección / cruce,,NO,,Asfalto,,Apto,"Despejada, Seca",,Cordón Divisorio,,,,Si,Si,S/D,Día,NO,Sin Restricción,Despejado,Buena,,Funciona
162787,MUNICIPALIDAD DE CORRIENTES,2022-10-10,10:50:00,CORRIENTES,18,CAPITAL,21,CORRIENTES,Urbana,Avenida,AVDA. 3 DE ABRIL,1700,ESPAÑA,,-2.747.640,-5.883.016,1,1,0,1,1,Atropello a peatón/es,Atropello a peatón/es,S/D,,,2,Recta,Intersección / cruce,,NO,,Asfalto,,Apto,Despejada,,Cordón Divisorio,,,,S/D,No,S/D,Día,NO,Sin Restricción,"Despejado, Viento",Buena,,Funciona
168134,MUNICIPALIDAD DE CORRIENTES,2022-10-09,10:10:00,CORRIENTES,18,CAPITAL,21,CORRIENTES,Urbana,Calle,URUGUAY,2000,MARIANO MORENO,,-2.747.426,-5.882.601,1,1,0,2,0,Colisión entre vehículos,Colisión entre vehículos,S/D,,Angulo,2,Recta,Intersección / cruce,,NO,,Asfalto,,Apto,Despejada,,Ninguna,,,,No,Si,No,Día,NO,Sin Restricción,Despejado,Buena,,Sin Semáforo
134863,MUNICIPALIDAD DE CORRIENTES,2022-10-09,19:40:00,CORRIENTES,18,CAPITAL,21,CORRIENTES,Rural,Ruta Nacional,12,1039,,,,,2,0,0,2,0,Colisión entre vehículos,Colisión entre vehículos,S/D,,Alcance,2,Recta,,,NO,,Asfalto,,Apto,Seca,,,,,,S/D,Si,S/D,Atardecer,SI,Sin Restricción,Despejado,Buena,,Sin Semáforo
136414,OBSERVATORIO VIAL,2022-10-07,10:40:00,CORRIENTES,18,CAPITAL,21,CORRIENTES,Urbana,Avenida,AV MAIPU,1300,,,-2.748.941,-5.882.074,1,2,0,2,0,Colisión entre vehículos,Colisión entre vehículos,S/D,,,2,Recta,Intersección / cruce,,NO,,Asfalto,,Baches,Seca,,Ninguna,,,,Si,Si,No,Día,NO,Sin Restricción,Despejado,Buena,,Sin Semáforo
152960,OBSERVATORIO VIAL,2022-10-07,14:15:00,CORRIENTES,18,CAPITAL,21,CORRIENTES,Urbana,Calle,HIPOLITO YRIGOYEN,1000,LA RIOJA,,,,1,1,0,2,0,Colisión entre vehículos,Colisión entre vehículos,S/D,,Lateral,2,Recta,Intersección / cruce,,NO,,Asfalto,,Apto,"Despejada, Seca",,Ninguna,,,,Si,Si,No,Día,NO,Sin Restricción,Despejado,Buena,,Funciona
163572,OBSERVATORIO VIAL,2022-10-06,22:30:00,CORRIENTES,18,CAPITAL,21,CORRIENTES,Urbana,Avenida,AV. TENIENTE IBAÑEZ,1050,JOSE R. VIDAL,,-2.748.526,-5.883.992,2,0,0,2,0,Colisión entre vehículos,Colisión entre vehículos,S/D,,Angulo,2,Recta,Intersección / cruce,,NO,,Hormigón,,Apto,Seca,,Cordón Divisorio,,,,Si,Si,Si,Noche,SI,Sin Restricción,Despejado,Buena,,Funciona
175448,OBSERVATORIO VIAL,2022-10-06,6:10:00,CORRIENTES,18,CAPITAL,21,CORRIENTES,Urbana,Avenida,CHACABUCO,1100,SAN MARTIN,,,,1,1,0,2,0,Colisión entre vehículos,Colisión entre vehículos,,,Lateral,2,,Intersección / cruce,,,No obstruido,Asfalto,,Apto,Seca,,Barreras de seguridad,,Ninguna,Barrera de Hormigón,Si,Si,No,Día,,,Despejado,,,Sin Semáforo
168135,MUNICIPALIDAD DE CORRIENTES,2022-10-06,10:15:00,CORRIENTES,18,CAPITAL,21,CORRIENTES,Urbana,Calle,MEDRANO,3000,,,-2.749.462,-5.879.984,2,0,0,2,0,Colisión entre vehículos,Colisión entre vehículos,S/D,,Angulo,2,Recta,Intersección / cruce,,NO,,Asfalto,,Apto,Despejada,,Ninguna,,,,No,No,No,Día,NO,Sin Restricción,Despejado,Buena,,Sin Semáforo
175470,OBSERVATORIO VIAL,2022-10-05,7:35:00,CORRIENTES,18,CAPITAL,21,CORRIENTES,Urbana,Avenida,AVENIDA PAYSANDU,3500,CRUZ DEL EJE,,,,2,0,0,1,0,Otro,Otro,,CAIDA,,1,,Intersección / cruce,,,No obstruido,Asfalto,,Apto,Seca,,Ninguna,,Ninguna,,No,No,No,Día,,,Despejado,,,Sin Semáforo
134854,OBSERVATORIO VIAL,2022-10-04,12:00:00,CORRIENTES,18,CAPITAL,21,CORRIENTES,Urbana,Avenida,AV MAIPU,6000,13 DE junio,,,,3,0,0,3,0,Colisión entre vehículos,Colisión entre vehículos,S/D,,Alcance,3,Recta,Intersección / cruce,,NO,,Hormigón,,Apto,Seca,,Cordón Divisorio,,,,No,No,No,Día,NO,Sin Restricción,Despejado,Buena,,Sin Semáforo
144734,OBSERVATORIO VIAL,2022-10-04,16:52:00,CORRIENTES,18,CAPITAL,21,CORRIENTES,Urbana,Avenida,AV. LIBERTAD,,RUTA 12,,,,1,1,0,2,0,Colisión entre vehículos,Colisión entre vehículos,S/D,,,2,Recta,Intersección / cruce,,NO,,Asfalto,,Apto,Seca,,Ninguna,,,,Si,Si,Si,Día,NO,Sin Restricción,Despejado,Buena,,Funciona
157807,MUNICIPALIDAD DE CORRIENTES,2022-10-04,13:20:00,CORRIENTES,18,CAPITAL,21,CORRIENTES,,Calle,SAN LUIS,,BOLÍVAR,,-2.747.031,-5.884.319,1,1,0,2,0,Colisión entre vehículos,Colisión entre vehículos,S/D,,Angulo,2,Recta,Intersección / cruce,,NO,,Hormigón,,Apto,Despejada,,Ninguna,,,,S/D,S/D,S/D,Día,NO,Sin Restricción,Despejado,Buena,,Sin Semáforo
164614,MUNICIPALIDAD DE CORRIENTES,2022-10-04,8:05:00,CORRIENTES,18,CAPITAL,21,CORRIENTES,Urbana,Calle,CATAMARCA,853,JUNÍN,9 DE julio,-2.746.742,-5.883.299,2,0,0,2,0,Colisión entre vehículos,Colisión entre vehículos,S/D,,Lateral,2,Recta,,,NO,,Asfalto,,Apto,Seca,,,,,,,Si,,Día,NO,Sin Restricción,Despejado,Buena,,Funciona
151161,OBSERVATORIO VIAL,2022-10-04,15:21:00,CORRIENTES,18,CAPITAL,21,,,,CUBA,,RAMOS MEJIA,,,,0,2,0,2,0,Colisión entre vehículos,Colisión entre vehículos,S/D,,Angulo,2,Recta,Intersección / cruce,,NO,,Asfalto,,Apto,Seca,,Ninguna,,,,No,No,,Día,NO,Sin Restricción,Despejado,Buena,,Sin Semáforo
157823,OBSERVATORIO VIAL,2022-10-02,14:06:00,CORRIENTES,18,CAPITAL,21,CORRIENTES,Urbana,Calle,RIVADAVIA,1000,SAN JUAN,,-2.747.434,-5.883.745,2,0,0,2,0,Colisión entre vehículos,Colisión entre vehículos,S/D,,Alcance,2,Recta,Intersección / cruce,,NO,,Asfalto,,Apto,"Despejada, Seca",,Ninguna,,,,Si,Si,S/D,Día,NO,Sin Restricción,Despejado,Buena,,Sin Semáforo
153796,OBSERVATORIO VIAL,2022-10-02,8:28:00,CORRIENTES,18,CAPITAL,21,CORRIENTES,Urbana,Avenida,ROTONDA PONCHO VERDE,2100,,,,,2,0,0,2,0,Colisión entre vehículos,Colisión entre vehículos,S/D,,Lateral,2,Recta,Rotonda,,NO,,Asfalto,,Apto,"Despejada, Seca",,Ninguna,,,,Si,Si,S/D,Día,NO,Sin Restricción,Despejado,Buena,,Sin Semáforo
156562,OBSERVATORIO VIAL,2022-10-02,15:00:00,CORRIENTES,18,CAPITAL,21,CORRIENTES,Urbana,Avenida,AV. DR ROMERO,,SUIPACHA,,,,0,1,0,1,0,Colisión entre vehículos,Colisión entre vehículos,S/D,ATROPELLO DE COLUMNA,Frontal,1,Recta,Intersección / cruce,,NO,,Asfalto,,Apto,Seca,,Cordón Divisorio,,,,S/D,S/D,,Día,NO,Sin Restricción,Despejado,Buena,,Sin Semáforo
156553,OBSERVATORIO VIAL,2022-10-02,18:10:00,CORRIENTES,18,CAPITAL,21,CORRIENTES,Urbana,Avenida,AV ALFONSIN,4800,ONTIVEROS,,-2.747.596,-5.879.264,1,1,0,2,0,Colisión entre vehículos,Colisión entre vehículos,S/D,,,2,Recta,Intersección / cruce,,NO,,Hormigón,,Apto,Seca,,Ninguna,,,,S/D,S/D,S/D,Día,NO,Sin Restricción,Despejado,Buena,,Sin Semáforo
145740,OBSERVATORIO VIAL,2022-10-01,20:30:00,CORRIENTES,18,CAPITAL,21,CORRIENTES,Urbana,Avenida,AV. MAIPU,,ROTONDA SANTA CATALINA,,,,2,0,0,2,0,Colisión entre vehículos,Colisión entre vehículos,S/D,,,2,Recta,Intersección / cruce,,NO,,Asfalto,,Apto,Seca,,Ninguna,,,,S/D,S/D,S/D,Noche,SI,,Despejado,Buena,,Sin Semáforo
147085,OBSERVATORIO VIAL,2022-10-01,9:20:00,CORRIENTES,18,CAPITAL,21,,Urbana,Avenida,AV MAIPU,,ALTA GRACIA,,,,2,0,0,2,0,Colisión entre vehículos,Colisión entre vehículos,S/D,,Angulo,2,Recta,Intersección / cruce,,NO,,,,,"Despejada, Seca",,Cordón Divisorio,,,,Si,S/D,S/D,Día,NO,,Despejado,Buena,,Funciona
165344,MUNICIPALIDAD DE CORRIENTES,2022-10-01,9:20:00,CORRIENTES,18,CAPITAL,21,CORRIENTES,Urbana,Avenida,GOBERNADARO JOSÉ MARÍA ROLÓN,2555,SANTIAGO DEL ESTERO,,-2.746.172,-5.881.741,1,0,0,1,0,Choque,Choque,S/D,,En calzada,1,Recta,Intersección / cruce,,NO,,Asfalto,,Apto,"Despejada, Seca",,Ninguna,,,,No,S/D,S/D,Día,NO,,Despejado,,,Sin Semáforo
135581,OBSERVATORIO VIAL,2022-10-01,12:40:00,CORRIENTES,18,CAPITAL,21,CORRIENTES,Urbana,Ruta Nacional,12,2700,VERONA,,-2.749.613,-5.877.746,1,1,0,2,0,Colisión entre vehículos,Colisión entre vehículos,S/D,,Angulo,2,Recta,Intersección / cruce,,NO,,Asfalto,,Apto,Seca,,Ninguna,,,,S/D,S/D,Si,Día,NO,Sin Restricción,Despejado,Buena,,Sin Semáforo
156585,OBSERVATORIO VIAL,2022-10-01,12:50:00,CORRIENTES,18,CAPITAL,21,CORRIENTES,Urbana,,AV.3 DE ABRIL,,ESPAÑA,,,,3,0,0,3,0,Colisión entre vehículos,Colisión entre vehículos,S/D,,Angulo,3,Recta,Intersección / cruce,,NO,,Asfalto,,Apto,Seca,,Cordón Divisorio,,,,Si,Si,,Día,NO,,Despejado,Buena,,Funciona
145039,OBSERVATORIO VIAL,2022-10-01,15:21:00,CORRIENTES,18,CAPITAL,21,CORRIENTES,Urbana,Avenida,AV MAIPU,3200,LOS MATACOS,,,,1,1,0,2,0,Colisión entre vehículos,Colisión entre vehículos,S/D,,Lateral,2,Recta,Intersección / cruce,,,,Asfalto,,Apto,"Despejada, Seca",,Ninguna,,,,S/D,S/D,S/D,Día,NO,Sin Restricción,Despejado,Buena,,Sin Semáforo
134088,MUNICIPALIDAD DE CORRIENTES,2022-10-01,13:15:00,CORRIENTES,18,CAPITAL,21,CORRIENTES,Urbana,Avenida,AV.3 DE ABRIL,,SANTA FE,,,,2,0,0,2,0,Colisión entre vehículos,Colisión entre vehículos,S/D,,Alcance,2,Recta,,,NO,,Asfalto,,Apto,Seca,,,,,,,,,Día,NO,Sin Restricción,Despejado,Buena,,
162766,OBSERVATORIO VIAL,2022-09-30,16:45:00,CORRIENTES,18,CAPITAL,21,CORRIENTES,Urbana,Calle,SAN MARTIN,1800,PARAGUAY,,-2.747.078,-5.882.697,1,1,0,2,0,Colisión entre vehículos,Colisión entre vehículos,S/D,,Lateral,2,Recta,Intersección / cruce,,NO,,Asfalto,,Apto,"Despejada, Seca",,Ninguna,,,,Si,Si,S/D,Día,NO,Sin Restricción,Despejado,Buena,,Sin Semáforo
159879,MUNICIPALIDAD DE CORRIENTES,2022-09-30,12:10:00,CORRIENTES,18,CAPITAL,21,CORRIENTES,Urbana,Avenida,AVDA. IBERÁ,S/N,AVDA. ESTRADA,,-2.749.837,-5.883.288,2,1,0,2,0,Colisión entre vehículos,Colisión entre vehículos,S/D,,Angulo,2,Recta,Intersección / cruce,,NO,,Hormigón,,Apto,Despejada,,Cordón Divisorio,,,,,Si,,Día,NO,Sin Restricción,Despejado,Buena,,Sin Semáforo
168133,MUNICIPALIDAD DE CORRIENTES,2022-09-29,8:57:00,CORRIENTES,18,CAPITAL,21,CORRIENTES,Urbana,Calle,LAPRIDA,700,,,-2.746.603,-5.878.696,1,2,0,2,0,Colisión entre vehículos,Colisión entre vehículos,S/D,,,2,Recta,,,NO,,Asfalto,,Apto,,,,,,,No,No,No,Día,NO,Sin Restricción,Despejado,Buena,,Sin Semáforo
140917,OBSERVATORIO VIAL,2022-09-29,13:15:00,CORRIENTES,18,CAPITAL,21,CORRIENTES,Urbana,Calle,MARIANO MORENO,1300,CORDOBA,,,,2,0,0,2,0,Colisión entre vehículos,Colisión entre vehículos,S/D,,Angulo,2,Recta,Intersección / cruce,,NO,,Asfalto,,Apto,Seca,,Ninguna,,,,Si,Si,No,Día,NO,Sin Restricción,Despejado,Buena,,Sin Semáforo
141870,OBSERVATORIO VIAL,2022-09-29,19:10:00,CORRIENTES,18,CAPITAL,21,CORRIENTES,Urbana,Avenida,AV MAIPU,1499,ASUNCION,,,,2,0,0,2,0,Colisión entre vehículos,Colisión entre vehículos,S/D,,,2,Recta,Intersección / cruce,,NO,,Asfalto,,Apto,Mojada,,Ninguna,,,,Si,S/D,S/D,Noche,SI,Sin Restricción,Lluvia,Lluvia,,Funciona
152096,OBSERVATORIO VIAL,2022-09-28,20:10:00,CORRIENTES,18,CAPITAL,21,CORRIENTES,Urbana,,RIVADAVIA,,SAN LORENZO,,,,1,1,0,2,0,Colisión entre vehículos,Colisión entre vehículos,S/D,,Angulo,2,Recta,Intersección / cruce,,NO,,Asfalto,,Apto,Seca,,Ninguna,,,,S/D,S/D,S/D,Noche,SI,Sin Restricción,Despejado,Buena,,Sin Semáforo
162783,MUNICIPALIDAD DE CORRIENTES,2022-09-27,12:40:00,CORRIENTES,18,CAPITAL,21,CORRIENTES,Urbana,Avenida,AVDA 3 DE ABRIL,1300,CÓRDOBA,,,,1,1,0,2,0,Colisión entre vehículos,Colisión entre vehículos,S/D,,Angulo,2,Recta,Intersección / cruce,,NO,,Asfalto,,Apto,Despejada,,Cordón Divisorio,,,,Si,,,Día,NO,Sin Restricción,Despejado,Buena,,Funciona
140974,OBSERVATORIO VIAL,2022-09-27,9:00:00,CORRIENTES,18,CAPITAL,21,CORRIENTES,Urbana,Calle,GASCON,1300,,,,,4,0,0,2,0,Colisión entre vehículos,Colisión entre vehículos,S/D,,,2,Recta,Intersección / cruce,,NO,,Asfalto,,Apto,Seca,,Ninguna,,,,Si,Si,No,Día,NO,Sin Restricción,Despejado,Buena,,Sin Semáforo
145058,OBSERVATORIO VIAL,2022-09-27,14:00:00,CORRIENTES,18,CAPITAL,21,CORRIENTES,Urbana,Avenida,AV IV CENTENARIO,3000,AV GARAY,,,,1,1,0,2,0,Colisión entre vehículos,Colisión entre vehículos,S/D,,Lateral,2,Recta,Intersección / cruce,,NO,,Asfalto,,Apto,"Despejada, Seca",,Cordón Divisorio,,,,Si,Si,No,Día,NO,Sin Restricción,Despejado,Buena,,Funciona
136336,OBSERVATORIO VIAL,2022-09-27,11:37:00,CORRIENTES,18,CAPITAL,21,CORRIENTES,Urbana,Calle,TACUARI,2000,LAS HERAS,,-2.748.425,-5.880.699,1,1,0,2,0,Colisión entre vehículos,Colisión entre vehículos,S/D,,,2,Recta,Intersección / cruce,,NO,,Asfalto,,Apto,Seca,,Ninguna,,,,No,No,No,Día,NO,Sin Restricción,Despejado,Buena,,Sin Semáforo
151195,OBSERVATORIO VIAL,2022-09-26,12:01:00,CORRIENTES,18,,,,Urbana,,AV. CHACABUCO,,MORENO,,,,2,0,0,2,0,Colisión entre vehículos,Colisión entre vehículos,S/D,,,2,Recta,Intersección / cruce,,NO,,Asfalto,,Apto,Seca,,,,,,S/D,S/D,S/D,Día,NO,Sin Restricción,Despejado,Buena,,Sin Semáforo
159927,OBSERVATORIO VIAL,2022-09-26,11:35:00,CORRIENTES,18,CAPITAL,21,CORRIENTES,Urbana,,QUINTANA,,MENDOZA,,,,2,0,0,2,0,Colisión entre vehículos,Colisión entre vehículos,S/D,,,2,Recta,Intersección / cruce,,NO,,Asfalto,,Apto,Despejada,,Ninguna,,,,S/D,S/D,S/D,Día,NO,Sin Restricción,Despejado,Buena,,Sin Semáforo
160643,MUNICIPALIDAD DE CORRIENTES,2022-09-26,12:18:00,CORRIENTES,18,CAPITAL,21,CORRIENTES,Urbana,Avenida,AVDA. MAIPÚ,689,MADARIAGA,,-2.748.222,-5.882.648,2,0,0,2,0,Colisión entre vehículos,Colisión entre vehículos,S/D,,,2,Recta,Intersección / cruce,,NO,,Asfalto,,Apto,Seca,,Otro,,,,Si,Si,No,Día,NO,Sin Restricción,Despejado,Buena,,Sin Semáforo
161496,MUNICIPALIDAD DE CORRIENTES,2022-09-25,14:30:00,CORRIENTES,18,CAPITAL,21,CORRIENTES,Urbana,Calle,MANUEL BELGRANO,2600,,,,,1,1,0,2,0,Colisión entre vehículos,Colisión entre vehículos,S/D,,Alcance,2,Recta,,,NO,,Asfalto,,Apto,Seca,,,,,,,,,Día,NO,Sin Restricción,Despejado,Buena,,
148181,OBSERVATORIO VIAL,2022-09-25,16:15:00,CORRIENTES,18,CAPITAL,21,,Urbana,,AYACUCHO,,COLOMBIA,,,,2,0,0,2,0,Colisión entre vehículos,Colisión entre vehículos,S/D,,Angulo,2,Recta,Intersección / cruce,,NO,,Asfalto,,Apto,Despejada,,Ninguna,,,,No,No,,,NO,Sin Restricción,Despejado,Buena,,Sin Semáforo
164583,OBSERVATORIO VIAL,2022-09-23,7:00:00,CORRIENTES,18,CAPITAL,21,CORRIENTES,Urbana,Calle,GUEMES,1700,LAVALLE,,,,1,1,0,1,0,Caída desde vehículo,Caída desde vehículo,S/D,,,1,Recta,Intersección / cruce,,NO,,Asfalto,,Apto,"Despejada, Seca",,Ninguna,,,,Si,S/D,S/D,Día,NO,Sin Restricción,Despejado,Buena,,Sin Semáforo
148182,OBSERVATORIO VIAL,2022-09-23,7:30:00,CORRIENTES,18,,,,Urbana,,NECOCHEA,,GOBERNADOR CASTILLO,,,,1,1,0,2,0,Colisión entre vehículos,Colisión entre vehículos,S/D,,Angulo,2,Recta,Intersección / cruce,,NO,,Asfalto,,Apto,Seca,,Ninguna,,,,S/D,S/D,S/D,Día,NO,Sin Restricción,Despejado,Buena,,Sin Semáforo
137051,MUNICIPALIDAD DE CORRIENTES,2022-09-22,12:00:00,CORRIENTES,18,CAPITAL,21,CORRIENTES,Urbana,Avenida,3 DE abril,1300,CORDOBA,,,,2,0,0,2,0,Colisión entre vehículos,Colisión entre vehículos,S/D,,,2,Recta,Intersección / cruce,,NO,,Asfalto,,Apto,Seca,,Ninguna,,,,Si,Si,Si,Día,NO,Sin Restricción,Despejado,Buena,,Funciona
142692,OBSERVATORIO VIAL,2022-09-22,22:00:00,CORRIENTES,18,CAPITAL,21,CORRIENTES,Urbana,Avenida,AV JUAN DOMINGO PERON,4490,DARRAGUEIRA,,,,2,0,0,2,0,Colisión entre vehículos,Colisión entre vehículos,S/D,,Rozamiento,2,Recta,Intersección / cruce,,NO,,Asfalto,,Apto,"Despejada, Seca",,Cordón Divisorio,,,,S/D,S/D,S/D,Noche,SI,Sin Restricción,Despejado,Buena,,Sin Semáforo
175475,OBSERVATORIO VIAL,2022-09-22,11:24:00,CORRIENTES,18,CAPITAL,21,CORRIENTES,Urbana,Avenida,AVENIDA PATAGONIA,2200,AVENIDA PAYSANDU,,-2.749.258,-5.882.439,2,1,0,3,0,Colisión entre vehículos,Colisión entre vehículos,,,Multiple,3,,Intersección / cruce,,,No obstruido,Asfalto,,Apto,Seca,,Ninguna,,Ninguna,,Si,Si,No,Día,,,Despejado,,,Funciona
151199,OBSERVATORIO VIAL,2022-09-21,12:00:00,CORRIENTES,18,,,,Urbana,Avenida,AV. ARTIGAS,,AYACUCHO,,,,1,1,0,1,0,Caída desde vehículo,Caída desde vehículo,S/D,,,1,Recta,Intersección / cruce,,NO,,Asfalto,,Apto,Seca,,Ninguna,,,,Si,,No,Día,NO,Sin Restricción,,Buena,,Funciona
169867,MUNICIPALIDAD DE CORRIENTES,2022-09-21,15:45:00,CORRIENTES,18,CAPITAL,21,CORRIENTES,Urbana,Calle,TACUARÍ,2500,LARREA,,-2.748.947,-5.880.802,2,1,0,2,0,Colisión entre vehículos,Colisión entre vehículos,S/D,,Alcance,2,Recta,Intersección / cruce,,NO,,Hormigón,,Apto,"Despejada, Seca",,Cordón Divisorio,,,,S/D,S/D,S/D,Día,NO,Sin Restricción,Despejado,Buena,,Sin Semáforo
134848,OBSERVATORIO VIAL,2022-09-20,12:15:00,CORRIENTES,18,CAPITAL,21,CORRIENTES,Urbana,Calle,RECONQUISTA,3130,EX VIA,,-2.749.369,-5.881.594,1,1,0,2,0,Colisión entre vehículos,Colisión entre vehículos,S/D,,,2,Recta,Intersección / cruce,,NO,,Asfalto,,Apto,Seca,,Ninguna,,,,S/D,S/D,S/D,Día,NO,Sin Restricción,Despejado,Buena,,Sin Semáforo
136377,MUNICIPALIDAD DE CORRIENTES,2022-09-20,10:45:00,CORRIENTES,18,CAPITAL,21,CORRIENTES,Urbana,Calle,CATAMARCA,1000,,,,,2,0,0,2,0,Colisión entre vehículos,Colisión entre vehículos,S/D,,Alcance,2,Recta,Intersección / cruce,,NO,,Asfalto,,Apto,Seca,,Ninguna,,,,,,,Día,NO,Sin Restricción,Despejado,Buena,,
139255,OBSERVATORIO VIAL,2022-09-20,1:24:00,CORRIENTES,18,CAPITAL,21,CORRIENTES,Rural,Avenida,AV MAIPU,250,GDOR TORRENT,,,,1,1,0,2,0,Colisión entre vehículos,Colisión entre vehículos,S/D,,Rozamiento,2,Curva,Intersección / cruce,,NO,,Asfalto,,Apto,Seca,,Cordón Divisorio,,,,S/D,S/D,S/D,Noche,SI,Sin Restricción,Despejado,Buena,,Sin Semáforo
139233,MUNICIPALIDAD DE CORRIENTES,2022-09-19,8:25:00,CORRIENTES,18,CAPITAL,21,CORRIENTES,Urbana,Calle,BELGRANO,1100,,,,,2,0,0,2,0,Colisión entre vehículos,Colisión entre vehículos,S/D,,Angulo,2,Recta,Intersección / cruce,,NO,,Asfalto,,Apto,Seca,,Ninguna,,,,,,,Día,,Sin Restricción,Despejado,Buena,,
139742,OBSERVATORIO VIAL,2022-09-19,20:50:00,CORRIENTES,18,CAPITAL,21,CORRIENTES,Urbana,Calle,MEDRANO,2050,OMBU,,-2.748.606,-5.879.913,1,1,0,2,0,Colisión entre vehículos,Colisión entre vehículos,S/D,,,2,Recta,Intersección / cruce,,NO,,Asfalto,,Apto,Seca,,Ninguna,,,,S/D,S/D,S/D,Noche,SI,Sin Restricción,Despejado,Buena,,Sin Semáforo
151206,OBSERVATORIO VIAL,2022-09-19,20:00:00,CORRIENTES,18,CAPITAL,21,CORRIENTES,Urbana,Calle,PAYSANDU,3670,DR UNANUE,,-2.750.393,-5.882.608,2,1,0,2,0,Colisión entre vehículos,Colisión entre vehículos,S/D,,,2,Recta,Intersección / cruce,,NO,,Asfalto,,Apto,Seca,,Ninguna,,,,No,No,No,Noche,SI,Sin Restricción,Despejado,Buena,,Sin Semáforo
169150,MUNICIPALIDAD DE CORRIENTES,2022-09-18,20:00:00,CORRIENTES,18,CAPITAL,21,CORRIENTES,Urbana,Calle,CÓRDOBA,1300,MANUEL BELGRANO,,-2.747.225,-5.883.497,1,1,0,2,0,Colisión entre vehículos,Colisión entre vehículos,S/D,,Angulo,2,Recta,Intersección / cruce,,NO,,Asfalto,,Apto,Seca,,Ninguna,,,,No,Si,No,Noche,SI,Sin Restricción,Despejado,Buena,,Sin Semáforo
134824,MUNICIPALIDAD DE CORRIENTES,2022-09-18,19:47:00,CORRIENTES,18,CAPITAL,21,CORRIENTES,Urbana,Calle,BONASTRE,,COSQUIN,,,,1,1,0,2,0,Colisión entre vehículos,Colisión entre vehículos,S/D,,Lateral,2,Recta,Intersección / cruce,,NO,,Hormigón,,Apto,Seca,,,,,,,,,Día,NO,Sin Restricción,Despejado,Buena,,
175458,OBSERVATORIO VIAL,2022-09-18,9:50:00,CORRIENTES,18,CAPITAL,21,CORRIENTES,Urbana,Calle,LORETO,1500,LINIERS,,,,2,0,0,2,,Colisión entre vehículos,Colisión entre vehículos,,,Angulo,2,,Recta,,,,Asfalto,,Apto,Seca,,,,,,S/D,S/D,S/D,Día,,,Despejado,,,Sin Semáforo
159887,MUNICIPALIDAD DE CORRIENTES,2022-09-18,8:28:00,CORRIENTES,18,CAPITAL,21,CORRIENTES,Urbana,Avenida,AVDA CAZADORES CORRENTINOS,4000,OBISPO NIELLA,,-2.748.693,-5.880.412,2,1,0,2,0,Colisión entre vehículos,Colisión entre vehículos,S/D,,Angulo,2,Recta,Intersección / cruce,,NO,,Asfalto,,Apto,"Despejada, Seca",,Cordón Divisorio,,,,No,No,No,Día,NO,Sin Restricción,Despejado,Buena,,Sin Semáforo
148993,OBSERVATORIO VIAL,2022-09-18,12:12:00,CORRIENTES,18,CAPITAL,21,CORRIENTES,Urbana,Avenida,AV PUJOL,2100,BRASIL,,,,2,0,0,2,0,Colisión entre vehículos,Colisión entre vehículos,S/D,,Lateral,2,Recta,Intersección / cruce,,NO,,Asfalto,,Apto,"Despejada, Seca",,Cordón Divisorio,,,,Si,Si,No,Día,NO,Sin Restricción,Despejado,Buena,,Funciona
148175,OBSERVATORIO VIAL,2022-09-18,17:15:00,CORRIENTES,18,CAPITAL,21,CORRIENTES,Urbana,Avenida,AV RAUL R. ALFONSIN,4100,LAS PIEDRAS,,-2.747.469,-5.879.954,1,1,0,2,0,Colisión entre vehículos,Colisión entre vehículos,S/D,,Alcance,2,Recta,Intersección / cruce,,NO,,Asfalto,,Apto,Seca,,Ninguna,,,,Si,No,No,Día,NO,Sin Restricción,Despejado,Buena,,Sin Semáforo
169888,MUNICIPALIDAD DE CORRIENTES,2022-09-16,8:30:00,CORRIENTES,18,CAPITAL,21,CORRIENTES,Urbana,Calle,JUJUY,800,,,-2.746.715,-5.882.780,1,1,0,2,0,Colisión entre vehículos,Colisión entre vehículos,S/D,,Angulo,2,Recta,Intersección / cruce,,NO,,Asfalto,,Apto,Despejada,,Ninguna,,,,S/D,S/D,S/D,Día,NO,Sin Restricción,Despejado,Buena,,Sin Semáforo
134855,OBSERVATORIO VIAL,2022-09-15,20:19:00,CORRIENTES,18,CAPITAL,21,CORRIENTES,Urbana,Calle,GUASTAVINO,1700,LAVALLE,,-2.747.626,-5.884.317,1,2,0,2,0,Colisión entre vehículos,Colisión entre vehículos,S/D,,,2,Recta,Intersección / cruce,,,,Asfalto,,,Seca,,Ninguna,,,,No,No,No,Atardecer,NO,Sin Restricción,Despejado,Buena,,Sin Semáforo
142701,OBSERVATORIO VIAL,2022-09-15,10:15:00,CORRIENTES,18,CAPITAL,21,CORRIENTES,Urbana,Avenida,AV J R FERNANDEZ,300,RIO TERCERO,,,,2,0,0,2,0,Colisión entre vehículos,Colisión entre vehículos,S/D,,Lateral,2,Recta,Intersección / cruce,,NO,,Asfalto,,Apto,"Despejada, Seca",,Cordón Divisorio,,,,Si,No,No,Día,NO,Sin Restricción,,Buena,,Sin Semáforo
135580,OBSERVATORIO VIAL,2022-09-15,12:45:00,CORRIENTES,18,CAPITAL,21,CORRIENTES,Urbana,Avenida,AV. CHACABUCO,3000,AV. FERRE,,-2.747.850,-5.881.475,2,1,0,3,0,Colisión entre vehículos,Colisión entre vehículos,S/D,,Angulo,3,Recta,Intersección / cruce,,NO,,Asfalto,,Apto,Seca,,Barrera de Hormigón,,,,Si,Si,No,Día,NO,Sin Restricción,Despejado,Buena,,Funciona
143723,OBSERVATORIO VIAL,2022-09-15,0:12:00,CORRIENTES,18,CAPITAL,21,CORRIENTES,Urbana,Avenida,TENIENTE IBAÑEZ,1300,VARGAS GOMEZ,,,,1,1,0,2,0,Colisión entre vehículos,Colisión entre vehículos,S/D,,Lateral,2,Recta,Intersección / cruce,,NO,,Asfalto,,Apto,"Despejada, Seca",,Cordón Divisorio,,,,Si,S/D,S/D,Noche,SI,Sin Restricción,Despejado,,,Sin Semáforo
161516,OBSERVATORIO VIAL,2022-09-14,12:30:00,CORRIENTES,18,CAPITAL,21,CORRIENTES,Urbana,Avenida,AV ARMENIA,3600,20 DE mayo,,-2.746.816,-5.880.381,1,1,0,2,0,Colisión entre vehículos,Colisión entre vehículos,S/D,,Lateral,2,Recta,Intersección / cruce,,NO,,Asfalto,,Apto,"Despejada, Seca",,Cordón Divisorio,,,,Si,S/D,S/D,Día,NO,Sin Restricción,Nublado,Buena,,Sin Semáforo
155607,OBSERVATORIO VIAL,2022-09-13,10:35:00,CORRIENTES,18,CAPITAL,21,CORRIENTES,Urbana,Calle,VIEDMA,1700,ESTRADA,,,,1,1,0,2,0,Colisión entre vehículos,Colisión entre vehículos,S/D,,Lateral,2,Recta,Intersección / cruce,,NO,,Asfalto,,Apto,"Despejada, Seca",,Ninguna,,,,S/D,S/D,S/D,Día,NO,Sin Restricción,Despejado,Buena,,Sin Semáforo
162764,OBSERVATORIO VIAL,2022-09-12,10:45:00,CORRIENTES,18,CAPITAL,21,CORRIENTES,Urbana,Avenida,AV LAPRIDA,1000,MISTRAL,,-2.747.004,-5.878.760,1,1,0,2,0,Colisión entre vehículos,Colisión entre vehículos,S/D,,Lateral,2,Recta,Intersección / cruce,,NO,,Asfalto,,Apto,"Despejada, Seca",,Cordón Divisorio,,,,S/D,S/D,S/D,Día,NO,Sin Restricción,Despejado,Buena,,Sin Semáforo
176148,OBSERVATORIO VIAL,2022-09-12,19:00:00,CORRIENTES,18,CAPITAL,21,CORRIENTES,Urbana,Calle,HIPOLITO YRIGOYEN,1200,MENDOZA,,,,1,1,0,1,1,Atropello a peatón/es,Atropello a peatón/es,,,,2,,Intersección / cruce,,,No obstruido,Asfalto,,Apto,Seca,,Ninguna,,Ninguna,,Si,Si,No,Día,,,Despejado,,,Funciona
143728,OBSERVATORIO VIAL,2022-09-11,7:45:00,CORRIENTES,18,CAPITAL,21,CORRIENTES,Urbana,Calle,SAN MARTIN,1800,PARAGUA,,,,1,1,0,2,0,Choque,Choque,S/D,,En calzada,2,Recta,Intersección / cruce,,NO,,Asfalto,,Apto,"Despejada, Seca",,Ninguna,,,,S/D,S/D,S/D,Día,NO,Sin Restricción,Despejado,Buena,,Sin Semáforo
146704,OBSERVATORIO VIAL,2022-09-11,7:15:00,CORRIENTES,18,CAPITAL,21,,Urbana,,GUEMES,,LA MADRID,,,,1,1,0,2,0,Colisión entre vehículos,Colisión entre vehículos,S/D,,,2,Recta,Intersección / cruce,,NO,,Hormigón,,Apto,Seca,,Ninguna,,,,S/D,S/D,S/D,Día,NO,Sin Restricción,Nublado,Buena,,Sin Semáforo
161519,OBSERVATORIO VIAL,2022-09-09,14:46:00,CORRIENTES,18,CAPITAL,21,CORRIENTES,Urbana,Avenida,AV INDEPENDENCIA,4200,RIO JURAMENTO,,-2.748.136,-5.879.933,1,1,0,2,0,Colisión entre vehículos,Colisión entre vehículos,S/D,,Lateral,2,Recta,Intersección / cruce,,NO,,Asfalto,,Apto,"Despejada, Seca",,Cordón Divisorio,,,,Si,Si,S/D,Día,NO,Sin Restricción,Despejado,Buena,,Sin Semáforo
171737,OBSERVATORIO VIAL,2022-09-09,7:54:00,CORRIENTES,18,CAPITAL,21,CORRIENTES,Urbana,Calle,9 DE julio,1282,CÓRDOBA,,-2.746.663,-5.883.444,2,0,0,2,0,Colisión entre vehículos,Colisión entre vehículos,S/D,,Alcance,2,Recta,Intersección / cruce,,NO,,Asfalto,,Apto,Seca,,Ninguna,,,,Si,Si,No,Día,NO,Sin Restricción,Despejado,Buena,,Funciona
136412,OBSRVATORIO VIAL,2022-09-09,19:00:00,CORRIENTES,18,CAPITAL,21,CORRIENTES,Urbana,Avenida,AV- PUJOL,2300,ROCA,,-2.746.681,-5.882.121,2,0,0,2,0,Colisión entre vehículos,Colisión entre vehículos,S/D,,,2,Recta,Intersección / cruce,,NO,,Asfalto,,Apto,Despejada,,Ninguna,,,,No,Si,No,Día,NO,,Despejado,Buena,,Sin Semáforo
155562,OBSERVATORIO VIAL,2022-09-09,17:34:00,CORRIENTES,18,CAPITAL,21,CORRIENTES,Urbana,Calle,BOLIVAR,1800,JUJUY,,-2.747.175,-5.882.827,2,0,0,2,0,Colisión entre vehículos,Colisión entre vehículos,S/D,,Alcance,2,Recta,Intersección / cruce,,NO,,Asfalto,,Apto,Seca,,Ninguna,,,,Si,Si,S/D,Día,NO,Sin Restricción,Despejado,Buena,,Sin Semáforo
169872,MUNICIPALIDAD DE CORRIENTES,2022-09-09,8:16:00,CORRIENTES,18,CAPITAL,21,CORRIENTES,Rural,Ruta Nacional,12,12,ACCESO AL BARRIO PONCE,,-2.747.833,-5.878.270,1,1,0,2,0,Colisión entre vehículos,Colisión entre vehículos,S/D,,,2,Recta,Intersección / cruce,,SI,,Tierra,,Apto,,,,,,,Si,No,No,Día,NO,Sin Restricción,Despejado,Buena,,Funciona
135570,MUNICIPALIDAD DE CORRIENTES,2022-09-07,12:50:00,CORRIENTES,18,CAPITAL,21,CORRIENTES,Urbana,Calle,SANTA FE,900,,,,,1,1,0,2,0,Colisión entre vehículos,Colisión entre vehículos,S/D,,,2,Recta,Intersección / cruce,,NO,,Asfalto,,Apto,,,,,,,,,,Día,NO,Sin Restricción,Despejado,Buena,,
163578,OBSERVATORIO VIAL,2022-09-07,10:05:00,CORRIENTES,18,CAPITAL,21,CORRIENTES,Urbana,Ruta Provincial,RUTA 5,"0,04",CESAR ALVAREZ,,-2.748.446,-5.878.012,1,1,0,2,0,Colisión entre vehículos,Colisión entre vehículos,S/D,,,2,Curva,Intersección / cruce,,NO,,Hormigón,,Apto,Seca,,Ninguna,,,,S/D,S/D,S/D,Día,NO,Sin Restricción,Despejado,Buena,,Sin Semáforo
174824,OBSERVATORIO VIAL,2022-09-06,11:10:00,CORRIENTES,18,CAPITAL,21,CORRIENTES,Urbana,Calle,CATAMARCA,1500,RIVADAVIA,,-2.747.465,-5.883.385,2,0,0,2,0,Colisión entre vehículos,Colisión entre vehículos,,,,2,,Intersección / cruce,,,No obstruido,Asfalto,,Apto,Seca,,Ninguna,,Ninguna,,No,No,No,Día,,,Despejado,,,Sin Semáforo
139230,MUNICIPALIDAD DE CORRIENTES,2022-09-06,13:30:00,CORRIENTES,18,CAPITAL,21,CORRIENTES,Urbana,Calle,SAN MARTIN,,EE.UU,,,,1,1,0,2,0,Colisión entre vehículos,Colisión entre vehículos,S/D,,Angulo,2,Recta,Intersección / cruce,,NO,,Asfalto,,Apto,Seca,,Ninguna,,,,S/D,S/D,S/D,Día,NO,Sin Restricción,Despejado,Buena,,Sin Semáforo
147417,OBSERVATORIO VIAL,2022-09-05,18:41:00,CORRIENTES,18,CAPITAL,21,,,,CENTENARIO,,SANCHEZ DE BUSTAMANTE,,,,1,1,0,2,0,Colisión entre vehículos,Colisión entre vehículos,S/D,,Angulo,2,Recta,Intersección / cruce,,NO,,Asfalto,,Apto,"Despejada, Seca",,Ninguna,,,,S/D,S/D,S/D,Atardecer,SI,Sin Restricción,Despejado,Buena,,Sin Semáforo
153797,OBSERVATORIO VIAL,2022-09-05,14:40:00,CORRIENTES,18,CAPITAL,21,CORRIENTES,Urbana,Avenida,AV CENTENARIO,3200,,,,,2,0,0,2,0,Colisión entre vehículos,Colisión entre vehículos,S/D,,Lateral,2,Recta,Intersección / cruce,,NO,,Asfalto,,Apto,"Despejada, Seca",,Ninguna,,,,S/D,S/D,S/D,Día,NO,Sin Restricción,Despejado,Buena,,Funciona
162744,OBSERVATORIO VIAL,2022-09-05,10:40:00,CORRIENTES,18,CAPITAL,21,CORRIENTES,Urbana,Avenida,AV CHACABUCO,1300,SUIZA,,-2.747.548,-5.881.368,2,2,0,2,0,Colisión entre vehículos,Colisión entre vehículos,S/D,,Lateral,2,Recta,Intersección / cruce,,NO,,Asfalto,,Apto,"Despejada, Seca",,Cordón Divisorio,,,,S/D,S/D,S/D,Día,NO,Sin Restricción,Despejado,Buena,,Funciona
165351,MUNICIPALIDAD DE CORRIENTES,2022-09-02,14:40:00,CORRIENTES,18,CAPITAL,21,CORRIENTES,Urbana,Calle,MISIONES,1200,SIMÓN BOLÍVAR,,-2.747.009,-5.884.572,2,0,0,2,0,Colisión entre vehículos,Colisión entre vehículos,S/D,,,2,Recta,Intersección / cruce,,SI,,Asfalto,,Apto,Despejada,,,,,,Si,,,Día,SI,Sin Restricción,Despejado,Buena,,
139236,MUNICIPALIDAD DE CORRIENTES,2022-09-02,6:00:00,CORRIENTES,18,CAPITAL,21,CORRIENTES,Urbana,Avenida,AV. INDEPENDENCIA,3100,,,,,1,0,0,3,0,Choque,Choque,S/D,VEHICULO ESTACIONADO,Otro,3,Recta,Intersección / cruce,,NO,,Asfalto,,Apto,Seca,,Ninguna,,,,Si,Si,No,Día,NO,Sin Restricción,Despejado,Buena,,Sin Semáforo
158350,MUNICIPALIDAD DE CORRIENTES,2022-09-02,12:13:00,CORRIENTES,18,CAPITAL,21,CORRIENTES,Urbana,Avenida,AVDA CAZADORES CORRENTINOS,3400,TACUARÍ,,-2.748.642,-5.880.730,1,1,0,2,0,Colisión entre vehículos,Colisión entre vehículos,S/D,,,2,Recta,Intersección / cruce,,NO,,Asfalto,,Apto,Seca,,Ninguna,,,,Si,Si,No,Día,NO,Sin Restricción,Despejado,Buena,,Funciona
175499,OBSERVATORIO VIAL,2022-09-02,15:10:00,CORRIENTES,18,CAPITAL,21,CORRIENTES,Urbana,Avenida,AV PUJOL,1500,,,,,2,0,0,2,0,Colisión entre vehículos,Colisión entre vehículos,,,,2,,Recta,,,,Asfalto,,Apto,Seca,,S/D,,S/D,,S/D,S/D,S/D,Día,,,Despejado,,,Sin Semáforo
133401,DIRECCIÓN DE SEG VIAL,2022-09-01,15:30:00,CORRIENTES,18,CAPITAL,21,CORRIENTES,Urbana,Avenida,AV. ALFONSIN,,TACUARÍ,,,,1,1,0,2,0,Colisión entre vehículos,Colisión entre vehículos,S/D,,Angulo,2,Recta,,,NO,,Asfalto,,Apto,Seca,,,,,,,,,Día,NO,Sin Restricción,Despejado,Buena,,
175494,OBSERVATORIO VIAL,2022-09-01,18:30:00,CORRIENTES,18,CAPITAL,21,CORRIENTES,Urbana,Avenida,AV CENTENARIO,1500,NIÑO JESUS,,,,1,1,0,2,0,Colisión entre vehículos,Colisión entre vehículos,,,Angulo,2,,Recta,,,,Asfalto,,Apto,Seca,,S/D,,S/D,,S/D,S/D,S/D,Día,,,Despejado,,,S/D
133387,MUNICIPALIDAD DE CORRIENTES,2022-09-01,9:55:00,CORRIENTES,18,CAPITAL,21,CORRIENTES,Urbana,Avenida,AV. MEDRANO,1600,,,,,3,0,0,3,0,Colisión entre vehículos,Colisión entre vehículos,S/D,,,3,Recta,Intersección / cruce,,NO,,Asfalto,,Apto,Seca,,Ninguna,,,,No,No,No,Día,NO,Sin Restricción,Despejado,Buena,,Sin Semáforo
151211,OBSERVATORIO VIAL,2022-08-31,14:50:00,CORRIENTES,18,CAPITAL,21,CORRIENTES,Urbana,Avenida,AV ARMENIA,4500,CANAL 13,,,,1,1,0,2,0,Colisión entre vehículos,Colisión entre vehículos,S/D,,Lateral,2,Recta,Intersección / cruce,,NO,,Asfalto,,Apto,"Despejada, Seca",,Cordón Divisorio,,,,S/D,S/D,S/D,Día,NO,Sin Restricción,Despejado,Buena,,Funciona
164599,OBSERVATORIO VIAL,2022-08-31,7:50:00,CORRIENTES,18,CAPITAL,21,CORRIENTES,Urbana,Avenida,AV RAUL ALFONSIN,5200,SANCHEZ DE BUSTAMANTE,,-2.747.702,-5.878.785,2,1,0,2,0,Colisión entre vehículos,Colisión entre vehículos,S/D,,Lateral,2,Recta,Intersección / cruce,,NO,,Asfalto,,Apto,"Despejada, Seca",,Cordón Divisorio,,,,Si,No,No,Día,NO,Sin Restricción,Despejado,Buena,,Sin Semáforo
139273,MUNICIPALIDAD DE CORRIENTES,2022-08-31,20:21:00,CORRIENTES,18,CAPITAL,21,CORRIENTES,Urbana,Ruta Provincial,5,"1,2",,,,,1,1,0,2,0,Colisión entre vehículos,Colisión entre vehículos,S/D,,Alcance,2,Recta,Intersección / cruce,,NO,,Asfalto,,Apto,Seca,,,,,,Si,Si,Si,Noche,SI,Sin Restricción,Despejado,Buena,,Funciona
161517,OBSERVATORIO VIAL,2022-08-31,8:16:00,CORRIENTES,18,CAPITAL,21,CORRIENTES,Urbana,Avenida,AV LIBERTAD,5100,DARDO ROCHA,,-2.746.623,-5.878.801,2,0,0,2,0,Colisión entre vehículos,Colisión entre vehículos,S/D,,Lateral,2,Recta,Intersección / cruce,,NO,,Asfalto,,Apto,"Despejada, Seca",,Cordón Divisorio,,,,Si,Si,S/D,Día,NO,Sin Restricción,Despejado,Buena,,Sin Semáforo
134815,OBSERVATORIO VIAL,2022-08-31,15:10:00,CORRIENTES,18,CAPITAL,21,CORRIENTES,Urbana,Calle,SALTA,1600,RIVADAVIA,,,,1,1,0,2,0,Colisión entre vehículos,Colisión entre vehículos,S/D,,Lateral,2,Recta,Intersección / cruce,,NO,,Asfalto,,Apto,Seca,,Ninguna,,,,Si,Si,No,Día,NO,Sin Restricción,Despejado,Buena,,Sin Semáforo
137580,MUNICIPALIDAD DE CORRIENTES,2022-08-30,14:33:00,CORRIENTES,18,CAPITAL,21,CORRIENTES,Urbana,Avenida,RAUL ALFONSIN,3200,,,,,2,1,0,3,0,Colisión entre vehículos,Colisión entre vehículos,S/D,,Alcance,3,Recta,Intersección / cruce,,NO,,Asfalto,,Apto,Seca,,Ninguna,,,,Si,Si,No,Día,NO,Sin Restricción,Despejado,Buena,,Funciona
159929,OBSERVATORIO VIAL,2022-08-29,10:19:00,CORRIENTES,18,CAPITAL,21,CORRIENTES,Urbana,,AV. ARMENIA,,MARTIN FIERRO,,,,8,0,0,3,0,Colisión entre vehículos,Colisión entre vehículos,S/D,,,3,Recta,Intersección / cruce,,NO,,,,Apto,Seca,,Ninguna,,,,Si,Si,No,Día,NO,Sin Restricción,Despejado,Buena,,Sin Semáforo
168132,MUNICIPALIDAD DE CORRIENTES,2022-08-29,7:15:00,CORRIENTES,18,CAPITAL,21,CORRIENTES,Urbana,Calle,MENDOZA,1200,LAVALLE,,-2.747.714,-5.883.665,1,1,0,2,0,Colisión entre vehículos,Colisión entre vehículos,S/D,,,2,Recta,Intersección / cruce,,NO,,Asfalto,,Apto,"Despejada, Seca",,,,,,No,No,No,Día,NO,Sin Restricción,Despejado,Buena,,Sin Semáforo
168418,MUNICIPALIDAD DE CORRIENTES,2022-08-29,9:10:00,CORRIENTES,18,CAPITAL,21,CORRIENTES,Urbana,Calle,ESPAÑA,1400,BERNARIDNO RIVADAVIA,,,,1,1,0,2,0,Colisión entre vehículos,Colisión entre vehículos,S/D,,Angulo,2,Recta,Intersección / cruce,,NO,,Asfalto,,Apto,Seca,,Ninguna,,,,Si,Si,No,,NO,,Despejado,Buena,,Sin Semáforo
169895,MUNICIPALIDAD DE CORRIENTES,2022-08-28,16:30:00,CORRIENTES,18,CAPITAL,21,CORRIENTES,Urbana,Avenida,AVENIDA INDEPENDENCIA,4200,LAS PIEDRAS,,-2.748.065,-5.880.052,1,1,0,2,0,Colisión entre vehículos,Colisión entre vehículos,S/D,,Angulo,2,Recta,Intersección / cruce,,NO,,Hormigón,,Apto,"Despejada, Seca",,Ninguna,,,,S/D,S/D,S/D,Día,NO,Sin Restricción,Despejado,Buena,,Sin Semáforo
201970,OBSERVATORIO VIAL,2022-08-27,20:30:00,CORRIENTES,18,CAPITAL,21,CORRIENTES,Urbana,Calle,CAZADORES CORRENTINOS,3901,RESOAGLI,,,,0,2,0,1,1,Colisión entre vehículos,Colisión entre vehículos,,,,2,,Recta,,,,Asfalto,,Apto,Seca,,Ninguna,,Asfalto,,S/D,S/D,S/D,Noche,SI,,Despejado,,,Sin Semáforo
151190,OBSERVATORIO VIAL,2022-08-26,20:35:00,CORRIENTES,18,CAPITAL,21,CORRIENTES,Urbana,Avenida,AV ALTA GRACIA,2200,STA CATALINA,,,,1,0,0,1,0,Atropello a animal/es,Atropello a animal/es,S/D,,,1,Recta,Intersección / cruce,,NO,,Asfalto,,Apto,Seca,,Ninguna,,,,Si,No,No,Noche,SI,Sin Restricción,Despejado,Buena,,Sin Semáforo
168419,MUNICIPALIDAD DE CORRIENTES,2022-08-26,15:10:00,CORRIENTES,18,CAPITAL,21,CORRIENTES,Urbana,Avenida,AVENIDA CAZADORES CORRENTINOS,3600,RECONQUISTA,,-2.748.682,-5.880.878,2,1,0,2,0,Colisión entre vehículos,Colisión entre vehículos,S/D,,Angulo,2,Recta,Intersección / cruce,,NO,,Hormigón,,Apto,"Despejada, Seca",,Cordón Divisorio,,,,No,Si,No,Día,NO,Sin Restricción,Despejado,Buena,,Sin Semáforo
151198,OBSERVATORIO VIAL,2022-08-26,21:55:00,CORRIENTES,18,CAPITAL,21,CORRIENTES,Urbana,,ROCA,,LAVALLE,,,,2,0,0,2,0,Colisión entre vehículos,Colisión entre vehículos,S/D,,Angulo,2,,Intersección / cruce,,NO,,Asfalto,,Apto,,,,,,,Si,No,No,Noche,SI,Sin Restricción,Despejado,Buena,,Sin Semáforo
167702,MUNICIPALIDAD DE CORRIENTES,2022-08-26,0:14:00,CORRIENTES,18,CAPITAL,21,CORRIENTES,Rural,Ruta Provincial,5,111,,,-2.748.802,-5.876.355,3,0,0,2,0,Colisión entre vehículos,Colisión entre vehículos,S/D,,,2,Recta,,,NO,,Asfalto,,Baches,Seca,,,,,,No,Si,No,Noche,NO,Sin Restricción,Despejado,,MALA,Sin Semáforo
133384,MUNICIPALIDAD DE CORRIENTES,2022-08-26,12:20:00,CORRIENTES,18,,,,Urbana,Avenida,AV. MAIPU,8900,,,,,2,0,0,2,0,Colisión entre vehículos,Colisión entre vehículos,S/D,,,2,Recta,Intersección / cruce,,NO,,Asfalto,,Apto,Seca,,Ninguna,,,,Si,Si,No,Día,NO,,Despejado,Buena,,Sin Semáforo
152973,OBSERVATORIO VIAL,2022-08-25,7:05:00,CORRIENTES,18,,,,Urbana,Calle,ALVEAR,,BRASIL,,,,1,0,0,1,0,Colisión entre vehículos,Colisión entre vehículos,S/D,,,1,Recta,Intersección / cruce,,NO,,Asfalto,,Apto,Seca,,Ninguna,,,,Si,Si,No,Noche,SI,Sin Restricción,Despejado,Buena,,Sin Semáforo
161490,MUNICIPALIDAD DE CORRIENTES,2022-08-25,22:50:00,CORRIENTES,18,CAPITAL,21,CORRIENTES,Urbana,Calle,SAN JUAN,1000,SAN MARTÍN,,-2.746.976,-5.883.700,2,0,0,2,0,Colisión entre vehículos,Colisión entre vehículos,S/D,,Angulo,2,Recta,Intersección / cruce,,NO,,Asfalto,,Apto,Seca,,Ninguna,,,,Si,Si,No,Noche,SI,Sin Restricción,Despejado,Buena,,Funciona
146703,OBSERVATORIO VIAL,2022-08-25,8:25:00,CORRIENTES,18,CAPITAL,21,,Urbana,,LAS MARGARITAS,,JOSEFINA CONTTE,,,,1,1,0,2,0,Colisión entre vehículos,Colisión entre vehículos,S/D,,,2,Recta,Intersección / cruce,,NO,,Hormigón,,Apto,Seca,,Ninguna,,,,S/D,S/D,S/D,Día,NO,Sin Restricción,Despejado,Buena,,Sin Semáforo
158368,MUNICIPALIDAD DE CORRIENTES,2022-08-24,11:41:00,CORRIENTES,18,CAPITAL,21,CORRIENTES,Urbana,Calle,BOLÍVAR,600,Y SAN LUIS,,-2.747.030,-5.884.320,2,0,0,2,0,Colisión entre vehículos,Colisión entre vehículos,S/D,,,2,Recta,Intersección / cruce,,NO,,Asfalto,,Apto,Seca,,,,,,,,,Día,NO,Sin Restricción,Despejado,Buena,,
172477,OBSERVATORIO VIAL,2022-08-24,8:00:00,CORRIENTES,18,CAPITAL,21,CORRIENTES,Urbana,Avenida,AVENIDA MAIPÚ,1500,NUESTRA SEÑORA DE LA ASUNCIÓN,,-2.749.125,-5.881.989,2,0,0,2,0,Colisión entre vehículos,Colisión entre vehículos,,,Alcance,2,,Intersección / cruce,,,S/D,Otro,HORMIGON,Apto,,,Otro,CORDÓN DIVISORIO,Ninguna,,,Si,,Día,,,Despejado,,,Funciona
148187,OBSERVATORIO VIAL,2022-08-24,17:20:00,CORRIENTES,18,CAPITAL,21,,Urbana,Calle,SAN MARTIN,,PARAGUAY,,,,1,1,0,2,0,Colisión entre vehículos,Colisión entre vehículos,S/D,,Angulo,2,Recta,Intersección / cruce,,NO,,Asfalto,,Apto,"Despejada, Seca",,Ninguna,,,,S/D,S/D,S/D,Día,NO,Sin Restricción,Despejado,Buena,,Sin Semáforo
139249,OBSERVATORIO VIAL,2022-08-24,7:00:00,CORRIENTES,18,CAPITAL,21,CORRIENTES,Urbana,Calle,GRAL PAZ,1200,PIO XII,,,,2,0,0,2,0,Colisión entre vehículos,Colisión entre vehículos,S/D,,Lateral,2,Recta,Intersección / cruce,,NO,,Asfalto,,Apto,Seca,,Ninguna,,,,Si,Si,No,Día,NO,Sin Restricción,Nublado,Buena,,Sin Semáforo
139264,OBSERVATORIO VIAL,2022-08-23,13:30:00,CORRIENTES,18,CAPITAL,21,CORRIENTES,Urbana,Avenida,AV MAIPU,1700,FRAGATA SARMIENTO,,,,2,0,0,2,0,Colisión entre vehículos,Colisión entre vehículos,S/D,,Lateral,2,Recta,Intersección / cruce,,NO,,Asfalto,,Apto,Seca,,Cordón Divisorio,,,,S/D,S/D,S/D,Día,NO,Sin Restricción,Despejado,Buena,,Sin Semáforo
132618,MUNICIPALIDAD DE CORRIENTES,2022-08-23,20:55:00,CORRIENTES,18,CAPITAL,21,CORRIENTES,Urbana,Calle,TUCUMAN,1043,,,,,2,0,0,2,0,Colisión entre vehículos,Colisión entre vehículos,S/D,,Angulo,2,Recta,Intersección / cruce,,NO,,Asfalto,,Apto,,,,,,,,,,Noche,SI,Sin Restricción,Despejado,Buena,,
139941,OBSERVATORIO VIAL,2022-08-22,18:07:00,CORRIENTES,18,CAPITAL,21,CORRIENTES,Urbana,Calle,CORDOBA,1400,MORENO,,,,2,1,0,3,0,Colisión entre vehículos,Colisión entre vehículos,S/D,,Lateral,3,Recta,Intersección / cruce,,NO,,Asfalto,,Apto,Seca,,Ninguna,,,,Si,Si,No,Día,NO,,Despejado,Buena,,Sin Semáforo
139943,OBSERVATORIO VIAL,2022-08-22,10:40:00,CORRIENTES,18,CAPITAL,21,CORRIENTES,Urbana,Avenida,AV CENTENARIO,4100,PJE BIRAN,,,,2,1,0,2,0,Colisión entre vehículos,Colisión entre vehículos,S/D,,Lateral,2,Curva,Intersección / cruce,,NO,,Asfalto,,Apto,Seca,,Cordón Divisorio,,,,Si,Si,S/D,Día,NO,Sin Restricción,Despejado,Buena,,Sin Semáforo
141872,OBSERVATORIO VIAL,2022-08-22,19:44:00,CORRIENTES,18,CAPITAL,21,CORRIENTES,Urbana,Avenida,3 DE CABRIL,800,BS. AS.,,,,2,0,0,2,0,Colisión entre vehículos,Colisión entre vehículos,S/D,,Angulo,2,Recta,Intersección / cruce,,NO,,Asfalto,,,Seca,,Ninguna,,,,Si,Si,Si,Noche,SI,Sin Restricción,Despejado,Buena,,Intermitente
148146,OBSERVATORIO VIAL,2022-08-21,8:37:00,CORRIENTES,18,CAPITAL,21,CORRIENTES,Urbana,Calle,GASCON,1500,,,-2.748.084,-5.879.441,2,0,0,2,0,Colisión entre vehículos,Colisión entre vehículos,S/D,,,2,Recta,Intersección / cruce,,NO,,Asfalto,,Apto,Seca,,Ninguna,,,,S/D,S/D,S/D,Día,NO,Sin Restricción,Despejado,Buena,,Sin Semáforo
159877,MUNICIPALIDAD DE CORRIENTES,2022-08-21,8:50:00,CORRIENTES,18,CAPITAL,21,CORRIENTES,Urbana,Avenida,AVDA. ARMENIA,4290,CRISTO OBRERO,,-2.746.866,-5.879.799,1,1,0,2,0,Colisión entre vehículos,Colisión entre vehículos,S/D,,,2,Recta,Intersección / cruce,,NO,,Asfalto,,Apto,Seca,,Ninguna,,,,No,No,No,Día,NO,Sin Restricción,Despejado,Buena,,
137054,MUNICIPALIDAD DE CORRIENTES,2022-08-21,10:35:00,CORRIENTES,18,CAPITAL,21,CORRIENTES,Urbana,Calle,PARAGUAY,1200,BELGRANO,,,,2,0,0,2,0,Colisión entre vehículos,Colisión entre vehículos,S/D,,,2,Recta,Intersección / cruce,,NO,,Asfalto,,Apto,Seca,,Ninguna,,,,,,,Día,NO,Sin Restricción,Despejado,Buena,,
163594,MUNICIPALIDAD DE CORRIENTES,2022-08-20,19:00:00,CORRIENTES,18,CAPITAL,21,CORRIENTES,Urbana,Avenida,AVDA. CAZADORES CORRENTINOS,3190,C. SAAVEDRA,,-2.748.715,-5.881.352,1,1,0,2,0,Colisión entre vehículos,Colisión entre vehículos,S/D,,Angulo,2,Recta,Intersección / cruce,,NO,,Asfalto,,Apto,Seca,,,,,,,,,Noche,NO,Sin Restricción,Despejado,Buena,,
169146,MUNICIPALIDAD DE CORRIENTES,2022-08-20,8:00:00,CORRIENTES,18,CAPITAL,21,CORRIENTES,Urbana,Calle,BENITO LYNCH,500,ANDRADE,,-2.746.596,-5.879.750,1,1,0,2,0,Colisión entre vehículos,Colisión entre vehículos,S/D,,,2,Recta,Intersección / cruce,,NO,,Tierra,,Apto,,,Ninguna,,,,No,No,No,Día,NO,Sin Restricción,Despejado,Buena,,Sin Semáforo
174258,OBSERVATORIO VIAL,2022-08-20,13:30:00,CORRIENTES,18,CAPITAL,21,CORRIENTES,Urbana,Calle,RECONQUISTA,1500,PASAJE GUIDO,,,,2,0,0,2,0,Colisión entre vehículos,Colisión entre vehículos,,,Lateral,2,,Intersección / cruce,,,S/D,Asfalto,,Apto,Seca,,S/D,,S/D,,Si,Si,,Día,,,Despejado,,,Sin Semáforo
165426,MUNICIPALIDAD DE CORRIENTES,2022-08-20,6:50:00,CORRIENTES,18,CAPITAL,21,CORRIENTES,Urbana,Avenida,AVENIDA PRESIDENTE AVELLANEDA,4500,GASCÓN,,-2.748.799,-5.879.646,2,1,0,2,0,Colisión entre vehículos,Colisión entre vehículos,S/D,,Angulo,2,Recta,Intersección / cruce,,NO,,Asfalto,,Apto,Mojada,,Cordón Divisorio,,,,Si,No,No,Día,NO,Sin Restricción,Nublado,Buena,,Sin Semáforo
155597,OBSERVATORIO VIAL,2022-08-20,18:50:00,CORRIENTES,18,CAPITAL,21,CORRIENTES,Urbana,Avenida,AV PAYSANDU,3091,SAN MARTIN,,-2.750.013,-5.882.584,1,2,0,2,0,Colisión entre vehículos,Colisión entre vehículos,S/D,,,2,Recta,Intersección / cruce,,NO,,Asfalto,,,Seca,,Ninguna,,,,S/D,S/D,S/D,Día,SI,Sin Restricción,Despejado,Buena,,
169149,MUNICIPALIDAD DE CORRIENTES,2022-08-19,13:30:00,CORRIENTES,18,CAPITAL,21,CORRIENTES,Urbana,Calle,SIMÓN BOLÍVAR,2200,JULIO ARGENTINO ROCA,,-2.747.227,-5.882.323,1,2,0,2,0,Colisión entre vehículos,Colisión entre vehículos,S/D,,Angulo,2,Recta,Intersección / cruce,,NO,,Asfalto,,Apto,Seca,,Ninguna,,,,Si,Si,No,Día,NO,Sin Restricción,Nublado,Buena,,Sin Semáforo
157726,OBSERVATORIO VIAL,2022-08-18,17:29:00,CORRIENTES,18,CAPITAL,21,CORRIENTES,Urbana,Avenida,AV ARMENIA,3800,22 DE mayo,,,,2,1,0,2,0,Colisión entre vehículos,Colisión entre vehículos,S/D,,Lateral,2,Recta,Intersección / cruce,,NO,,Asfalto,,Apto,"Despejada, Seca",,Ninguna,,,,Si,Si,S/D,Día,NO,Sin Restricción,Despejado,Buena,,Sin Semáforo
167704,MUNICIPALIDAD DE CORRIENTES,2022-08-18,13:15:00,CORRIENTES,18,CAPITAL,21,CORRIENTES,Urbana,Avenida,AVENIDA CHACABUCO,1400,SUIZA,,-2.747.551,-5.881.374,3,0,0,2,0,Colisión entre vehículos,Colisión entre vehículos,S/D,,Angulo,2,Recta,Intersección / cruce,,NO,,Hormigón,,Apto,"Despejada, Seca",,Cordón Divisorio,,,,Si,Si,,Día,NO,Sin Restricción,Despejado,Buena,,Funciona
157811,MUNICIPALIDAD DE CORRIENTES,2022-08-17,17:30:00,CORRIENTES,18,CAPITAL,21,CORRIENTES,Urbana,Avenida,AVENIDA IBERÁ,,,GUTENBERG,-2.749.843,-5.883.415,1,1,0,2,0,Colisión entre vehículos,Colisión entre vehículos,S/D,,Angulo,2,Recta,Intersección / cruce,,NO,,Hormigón,,Apto,"Despejada, Seca",,Cordón Divisorio,,,,No,No,No,Día,NO,Sin Restricción,Despejado,Buena,,Sin Semáforo
173772,OBSERVATORIO VIAL,2022-08-16,17:50:00,CORRIENTES,18,CAPITAL,21,CORRIENTES,Urbana,Calle,MENDOZA,500,25 DE mayo,,,,1,0,0,2,0,Colisión entre vehículos,Colisión entre vehículos,,,Lateral,2,,Intersección / cruce,,,S/D,Asfalto,,Apto,Seca,,Ninguna,,Asfalto,,Si,Si,No,Día,,,Despejado,,,Sin Semáforo
158361,MUNICIPALIDAD DE CORRIENTES,2022-08-16,13:10:00,CORRIENTES,18,CAPITAL,21,CORRIENTES,Urbana,Avenida,AVDA. FERRÉ,2400,GOB. GOITIA,,,,2,0,0,2,0,Colisión entre vehículos,Colisión entre vehículos,S/D,,Alcance,2,Recta,Intersección / cruce,,NO,,Asfalto,,Apto,Seca,,,,,,,,,Día,NO,Sin Restricción,Despejado,Buena,,
165387,MUNICIPALIDAD DE CORRIENTES,2022-08-15,10:44:00,CORRIENTES,18,CAPITAL,21,CORRIENTES,Urbana,Avenida,AVENIDA ALTA GRACIA,1700,2 DE abril,,-2.750.910,-5.882.224,1,1,0,2,0,Colisión entre vehículos,Colisión entre vehículos,S/D,,,2,Recta,,,NO,,Asfalto,,Apto,Seca,,,,,,,,,Día,NO,Sin Restricción,Despejado,Buena,,
134822,MUNICIPALIDAD DE CORRIENTES,2022-08-15,14:15:00,CORRIENTES,18,CAPITAL,21,CORRIENTES,Urbana,Calle,GENERAL PAZ,,GUASTAVINO,,,,4,0,0,2,0,Colisión entre vehículos,Colisión entre vehículos,S/D,,Lateral,2,Recta,Intersección / cruce,,NO,,Asfalto,,Apto,Seca,,,,,,,,,Día,NO,Sin Restricción,Despejado,Buena,,
165343,MUNICIPALIDAD DE CORRIENTES,2022-08-14,15:20:00,CORRIENTES,18,CAPITAL,21,CORRIENTES,Urbana,Avenida,LORETO,2200,AVENIDA MAIPÚ,,-2.750.595,-5.881.114,1,1,0,2,0,Colisión entre vehículos,Colisión entre vehículos,S/D,,Angulo,2,Recta,Intersección / cruce,,NO,,Asfalto,,Apto,"Despejada, Seca",,Cordón Divisorio,,,,Si,Si,,Día,NO,Sin Restricción,Despejado,Buena,,Sin Semáforo
134039,DIRECCIÓN DE SEG VIAL,2022-08-13,7:55:00,CORRIENTES,18,CAPITAL,21,CORRIENTES,Urbana,Calle,ABITBOL,,PAYES,,-2.754.305,-5.878.814,0,4,0,2,0,Colisión entre vehículos,Colisión entre vehículos,S/D,,,2,Recta,Intersección / cruce,,,,Tierra,,Apto,Seca,,Ninguna,,,,,,,Día,NO,Sin Restricción,Despejado,Buena,,Sin Semáforo
145134,OBSERVATORIO VIAL,2022-08-13,2:15:00,CORRIENTES,18,CAPITAL,21,CORRIENTES,Urbana,Avenida,AV 3 DE ABRIL,1600,VARGAS GOMEZ,,,,1,1,0,1,0,Caída desde vehículo,Caída desde vehículo,S/D,,,1,Recta,Intersección / cruce,,NO,,Asfalto,,Apto,"Despejada, Seca",,Ninguna,,,,Si,Si,No,Noche,SI,Sin Restricción,Despejado,Buena,,Funciona
147086,OBSERVATORIO VIAL,2022-08-13,9:30:00,CORRIENTES,18,CAPITAL,21,,Urbana,,GUTEMBERG,,LAVALLE,,,,2,0,0,2,0,Colisión entre vehículos,Colisión entre vehículos,S/D,,Angulo,2,Recta,Intersección / cruce,,NO,,Asfalto,,Apto,Seca,,Ninguna,,,,S/D,S/D,S/D,Día,NO,Sin Restricción,Despejado,Buena,,Sin Semáforo
174827,OBSERVATORIO VIAL,2022-08-12,8:35:00,CORRIENTES,18,CAPITAL,21,CORRIENTES,Urbana,Calle,MADARIAGA,2400,EX VÍA,,-2.748.456,-5.882.338,1,1,0,2,0,Colisión entre vehículos,Colisión entre vehículos,,,,2,,Intersección / cruce,,,No obstruido,Asfalto,,Apto,Seca,,Ninguna,,Ninguna,,S/D,S/D,No,Día,,,Despejado,,,S/D
148998,OBSERVATORIO VIAL,2022-08-12,6:30:00,CORRIENTES,18,CAPITAL,21,CORRIENTES,Urbana,Calle,LAFERRERE,4800,ONTIVEROS,,,,1,1,0,2,0,Colisión entre vehículos,Colisión entre vehículos,S/D,,Lateral,2,Recta,,,NO,,Asfalto,,Apto,Seca,,Ninguna,,,,S/D,S/D,S/D,Amanecer,SI,Sin Restricción,Despejado,Buena,,Sin Semáforo
169873,MUNICIPALIDAD DE CORRIENTES,2022-08-12,6:50:00,CORRIENTES,18,CAPITAL,21,CORRIENTES,Urbana,Calle,RIVADAVIA,1800,JUJUY,,-2.747.515,-5.882.862,0,1,0,1,0,Caída desde vehículo,Caída desde vehículo,S/D,,,1,Recta,Intersección / cruce,,NO,,Asfalto,,Apto,Mojada,,Ninguna,,,,No,Si,No,Amanecer,NO,Sin Restricción,Lluvia,Buena,,Sin Semáforo
165345,MUNICIPALIDAD DE CORRIENTES,2022-08-12,16:30:00,CORRIENTES,18,CAPITAL,21,CORRIENTES,Urbana,Calle,CARIBE,3145,ATACAMA,,-2.749.912,-5.881.620,1,0,0,1,0,Choque,Choque,S/D,,Inmueble,1,Recta,Intersección / cruce,,NO,,Asfalto,,Apto,Seca,,,,,,S/D,S/D,S/D,Día,NO,Sin Restricción,Despejado,Buena,,Sin Semáforo
167743,MUNICIPALIDAD DE CORRIENTES,2022-08-11,6:46:00,CORRIENTES,18,CAPITAL,21,CORRIENTES,Urbana,Calle,MEDRANO,1348,,,-2.747.859,-5.879.782,1,1,0,2,0,Colisión entre vehículos,Colisión entre vehículos,S/D,,,2,Recta,,,NO,,Asfalto,,Apto,,,,,,,S/D,S/D,S/D,Día,NO,Sin Restricción,Despejado,,,Sin Semáforo
145050,OBSERVATORIO VIAL,2022-08-11,20:00:00,CORRIENTES,18,CAPITAL,21,CORRIENTES,Urbana,Avenida,AV ARMENIA,5000,J R FERNANDEZ,,,,0,1,0,1,0,Caída desde vehículo,Caída desde vehículo,S/D,,,1,Recta,Intersección / cruce,,NO,,Asfalto,,Apto,"Despejada, Seca",,Cordón Divisorio,,,,Si,Si,No,Noche,SI,Sin Restricción,Despejado,Buena,,Funciona
161487,MUNICIPALIDAD DE CORRIENTES,2022-08-11,7:45:00,CORRIENTES,18,CAPITAL,21,CORRIENTES,Urbana,Avenida,AVDA. COSTANERA GRAL SAN MARTÍN,200,DON BOSCO,,-2.746.641,-5.884.931,0,1,0,1,0,Caída desde vehículo,Caída desde vehículo,S/D,,,1,Recta,Intersección / cruce,,NO,,Asfalto,,Apto,Seca,,Otro,,,,Si,Si,Si,Día,NO,Sin Restricción,Despejado,Buena,,Sin Semáforo
151187,OBSERVATORIO VIAL,2022-08-11,5:25:00,CORRIENTES,18,CAPITAL,21,CORRIENTES,Urbana,Avenida,AV INDEPENDENCIA,4700,GASCON,,,,2,0,0,2,0,Colisión entre vehículos,Colisión entre vehículos,S/D,,Lateral,2,Recta,Intersección / cruce,,NO,,Asfalto,,Apto,"Despejada, Seca",,Cordón Divisorio,,,,Si,Si,S/D,Noche,SI,Sin Restricción,Despejado,Buena,,Sin Semáforo
134090,MUNICIPALIDAD DE CORRIENTES,2022-08-11,10:20:00,CORRIENTES,18,CAPITAL,21,CORRIENTES,Urbana,Avenida,AV INDEPENDENCIA,,MEDRANO,,,,2,0,0,2,0,Colisión entre vehículos,Colisión entre vehículos,S/D,,,2,Recta,Intersección / cruce,,NO,,Asfalto,,Apto,Seca,,Ninguna,,,,,,,Día,NO,Sin Restricción,Despejado,Buena,,
145047,OBSERVATORIO VIAL,2022-08-11,9:52:00,CORRIENTES,18,CAPITAL,21,CORRIENTES,Urbana,Avenida,R.R.ALFONSIN,4600,DARRAGUEIRA,,-2.747.578,-5.879.452,1,1,0,2,0,Colisión entre vehículos,Colisión entre vehículos,S/D,,,2,Recta,Intersección / cruce,,NO,,Asfalto,,Apto,Seca,,Ninguna,,,,Si,Si,No,Día,NO,Sin Restricción,Despejado,Buena,,Sin Semáforo
159931,OBSERVATORIO VIAL,2022-08-09,17:35:00,CORRIENTES,18,CAPITAL,21,CORRIENTES,Urbana,,AV. MEDRANO,,CARTAGENA,,,,2,0,0,2,0,Colisión entre vehículos,Colisión entre vehículos,S/D,,,2,Recta,Intersección / cruce,,NO,,Asfalto,,Apto,Seca,,Cordón Divisorio,,,,S/D,S/D,S/D,Día,NO,,Despejado,Buena,,Funciona
134805,OBSERVATORIO VIAL,2022-08-09,7:10:00,CORRIENTES,18,CAPITAL,21,CORRIENTES,Urbana,Ruta Nacional,5,2,,,,,1,1,0,2,0,Colisión entre vehículos,Colisión entre vehículos,S/D,,Lateral,2,Recta,Intersección / cruce,,NO,,Hormigón,,Apto,Seca,,Barrera de Alto Impacto,,,,No,No,No,Día,NO,Sin Restricción,Despejado,Buena,,Sin Semáforo
151222,OBSERVATORIO VIAL,2022-08-09,20:40:00,CORRIENTES,18,,,,,,PATAGONIA,,PAISANDU,,,,2,0,1,2,0,Colisión entre vehículos,Colisión entre vehículos,S/D,,Angulo,2,Recta,Intersección / cruce,,NO,,Asfalto,,Apto,Seca,,Cordón Divisorio,,,,S/D,S/D,S/D,Noche,SI,Sin Restricción,Despejado,Buena,,Sin Semáforo
158364,MUNICIPALIDAD DE CORRIENTES,2022-08-08,9:54:00,CORRIENTES,18,CAPITAL,21,CORRIENTES,Urbana,Avenida,AVDA. TTE. IBAÑEZ,1400,CATAMARCA,,-2.748.561,-5.883.522,1,1,0,2,0,Colisión entre vehículos,Colisión entre vehículos,S/D,,,2,Recta,,,NO,,Asfalto,,Apto,Seca,,,,,,,,,Día,NO,Sin Restricción,Despejado,Buena,,
166846,MUNICIPALIDAD DE CORRIENTES,2022-08-07,13:30:00,CORRIENTES,18,CAPITAL,21,CORRIENTES,Urbana,Calle,DARRAGUEIRA,1500,MORENO,,-2.748.048,-5.879.645,1,2,0,2,0,Colisión entre vehículos,Colisión entre vehículos,S/D,,,2,Recta,,,NO,,Tierra,,Apto,Seca,,,,,,No,No,No,Día,NO,Sin Restricción,Despejado,Buena,,Sin Semáforo
134821,MUNICIPALIDAD DE CORRIENTES,2022-08-07,16:40:00,CORRIENTES,18,CAPITAL,21,CORRIENTES,Urbana,Calle,IRIGOYEN,,ROCA,,,,1,1,0,1,0,Caída desde vehículo,Caída desde vehículo,S/D,,,1,Recta,Intersección / cruce,,NO,,Asfalto,,Apto,,,,,,,,,,Día,NO,Sin Restricción,Despejado,Buena,,
152092,OBSERVATORIO VIAL,2022-08-06,11:10:00,CORRIENTES,18,CAPITAL,21,CORRIENTES,Urbana,,H.IRIGOYEN,,RIOJA,,,,1,1,0,2,0,Colisión entre vehículos,Colisión entre vehículos,S/D,,Angulo,2,Recta,Intersección / cruce,,NO,,Asfalto,,Apto,Seca,,Ninguna,,,,S/D,S/D,S/D,Día,NO,Sin Restricción,Despejado,Buena,,
162784,MUNICIPALIDAD DE CORRIENTES,2022-08-06,8:00:00,CORRIENTES,18,CAPITAL,21,CORRIENTES,Urbana,Avenida,AVDA. PONCHO VERDE,2100,,,-2.746.678,-5.882.259,2,1,0,2,0,Colisión entre vehículos,Colisión entre vehículos,S/D,,Angulo,2,Curva,Rotonda,,NO,,Asfalto,,Apto,Despejada,,Cordón Divisorio,,,,,Si,,Día,NO,Sin Restricción,Despejado,Buena,,Sin Semáforo
169838,OBSERVATORIO VIAL,2022-08-06,12:35:00,CORRIENTES,18,CAPITAL,21,CORRIENTES,Urbana,Avenida,AV. ARTIGAS,1400,RIVADAVIA,,-2.747.607,-5.881.963,2,0,0,2,0,Colisión entre vehículos,Colisión entre vehículos,S/D,,,2,Recta,Intersección / cruce,,NO,,Asfalto,,Apto,Seca,,Ninguna,,,,Si,Si,No,Día,NO,Sin Restricción,Despejado,Buena,,Sin Semáforo
139737,OBSERVATORIO VIAL,2022-08-06,6:50:00,CORRIENTES,18,CAPITAL,21,CORRIENTES,Urbana,Avenida,AV LIBERTAD,5800,LAS VIOLETAS,,-2.746.281,-5.877.484,1,0,0,1,0,Colisión entre vehículos,Colisión entre vehículos,S/D,,,1,Recta,Intersección / cruce,,NO,,Asfalto,,Apto,Seca,,Ninguna,,,,Si,No,No,Día,NO,Sin Restricción,Despejado,Buena,,Sin Semáforo
175493,OBSERVATORIO VIAL,2022-08-05,23:40:00,CORRIENTES,18,CAPITAL,21,CORRIENTES,Urbana,Avenida,AV EL MAESTRO,1800,COSQUIN Y RAFAELA,,,,0,1,0,1,0,Atropello a animal/es,Atropello a animal/es,,,Alcance,1,,Recta,,,,Asfalto,,Apto,Seca,,S/D,,S/D,,No,No,No,Noche,SI,,Despejado,,,Sin Semáforo
157802,MUNICIPALIDAD DE CORRIENTES,2022-08-04,7:20:00,CORRIENTES,18,CAPITAL,21,CORRIENTES,,Avenida,AV MAIPU,,NUESTRA SEÑORA DE LA ASUNCIÓN,,-2.749.125,-5.881.990,3,2,0,4,0,Colisión entre vehículos,Colisión entre vehículos,S/D,,Alcance,4,Recta,Intersección / cruce,,NO,,Asfalto,,Apto,"Despejada, Seca",,Cordón Divisorio,,,,Si,Si,,Amanecer,SI,Sin Restricción,Despejado,Buena,,
163573,OBSERVATORIO VIAL,2022-08-02,14:06:00,CORRIENTES,18,CAPITAL,21,CORRIENTES,Urbana,Calle,RECONQUISTA,3100,LAS HERAS,,-2.748.324,-5.881.413,1,1,0,2,0,Colisión entre vehículos,Colisión entre vehículos,S/D,,Angulo,2,Recta,Intersección / cruce,,NO,,Ripio,,Apto,Seca,,Ninguna,,,,No,No,No,Día,SI,Sin Restricción,Despejado,Buena,,Sin Semáforo
169148,MUNICIPALIDAD DE CORRIENTES,2022-08-01,9:36:00,CORRIENTES,18,CAPITAL,21,CORRIENTES,Urbana,Avenida,AVENIDA TENIENTE IBAÑEZ,3000,LISANDRO SEGOVIA,,-2.748.551,-5.883.644,1,1,0,2,0,Colisión entre vehículos,Colisión entre vehículos,S/D,,,2,Recta,Intersección / cruce,,NO,,Asfalto,,Apto,,,,,,,No,Si,No,Día,NO,Sin Restricción,Despejado,Buena,,Sin Semáforo
139251,OBSERVATORIO VIAL,2022-07-31,10:00:00,CORRIENTES,18,CAPITAL,21,CORRIENTES,Urbana,Calle,PAMPIN,384,,,,,1,0,0,1,0,Choque,Choque,S/D,,Otro,1,Recta,Intersección / cruce,,NO,,Asfalto,,Apto,Seca,,,,,,S/D,S/D,S/D,Día,NO,Sin Restricción,Despejado,Buena,,Sin Semáforo
171750,OBSERVATORIO VIAL,2022-07-31,6:00:00,CORRIENTES,18,CAPITAL,21,CORRIENTES,Urbana,Calle,SUIZA,3200,CORNELIO SAAVEDRA,,-2.747.595,-5.881.165,1,1,0,2,0,Colisión entre vehículos,Colisión entre vehículos,S/D,,,2,Recta,Intersección / cruce,,NO,,Asfalto,,Apto,"Despejada, Seca",,Ninguna,,,,S/D,S/D,S/D,Amanecer,NO,Sin Restricción,Despejado,Buena,,Sin Semáforo
163590,MUNICIPALIDAD DE CORRIENTES,2022-07-31,16:40:00,CORRIENTES,18,CAPITAL,21,CORRIENTES,Urbana,Calle,GOGOY CRUZ,1310,,,,,1,1,0,1,0,Caída desde vehículo,Caída desde vehículo,S/D,,,1,Recta,Intersección / cruce,,NO,,Asfalto,,Apto,Seca,,Ninguna,,,,,,,Día,NO,Sin Restricción,Despejado,Buena,,Sin Semáforo
169845,MUNICIPALIDAD DE CORRIENTES,2022-07-30,4:00:00,CORRIENTES,18,CAPITAL,21,CORRIENTES,Urbana,Avenida,AVENIDA RAÚL ALFONSÍN,4080,LOS TILOS,,-2.747.389,-5.880.136,1,1,1,1,0,Despiste,Despiste,Si,,,1,Recta,Intersección / cruce,,NO,,Hormigón,,Apto,Seca,,Barrera de Hormigón,,,,Si,Si,No,Noche,SI,Sin Restricción,Despejado,Buena,,Sin Semáforo
142762,OBSERVATORIO VIAL,2022-07-30,6:20:00,CORRIENTES,18,CAPITAL,21,CORRIENTES,Urbana,Avenida,AV MAIPU,3100,TILCARA,,,,1,2,0,2,0,Colisión entre vehículos,Colisión entre vehículos,S/D,,Alcance,2,Recta,Intersección / cruce,,NO,,Asfalto,,Apto,"Despejada, Seca",,Cordón Divisorio,,,,Si,Si,S/D,,SI,Sin Restricción,Nublado,Buena,,Funciona
162768,OBSERVATORIO VIAL,2022-07-30,6:20:00,CORRIENTES,18,CAPITAL,21,CORRIENTES,Urbana,Calle,SALTA,500,25 DE mayo,,-2.746.372,-5.883.880,0,2,0,2,0,Colisión entre vehículos,Colisión entre vehículos,S/D,,Lateral,2,Recta,Intersección / cruce,,NO,,Asfalto,,Apto,"Despejada, Seca",,Ninguna,,,,Si,Si,No,Amanecer,SI,Sin Restricción,Despejado,Buena,,Sin Semáforo
134051,MUNICIPALIDAD DE CORRIENTES,2022-07-30,9:10:00,CORRIENTES,18,CAPITAL,21,CORRIENTES,Urbana,Avenida,AV. INDEPENDENCIA,3100,,,,,2,0,0,2,0,Colisión entre vehículos,Colisión entre vehículos,S/D,,,2,Recta,Intersección / cruce,,NO,,Asfalto,,Apto,Seca,,,,,,,,,Día,NO,Sin Restricción,Despejado,Buena,,
175479,OBSERVATORIO VIAL,2022-07-30,6:50:00,CORRIENTES,18,CAPITAL,21,CORRIENTES,Urbana,Avenida,AVENIDA FERRÉ,1600,AVENIDA SANTA ROSA,,-2.747.785,-5.881.979,1,1,0,1,1,Atropello a peatón/es,Atropello a peatón/es,,,,2,,Intersección / cruce,,,No obstruido,Asfalto,,Apto,Seca,,Otro,PARTERRE,Ninguna,,Si,Si,No,Día,,,Despejado,,,Funciona
139222,OBSERVATORIO VIAL,2022-07-29,7:55:00,CORRIENTES,18,CAPITAL,21,CORRIENTES,Urbana,Calle,MADARIAGA,2175,PIO XII,,-2.748.473,-5.882.021,1,1,0,2,0,Colisión entre vehículos,Colisión entre vehículos,S/D,,,2,Recta,Intersección / cruce,,NO,,Hormigón,,Apto,Seca,,Ninguna,,,,Si,Si,No,Día,NO,,Despejado,Buena,,Sin Semáforo
142718,OBSERVATORIO VIAL,2022-07-29,7:00:00,CORRIENTES,18,CAPITAL,21,CORRIENTES,Urbana,Calle,SALTA,700,PELLEGRINI,,,,1,1,0,2,0,Colisión entre vehículos,Colisión entre vehículos,S/D,,Lateral,2,Recta,Intersección / cruce,,NO,,Asfalto,,Apto,Mojada,,Ninguna,,,,Si,Si,No,Día,NO,Sin Restricción,Lluvia,Lluvia,,Sin Semáforo
158365,MUNICIPALIDAD DE CORRIENTES,2022-07-29,10:15:00,CORRIENTES,18,CAPITAL,21,CORRIENTES,Urbana,Avenida,AVDA. PUJOL,2100,,,-2.746.598,-5.882.320,1,1,0,2,0,Colisión entre vehículos,Colisión entre vehículos,S/D,,,2,Recta,Intersección / cruce,,NO,,Asfalto,,Apto,Seca,,,,,,,,,Día,NO,Sin Restricción,Despejado,Buena,,
157820,OBSERVATORIO VIAL,2022-07-28,12:25:00,CORRIENTES,18,CAPITAL,21,CORRIENTES,Urbana,Calle,SAN MARTIN,2800,EE UU,,-2.747.203,-5.881.432,1,1,0,2,0,Colisión entre vehículos,Colisión entre vehículos,S/D,,Lateral,2,Recta,Intersección / cruce,,NO,,Asfalto,,Apto,"Despejada, Seca",,Ninguna,,,,S/D,S/D,S/D,Día,NO,Sin Restricción,Despejado,Buena,,Sin Semáforo
137577,MUNICIPALIDAD DE CORRIENTES,2022-07-28,19:30:00,CORRIENTES,18,CAPITAL,21,CORRIENTES,Urbana,Avenida,AV CAZADORES CORRENTINOS,,FRANCIA,,,,0,1,0,1,0,Caída desde vehículo,Caída desde vehículo,S/D,,,1,Recta,Intersección / cruce,,NO,,Asfalto,,Apto,Seca,,Ninguna,,,,S/D,,,Día,NO,,Despejado,Buena,,Sin Semáforo
142756,OBSERVATORIO VIAL,2022-07-28,13:50:00,CORRIENTES,18,CAPITAL,21,CORRIENTES,Urbana,Calle,J M ROLON,1899,PARAGUAY,,,,1,1,0,2,0,Colisión entre vehículos,Colisión entre vehículos,S/D,,Lateral,2,Recta,Intersección / cruce,,NO,,Asfalto,,Apto,"Despejada, Seca",,Ninguna,,,,S/D,S/D,S/D,Día,NO,Sin Restricción,Despejado,Buena,,Sin Semáforo
161488,MUNICIPALIDAD DE CORRIENTES,2022-07-28,23:50:00,CORRIENTES,18,CAPITAL,21,CORRIENTES,Urbana,Avenida,AVDA. PEDRO FERRÉ,1900,PARAGUAY,,-2.747.668,-5.882.746,2,0,0,2,0,Colisión entre vehículos,Colisión entre vehículos,S/D,,Angulo,2,Recta,Intersección / cruce,,NO,,Asfalto,,Apto,Seca,,,,,,,,,Noche,SI,Sin Restricción,Despejado,Buena,,
134846,OBSERVATORIO VIAL,2022-07-27,19:20:00,CORRIENTES,18,CAPITAL,21,CORRIENTES,Urbana,Calle,LOS TILOS,715,YATAY,,,,2,0,0,2,0,Colisión entre vehículos,Colisión entre vehículos,S/D,,Lateral,2,Recta,Intersección / cruce,,NO,,Asfalto,,Apto,Seca,,Ninguna,,,,No,No,No,Día,NO,Sin Restricción,Despejado,Buena,,Sin Semáforo
165423,MUNICIPALIDAD DE CORRIENTES,2022-07-26,6:10:00,CORRIENTES,18,CAPITAL,21,CORRIENTES,Urbana,Calle,GÜEMES,1312,,,-2.747.598,-5.880.700,2,0,0,2,0,Colisión entre vehículos,Colisión entre vehículos,S/D,,Angulo,2,Recta,Intersección / cruce,,NO,,Asfalto,,Apto,"Despejada, Seca",,Ninguna,,,,S/D,S/D,S/D,Día,NO,Sin Restricción,Despejado,Buena,,Sin Semáforo
139232,MUNICIPALIDAD DE CORRIENTES,2022-07-26,8:55:00,CORRIENTES,18,CAPITAL,21,CORRIENTES,Urbana,Avenida,MEDRANO,,,,,,1,1,0,2,0,Colisión entre vehículos,Colisión entre vehículos,S/D,,Alcance,2,Recta,Intersección / cruce,,NO,,Asfalto,,Apto,Seca,,Ninguna,,,,S/D,,,Día,NO,Sin Restricción,Despejado,Buena,,Sin Semáforo
143761,OBSERVATORIO VIAL,2022-07-24,13:07:00,CORRIENTES,18,CAPITAL,21,CORRIENTES,Urbana,Calle,ESTADO DE ISRAEL,1100,RECONQUISTA,,,,2,0,0,2,0,Colisión entre vehículos,Colisión entre vehículos,S/D,,,2,Recta,Intersección / cruce,,NO,,Asfalto,,Apto,Seca,,Ninguna,,,,S/D,S/D,S/D,Día,NO,Sin Restricción,Despejado,Buena,,Sin Semáforo
148209,OBSERVATORIO VIAL,2022-07-24,9:18:00,CORRIENTES,18,CAPITAL,21,,Urbana,,GOBERNADOR RUIZ,2325,,,,,1,1,0,2,0,Colisión entre vehículos,Colisión entre vehículos,S/D,,Angulo,2,Curva,Intersección / cruce,,NO,,Asfalto,,Apto,Despejada,,Ninguna,,,,S/D,S/D,S/D,Día,NO,Sin Restricción,Nublado,Buena,,Sin Semáforo
163596,MUNICIPALIDAD DE CORRIENTES,2022-07-23,23:05:00,CORRIENTES,18,CAPITAL,21,CORRIENTES,Urbana,Calle,ESPAÑA,648,CARLOS PELLEGRINI,25 DE mayo,-2.746.543,-5.882.891,1,1,0,2,0,Colisión entre vehículos,Colisión entre vehículos,S/D,,Lateral,2,Recta,,MITAD DE CUADRA,NO,,Asfalto,,Apto,Seca,,Ninguna,,,,No,Si,No,Noche,SI,Sin Restricción,,Buena,,Sin Semáforo
151189,OBSERVATORIO VIAL,2022-07-23,15:15:00,CORRIENTES,18,CAPITAL,21,CORRIENTES,Urbana,Avenida,AV ARMENIA,3300,24 DE agosto,,,,1,1,0,2,0,Colisión entre vehículos,Colisión entre vehículos,S/D,,Alcance,2,Recta,Intersección / cruce,,NO,,Asfalto,,Apto,"Despejada, Seca",,Cordón Divisorio,,,,Si,Si,S/D,Día,NO,,Despejado,Buena,,Funciona
165420,MUNICIPALIDAD DE CORRIENTES,2022-07-23,12:26:00,CORRIENTES,18,CAPITAL,21,CORRIENTES,Urbana,Calle,TUCUMÁN,644,,,-2.746.425,-5.884.144,2,0,0,2,0,Colisión entre vehículos,Colisión entre vehículos,S/D,,,2,Recta,,MEDIA CUADRA,NO,,Asfalto,,Apto,Despejada,,,,,,No,Si,No,Día,NO,,Lluvia,Lluvia,,Sin Semáforo
152106,OBSERVATORIO VIAL,2022-07-23,18:22:00,CORRIENTES,18,,,,Urbana,,ROTONDA SANTA CATALINA,,MAIPU,,,,2,0,0,2,0,Colisión entre vehículos,Colisión entre vehículos,S/D,,Alcance,2,Recta,Intersección / cruce,,NO,,Asfalto,,Apto,Seca,,Ninguna,,,,,Si,,Atardecer,SI,Sin Restricción,Despejado,Buena,,Sin Semáforo
139945,OBSERVATORIO VIAL,2022-07-22,9:50:00,CORRIENTES,18,CAPITAL,21,CORRIENTES,Urbana,Calle,LA RIOJA,700,,,,,2,0,0,2,0,Colisión entre vehículos,Colisión entre vehículos,S/D,,Lateral,2,Recta,Intersección / cruce,,NO,,Asfalto,,Apto,Seca,,Ninguna,,,,Si,Si,No,Día,NO,Sin Restricción,Despejado,Buena,,Funciona
133406,MUNICIPALIDAD DE CORRIENTES,2022-07-20,7:30:00,CORRIENTES,18,CAPITAL,21,CORRIENTES,Urbana,Calle,9 DE julio,1200,,,,,2,1,0,2,0,Colisión entre vehículos,Colisión entre vehículos,S/D,,,2,Recta,Intersección / cruce,,NO,,Asfalto,,Apto,Seca,,Ninguna,,,,,,,Día,NO,Sin Restricción,Despejado,Buena,,
153795,OBSERVATORIO VIAL,2022-07-19,16:11:00,CORRIENTES,18,CAPITAL,21,CORRIENTES,Urbana,Calle,RIVADAVIA,2000,BRASIL,,,,1,1,0,2,0,Colisión entre vehículos,Colisión entre vehículos,S/D,,Lateral,2,Recta,Intersección / cruce,,NO,,Asfalto,,Apto,"Despejada, Seca",,Ninguna,,,,Si,Si,S/D,Día,NO,Sin Restricción,Despejado,Buena,,Sin Semáforo
175495,OBSERVATORIO VIAL,2022-07-18,6:20:00,CORRIENTES,18,CAPITAL,21,CORRIENTES,Urbana,Calle,MEXICO,1800,JUNIN,,,,1,1,0,2,0,Colisión entre vehículos,Colisión entre vehículos,,,,2,,Recta,,,,Asfalto,,Apto,Seca,,S/D,,S/D,,S/D,S/D,S/D,Día,,,Despejado,,,S/D
151205,OBSERVATORIO VIAL,2022-07-18,18:40:00,CORRIENTES,18,CAPITAL,21,CORRIENTES,Urbana,Calle,QUINQUELA MARTIN,979,,,-2.747.577,-5.879.365,1,2,0,1,0,"Caída desde vehículo, Colisión entre vehículos",Colisión entre vehículos,S/D,,,1,Recta,Intersección / cruce,,NO,,Asfalto,,Apto,Seca,,Ninguna,,,,S/D,S/D,S/D,Atardecer,SI,Sin Restricción,Despejado,Buena,,Sin Semáforo
160640,MUNICIPALIDAD DE CORRIENTES,2022-07-17,22:45:00,CORRIENTES,18,CAPITAL,21,CORRIENTES,Urbana,Calle,USHUAIA,1700,,,,,1,1,0,2,0,Colisión entre vehículos,Colisión entre vehículos,S/D,,,2,Recta,Intersección / cruce,,NO,,Asfalto,,Apto,Seca,,,,,,S/D,S/D,S/D,Noche,SI,Sin Restricción,Despejado,Buena,,Sin Semáforo
139224,OBSERVATORIO VIAL,2022-07-17,8:30:00,CORRIENTES,18,CAPITAL,21,CORRIENTES,Urbana,Calle,BRASIL,2201,IRIGOYEN,,-2.746.982,-5.882.418,2,0,0,2,0,Colisión entre vehículos,Colisión entre vehículos,S/D,,,2,Recta,Intersección / cruce,,NO,,Asfalto,,Apto,Seca,,Ninguna,,,,No,No,No,Día,NO,Sin Restricción,Despejado,Buena,,Sin Semáforo
139738,OBSERVATORIO VIAL,2022-07-16,10:50:00,CORRIENTES,18,CAPITAL,21,CORRIENTES,Urbana,Avenida,AV PAYSANDU,3500,IBERA,,-2.749.944,-5.882.569,2,2,0,2,0,Colisión entre vehículos,Colisión entre vehículos,S/D,,,2,Recta,Intersección / cruce,,NO,,Asfalto,,Apto,Despejada,,Cordón Divisorio,,,,Si,Si,No,Día,NO,Sin Restricción,Despejado,Buena,,Funciona
142691,OBSERVATORIO VIAL,2022-07-16,0:15:00,CORRIENTES,18,CAPITAL,21,CORRIENTES,Urbana,Avenida,AV TENIENTE IBAÑEZ,1700,AV MAIPU,,,,1,1,0,2,0,Colisión entre vehículos,Colisión entre vehículos,S/D,,Lateral,2,Recta,Intersección / cruce,,NO,,Asfalto,,Apto,Seca,,Cordón Divisorio,,,,Si,Si,No,Noche,SI,Sin Restricción,Despejado,Buena,,Funciona
146712,OBSERVATORIO VIAL,2022-07-16,6:55:00,CORRIENTES,18,CAPITAL,21,CORRIENTES,Urbana,,LAGRAÑA,,ROLON,,,,2,0,0,2,0,Colisión entre vehículos,Colisión entre vehículos,S/D,,,2,Recta,Intersección / cruce,,NO,,Asfalto,,Apto,"Despejada, Seca",,Ninguna,,,,S/D,S/D,S/D,Atardecer,NO,Sin Restricción,Despejado,Buena,,Sin Semáforo
158356,MUNICIPALIDAD DE CORRIENTES,2022-07-15,12:50:00,CORRIENTES,18,CAPITAL,21,CORRIENTES,Urbana,Avenida,PLÁCIDO MARTÍNEZ,700,,,-2.746.157,-5.884.055,3,0,0,2,0,Colisión entre vehículos,Colisión entre vehículos,S/D,,Lateral,2,Recta,Intersección / cruce,,NO,,Asfalto,,Apto,Seca,,Otro,PARTERRE,,,,,,Día,SI,Sin Restricción,Despejado,Buena,,
137576,MUNICIPALIDAD DE CORRIENTES,2022-07-14,19:13:00,CORRIENTES,18,CAPITAL,21,CORRIENTES,Urbana,Avenida,AV. CAZADORES CORRENTINOS,3100,RECONQUISTA,,,,1,1,0,2,0,Colisión entre vehículos,Colisión entre vehículos,S/D,,,2,Recta,Intersección / cruce,,NO,,Asfalto,,Apto,Seca,,,,,,,,,Día,NO,Sin Restricción,Despejado,Buena,,
152977,OBSERVATORIO VIAL,2022-07-13,20:50:00,CORRIENTES,18,,,,Urbana,Avenida,AV. CHACABUCO,,GENERAL PAZ,,,,1,1,0,2,0,Colisión entre vehículos,Colisión entre vehículos,S/D,,Alcance,2,Recta,Intersección / cruce,,NO,,Asfalto,,Apto,Seca,,Cordón Divisorio,,,,S/D,S/D,S/D,Noche,SI,Sin Restricción,Despejado,Buena,,Sin Semáforo
159882,MUNICIPALIDAD DE CORRIENTES,2022-07-13,16:20:00,CORRIENTES,18,CAPITAL,21,CORRIENTES,Urbana,Calle,PERÚ,1300,BELGRANO,,-2.747.348,-5.882.200,2,0,0,2,0,Colisión entre vehículos,Colisión entre vehículos,S/D,,Angulo,2,Recta,Intersección / cruce,,NO,,Asfalto,,Apto,Seca,,Ninguna,,,,S/D,S/D,S/D,Día,NO,Sin Restricción,Despejado,Buena,,Sin Semáforo
175478,OBSERVATORIO VIAL,2022-07-12,11:30:00,CORRIENTES,18,CAPITAL,21,CORRIENTES,Urbana,Avenida,AVENIDA MAIPÚ,1000,,,-2.748.697,-5.882.277,1,2,0,2,0,Colisión entre vehículos,Colisión entre vehículos,,,Angulo,2,,Intersección / cruce,,,No obstruido,Asfalto,,Apto,Seca,,Ninguna,,Ninguna,,No,No,No,Día,,,Despejado,,,Sin Semáforo
139736,OBSERVATORIO VIAL,2022-07-12,13:10:00,CORRIENTES,18,CAPITAL,21,CORRIENTES,Urbana,Avenida,AV MAIPU,2200,,,-2.748.833,-5.882.183,1,1,0,2,0,Colisión entre vehículos,Colisión entre vehículos,S/D,,,2,Recta,Intersección / cruce,,NO,,Asfalto,,Apto,Seca,,Ninguna,,,,Si,Si,No,Día,NO,Sin Restricción,Despejado,Buena,,Sin Semáforo
161543,OBSERVATORIO VIAL,2022-07-12,9:02:00,CORRIENTES,18,CAPITAL,21,CORRIENTES,Urbana,Avenida,Av. Chacabuco,3000,ARNMENIA,,,,0,1,0,1,0,Despiste,Despiste,Si,,,1,Recta,Intersección / cruce,,NO,,Asfalto,,Apto,Despejada,,Cordón Divisorio,,,,,,,,NO,Sin Restricción,Despejado,Buena,,Sin Semáforo
175477,OBSERVATORIO VIAL,2022-07-11,18:50:00,CORRIENTES,18,CAPITAL,21,CORRIENTES,Urbana,Avenida,AVENIDA POMAR,1000,AVENIDA RAÚL ALFONSÍN,,-2.747.270,-5.880.627,2,0,0,2,0,Colisión entre vehículos,Colisión entre vehículos,,,Alcance,2,,Intersección / cruce,,,No obstruido,Asfalto,,Apto,Seca,,Otro,PARTERRE,Ninguna,,Si,Si,No,Día,,,Despejado,,,Funciona
137589,MUNICIPALIDAD DE CORRIENTES,2022-07-11,14:09:00,CORRIENTES,18,CAPITAL,21,CORRIENTES,Urbana,Calle,ROCA,,SAN MARTIN,,,,1,1,0,2,0,Colisión entre vehículos,Colisión entre vehículos,S/D,,Angulo,2,Recta,Intersección / cruce,,NO,,Asfalto,,Apto,Seca,,Ninguna,,,,No,Si,No,Día,NO,Sin Restricción,Despejado,Buena,,Sin Semáforo
139239,MUNICIPALIDAD DE CORRIENTES,2022-07-11,19:09:00,CORRIENTES,18,CAPITAL,21,CORRIENTES,Urbana,Avenida,AV. TTE IBAÑEZ,900,,,,,2,0,0,2,0,Colisión entre vehículos,Colisión entre vehículos,S/D,,,2,Recta,Intersección / cruce,,NO,,Asfalto,,Apto,Seca,,,,,,Si,No,No,Día,NO,Sin Restricción,Despejado,Buena,,Sin Semáforo
134797,OBSERVATORIO VIAL,2022-07-11,11:10:00,CORRIENTES,18,CAPITAL,21,CORRIENTES,Urbana,Avenida,AV FERRE,2200,PERU,,,,2,0,0,2,0,Colisión entre vehículos,Colisión entre vehículos,S/D,,Lateral,2,Recta,Intersección / cruce,,NO,,Hormigón,,Apto,Seca,,Cordón Divisorio,,,,Si,Si,No,Día,NO,Sin Restricción,Despejado,Buena,,Sin Semáforo
134864,MUNICIPALIDAD DE CORRIENTES,2022-07-10,12:50:00,CORRIENTES,18,CAPITAL,21,CORRIENTES,Urbana,Avenida,AV. CHACABUCO,3000,LAS HERAS,,,,0,3,0,2,0,Colisión entre vehículos,Colisión entre vehículos,S/D,,Frontal,2,Recta,Intersección / cruce,,NO,,Ripio,,Apto,Seca,,Ninguna,,,,,,,Día,NO,Sin Restricción,Despejado,Buena,,Funciona
136368,DIRECCIÓN DE SEG VIAL,2022-07-10,15:05:00,CORRIENTES,18,CAPITAL,21,CORRIENTES,Urbana,Calle,DON BOSCO,,SAN MARTIN,,,,1,0,0,1,0,Choque,Choque,S/D,,Arbol,1,Recta,Intersección / cruce,,NO,,Hormigón,,Apto,Seca,,Ninguna,,,,S/D,S/D,S/D,Día,NO,Sin Restricción,Despejado,Buena,,Sin Semáforo
161499,MUNICIPALIDAD DE CORRIENTES,2022-07-10,6:40:00,CORRIENTES,18,CAPITAL,21,CORRIENTES,Urbana,Calle,RÍO LIMAY,1400,COMODORO RIVADAVIA,,-2.749.018,-5.883.518,1,1,0,2,0,Colisión entre vehículos,Colisión entre vehículos,S/D,,,2,Recta,Intersección / cruce,,NO,,Asfalto,,Apto,Seca,,,,,,,,,Amanecer,NO,,Despejado,Buena,,
169893,MUNICIPALIDAD DE CORRIENTES,2022-07-09,13:55:00,CORRIENTES,18,CAPITAL,21,CORRIENTES,Urbana,Avenida,AVENIDA RAÚL ALFONSÍN,5200,DESCARTES,,-2.747.726,-5.878.632,1,1,0,2,0,Colisión entre vehículos,Colisión entre vehículos,S/D,,Angulo,2,Recta,Intersección / cruce,,NO,,Asfalto,,Apto,Seca,,,,,,S/D,S/D,S/D,Día,NO,Sin Restricción,Despejado,Buena,,Sin Semáforo
139275,MUNICIPALIDAD DE CORRIENTES,2022-07-09,21:50:00,CORRIENTES,18,CAPITAL,21,CORRIENTES,Urbana,Calle,AYACUCHO,,ARTIGAS,,,,2,0,0,2,0,Colisión entre vehículos,Colisión entre vehículos,S/D,,Rozamiento,2,Recta,Intersección / cruce,,NO,,Asfalto,,Apto,Seca,,Ninguna,,,,Si,Si,S/D,Noche,NO,Sin Restricción,Despejado,Buena,,Funciona
164590,OBSERVATORIO VIAL,2022-07-08,3:57:00,CORRIENTES,18,CAPITAL,21,CORRIENTES,Urbana,Avenida,AV ARTIGA,1100,,,,,1,0,0,1,0,Choque,Choque,S/D,,En calzada,1,Recta,Intersección / cruce,,NO,,Asfalto,,Apto,"Despejada, Seca",,Ninguna,,,,Si,Si,No,Noche,SI,Sin Restricción,Despejado,Buena,,Sin Semáforo
166063,OBSERVATORIO VIAL,2022-07-06,22:25:00,CORRIENTES,18,CAPITAL,21,CORRIENTES,Urbana,Calle,TRANSITO COCOMAROLA,900,,,-2.746.954,-5.881.874,0,1,0,1,0,"Caída desde vehículo, Colisión entre vehículos",Colisión entre vehículos,S/D,,,1,Curva,Intersección / cruce,,NO,,Asfalto,,Apto,Seca,,Ninguna,,,,Si,Si,Si,Noche,NO,Sin Restricción,Despejado,Buena,,Sin Semáforo
139265,OBSERVATORIO VIAL,2022-07-06,7:10:00,CORRIENTES,18,CAPITAL,21,CORRIENTES,Urbana,Avenida,AV PATAGONIA,2100,CALLE 171,,,,1,0,0,1,0,Despiste,Despiste,Si,,,1,Recta,,RECTA,NO,,Asfalto,,Apto,Seca,,Ninguna,,,,No,No,No,Día,NO,Sin Restricción,Despejado,Buena,,Sin Semáforo
142706,OBSERVATORIO VIAL,2022-07-05,18:39:00,CORRIENTES,18,CAPITAL,21,CORRIENTES,Urbana,Avenida,AV ALTA GRACIA,2800,STA CATALINA,,,,2,1,0,2,0,Colisión entre vehículos,Colisión entre vehículos,S/D,,Lateral,2,Recta,Intersección / cruce,,NO,,Asfalto,,Apto,Mojada,,Ninguna,,,,Si,S/D,S/D,Atardecer,NO,Sin Restricción,Lluvia,Lluvia,,Sin Semáforo
151183,OBSERVATORIO VIAL,2022-07-05,18:10:00,CORRIENTES,18,CAPITAL,21,CORRIENTES,Urbana,Avenida,AV PUJOL,2300,PERU,,,,4,0,0,2,0,Colisión entre vehículos,Colisión entre vehículos,S/D,,Lateral,2,Recta,Intersección / cruce,,NO,,Asfalto,,Apto,"Despejada, Seca",,Cordón Divisorio,,,,Si,Si,S/D,Día,NO,Sin Restricción,Despejado,Buena,,Sin Semáforo
159878,MUNICIPALIDAD DE CORRIENTES,2022-07-05,8:37:00,CORRIENTES,18,CAPITAL,21,CORRIENTES,Urbana,Avenida,AVDA MAIPÚ,700,,,-2.748.492,-5.882.436,1,1,0,2,0,Colisión entre vehículos,Colisión entre vehículos,S/D,,,2,Recta,,,NO,,,,Apto,Seca,,Ninguna,,,,,,,Día,NO,Sin Restricción,Despejado,Buena,,
144735,OBSERVATORIO VIAL,2022-07-05,14:47:00,CORRIENTES,18,CAPITAL,21,CORRIENTES,Urbana,Avenida,AV. COSTANERA,,3 DE abril,,,,3,0,0,1,0,"Colisión entre vehículos, Despiste",Colisión entre vehículos,Si,,,1,Recta,Intersección / cruce,,NO,,Asfalto,,Apto,Seca,,Ninguna,,,,Si,Si,Si,Día,NO,Sin Restricción,Despejado,Buena,,Funciona
157805,MUNICIPALIDAD DE CORRIENTES,2022-07-05,8:35:00,CORRIENTES,18,CAPITAL,21,CORRIENTES,Urbana,,ESPAÑA,1100,SAN MARTÍN,,-2.747.053,-5.882.940,2,1,0,2,0,Colisión entre vehículos,Colisión entre vehículos,S/D,,Angulo,2,Recta,Intersección / cruce,,NO,,Asfalto,,Apto,"Despejada, Seca",,Ninguna,,,,Si,Si,No,Día,NO,Sin Restricción,Despejado,Buena,,Sin Semáforo
165427,MUNICIPALIDAD DE CORRIENTES,2022-07-04,9:50:00,CORRIENTES,18,CAPITAL,21,CORRIENTES,Urbana,Calle,NECOCHEA,1700,AVENIDA SARMIENTO,,-2.748.020,-5.883.059,6,0,0,2,0,Colisión entre vehículos,Colisión entre vehículos,S/D,,Alcance,2,Recta,Intersección / cruce,,NO,,Asfalto,,Apto,Seca,,Ninguna,,,,S/D,S/D,S/D,Día,NO,Sin Restricción,Nublado,Buena,,Sin Semáforo
134069,MUNICIPALIDAD DE CORRIENTES,2022-07-04,12:57:00,CORRIENTES,18,CAPITAL,21,CORRIENTES,Urbana,Calle,MEXICO,1200,BELGRANO,,,,2,0,0,2,0,Colisión entre vehículos,Colisión entre vehículos,S/D,,,2,Recta,Intersección / cruce,,NO,,Asfalto,,Apto,Seca,,,,,,,,,Día,NO,Sin Restricción,Despejado,Buena,,
145182,OBSERVATORIO VIAL,2022-07-03,21:42:00,CORRIENTES,18,CAPITAL,21,CORRIENTES,Urbana,Avenida,GOBERNADOR RUIZ,,ESTADO UNIDO,,,,2,1,0,2,0,Colisión entre vehículos,Colisión entre vehículos,S/D,,Alcance,2,Recta,Intersección / cruce,,NO,,Asfalto,,Apto,Seca,,Ninguna,,,,S/D,S/D,S/D,Noche,SI,Sin Restricción,Despejado,Buena,,Sin Semáforo
176145,OBSERVATORIO VIAL,2022-07-02,7:50:00,CORRIENTES,18,CAPITAL,21,CORRIENTES,Urbana,Calle,BOLIVAR,2500,AV ARTIGAS,,,,1,2,0,2,0,Colisión entre vehículos,Colisión entre vehículos,,,Lateral,2,,Intersección / cruce,,,No obstruido,Asfalto,,Apto,Seca,,Ninguna,,,,Si,Si,No,Día,,,Despejado,,,Sin Semáforo
136375,MUNICIPALIDAD DE CORRIENTES,2022-07-02,11:26:00,CORRIENTES,18,CAPITAL,21,CORRIENTES,Urbana,Avenida,TTE IBAÑEZ,2300,,,,,1,1,0,2,0,Colisión entre vehículos,Colisión entre vehículos,S/D,,,2,Recta,Intersección / cruce,,NO,,Asfalto,,Apto,Seca,,,,,,,,,Día,SI,Sin Restricción,Despejado,Buena,,
146713,OBSERVATORIO VIAL,2022-07-02,8:42:00,CORRIENTES,18,CAPITAL,21,,Urbana,,SAN MARTIN,,EE.UU,,,,1,0,0,2,0,Colisión entre vehículos,Colisión entre vehículos,S/D,,,2,Recta,Intersección / cruce,,NO,,Asfalto,,Apto,"Despejada, Seca",,Ninguna,,,,S/D,S/D,S/D,Día,NO,Sin Restricción,Despejado,Buena,,Sin Semáforo
134820,MUNICIPALIDAD DE CORRIENTES,2022-07-02,12:15:00,CORRIENTES,18,CAPITAL,21,CORRIENTES,Urbana,Calle,PEREZ BULNER,,CAYETANO RODRIGUEZ,,,,2,0,0,2,0,Colisión entre vehículos,Colisión entre vehículos,S/D,,,2,Recta,Intersección / cruce,,NO,,Asfalto,,Apto,Seca,,,,,,,,,Día,NO,Sin Restricción,Despejado,Buena,,
139938,OBSERVATORIO VIAL,2022-07-02,10:00:00,CORRIENTES,18,CAPITAL,21,CORRIENTES,Urbana,Avenida,AV 3 DE ABRIL,600,SAN LUIS,,,,1,1,0,2,0,Colisión entre vehículos,Colisión entre vehículos,S/D,,Lateral,2,Recta,Intersección / cruce,,NO,,Asfalto,,Apto,Seca,,Cordón Divisorio,,,,Si,Si,No,Día,NO,Sin Restricción,Despejado,Buena,,Funciona
145173,OBSERVATORIO VIAL,2022-07-02,16:15:00,CORRIENTES,18,,,,,Avenida,AVENIDA VERA,,CATARMARCA,,,,1,1,0,2,0,Colisión entre vehículos,Colisión entre vehículos,S/D,,Angulo,2,Recta,Intersección / cruce,,NO,,Asfalto,,Apto,Seca,,Ninguna,,,,S/D,S/D,S/D,Día,NO,Sin Restricción,Despejado,Buena,,Sin Semáforo
151193,OBSERVATORIO VIAL,2022-07-01,10:08:00,CORRIENTES,18,CAPITAL,21,CORRIENTES,Urbana,Calle,TACUARI,,LAS HERAS,,,,2,0,0,2,0,Colisión entre vehículos,Colisión entre vehículos,S/D,,Angulo,2,Recta,Intersección / cruce,,NO,,Asfalto,,Apto,Seca,,Ninguna,,,,S/D,S/D,S/D,Día,NO,Sin Restricción,Despejado,Buena,,Sin Semáforo
139235,MUNICIPALIDAD DE CORRIENTES,2022-07-01,8:45:00,CORRIENTES,18,,,,Urbana,Avenida,AV. MAIPU,700,,,,,1,1,0,2,0,Colisión entre vehículos,Colisión entre vehículos,S/D,,,2,Recta,Intersección / cruce,,NO,,Asfalto,,Apto,Seca,,Ninguna,,,,,,,Día,NO,Sin Restricción,Despejado,Buena,,
146729,OBSERVATORIO VIAL,2022-07-01,17:55:00,CORRIENTES,18,CAPITAL,21,,Urbana,Avenida,AV. TTE IBAÑEZ,,BALBOA,,,,1,1,0,2,0,Colisión entre vehículos,Colisión entre vehículos,S/D,,Angulo,2,Recta,Intersección / cruce,,NO,,Asfalto,,Apto,"Despejada, Seca",,Cordón Divisorio,,,,Si,Si,S/D,Día,NO,Sin Restricción,Despejado,Buena,,Sin Semáforo
151217,OBSERVATORIO VIAL,2022-07-01,12:30:00,CORRIENTES,18,,,,Urbana,,MADARIAGA,2489,FRAGATA HERCULES,,,,1,1,0,1,1,Atropello a peatón/es,Atropello a peatón/es,S/D,,,2,Recta,Intersección / cruce,,NO,,Asfalto,,Apto,Seca,,Ninguna,,,,Si,S/D,No,Día,NO,Sin Restricción,Despejado,Buena,,Sin Semáforo
146723,OBSERVATORIO VIAL,2022-06-30,15:55:00,CORRIENTES,18,,,,Urbana,,CORDOBA,,SAN MARTIN,,,,2,0,0,2,0,Colisión entre vehículos,Colisión entre vehículos,S/D,,Angulo,2,Recta,Intersección / cruce,,NO,,Asfalto,,Apto,Mojada,,Ninguna,,,,Si,S/D,S/D,Día,NO,Sin Restricción,Lluvia,Lluvia,,Sin Semáforo
174635,Observatorio Vial,2022-06-30,15:10:00,CORRIENTES,18,CAPITAL,21,CORRIENTES,Urbana,Avenida,Av. Montecarlos,1900,Río de Janeíro,,,,1,1,0,2,0,Colisión entre vehículos,Colisión entre vehículos,,,Lateral,2,,Intersección / cruce,,,No obstruido,,,Apto,Seca,,Ninguna,,Asfalto,,S/D,,,Día,,,Despejado,,,Sin Semáforo
148994,OBSERVATORIO VIAL,2022-06-30,13:50:00,CORRIENTES,18,CAPITAL,21,CORRIENTES,Urbana,Avenida,AV 3 DE ABRIL,800,BS AS,,,,2,0,0,2,0,Colisión entre vehículos,Colisión entre vehículos,S/D,,Alcance,2,Recta,Intersección / cruce,,NO,,Asfalto,,Apto,"Despejada, Seca",,Ninguna,,,,Si,Si,No,Día,NO,Sin Restricción,Despejado,Buena,,Funciona
169891,MUNICIPALIDAD DE CORRIENTES,2022-06-29,9:30:00,CORRIENTES,18,CAPITAL,21,CORRIENTES,Urbana,Avenida,AVENIDA LIBERTAD,5300,UNNE,,-2.746.523,-5.878.392,1,1,0,2,0,Colisión entre vehículos,Colisión entre vehículos,S/D,,,2,Recta,,,NO,,Asfalto,,Apto,,,,,,,Si,Si,No,Día,NO,Sin Restricción,Despejado,Buena,,Funciona
141873,OBSERVATORIO VIAL,2022-06-29,12:40:00,CORRIENTES,18,CAPITAL,21,CORRIENTES,Urbana,Avenida,AV MAIPU,,LAS HERAS,,,,2,0,0,2,0,Colisión entre vehículos,Colisión entre vehículos,S/D,,,2,Recta,Intersección / cruce,,NO,,Asfalto,,Apto,Seca,,Ninguna,,,,Si,Si,No,Día,NO,Sin Restricción,Despejado,Buena,,Funciona
148155,OBSERVATORIO VIAL,2022-06-29,14:19:00,CORRIENTES,18,CAPITAL,21,CORRIENTES,Urbana,Calle,LA RIOJA,2000,LAS HERAS,,-2.748.033,-5.883.972,1,1,0,2,0,Colisión entre vehículos,Colisión entre vehículos,S/D,,Angulo,2,Recta,Intersección / cruce,,NO,,,,Apto,Seca,,Ninguna,,,,Si,No,No,Día,NO,Sin Restricción,Despejado,Buena,,Sin Semáforo
152959,OBSERVATORIO VIAL,2022-06-28,20:00:00,CORRIENTES,18,,,,Urbana,,AV.MAIPÙ,,SANTA CATALINA,,,,1,1,0,2,0,,,S/D,,,2,Recta,Intersección / cruce,,NO,,Hormigón,,Apto,Seca,,Ninguna,,,,Si,Si,,Atardecer,SI,Sin Restricción,Despejado,Buena,,Funciona
151200,OBSERVATORIO VIAL,2022-06-27,16:50:00,CORRIENTES,18,,,,Urbana,,AV MAIPU,,TILCARA,,,,1,1,0,2,0,Colisión entre vehículos,Colisión entre vehículos,S/D,,Angulo,2,Recta,Intersección / cruce,,NO,,Asfalto,,Apto,Seca,,Cordón Divisorio,,,,Si,,,Día,NO,Sin Restricción,Despejado,Buena,,Sin Semáforo
152939,OBSERVATORIO VIAL,2022-06-27,10:35:00,CORRIENTES,18,CAPITAL,21,CORRIENTES,Urbana,Calle,ESTADO DE ISRAEL,2600,,,-2.747.268,-5.881.894,2,0,0,2,0,Colisión entre vehículos,Colisión entre vehículos,S/D,,,2,Recta,Intersección / cruce,,NO,,Asfalto,,Apto,Seca,,Ninguna,,,,Si,Si,No,Día,NO,Sin Restricción,Despejado,Buena,,Sin Semáforo
134861,MUNICIPALIDAD DE CORRIENTES,2022-06-26,22:51:00,CORRIENTES,18,CAPITAL,21,CORRIENTES,Urbana,Calle,CUBA,,YUGOSLAVIA,,,,0,2,0,2,0,Colisión entre vehículos,Colisión entre vehículos,S/D,,Angulo,2,Recta,Intersección / cruce,,NO,,,,Apto,,,,,,,,,,Noche,SI,Sin Restricción,,Buena,,
165340,MUNICIPALIDAD DE CORRIENTES,2022-06-26,13:03:00,CORRIENTES,18,CAPITAL,21,CORRIENTES,Urbana,Avenida,AVENIDA RAÚL ALFONSÍN,4800,ARAOZ,,,,1,1,0,1,1,Colisión entre vehículos,Colisión entre vehículos,S/D,,,2,Recta,Intersección / cruce,,NO,,Hormigón,,Apto,Seca,,Ninguna,,,,S/D,S/D,S/D,Día,NO,Sin Restricción,Despejado,Buena,,Sin Semáforo
134853,SEGURIDAD VIAL,2022-06-26,12:38:00,CORRIENTES,18,CAPITAL,21,CORRIENTES,Urbana,Calle,COLOMBIA,1300,BROWN,,-2.747.401,-5.881.752,2,0,0,2,0,Colisión entre vehículos,Colisión entre vehículos,S/D,,,2,Recta,Intersección / cruce,,NO,,Asfalto,,Apto,Seca,,Ninguna,,,,S/D,S/D,S/D,Día,,Sin Restricción,Despejado,Buena,,Sin Semáforo
169154,MUNICIPALIDAD DE CORRIENTES,2022-06-26,6:00:00,CORRIENTES,18,CAPITAL,21,CORRIENTES,Urbana,Avenida,AVENIDA MAIPÚ,3600,VALPARAISO,,-2.749.729,-5.881.599,1,1,0,2,0,Colisión entre vehículos,Colisión entre vehículos,S/D,,,2,Recta,Intersección / cruce,,NO,,Asfalto,,Apto,Seca,,Cordón Divisorio,,,,No,No,No,Amanecer,SI,Sin Restricción,Despejado,Buena,,Sin Semáforo
141857,OBSERVATORIO VIAL,2022-06-25,9:10:00,CORRIENTES,18,CAPITAL,21,CORRIENTES,Urbana,Calle,CORDOBA,1500,3 DE abril,,,,0,1,0,1,0,Caída desde vehículo,Caída desde vehículo,S/D,,,1,Recta,Intersección / cruce,,NO,,Asfalto,,Apto,Seca,,Ninguna,,,,Si,Si,,Día,NO,Sin Restricción,Despejado,Buena,,Funciona
152054,OBSERVATORIO VIAL,2022-06-25,8:40:00,CORRIENTES,18,CAPITAL,21,,Urbana,Calle,LAPRIDA,,LAPIACE,,,,1,1,0,2,0,Colisión entre vehículos,Colisión entre vehículos,S/D,,,2,Recta,Intersección / cruce,,NO,,Asfalto,,Apto,Seca,,Ninguna,,,,S/D,S/D,S/D,Día,NO,Sin Restricción,Despejado,Buena,,Sin Semáforo
152103,OBSERVATORIO VIAL,2022-06-23,18:00:00,CORRIENTES,18,CAPITAL,21,,Urbana,,SAN MARTIN,,CATAMARCA,,,,1,1,0,2,0,Colisión entre vehículos,Colisión entre vehículos,S/D,,Angulo,2,Recta,Intersección / cruce,,,,Asfalto,,Apto,Seca,,Ninguna,,,,S/D,S/D,S/D,Día,NO,Sin Restricción,Despejado,Buena,,Sin Semáforo
171743,OBSERVATORIO VIAL,2022-06-23,17:59:00,CORRIENTES,18,CAPITAL,21,CORRIENTES,Urbana,Calle,BELGRANO,2100,BRASIL,,-2.747.329,-5.882.458,2,0,0,2,0,Colisión entre vehículos,Colisión entre vehículos,S/D,,Alcance,2,Recta,Intersección / cruce,,NO,,Asfalto,,Apto,"Despejada, Seca",,Ninguna,,,,Si,No,No,Día,NO,Congestionamiento,Despejado,Buena,,Sin Semáforo
174820,OBSERVATORIO VIAL,2022-06-23,19:10:00,CORRIENTES,18,CAPITAL,21,CORRIENTES,Urbana,Calle,SICILIA,4700,GRANADA,,-2.745.758,-5.878.847,1,1,0,2,0,Colisión entre vehículos,Colisión entre vehículos,,,Angulo,2,,Intersección / cruce,,,S/D,Ripio,,Apto,Seca,,Ninguna,,Ninguna,,No,No,No,Día,,,Despejado,,,Sin Semáforo
159884,MUNICIPALIDAD DE CORRIENTES,2022-06-22,19:25:00,CORRIENTES,18,CAPITAL,21,CORRIENTES,Urbana,Calle,TACUARÍ,2090,LAMADRID,,-2.748.542,-5.880.714,1,1,0,2,0,Colisión entre vehículos,Colisión entre vehículos,S/D,,Angulo,2,Recta,Intersección / cruce,,NO,,Hormigón,,Apto,"Despejada, Seca",,Ninguna,,,,S/D,S/D,S/D,Noche,SI,Sin Restricción,Despejado,Buena,,Sin Semáforo
164601,OBSERVATORIO VIAL,2022-06-22,16:30:00,CORRIENTES,18,CAPITAL,21,CORRIENTES,Urbana,Ruta Provincial,5,"2,5",FRENTE A STA RITA,,,,1,0,0,1,0,Vuelco (solo 1 participante),Vuelco (solo 1 participante),S/D,,,1,Recta,,RECTA,NO,,Asfalto,,Apto,"Despejada, Seca",,Ninguna,,,,Si,No,No,Día,NO,Sin Restricción,Despejado,Buena,,Sin Semáforo
165421,MUNICIPALIDAD DE CORRIENTES,2022-06-22,13:23:00,CORRIENTES,18,CAPITAL,21,CORRIENTES,Urbana,Calle,PLÁCIDO MARTÍNEZ,900,SALTA,,-2.746.176,-5.883.877,1,1,0,2,0,Colisión entre vehículos,Colisión entre vehículos,S/D,,Alcance,2,Recta,Intersección / cruce,,NO,,Asfalto,,Apto,Seca,,Barrera de Hormigón,,,,Si,Si,No,Día,SI,Sin Restricción,Nublado,Buena,,Funciona
148955,OBSERVATORIO VIAL,2022-06-22,17:30:00,CORRIENTES,18,CAPITAL,21,CORRIENTES,Urbana,Calle,GUASTAVINO,1600,LAVALLE,,,,2,1,0,2,0,Colisión entre vehículos,Colisión entre vehículos,S/D,,Lateral,2,Recta,Intersección / cruce,,NO,,Asfalto,,Apto,Seca,,Ninguna,,,,No,No,No,Día,NO,Sin Restricción,Despejado,Buena,,Sin Semáforo
171748,OBSERVATORIO VIAL,2022-06-21,17:52:00,CORRIENTES,18,CAPITAL,21,CORRIENTES,Urbana,Avenida,AVENIDA CHACABUCO,1000,AVENIDA CENTENARIO,,-2.747.117,-5.881.256,1,1,0,2,0,Colisión entre vehículos,Colisión entre vehículos,S/D,,Alcance,2,Recta,,,SI,,Asfalto,,Apto,"Despejada, Seca",,Cordón Divisorio,,,,Si,Si,No,Día,SI,Obra en Construcción,Despejado,Buena,,Funciona
139997,OBSERVATORIO VIAL,2022-06-20,21:10:00,CORRIENTES,18,CAPITAL,21,CORRIENTES,Urbana,Avenida,AV ALTA GRACIA,2800,AV STA CATALINA,,,,1,1,0,2,0,Colisión entre vehículos,Colisión entre vehículos,S/D,,Lateral,2,Recta,Intersección / cruce,,NO,,Asfalto,,Apto,Seca,,Ninguna,,,,Si,Si,No,Noche,SI,Sin Restricción,Despejado,Buena,,Sin Semáforo
156556,OBSERVATORIO VIAL,2022-06-20,18:50:00,CORRIENTES,18,CAPITAL,21,CORRIENTES,Urbana,Calle,CORDOBA,1300,BELGRANO,,-2.747.226,-5.883.513,2,0,0,2,0,Colisión entre vehículos,Colisión entre vehículos,S/D,,Lateral,2,Recta,Intersección / cruce,,NO,,Asfalto,,Apto,"Despejada, Seca",,Ninguna,,,,Si,Si,No,Noche,SI,Sin Restricción,Despejado,Buena,,Sin Semáforo
134866,MUNICIPALIDAD DE CORRIENTES,2022-06-20,13:40:00,CORRIENTES,18,CAPITAL,21,CORRIENTES,Urbana,Avenida,AV JUAN DE VERA,,ROCA,,,,1,1,0,2,0,Choque,Choque,S/D,,En calzada,2,Recta,Intersección / cruce,,NO,,Asfalto,,Apto,Seca,,,,,,,Si,No,Día,NO,Sin Restricción,Despejado,Buena,,
134045,DIRECCIÓN DE SEG VIAL,2022-06-20,12:45:00,CORRIENTES,18,CAPITAL,21,CORRIENTES,Urbana,Avenida,AV. INDEPENDENCIA,,LAS PIEDRAS,,,,0,1,0,1,0,Choque,Choque,S/D,,Columna,1,Recta,Intersección / cruce,,NO,,Hormigón,,Apto,Seca,,,,,,Si,,,Día,NO,Sin Restricción,Despejado,Buena,,Funciona
164617,MUNICIPALIDAD DE CORRIENTES,2022-06-20,11:20:00,CORRIENTES,18,CAPITAL,21,CORRIENTES,Urbana,Calle,ROCA,600,25 DE mayo,,-2.746.552,-5.882.207,1,1,0,2,0,Colisión entre vehículos,Colisión entre vehículos,S/D,,,2,Recta,,,NO,,Asfalto,,,,,,,,,,,,Día,NO,Sin Restricción,Despejado,Buena,,
134804,OBSERVATORIO VIAL,2022-06-20,7:05:00,CORRIENTES,18,CAPITAL,21,CORRIENTES,Urbana,Avenida,AV MAIPU,2400,,,,,1,1,0,2,0,Colisión entre vehículos,Colisión entre vehículos,S/D,,Lateral,2,Recta,,,NO,,Hormigón,,Apto,Seca,,Cordón Divisorio,,,,Si,No,No,Día,NO,Sin Restricción,Despejado,Buena,,Sin Semáforo
151213,OBSERVATORIO VIAL,2022-06-19,17:05:00,CORRIENTES,18,CAPITAL,21,CORRIENTES,Urbana,Avenida,AV FERRE,2900,CHACABUCO,,,,2,1,0,2,0,Colisión entre vehículos,Colisión entre vehículos,S/D,,Lateral,2,Recta,Intersección / cruce,,NO,,Asfalto,,Apto,"Despejada, Seca",,Cordón Divisorio,,,,Si,Si,No,Día,NO,Sin Restricción,Despejado,Buena,,Funciona
135558,OBSERVATORIO VIAL,2022-06-19,11:15:00,CORRIENTES,18,CAPITAL,21,CORRIENTES,Urbana,Avenida,AV MAIPU,1100,,,,,2,0,0,2,0,Colisión entre vehículos,Colisión entre vehículos,S/D,,Lateral,2,Recta,Intersección / cruce,,NO,,Asfalto,,Apto,Seca,,Cordón Divisorio,,,,Si,Si,,Día,NO,Sin Restricción,Despejado,Buena,,Sin Semáforo
153812,OBSERVATORIO VIAL,2022-06-19,8:40:00,CORRIENTES,18,CAPITAL,21,CORRIENTES,Urbana,Calle,ROTONDA ESPAÑA,2100,,,,,2,0,0,2,0,Colisión entre vehículos,Colisión entre vehículos,S/D,,Alcance,2,Recta,Intersección / cruce,,NO,,Asfalto,,Apto,"Despejada, Seca",,Ninguna,,,,Si,S/D,S/D,Día,NO,Sin Restricción,Despejado,Buena,,Sin Semáforo
167745,MUNICIPALIDAD DE CORRIENTES,2022-06-19,14:00:00,CORRIENTES,18,CAPITAL,21,CORRIENTES,Urbana,Avenida,AVENIDA RAÚL ALFONSÍN,3700,TACUARÍ,,-2.747.306,-5.880.528,1,1,0,2,0,Choque,Choque,S/D,,En calzada,2,Recta,Intersección / cruce,,SI,,Asfalto,,Apto,Seca,,Cordón Divisorio,,,,Si,,Si,Día,SI,Sin Restricción,Nublado,Buena,,Funciona
133415,DIRECCIÓN DE SEG VIAL,2022-06-19,8:10:00,CORRIENTES,18,CAPITAL,21,CORRIENTES,Urbana,Calle,COLOMBIA,,JUNIN,,,,1,1,0,2,0,Colisión entre vehículos,Colisión entre vehículos,S/D,,,2,Recta,Intersección / cruce,,NO,,Asfalto,,Apto,,,,,,,,,,Día,NO,Sin Restricción,Despejado,Buena,,
151224,OBSERVATORIO VIAL,2022-06-19,9:44:00,CORRIENTES,18,,,,Urbana,Avenida,AV. INDEPENDENCIA,,GUEMES,,,,2,3,0,2,0,Colisión entre vehículos,Colisión entre vehículos,S/D,,Angulo,2,Recta,Intersección / cruce,,NO,,Asfalto,,Apto,Seca,,Cordón Divisorio,,,,Si,Si,No,Día,NO,Sin Restricción,Despejado,Buena,,Funciona
157798,OBSERVATORIO VIAL,2022-06-19,11:05:00,CORRIENTES,18,CAPITAL,21,CORRIENTES,Urbana,Avenida,AV INDEPENDENCIA,2900,AV CHACABUCO,,,,6,2,0,4,0,Colisión entre vehículos,Colisión entre vehículos,S/D,,Multiple,4,Recta,Intersección / cruce,,NO,,Asfalto,,Apto,"Despejada, Seca",,Cordón Divisorio,,,,Si,Si,No,Día,NO,Sin Restricción,Despejado,Buena,,Funciona
164580,OBSERVATORIO VIAL,2022-06-19,12:00:00,CORRIENTES,18,CAPITAL,21,CORRIENTES,Urbana,Avenida,AV PEDRO FERRE,2600,,,,,2,0,0,2,0,Colisión entre vehículos,Colisión entre vehículos,S/D,,Lateral,2,Recta,Intersección / cruce,,,,Asfalto,,Apto,"Despejada, Seca",,Cordón Divisorio,,,,Si,Si,No,Día,NO,Sin Restricción,Despejado,Buena,,Funciona
169152,MUNICIPALIDAD DE CORRIENTES,2022-06-18,11:20:00,CORRIENTES,18,CAPITAL,21,CORRIENTES,Urbana,Calle,BUENOS AIRES,800,25 DE mayo,,-2.746.385,-5.884.021,2,0,0,2,0,Colisión entre vehículos,Colisión entre vehículos,S/D,,,2,Recta,Intersección / cruce,,SI,,Asfalto,,Apto,Seca,,Ninguna,,,,Si,Si,No,Día,NO,Sin Restricción,Despejado,Buena,,Sin Semáforo
152985,OBSERVATORIO VIAL,2022-06-18,6:55:00,CORRIENTES,18,CAPITAL,21,CORRIENTES,Urbana,,VERONA,,COLECTORA,,,,0,1,0,1,0,Caída desde vehículo,Caída desde vehículo,S/D,,,1,Recta,Intersección / cruce,,NO,,Asfalto,,Apto,Despejada,,Ninguna,,,,S/D,S/D,S/D,,SI,Sin Restricción,Despejado,Buena,,Sin Semáforo
134042,DIRECCIÓN DE SEG VIAL,2022-06-18,9:40:00,CORRIENTES,18,CAPITAL,21,CORRIENTES,Urbana,Calle,TACUARÍ,,GENERAL PAZ,,,,1,0,0,1,0,Choque,Choque,S/D,,Columna,1,Recta,Intersección / cruce,,NO,,,,Apto,Seca,,Ninguna,,,,,,,Día,NO,Sin Restricción,Despejado,,,Sin Semáforo
148950,OBSERVATORIO VIAL,2022-06-18,8:00:00,CORRIENTES,18,CAPITAL,21,CORRIENTES,Urbana,Calle,25 DE mayo,1100,SAN JUAN,,,,1,1,0,2,0,Colisión entre vehículos,Colisión entre vehículos,S/D,,Lateral,2,Recta,Intersección / cruce,,NO,,Asfalto,,Apto,Mojada,,Ninguna,,,,Si,Si,S/D,Día,NO,Sin Restricción,Lluvia,Buena,,Sin Semáforo
153895,OBSERVATORIO VIAL,2022-06-18,8:10:00,CORRIENTES,18,CAPITAL,21,CORRIENTES,,,AV PUJOL,,BRASIL,,,,2,0,0,2,0,Colisión entre vehículos,Colisión entre vehículos,S/D,,Angulo,2,Recta,Intersección / cruce,,NO,,Asfalto,,,Seca,,Ninguna,,,,S/D,S/D,S/D,Día,NO,Sin Restricción,Despejado,Buena,,
160654,MUNICIPALIDAD DE CORRIENTES,2022-06-18,6:00:00,CORRIENTES,18,CAPITAL,21,CORRIENTES,Urbana,Calle,CÓRDOBA,700,CARLOS PELLEGRINI,,-2.746.557,-5.883.408,2,0,0,2,0,Colisión entre vehículos,Colisión entre vehículos,S/D,,,2,Recta,Intersección / cruce,,NO,,Asfalto,,Apto,Seca,,,,,,,,,Amanecer,NO,,Despejado,,,Funciona
137572,MUNICIPALIDAD DE CORRIENTES,2022-06-18,20:00:00,CORRIENTES,18,CAPITAL,21,CORRIENTES,Urbana,Calle,BONASTRE,1800,IBERA,,,,0,2,0,2,0,Colisión entre vehículos,Colisión entre vehículos,S/D,,,2,Recta,Intersección / cruce,,NO,,Asfalto,,Apto,Seca,,,,,,Si,,,Noche,SI,Sin Restricción,Despejado,Buena,,Funciona
164613,MUNICIPALIDAD DE CORRIENTES,2022-06-17,7:30:00,CORRIENTES,18,CAPITAL,21,CORRIENTES,Urbana,Avenida,AVDA. ARMENIA,4300,CRISTO OBRERO,,-2.746.863,-5.879.800,0,2,0,1,1,Atropello a peatón/es,Atropello a peatón/es,S/D,,,2,Recta,Intersección / cruce,,NO,,Hormigón,,Apto,Seca,,Cordón Divisorio,,,,S/D,S/D,S/D,Día,NO,Sin Restricción,"Despejado, Viento",Buena,,Funciona
168421,MUNICIPALIDAD DE CORRIENTES,2022-06-17,6:30:00,CORRIENTES,18,CAPITAL,21,CORRIENTES,Urbana,Avenida,AVENIDA PEDRO FERRÉ,2260,,,,,0,1,0,2,0,Choque,Choque,S/D,,En calzada,2,Recta,,,NO,,Asfalto,,Apto,Seca,,Ninguna,,,,Si,Si,No,Día,NO,Sin Restricción,Despejado,Buena,,Sin Semáforo
161483,MUNICIPALIDAD DE CORRIENTES,2022-06-17,21:45:00,CORRIENTES,18,CAPITAL,21,CORRIENTES,Urbana,Calle,ASUNCIÓN,2560,,,,,1,0,1,2,0,Colisión entre vehículos,Colisión entre vehículos,S/D,,,2,Recta,,,NO,,Asfalto,,Apto,Seca,,Otro,,,,No,No,No,Noche,SI,Sin Restricción,Despejado,Buena,,Sin Semáforo
174821,OBSERVATORIO VIAL,2022-06-17,7:00:00,CORRIENTES,18,CAPITAL,21,CORRIENTES,Urbana,Avenida,AVDA. CARTAGENA,4400,AVDA. MEDRANO,,-2.749.615,-5.880.031,2,1,0,2,0,Colisión entre vehículos,Colisión entre vehículos,,,,2,,Intersección / cruce,,,S/D,Asfalto,,Apto,Seca,,Ninguna,,Ninguna,,Si,Si,No,Día,,,Despejado,,,Funciona
157785,OBSERVATORIO VIAL,2022-06-15,10:24:00,CORRIENTES,18,CAPITAL,21,CORRIENTES,Urbana,Avenida,AV ARMRNIA,4300,LOS LAPACHO,,-2.746.898,-5.879.883,0,2,0,1,1,Colisión entre vehículos,Colisión entre vehículos,S/D,,,2,Recta,Intersección / cruce,,NO,,Asfalto,,Apto,Seca,,Ninguna,,,,S/D,S/D,S/D,Día,SI,Sin Restricción,Despejado,Buena,,Sin Semáforo
157849,OBSERVATORIO VIAL,2022-06-15,19:30:00,CORRIENTES,18,CAPITAL,21,CORRIENTES,Urbana,Avenida,AV MAIPU,5500,ROTONDA SANTA CATALINA,,-2.752.241,-5.879.940,0,1,0,1,0,Caída desde vehículo,Caída desde vehículo,S/D,,,1,Recta,Rotonda,,NO,,Asfalto,,Apto,"Despejada, Seca",,Cordón Divisorio,,,,Si,Si,S/D,Noche,SI,Sin Restricción,Despejado,Buena,,Sin Semáforo
173503,M.C.C,2022-06-14,14:20:00,CORRIENTES,18,CAPITAL,21,CORRIENTES,Urbana,Calle,San Lorenzo,900,Junin,,,,2,0,0,2,0,Colisión entre vehículos,Colisión entre vehículos,,,Alcance,2,,Intersección / cruce,,,,Otro,,Apto,Seca,,Cantero central,,Ninguna,,Si,Si,No,Día,,,Despejado,,,Funciona
143755,OBSERVATORIO VIAL,2022-06-14,5:36:00,CORRIENTES,18,CAPITAL,21,CORRIENTES,Urbana,Ruta Nacional,5,100,,,,,1,0,0,1,0,Despiste,Despiste,Si,,,1,Recta,Distribuidor / Intercambiador,,NO,,Asfalto,,Apto,Seca,,Barrera de Hormigón,,,,S/D,S/D,S/D,Amanecer,NO,Obra en Construcción,Despejado,Buena,,Sin Semáforo
137592,MUNICIPALIDAD DE CORRIENTES,2022-06-14,13:39:00,CORRIENTES,18,CAPITAL,21,CORRIENTES,Urbana,Avenida,AV. CENTENARIO,4600,QUINQUELA MARTIN,,,,1,1,0,2,0,Colisión entre vehículos,Colisión entre vehículos,S/D,,,2,Recta,Intersección / cruce,,NO,,Asfalto,,Apto,Seca,,,,,,Si,Si,No,Día,NO,Sin Restricción,Despejado,Buena,,Sin Semáforo
175492,OBSERVATORIO VIAL,2022-06-14,10:00:00,CORRIENTES,18,CAPITAL,21,CORRIENTES,Urbana,Calle,GUTEMBERG,1200,LAMADRID,,,,1,1,0,2,0,Colisión entre vehículos,Colisión entre vehículos,,,,2,,Intersección / cruce,,,S/D,Asfalto,,Apto,Seca,,S/D,,S/D,,S/D,S/D,S/D,Día,,,Despejado,,,Sin Semáforo
143765,OBSERVATORIO VIAL,2022-06-14,11:34:00,CORRIENTES,18,CAPITAL,21,CORRIENTES,Urbana,Avenida,3 DE abril,1400,CATAMARCA,,,,3,0,0,3,0,Colisión entre vehículos,Colisión entre vehículos,S/D,,Alcance,3,Recta,Intersección / cruce,,NO,,Asfalto,,Apto,Seca,,Ninguna,,,,Si,Si,No,Día,NO,Sin Restricción,Despejado,Buena,,Funciona
157800,OBSERVATORIO VIAL,2022-06-13,16:45:00,CORRIENTES,18,CAPITAL,21,CORRIENTES,Urbana,Avenida,AV 3 DE ABRIL,300,CHACO,,,,2,0,0,2,0,Colisión entre vehículos,Colisión entre vehículos,S/D,,Alcance,2,Recta,Intersección / cruce,,NO,,Asfalto,,Apto,"Despejada, Seca",,Cordón Divisorio,,,,Si,Si,No,Día,NO,Sin Restricción,Despejado,Buena,,Funciona
164598,OBSERVATORIO VIAL,2022-06-12,13:00:00,CORRIENTES,18,CAPITAL,21,CORRIENTES,Urbana,Calle,LARREA,116,DR SUSSINI,,,,1,1,0,2,0,Colisión entre vehículos,Colisión entre vehículos,S/D,,Lateral,2,Recta,Intersección / cruce,,NO,,Asfalto,,Apto,"Despejada, Seca",,Ninguna,,,,No,No,No,Día,NO,Sin Restricción,Despejado,Buena,,Sin Semáforo
135583,OBSERVATORIO VIAL,2022-06-12,6:45:00,CORRIENTES,18,CAPITAL,21,CORRIENTES,Urbana,Avenida,AV. FERRE,1900,PARAGUAY,,-2.747.671,-5.882.746,1,1,0,2,0,Colisión entre vehículos,Colisión entre vehículos,S/D,,,2,Recta,Intersección / cruce,,NO,,Asfalto,,Apto,Seca,,Cordón Divisorio,,,,Si,Si,No,Día,NO,Sin Restricción,Despejado,Buena,,Funciona
159881,MUNICIPALIDAD DE CORRIENTES,2022-06-12,22:15:00,CORRIENTES,18,CAPITAL,21,CORRIENTES,Urbana,Calle,SAN JUAN,2190,MADARIAGA,,-2.748.271,-5.883.895,1,2,0,2,0,Colisión entre vehículos,Colisión entre vehículos,S/D,,Angulo,2,Recta,Intersección / cruce,,NO,,Hormigón,,Apto,"Despejada, Seca",,Ninguna,,,,,,,Noche,SI,Sin Restricción,Despejado,,,Sin Semáforo
146707,OBSERVATORIO VIAL,2022-06-11,6:39:00,CORRIENTES,18,,,,Urbana,,AV.INDEPENDENCIA,4400,MEDRANO,,,,1,2,0,2,0,Colisión entre vehículos,Colisión entre vehículos,S/D,,Angulo,2,Recta,Intersección / cruce,,NO,,Asfalto,,Apto,Seca,,Cordón Divisorio,,,,Si,Si,S/D,Amanecer,SI,Sin Restricción,Despejado,Buena,,No Funciona
151164,OBSERVATORIO VIAL,2022-06-11,13:50:00,CORRIENTES,18,,,,Urbana,,URUGUAY,,JULIO,,,,2,0,0,2,0,Colisión entre vehículos,Colisión entre vehículos,S/D,,Angulo,2,Recta,Intersección / cruce,,NO,,Asfalto,,Apto,Seca,,Ninguna,,,,Si,Si,No,Día,NO,Sin Restricción,Despejado,Buena,,Sin Semáforo
160653,MUNICIPALIDAD DE CORRIENTES,2022-06-10,18:40:00,CORRIENTES,18,CAPITAL,21,CORRIENTES,Urbana,Avenida,AVDA. INDEPENDENCIA,4000,,,-2.747.988,-5.880.443,2,0,0,2,0,Colisión entre vehículos,Colisión entre vehículos,S/D,,,2,Recta,,,NO,,Asfalto,,Apto,Seca,,,,,,,,,Atardecer,NO,Sin Restricción,Despejado,Buena,,
139250,OBSERVATORIO VIAL,2022-06-09,6:20:00,CORRIENTES,18,CAPITAL,21,CORRIENTES,Urbana,Avenida,AV CHACABUCO,1100,BOLIVAR,,,,0,1,0,1,0,Caída desde vehículo,Caída desde vehículo,S/D,,,1,Recta,Intersección / cruce,,NO,,Asfalto,,Apto,Seca,,Cordón Divisorio,,,,Si,Si,S/D,Amanecer,SI,Sin Restricción,Despejado,Buena,,Sin Semáforo
139261,OBSERVATORIO VIAL,2022-06-09,12:25:00,CORRIENTES,18,CAPITAL,21,CORRIENTES,Urbana,Avenida,AV CHACABUCO,1700,ÑAEMBE,,,,1,1,0,2,0,Colisión entre vehículos,Colisión entre vehículos,S/D,,Lateral,2,Recta,,,NO,,Asfalto,,Apto,Seca,,Ninguna,,,,Si,S/D,S/D,Día,NO,Sin Restricción,Despejado,Buena,,Sin Semáforo
160648,MUNICIPALIDAD DE CORRIENTES,2022-06-08,9:14:00,CORRIENTES,18,CAPITAL,21,CORRIENTES,Urbana,Avenida,AVDA. MAIPÚ,641,,,-2.748.357,-5.882.550,0,1,0,2,0,Colisión entre vehículos,Colisión entre vehículos,S/D,,Alcance,2,Recta,Intersección / cruce,,NO,,Asfalto,,Apto,Seca,,,,,,,,,,NO,,,Buena,,
171740,OBSERVATORIO VIAL,2022-06-07,16:50:00,CORRIENTES,18,CAPITAL,21,CORRIENTES,Urbana,Calle,PÍO XII,2200,MADARIAGA,,-2.748.303,-5.883.747,1,1,0,2,0,Colisión entre vehículos,Colisión entre vehículos,S/D,,Angulo,2,Recta,Intersección / cruce,,NO,,Asfalto,,Apto,"Despejada, Seca",,,,,,No,No,No,Día,NO,Sin Restricción,Despejado,Buena,,Sin Semáforo
139254,OBSERVATORIO VIAL,2022-06-06,16:45:00,CORRIENTES,18,CAPITAL,21,CORRIENTES,Urbana,Avenida,AV GDOR RUIZ,2900,MEXICO,,,,1,1,0,2,0,Colisión entre vehículos,Colisión entre vehículos,S/D,,Alcance,2,Recta,Intersección / cruce,,NO,,Asfalto,,Apto,Seca,,Ninguna,,,,S/D,S/D,S/D,Día,NO,Sin Restricción,Despejado,Buena,,Sin Semáforo
160681,MUNICIPALIDAD DE CORRIENTES,2022-06-06,8:45:00,CORRIENTES,18,CAPITAL,21,CORRIENTES,Urbana,Avenida,AVDA. INDEPENDENCIA,4800,,,-2.748.065,-5.880.164,2,0,0,2,0,Colisión entre vehículos,Colisión entre vehículos,S/D,,,2,Recta,Intersección / cruce,,NO,,Asfalto,,Apto,Seca,,,,,,,,,Día,NO,Sin Restricción,Despejado,Buena,,
165295,OBSERVATORIO VIAL,2022-06-05,10:58:00,CORRIENTES,18,CAPITAL,21,CORRIENTES,Urbana,Calle,JUJUY,1397,MORENO,,-2.747.390,-5.882.850,3,0,0,2,0,Colisión entre vehículos,Colisión entre vehículos,S/D,,Angulo,2,Recta,Intersección / cruce,,SI,,Asfalto,,Apto,"Despejada, Seca",,Ninguna,,,,No,Si,No,Día,NO,Sin Restricción,Despejado,Buena,,Sin Semáforo
134831,MUNICIPALIDAD DE CORRIENTES,2022-06-05,12:50:00,CORRIENTES,18,CAPITAL,21,CORRIENTES,Urbana,Avenida,CHACABUCO,,GRAL PAZ,,,,2,0,0,2,0,Colisión entre vehículos,Colisión entre vehículos,S/D,,,2,Recta,Intersección / cruce,,NO,,Asfalto,,Apto,Seca,,,,,,S/D,S/D,S/D,Día,NO,Sin Restricción,Despejado,Buena,,
143722,OBSERVATORIO VIAL,2022-06-04,17:34:00,CORRIENTES,18,CAPITAL,21,CORRIENTES,Urbana,Avenida,AV PEDRO FERRE,1700,JUJUY,,,,3,0,0,3,0,Colisión entre vehículos,Colisión entre vehículos,S/D,,"Lateral, Rozamiento",3,Recta,Intersección / cruce,,NO,,Asfalto,,Apto,"Despejada, Seca",,Cordón Divisorio,,,,Si,Si,No,Día,NO,Sin Restricción,Despejado,Buena,,Funciona
134850,OBSERVATORIO VIAL,2022-06-04,19:50:00,CORRIENTES,18,CAPITAL,21,CORRIENTES,Urbana,Calle,SAN JUAN,1300,MARIANO MORENO,,,,2,0,0,2,0,Colisión entre vehículos,Colisión entre vehículos,S/D,,Lateral,2,Recta,Intersección / cruce,,NO,,Asfalto,,Apto,Seca,,Ninguna,,,,Si,Si,No,Día,NO,Sin Restricción,Despejado,Buena,,Sin Semáforo
157806,MUNICIPALIDAD DE CORRIENTES,2022-06-04,9:15:00,CORRIENTES,18,CAPITAL,21,CORRIENTES,Urbana,,HÉROES CIVILES,,LAMADRID,,-2.748.148,-5.883.980,6,1,0,2,0,"Choque, Colisión entre vehículos",Colisión entre vehículos,S/D,,,2,Recta,Intersección / cruce,,NO,,Asfalto,,Apto,"Despejada, Seca",,Ninguna,,,,S/D,S/D,S/D,Día,NO,Sin Restricción,Despejado,Buena,,Sin Semáforo
169847,MUNICIPALIDAD DE CORRIENTES,2022-06-04,17:40:00,CORRIENTES,18,CAPITAL,21,CORRIENTES,Urbana,Avenida,AVENIDA RAÚL ALFONSÍN,4400,,,-2.747.517,-5.879.690,1,1,0,2,0,Colisión entre vehículos,Colisión entre vehículos,S/D,,Alcance,2,Recta,Intersección / cruce,,NO,,Asfalto,,Apto,Seca,,,,,,Si,,,Día,NO,Sin Restricción,Despejado,Buena,,Funciona
134865,MUNICIPALIDAD DE CORRIENTES,2022-06-04,9:37:00,CORRIENTES,18,CAPITAL,21,CORRIENTES,Urbana,Calle,COLOMBIA,,ESTADO DE ISRAEL,,,,2,0,0,2,0,Colisión entre vehículos,Colisión entre vehículos,S/D,,,2,Recta,Intersección / cruce,,NO,,Asfalto,,Apto,Seca,,Ninguna,,,,,,,Día,NO,Sin Restricción,Despejado,Buena,,
135582,OBSERVATORIO VIAL,2022-06-03,17:49:00,CORRIENTES,18,CAPITAL,21,CORRIENTES,Urbana,Calle,ESPAÑA,1538,MORENO,,-2.747.388,-5.882.985,1,1,0,2,0,Colisión entre vehículos,Colisión entre vehículos,S/D,,,2,Recta,Intersección / cruce,,NO,,Asfalto,,Apto,Seca,,Ninguna,,,,No,Si,No,Día,NO,Sin Restricción,Despejado,Buena,,Sin Semáforo
145741,OBSERVATORIO VIAL,2022-06-03,11:00:00,CORRIENTES,18,CAPITAL,21,CORRIENTES,Urbana,Calle,BUENOS AIRES,1400,,,,,1,1,0,2,0,Colisión entre vehículos,Colisión entre vehículos,S/D,,,2,Recta,Intersección / cruce,,NO,,Asfalto,,Apto,Seca,,Ninguna,,,,S/D,S/D,S/D,Día,NO,Sin Restricción,Despejado,Buena,,Sin Semáforo
158373,MUNICIPALIDAD DE CORRIENTES,2022-06-03,18:50:00,CORRIENTES,18,CAPITAL,21,CORRIENTES,Urbana,Avenida,AVDA. MAIPÚ,3255,TILCARA,,,,3,2,0,3,0,Colisión entre vehículos,Colisión entre vehículos,S/D,,,3,Recta,Intersección / cruce,,NO,,Asfalto,,Apto,Seca,,,,,,,,,Noche,NO,,Despejado,,,
169846,MUNICIPALIDAD DE CORRIENTES,2022-06-03,17:15:00,CORRIENTES,18,CAPITAL,21,CORRIENTES,Urbana,Avenida,AVENIDA CAZADORES CORRENTINOS,4100,,,-2.748.729,-5.880.224,1,1,0,2,0,Colisión entre vehículos,Colisión entre vehículos,S/D,,Alcance,2,Recta,Intersección / cruce,,NO,,Asfalto,,Apto,Seca,,,,,,,,,Día,NO,Sin Restricción,Despejado,Buena,,
151208,OBSERVATORIO VIAL,2022-06-02,14:10:00,CORRIENTES,18,CAPITAL,21,CORRIENTES,Urbana,Avenida,AV 3 DE ABRIL,836,BUENOS AIRES,,-2.747.498,-5.884.116,0,1,0,1,0,Choque,Choque,S/D,,Columna,1,Recta,Intersección / cruce,,NO,,Asfalto,,Apto,Seca,,Ninguna,,,,S/D,S/D,S/D,Día,NO,Sin Restricción,Despejado,Buena,,Funciona
143758,OBSERVATORIO VIAL,2022-06-02,14:05:00,CORRIENTES,18,CAPITAL,21,CORRIENTES,Urbana,Calle,SAN LORENZO,1400,JUNIN,,,,2,0,0,2,0,Colisión entre vehículos,Colisión entre vehículos,S/D,,,2,Recta,Intersección / cruce,,NO,,Asfalto,,Apto,,,Ninguna,,,,Si,Si,No,Día,NO,Sin Restricción,Despejado,Buena,,Funciona
134089,MUNICIPALIDAD DE CORRIENTES,2022-06-02,15:30:00,CORRIENTES,18,CAPITAL,21,CORRIENTES,Urbana,Calle,MORENO,,JUJUY,,,,1,2,0,2,0,Colisión entre vehículos,Colisión entre vehículos,S/D,,,2,Recta,Intersección / cruce,,NO,,Asfalto,,Apto,,,,,,,,,,Día,NO,Sin Restricción,Despejado,Buena,,
152964,OBSERVATORIO VIAL,2022-06-02,20:30:00,CORRIENTES,18,CAPITAL,21,CORRIENTES,Urbana,Avenida,AV CENTENARIO,3000,,,,,3,0,0,3,0,Colisión entre vehículos,Colisión entre vehículos,S/D,,Multiple,3,Recta,Intersección / cruce,,NO,,Asfalto,,Apto,"Despejada, Seca",,Cordón Divisorio,,,,S/D,S/D,S/D,Día,SI,Sin Restricción,Despejado,Buena,,Funciona
156560,OBSERVATORIO VIAL,2022-05-31,10:20:00,CORRIENTES,18,CAPITAL,21,CORRIENTES,Urbana,Calle,J. M. ROLON,2400,VELEZ SARSFIELD,,-2.746.165,-5.881.921,2,0,0,2,0,Colisión entre vehículos,Colisión entre vehículos,S/D,,Lateral,2,Recta,Intersección / cruce,,NO,,Asfalto,,Apto,"Despejada, Seca",,Ninguna,,,,No,No,No,Día,NO,Sin Restricción,Despejado,Buena,,Sin Semáforo
163587,MUNICIPALIDAD DE CORRIENTES,2022-05-31,6:20:00,CORRIENTES,18,CAPITAL,21,CORRIENTES,Urbana,Ruta Provincial,5,"0,4",,,,,1,0,0,1,0,Vuelco (solo 1 participante),Vuelco (solo 1 participante),S/D,,,1,Recta,,RECTA,NO,,Asfalto,,Apto,"Despejada, Seca",,Barrera de Hormigón,,,,No,No,No,Amanecer,SI,Sin Restricción,Nublado,Buena,,Sin Semáforo
174825,OBSERVATORIO VIAL,2022-05-30,16:45:00,CORRIENTES,18,CAPITAL,21,CORRIENTES,Urbana,Avenida,AVENIDA CHACABUCO,3000,MADARIAGA,,-2.748.513,-5.881.597,2,0,0,2,0,Colisión entre vehículos,Colisión entre vehículos,,,Angulo,2,,Intersección / cruce,,,No obstruido,Asfalto,,Apto,Seca,,Ninguna,,Ninguna,,Si,Si,No,Día,,,Despejado,,,Sin Semáforo
139940,OBSERVATORIO VIAL,2022-05-30,14:38:00,CORRIENTES,18,CAPITAL,21,CORRIENTES,Urbana,Avenida,AV PUJOL,2700,COLOMBIA,,,,2,1,0,2,0,Colisión entre vehículos,Colisión entre vehículos,S/D,,Lateral,2,Recta,Intersección / cruce,,NO,,Asfalto,,Apto,Seca,,Cordón Divisorio,,,,Si,Si,No,Día,NO,Sin Restricción,Despejado,Buena,,Sin Semáforo
161493,MUNICIPALIDAD DE CORRIENTES,2022-05-30,9:11:00,CORRIENTES,18,CAPITAL,21,CORRIENTES,Urbana,Avenida,AVDA. J.G. PUJOL,900,JUNÍN,,-2.746.915,-5.881.955,1,1,0,2,0,Colisión entre vehículos,Colisión entre vehículos,S/D,,Angulo,2,Recta,Intersección / cruce,,NO,,Asfalto,,Apto,Despejada,,Cordón Divisorio,,,,S/D,S/D,S/D,Día,NO,Sin Restricción,Despejado,Buena,,Sin Semáforo
161495,MUNICIPALIDAD DE CORRIENTES,2022-05-29,13:05:00,CORRIENTES,18,CAPITAL,21,CORRIENTES,Urbana,Calle,GUTEMBERG,1650,ISLAS MALVINAS,,-2.748.180,-5.883.206,1,1,0,2,0,Colisión entre vehículos,Colisión entre vehículos,S/D,,Angulo,2,Recta,Intersección / cruce,,NO,,Asfalto,,Apto,"Despejada, Seca",,,,,,,,,Día,NO,Sin Restricción,Despejado,Buena,,
134049,DIRECCIÓN DE SEG VIAL,2022-05-28,7:33:00,CORRIENTES,18,CAPITAL,21,CORRIENTES,Urbana,Calle,9 DE julio,,BUENOS AIRES,,-2.746.618,-5.884.047,1,1,0,2,0,Colisión entre vehículos,Colisión entre vehículos,S/D,,,2,Recta,Intersección / cruce,,NO,,Asfalto,,Apto,Seca,,,,,,No,No,No,Día,NO,Sin Restricción,Despejado,Buena,,Sin Semáforo
165422,MUNICIPALIDAD DE CORRIENTES,2022-05-28,14:25:00,CORRIENTES,18,CAPITAL,21,CORRIENTES,Urbana,Calle,SIMÓN BOLÍVAR,2500,ITUZAINGÓ,,,,2,0,0,2,0,Colisión entre vehículos,Colisión entre vehículos,S/D,,Angulo,2,Recta,Intersección / cruce,,SI,,Asfalto,,Apto,Seca,,,,,,Si,,,Día,SI,Sin Restricción,Nublado,Buena,,Sin Semáforo
157725,OBSERVATORIO VIAL,2022-05-27,11:15:00,CORRIENTES,18,CAPITAL,21,CORRIENTES,Urbana,Avenida,AV PEDRO FERRE,2880,,,,,5,0,0,3,0,Colisión entre vehículos,Colisión entre vehículos,S/D,,Lateral,3,Recta,,RECTA,NO,,Asfalto,,Apto,"Despejada, Seca",,Otro,PARTERRE,,,Si,Si,No,Día,NO,Sin Restricción,Despejado,Buena,,Funciona
163575,OBSERVATORIO VIAL,2022-05-27,10:00:00,CORRIENTES,18,CAPITAL,21,CORRIENTES,Urbana,Avenida,MEDRANO,3500,FRENTE JARDIN BOTANICO,,-2.749.963,-5.879.831,1,1,0,2,0,Colisión entre vehículos,Colisión entre vehículos,S/D,,,2,Recta,Intersección / cruce,,NO,,Hormigón,,Apto,Seca,,Cordón Divisorio,,,,No,No,,Día,NO,Sin Restricción,Despejado,Buena,,Sin Semáforo
164589,OBSERVATORIO VIAL,2022-05-27,8:32:00,CORRIENTES,18,CAPITAL,21,CORRIENTES,Urbana,Avenida,AV CHACABUCO,2100,,,,,2,0,0,2,0,Colisión entre vehículos,Colisión entre vehículos,S/D,,Lateral,2,Recta,Intersección / cruce,,NO,,Asfalto,,Apto,"Despejada, Seca",,Cordón Divisorio,,,,S/D,S/D,S/D,Día,NO,,Despejado,Buena,,Sin Semáforo
134048,MUNICIPALIDAD DE CORRIENTES,2022-05-25,16:35:00,CORRIENTES,18,CAPITAL,21,CORRIENTES,Urbana,Calle,DARDO ROCHA,200,REMEDIOS DE ESCALADA,,,,1,0,0,2,0,Colisión entre vehículos,Colisión entre vehículos,S/D,,,2,Recta,Intersección / cruce,,NO,,Asfalto,,Apto,Seca,,,,,,,,,Día,NO,Sin Restricción,Despejado,Buena,,
132632,MUNICIPALIDAD DE CORRIENTES,2022-05-24,16:37:00,CORRIENTES,18,CAPITAL,21,CORRIENTES,Urbana,Avenida,BUENOS AIRES,,AV. 3 DE ABRIL,,,,2,0,0,2,0,Colisión entre vehículos,Colisión entre vehículos,S/D,,Alcance,2,Recta,,,NO,,Hormigón,,Apto,Seca,,Ninguna,,,,Si,Si,,Día,NO,Sin Restricción,Despejado,Buena,,Funciona
139237,MUNICIPALIDAD DE CORRIENTES,2022-05-23,12:30:00,CORRIENTES,18,CAPITAL,21,CORRIENTES,Urbana,Calle,SANTA FE,1200,BOLIVAR,,,,1,1,0,2,0,Colisión entre vehículos,Colisión entre vehículos,S/D,,,2,Recta,Intersección / cruce,,NO,,Asfalto,,Apto,Seca,,,,,,Si,Si,No,Día,NO,Sin Restricción,Despejado,Buena,,Funciona
151225,OBSERVATORIO VIAL,2022-05-23,11:40:00,CORRIENTES,18,CAPITAL,21,CORRIENTES,Urbana,,SAN FRANCISCO DE ASIS,,YUGOSLAVIA,,,,1,2,0,2,0,Colisión entre vehículos,Colisión entre vehículos,S/D,,Angulo,2,Recta,Intersección / cruce,,NO,,Asfalto,,Apto,Seca,,Ninguna,,,,S/D,S/D,S/D,Día,NO,Sin Restricción,Despejado,Buena,,Sin Semáforo
152974,OBSERVATORIO VIAL,2022-05-23,11:45:00,CORRIENTES,18,,,,Urbana,Avenida,AV. TTE IBAÑEZ,,CORDOBA (LISANDRO SEGOVIA),,,,1,1,0,2,0,Colisión entre vehículos,Colisión entre vehículos,S/D,,Angulo,2,Recta,Intersección / cruce,,NO,,Asfalto,,Apto,Seca,,Cordón Divisorio,,,,Si,Si,No,Día,,Sin Restricción,Despejado,,,Sin Semáforo
151194,OBSERVATORIO VIAL,2022-05-22,11:24:00,CORRIENTES,18,,,,Urbana,Avenida,ROTONDA OESTE,,AV.INDEPENDENCIA,,,,2,0,0,2,0,Colisión entre vehículos,Colisión entre vehículos,S/D,,,2,Recta,Intersección / cruce,,NO,,Asfalto,,Apto,Seca,,,,,,S/D,S/D,S/D,Día,NO,Sin Restricción,Despejado,Buena,,Sin Semáforo
153890,OBSERVATORIO VIAL,2022-05-21,11:10:00,CORRIENTES,18,CAPITAL,21,CORRIENTES,Urbana,Avenida,AV. INDEPENDENCIA,3900,,,,,1,1,0,2,0,Colisión entre vehículos,Colisión entre vehículos,S/D,,,2,Recta,Intersección / cruce,,NO,,Asfalto,,Apto,Seca,,Cordón Divisorio,,,,S/D,S/D,S/D,Día,NO,Sin Restricción,Despejado,Buena,,
161497,MUNICIPALIDAD DE CORRIENTES,2022-05-21,15:45:00,CORRIENTES,18,CAPITAL,21,CORRIENTES,Urbana,Avenida,AVDA. COSTANERA GRAL. SAN MARTÍN,400,,,-2.746.584,-5.884.837,0,1,0,1,0,Caída desde vehículo,Caída desde vehículo,S/D,,,1,Recta,,,NO,,Asfalto,,Apto,Seca,,Ninguna,,,,,,,Día,NO,Sin Restricción,Despejado,Buena,,
141875,OBSERVATORIO VIAL,2022-05-21,13:02:00,CORRIENTES,18,CAPITAL,21,CORRIENTES,Urbana,Calle,GENERAL PAZ,,SAN LOPRENZO,,,,1,2,0,2,0,Colisión entre vehículos,Colisión entre vehículos,S/D,,,2,Recta,Intersección / cruce,,NO,,Asfalto,,Apto,Seca,,Ninguna,,,,No,No,No,Día,NO,Sin Restricción,Despejado,Buena,,Sin Semáforo
139972,OBSERVATORIO VIAL,2022-05-20,22:15:00,CORRIENTES,18,CAPITAL,21,CORRIENTES,Urbana,Avenida,AV MAIPU (FRENTE A CHANGO MAS),2803,,,,,1,1,0,1,0,Caída desde vehículo,Caída desde vehículo,S/D,,,1,Recta,Intersección / cruce,,,,Asfalto,,Apto,Seca,,Ninguna,,,,Si,Si,No,Noche,SI,Sin Restricción,Despejado,Buena,,Sin Semáforo
161553,OBSERVATORIO VIAL,2022-05-20,12:40:00,CORRIENTES,18,CAPITAL,21,,Urbana,Avenida,AV MAIPU,3091,,,,,0,3,0,2,0,Colisión entre vehículos,Colisión entre vehículos,S/D,,Angulo,2,Recta,Intersección / cruce,,NO,,Asfalto,,Apto,Seca,,Cordón Divisorio,,,,,,,Día,NO,Sin Restricción,Nublado,Buena,,Sin Semáforo
140971,OBSERVATORIO VIAL,2022-05-20,8:30:00,CORRIENTES,18,CAPITAL,21,CORRIENTES,Urbana,Avenida,AV. LA PAZ,,AV. MAIPU,,,,2,0,0,2,0,Colisión entre vehículos,Colisión entre vehículos,S/D,,,2,Recta,Intersección / cruce,,NO,,Asfalto,,Apto,Seca,,Ninguna,,,,S/D,S/D,S/D,Día,NO,Sin Restricción,Despejado,Buena,,Sin Semáforo
153809,OBSERVATORIO VIAL,2022-05-19,9:15:00,CORRIENTES,18,CAPITAL,21,CORRIENTES,Urbana,Calle,25 DE mayo,1500,SAN LORENZO,,,,2,0,0,2,0,Colisión entre vehículos,Colisión entre vehículos,S/D,,Lateral,2,Recta,,,NO,,Asfalto,,Apto,"Despejada, Seca",,Ninguna,,,,Si,Si,S/D,Día,NO,Sin Restricción,Despejado,Buena,,Sin Semáforo
167742,MUNICIPALIDAD DE CORRIENTES,2022-05-18,10:38:00,CORRIENTES,18,CAPITAL,21,CORRIENTES,Urbana,Avenida,AVENIDA PEDRO FERRÉ,2500,iTUZAINGÓ,,-2.747.768,-5.882.043,1,2,0,3,0,Colisión entre vehículos,Colisión entre vehículos,S/D,,,3,Recta,,,NO,,Asfalto,,Apto,,,,,,,No,Si,No,Día,NO,Sin Restricción,Despejado,Buena,,Sin Semáforo
157803,MUNICIPALIDAD DE CORRIENTES,2022-05-18,19:11:00,CORRIENTES,18,CAPITAL,21,CORRIENTES,Urbana,,CARLOS PELLEGRINI,,JUJUY,,-2.746.614,-5.882.769,2,,,2,,Colisión entre vehículos,Colisión entre vehículos,S/D,,Lateral,2,Recta,,,NO,,Asfalto,,Apto,Seca,,,,,,,,,Noche,SI,Sin Restricción,Despejado,Buena,,
168420,MUNICIPALIDAD DE CORRIENTES,2022-05-17,17:00:00,CORRIENTES,18,CAPITAL,21,CORRIENTES,Urbana,Calle,SUIZA,1400,RECONQUISTA,,-2.747.568,-5.881.273,1,2,0,2,0,Colisión entre vehículos,Colisión entre vehículos,S/D,,Angulo,2,Recta,Intersección / cruce,,NO,,Hormigón,,Apto,Despejada,,Ninguna,,,,S/D,S/D,S/D,Día,NO,Sin Restricción,Despejado,Buena,,Sin Semáforo
147088,OBSERVATORIO VIAL,2022-05-16,10:59:00,CORRIENTES,18,CAPITAL,21,,Urbana,Avenida,REPUBLICA EL LIBANO,,SARMIENTO,,,,2,0,0,2,0,Colisión entre vehículos,Colisión entre vehículos,S/D,,Angulo,2,Recta,Intersección / cruce,,NO,,Asfalto,,Apto,Seca,,Ninguna,,,,S/D,S/D,S/D,Día,NO,Sin Restricción,Despejado,Buena,,Sin Semáforo
156557,OBSERVATORIO VIAL,2022-05-16,22:30:00,CORRIENTES,18,CAPITAL,21,CORRIENTES,Urbana,Avenida,AV CENTENARIO,4000,,,-2.747.365,-5.880.263,2,1,0,2,0,Colisión entre vehículos,Colisión entre vehículos,S/D,,Lateral,2,Recta,,,NO,,Asfalto,,Apto,"Despejada, Seca",,,,,,Si,Si,S/D,Noche,SI,Sin Restricción,Despejado,Buena,,Sin Semáforo
152967,OBSERVATORIO VIAL,2022-05-16,6:10:00,CORRIENTES,18,CAPITAL,21,CORRIENTES,Urbana,Avenida,ROTONDA PUJOL,2100,,,,,0,1,0,1,0,Caída desde vehículo,Caída desde vehículo,S/D,,,1,Curva,Rotonda,,NO,,Asfalto,,Apto,"Despejada, Seca",,Ninguna,,,,Si,Si,No,Día,SI,Sin Restricción,Nublado,Buena,,Sin Semáforo
157808,MUNICIPALIDAD DE CORRIENTES,2022-05-15,19:00:00,CORRIENTES,18,CAPITAL,21,CORRIENTES,,Ruta Nacional,12,,FRENTE AL AEROPUERTO,,-2.745.185,-5.875.548,2,0,0,2,0,Colisión entre vehículos,Colisión entre vehículos,S/D,,Angulo,2,Recta,Intersección / cruce,,NO,,,,Apto,Seca,,Ninguna,,,,Si,,Si,Noche,SI,Obra en Construcción,Despejado,Buena,,Sin Semáforo
164620,MUNICIPALIDAD DE CORRIENTES,2022-05-14,10:15:00,CORRIENTES,18,CAPITAL,21,CORRIENTES,Urbana,Calle,MARIANO MORENO,1500,SAN LORENZO,,-2.747.363,-5.883.240,2,0,0,2,0,,,S/D,,,2,Recta,Intersección / cruce,,NO,,Asfalto,,Apto,"Despejada, Seca",,,,,,,,,Día,NO,Sin Restricción,Despejado,Buena,,
152942,OBSERVATORIO VIAL,2022-05-14,7:30:00,CORRIENTES,18,CAPITAL,21,CORRIENTES,Urbana,Avenida,AV IV CENTENARIO,2758,AV COLON,,-2.748.918,-5.883.813,1,1,0,1,0,Choque,Choque,S/D,,Otro,1,Recta,Intersección / cruce,,NO,,Asfalto,,Apto,Seca,,Cordón Divisorio,,,,Si,Si,S/D,Día,NO,Sin Restricción,Nublado,Buena,,Funciona
148186,OBSERVATORIO VIAL,2022-05-12,12:56:00,CORRIENTES,18,CAPITAL,21,,Urbana,,CAZADORES,,GAZCON,,,,1,1,0,2,0,Colisión entre vehículos,Colisión entre vehículos,S/D,,Angulo,2,Recta,Intersección / cruce,,NO,,Asfalto,,Apto,Seca,,Ninguna,,,,S/D,S/D,S/D,Día,NO,Sin Restricción,Despejado,Buena,,Sin Semáforo
152944,OBSERVATORIO VIAL,2022-05-11,10:40:00,CORRIENTES,18,CAPITAL,21,CORRIENTES,Urbana,Calle,AV PATAGONIA,3500,AV PAYSANDU,,-2.749.259,-5.882.438,1,0,0,1,0,Colisión entre vehículos,Colisión entre vehículos,S/D,,,1,Curva,Intersección / cruce,,NO,,Asfalto,,Apto,Seca,,Ninguna,,,,No,No,No,Día,NO,Sin Restricción,Nublado,Buena,,Sin Semáforo
137590,MUNICIPALIDAD DE CORRIENTES,2022-05-11,11:20:00,CORRIENTES,18,CAPITAL,21,CORRIENTES,Urbana,Calle,ESPAÑA,,3 DE abril,,,,3,0,0,2,0,Colisión entre vehículos,Colisión entre vehículos,S/D,,,2,Recta,Intersección / cruce,,NO,,Asfalto,,Apto,Seca,,,,,,,,,Día,NO,Sin Restricción,Despejado,Buena,,
175461,OBSERVATORIO VIAL,2022-05-10,9:35:00,CORRIENTES,18,CAPITAL,21,CORRIENTES,Urbana,Calle,ESPAÑA,700,QUINTANA,,,,1,1,0,2,0,Colisión entre vehículos,Colisión entre vehículos,,,,2,,Recta,,,,S/D,,Apto,Seca,,S/D,,S/D,,S/D,S/D,S/D,Día,,,Despejado,,,S/D
162785,MUNICIPALIDAD DE CORRIENTES,2022-05-09,6:20:00,CORRIENTES,18,CAPITAL,21,CORRIENTES,Urbana,Avenida,AVDA. MAIPÚ,6000,MOCORETÁ,,-2.751.322,-5.880.808,2,0,0,2,0,Colisión entre vehículos,Colisión entre vehículos,S/D,,Angulo,2,Recta,Intersección / cruce,,,,Asfalto,,Apto,"Despejada, Seca",,Cordón Divisorio,,,,No,No,S/D,Noche,SI,Sin Restricción,Despejado,Buena,,Sin Semáforo
171739,OBSERVATORIO VIAL,2022-05-09,13:20:00,CORRIENTES,18,CAPITAL,21,CORRIENTES,Urbana,Avenida,AVDA. MONTECARLO,4600,SAN FRANCISCO DE ASIS,,-2.749.403,-5.879.625,1,1,0,2,0,Colisión entre vehículos,Colisión entre vehículos,S/D,,,2,Recta,Intersección / cruce,,NO,,Asfalto,,Apto,"Despejada, Seca",,Barrera de Hormigón,,,,Si,No,No,Día,SI,Sin Restricción,Despejado,Buena,,Sin Semáforo
175471,OBSERVATORIO VIAL,2022-05-09,12:46:00,CORRIENTES,18,CAPITAL,21,CORRIENTES,Urbana,Avenida,AVENIDA AYACUCHO,3200,,,,,3,0,0,3,0,Colisión entre vehículos,Colisión entre vehículos,,,Multiple,3,,Intersección / cruce,,,No obstruido,Asfalto,,Apto,Seca,,Ninguna,,Ninguna,,Si,Si,No,Día,,,Despejado,,,Funciona
139968,OBSERVATORIO VIAL,2022-05-09,12:23:00,CORRIENTES,18,CAPITAL,21,CORRIENTES,Urbana,Calle,SANTA FE,1400,MORENO,,,,1,1,0,2,0,Colisión entre vehículos,Colisión entre vehículos,S/D,,Lateral,2,Recta,Intersección / cruce,,NO,,Asfalto,,Apto,Seca,,Ninguna,,,,Si,Si,No,Día,NO,Sin Restricción,Despejado,Buena,,Funciona
156524,OBSERVATORIO VIAL,2022-05-09,16:35:00,CORRIENTES,18,CAPITAL,21,CORRIENTES,Urbana,Calle,NEUQUEN,1000,,,,,1,1,0,2,0,Colisión entre vehículos,Colisión entre vehículos,S/D,,Angulo,2,Recta,Intersección / cruce,,NO,,Ripio,,Apto,Seca,,Ninguna,,,,S/D,S/D,S/D,Día,NO,Sin Restricción,Despejado,Buena,,Sin Semáforo
160651,MUNICIPALIDAD DE CORRIENTES,2022-05-09,13:15:00,CORRIENTES,18,CAPITAL,21,CORRIENTES,Urbana,Avenida,AVDA. MAIPÚ,3500,LOS MATACOS,,-2.750.367,-5.881.213,0,1,0,1,0,Caída desde vehículo,Caída desde vehículo,S/D,,,1,Recta,,,NO,,Asfalto,,,Seca,,,,,,,,,Día,SI,Sin Restricción,Despejado,Buena,,
175449,OBSERVATORIO VIAL,2022-05-08,20:20:00,CORRIENTES,18,CAPITAL,21,CORRIENTES,Urbana,Avenida,AV CENTENARIO,4700,ONTIVERO,,,,2,1,,3,,Colisión entre vehículos,Colisión entre vehículos,,,Angulo,3,,Recta,,,,Asfalto,,Apto,Seca,,,,,,S/D,S/D,S/D,Día,,,Despejado,,,S/D
142694,OBSERVATORIO VIAL,2022-05-08,15:40:00,CORRIENTES,18,CAPITAL,21,CORRIENTES,Urbana,Avenida,AV PEDRO FERRE,1800,PARAGUA,,,,2,0,0,2,0,Colisión entre vehículos,Colisión entre vehículos,S/D,,Lateral,2,Recta,Intersección / cruce,,NO,,Asfalto,,Apto,"Despejada, Seca",,Cordón Divisorio,,,,Si,Si,No,Día,NO,Sin Restricción,Despejado,Buena,,Funciona
169864,OBSERVATORIO VIAL,2022-05-08,11:05:00,CORRIENTES,18,CAPITAL,21,CORRIENTES,Urbana,Calle,LORETO,5000,RENACIMIENTO,,,,3,0,0,2,0,Colisión entre vehículos,Colisión entre vehículos,S/D,,Angulo,2,Recta,Intersección / cruce,,NO,,Tierra,,Apto,Seca,,Ninguna,,,,No,No,No,Día,NO,Sin Restricción,Despejado,Buena,,Sin Semáforo
152056,OBSERVATORIO VIAL,2022-05-08,12:20:00,CORRIENTES,18,CAPITAL,21,CORRIENTES,Urbana,,CARLOS PELLEGRINI,,SAN LUIS,,,,0,1,0,1,0,Despiste,Despiste,Si,,,1,Recta,Intersección / cruce,,NO,,Asfalto,,Apto,Seca,,Ninguna,,,,S/D,S/D,S/D,Día,NO,Sin Restricción,Despejado,Buena,,Sin Semáforo
156559,OBSERVATORIO VIAL,2022-05-08,13:37:00,CORRIENTES,18,CAPITAL,21,CORRIENTES,Urbana,Avenida,AV MAIPU,2440,,,,,1,1,0,2,0,Colisión entre vehículos,Colisión entre vehículos,S/D,,Lateral,2,Recta,Intersección / cruce,,NO,,Asfalto,,Apto,"Despejada, Seca",,Ninguna,,,,S/D,S/D,S/D,Día,NO,Sin Restricción,Despejado,Buena,,Sin Semáforo
139262,OBSERVATORIO VIAL,2022-05-07,15:59:00,CORRIENTES,18,CAPITAL,21,CORRIENTES,Urbana,Avenida,AV LIBERTAD,5000,AV . J. R. FERNANDEZ,,,,2,0,0,2,0,Colisión entre vehículos,Colisión entre vehículos,S/D,,Lateral,2,Recta,Intersección / cruce,,NO,,Asfalto,,Apto,Seca,,Ninguna,,,,Si,Si,No,Día,NO,Sin Restricción,Despejado,Buena,,Funciona
139937,OBSERVATORIO VIAL,2022-05-07,18:45:00,CORRIENTES,18,CAPITAL,21,CORRIENTES,Urbana,Avenida,AV LIBERTAD,6700,RUTA 12,,,,1,1,0,2,0,Colisión entre vehículos,Colisión entre vehículos,S/D,,Lateral,2,Recta,Intersección / cruce,,NO,,Asfalto,,Apto,Seca,,Cordón Divisorio,,,,Si,Si,No,Día,NO,Sin Restricción,Despejado,Buena,,Sin Semáforo
169849,MUNICIPALIDAD DE CORRIENTES,2022-05-07,7:50:00,CORRIENTES,18,CAPITAL,21,CORRIENTES,Urbana,Avenida,LAS HERAS,1800,FRAY JUSTO SANTA MARIA DE ORO,,-2.748.250,-5.881.978,1,2,0,2,0,Colisión entre vehículos,Colisión entre vehículos,S/D,,Angulo,2,Recta,Intersección / cruce,,NO,,Tierra,,Apto,"Despejada, Seca",,Ninguna,,,,No,No,No,Día,NO,Sin Restricción,Despejado,Buena,,
145170,OBSERVATORIO VIAL,2022-05-06,7:58:00,CORRIENTES,18,CAPITAL,21,CORRIENTES,Urbana,Calle,25 DE mayo,,COSTANERA,,,,1,1,0,2,0,Colisión entre vehículos,Colisión entre vehículos,S/D,,,2,Recta,Intersección / cruce,,NO,,Asfalto,,Apto,Seca,,Ninguna,,,,S/D,Si,Si,Día,NO,Sin Restricción,Despejado,Buena,,Sin Semáforo
152940,OBSERVATORIO VIAL,2022-05-05,16:45:00,CORRIENTES,18,CAPITAL,21,CORRIENTES,Urbana,Avenida,AV CAZADORES CORRENTINOS,3100,SAAVEDRA,,,,2,0,0,2,0,Colisión entre vehículos,Colisión entre vehículos,S/D,,Lateral,2,Recta,Intersección / cruce,,NO,,Asfalto,,Apto,"Despejada, Seca",,Cordón Divisorio,,,,No,No,S/D,Día,NO,Sin Restricción,Despejado,Buena,,Sin Semáforo
152963,OBSERVATORIO VIAL,2022-05-05,10:40:00,CORRIENTES,18,CAPITAL,21,CORRIENTES,Urbana,Calle,RIOJA,1000,RIVADAVIA,,-2.747.422,-5.883.878,2,0,0,2,0,Colisión entre vehículos,Colisión entre vehículos,S/D,,Angulo,2,Recta,Intersección / cruce,,NO,,Asfalto,,Apto,Despejada,,Ninguna,,,,Si,Si,No,Día,NO,Sin Restricción,Despejado,Buena,,Sin Semáforo
169848,MUNICIPALIDAD DE CORRIENTES,2022-05-03,12:15:00,CORRIENTES,18,CAPITAL,21,CORRIENTES,Rural,Ruta Nacional,12,12,ROTONDA DE LA VIRGEN DE ITATÍ,,-2.748.391,-5.878.235,1,3,0,2,0,Colisión entre vehículos,Colisión entre vehículos,S/D,,Angulo,2,Curva,Intersección / cruce,,NO,,Asfalto,,Apto,Despejada,,Cordón Divisorio,,,,,Si,,Día,NO,Sin Restricción,Despejado,Buena,,Sin Semáforo
142699,OBSERVATORIO VIAL,2022-05-03,12:29:00,CORRIENTES,18,CAPITAL,21,CORRIENTES,Urbana,Avenida,AV INDEENDENCIA,3600,GUEMES,,,,2,0,0,2,0,Colisión entre vehículos,Colisión entre vehículos,S/D,,Lateral,2,Recta,Intersección / cruce,,NO,,Asfalto,,Apto,"Despejada, Seca",,Cordón Divisorio,,,,Si,Si,No,Día,NO,Sin Restricción,Despejado,Buena,,Funciona
160645,MUNICIPALIDAD DE CORRIENTES,2022-05-02,14:45:00,CORRIENTES,18,CAPITAL,21,CORRIENTES,Urbana,Calle,MEDRANO,S/D,SAN FRANCISCO DE ASÍS,,,,1,1,0,2,0,Colisión entre vehículos,Colisión entre vehículos,S/D,,Angulo,2,Recta,Intersección / cruce,,NO,,Asfalto,,Apto,Seca,,,,,,,,,Día,SI,Sin Restricción,Despejado,Buena,,
174618,Observatorio Vial,2022-04-30,5:50:00,CORRIENTES,18,CAPITAL,21,CORRIENTES,Urbana,Avenida,AV. MAIPU,1275,Los Alpes,,,,0,0,1,1,0,Caída desde vehículo,Caída desde vehículo,,,,1,,Intersección / cruce,,,No obstruido,Asfalto,,Apto,Seca,,Ninguna,,Asfalto,,Si,,,Noche,NO,,Despejado,,,Sin Semáforo
133405,DIREC. DE SEGURIDAD VIAL,2022-04-30,19:45:00,CORRIENTES,18,CAPITAL,21,CORRIENTES,Urbana,Calle,BONASTRE,,RIO NEGRO,,,,2,1,0,2,0,Colisión entre vehículos,Colisión entre vehículos,S/D,,Alcance,2,Recta,,,,,Hormigón,,Apto,Seca,,,,,,,,,Atardecer,SI,Sin Restricción,Despejado,Buena,,
140963,OBSERVATORIO VIAL,2022-04-30,5:30:00,CORRIENTES,18,CAPITAL,21,CORRIENTES,Urbana,Ruta Provincial,5,"1, 1/2",,,,,1,0,0,1,0,"Colisión entre vehículos, Vuelco (solo 1 participante)",Colisión entre vehículos,S/D,,,1,Recta,,RECTA,NO,,Asfalto,,Apto,"Despejada, Seca",,Ninguna,,,,Si,Si,No,Día,SI,,Despejado,Buena,,Sin Semáforo
163579,OBSERVATORIO VIAL,2022-04-29,19:00:00,CORRIENTES,18,CAPITAL,21,CORRIENTES,Urbana,Calle,AV ARTIGAS,1100,BOLIVAR,,-2.747.270,-5.881.887,2,0,0,2,0,Colisión entre vehículos,Colisión entre vehículos,S/D,,Angulo,2,Recta,Intersección / cruce,,NO,,Asfalto,,Apto,Seca,,Ninguna,,,,S/D,S/D,S/D,Noche,NO,Sin Restricción,Despejado,Buena,,Sin Semáforo
164579,OBSERVATORIO VIAL,2022-04-29,18:00:00,CORRIENTES,18,CAPITAL,21,CORRIENTES,Urbana,Avenida,AV CHACABUCO,1700,LAVALLE,,,,1,1,0,2,0,Colisión entre vehículos,Colisión entre vehículos,S/D,,Lateral,2,Recta,Intersección / cruce,,NO,,Asfalto,,Apto,"Despejada, Seca",,Cordón Divisorio,,,,Si,Si,No,Día,NO,Sin Restricción,Despejado,Buena,,Sin Semáforo
142696,OBSERVATORIO VIAL,2022-04-29,14:53:00,CORRIENTES,18,CAPITAL,21,CORRIENTES,Urbana,Avenida,PATAGONIA,1900,BONASTRE,,,,0,1,0,1,0,Caída desde vehículo,Caída desde vehículo,S/D,,,1,Recta,Intersección / cruce,,NO,,Asfalto,,Apto,"Despejada, Seca",,Cordón Divisorio,,,,S/D,S/D,S/D,Día,NO,Sin Restricción,Despejado,Buena,,Sin Semáforo
160642,MUNICIPALIDAD DE CORRIENTES,2022-04-28,11:35:00,CORRIENTES,18,CAPITAL,21,CORRIENTES,Urbana,Avenida,AVDA SANTA CATALINA,3255,LOS GUARANÍES,,-2.750.650,-5.882.240,1,1,0,2,0,Colisión entre vehículos,Colisión entre vehículos,S/D,,,2,Recta,Intersección / cruce,,NO,,Asfalto,,Apto,Seca,,Ninguna,,,,Si,Si,No,Día,NO,Sin Restricción,Despejado,Buena,,Sin Semáforo
160684,MUNICIPALIDAD DE CORRIENTES,2022-04-28,9:30:00,CORRIENTES,18,CAPITAL,21,CORRIENTES,Urbana,Avenida,J. R. FERNÁNDEZ,5000,ARMENIA,,-2.746.666,-5.878.993,2,0,0,2,0,Colisión entre vehículos,Colisión entre vehículos,S/D,,,2,Recta,Intersección / cruce,,NO,,Asfalto,,Apto,Seca,,,,,,,,,Día,NO,,Despejado,Buena,,
158362,MUNICIPALIDAD DE CORRIENTES,2022-04-28,8:10:00,CORRIENTES,18,CAPITAL,21,CORRIENTES,Urbana,Calle,SÁNCHEZ DE BUSTAMANTE,2300,,,,,1,2,0,2,0,Colisión entre vehículos,Colisión entre vehículos,S/D,,,2,Recta,Intersección / cruce,,NO,,Asfalto,,Apto,Seca,,,,,,,,,Día,NO,Sin Restricción,Despejado,Buena,,
142757,OBSERVATORIO VIAL,2022-04-28,22:30:00,CORRIENTES,18,CAPITAL,21,CORRIENTES,Urbana,Avenida,CAZADORES CORRENTINOS,3365,,,,,1,0,0,2,0,Choque,Choque,S/D,,En calzada,2,Recta,,,,,Hormigón,,Apto,"Despejada, Seca",,Cordón Divisorio,,,,No,No,No,Noche,SI,Sin Restricción,Nublado,,,Sin Semáforo
139942,OBSERVATORIO VIAL,2022-04-27,10:54:00,CORRIENTES,18,CAPITAL,21,CORRIENTES,Urbana,Avenida,AV INDEPENDENCIA,3600,TACUARI,,,,2,1,0,3,0,Colisión entre vehículos,Colisión entre vehículos,S/D,,Lateral,3,Recta,Intersección / cruce,,NO,,Asfalto,,Apto,Seca,,Cordón Divisorio,,,,Si,Si,No,Día,NO,Sin Restricción,Despejado,Buena,,Funciona
169866,MUNICIPALIDAD DE CORRIENTES,2022-04-26,23:15:00,CORRIENTES,18,CAPITAL,21,CORRIENTES,Urbana,Avenida,AVENIDA PAISANDU,2254,COSQUÍN,,-2.749.474,-5.882.471,2,1,0,2,0,Colisión entre vehículos,Colisión entre vehículos,S/D,,Frontal,2,Recta,Intersección / cruce,,NO,,Asfalto,,Apto,Seca,,,,,,No,Si,No,Noche,SI,Sin Restricción,Despejado,Buena,,Sin Semáforo
135576,MUNICIPALIDAD DE CORRIENTES,2022-04-25,6:45:00,CORRIENTES,18,CAPITAL,21,CORRIENTES,Urbana,Calle,PARAGUAY,1900,,,,,1,0,0,1,0,Caída desde vehículo,Caída desde vehículo,S/D,,,1,Recta,Intersección / cruce,,NO,,Asfalto,,Apto,Seca,,,,,,,,,Día,NO,Sin Restricción,Despejado,Buena,,
137581,MUNICIPALIDAD DE CORRIENTES,2022-04-25,8:30:00,CORRIENTES,18,CAPITAL,21,CORRIENTES,Urbana,Calle,SAN LUIS,1200,BOLIVAR,,,,1,2,0,2,0,Colisión entre vehículos,Colisión entre vehículos,S/D,,Angulo,2,Recta,Intersección / cruce,,NO,,Asfalto,,Apto,Seca,,Ninguna,,,,S/D,S/D,S/D,Día,NO,Sin Restricción,Despejado,Buena,,Sin Semáforo
142753,OBSERVATORIO VIAL,2022-04-25,15:30:00,CORRIENTES,18,CAPITAL,21,CORRIENTES,Urbana,Ruta Nacional,12,1035,FRENTE AL AEROPUERTO,,,,2,0,0,2,0,Colisión entre vehículos,Colisión entre vehículos,S/D,,Alcance,2,Recta,Intersección / cruce,,NO,,Asfalto,,Apto,"Despejada, Seca",,Ninguna,,,,S/D,S/D,S/D,Día,SI,Sin Restricción,Despejado,Buena,,Sin Semáforo
166823,MUNICIPALIDAD DE CORRIENTES,2022-04-24,8:05:00,CORRIENTES,18,CAPITAL,21,CORRIENTES,Urbana,Calle,MENDOZA,1468,,,-2.747.403,-5.883.635,3,0,0,3,0,"Choque, Colisión entre vehículos",Colisión entre vehículos,S/D,,,3,Curva,,,NO,,Asfalto,,Apto,Seca,,,,,,S/D,Si,S/D,Día,NO,Sin Restricción,Despejado,Buena,,
146715,OBSERVATORIO VIAL,2022-04-24,15:15:00,CORRIENTES,18,CAPITAL,21,,Urbana,Calle,CATARMARCA,,BELGRANO,,,,1,1,0,2,0,Colisión entre vehículos,Colisión entre vehículos,S/D,,Angulo,2,Recta,Intersección / cruce,,NO,,Asfalto,,Apto,,,Ninguna,,,,S/D,S/D,S/D,Día,NO,Sin Restricción,Lluvia,Lluvia,,Sin Semáforo
159930,OBSERVATORIO VIAL,2022-04-24,13:50:00,CORRIENTES,18,CAPITAL,21,CORRIENTES,Urbana,,AYACUCHO,,COLONIA,,,,1,1,0,2,0,Colisión entre vehículos,Colisión entre vehículos,S/D,,,2,Recta,Intersección / cruce,,NO,,Asfalto,,Apto,Despejada,,Ninguna,,,,S/D,S/D,S/D,Día,NO,Sin Restricción,Despejado,Buena,,Sin Semáforo
138508,MUNICIPALIDAD DE CORRIENTES,2022-04-23,6:50:00,CORRIENTES,18,CAPITAL,21,CORRIENTES,Urbana,Avenida,AV. FERRE,,PARAGUAY,,,,1,0,0,1,0,Caída desde vehículo,Caída desde vehículo,S/D,,,1,Recta,Intersección / cruce,,NO,,Asfalto,,Apto,Seca,,,,,,Si,Si,No,Día,NO,Sin Restricción,Despejado,Buena,,Funciona
156555,OBSERVATORIO VIAL,2022-04-22,18:00:00,CORRIENTES,18,CAPITAL,21,CORRIENTES,Urbana,Ruta Nacional,12,1035,FRENTE AL AEROPUERTO,CALLE 27,-2.745.192,-5.875.533,2,0,0,2,0,Colisión entre vehículos,Colisión entre vehículos,S/D,,Alcance,2,Recta,Intersección / cruce,,NO,,Asfalto,,Apto,"Despejada, Seca",,Ninguna,,,,S/D,S/D,S/D,Atardecer,NO,Sin Restricción,Nublado,Buena,,Sin Semáforo
175452,OBSERVATORIO VIAL,2022-04-21,6:15:00,CORRIENTES,18,CAPITAL,21,CORRIENTES,Urbana,Calle,9 DE julio,800,ROCA,,,,0,1,,1,,Despeñamiento,Despeñamiento,,,,1,,Recta,,,,,,Apto,Seca,,Otro,,Asfalto,,Si,Si,No,Día,,,Despejado,,,S/D
137584,MUNICIPALIDAD DE CORRIENTES,2022-04-21,11:45:00,CORRIENTES,18,CAPITAL,21,CORRIENTES,Urbana,Calle,QUINTANA,1078,,,,,2,0,0,2,0,Colisión entre vehículos,Colisión entre vehículos,S/D,,,2,Recta,Intersección / cruce,,NO,,Asfalto,,Apto,Seca,,Ninguna,,,,,,,Día,NO,Sin Restricción,Despejado,Buena,,
157741,OBSERVATORIO VIAL,2022-04-20,13:36:00,CORRIENTES,18,CAPITAL,21,CORRIENTES,Urbana,Avenida,AV INDEPENDENCIA,4200,RIO JURAMENTO,,,,1,1,0,2,0,Choque,Choque,S/D,,En calzada,2,Recta,,RECTA,NO,,Asfalto,,Apto,"Despejada, Seca",,Cordón Divisorio,,,,S/D,S/D,S/D,Día,NO,Sin Restricción,Despejado,Buena,,Sin Semáforo
169869,MUNICIPALIDAD DE CORRIENTES,2022-04-20,12:15:00,CORRIENTES,18,CAPITAL,21,CORRIENTES,Urbana,Avenida,AVENIDA JUAN PUJOL,2140,,,-2.746.672,-5.882.229,1,1,0,2,0,Colisión entre vehículos,Colisión entre vehículos,S/D,,,2,Recta,Intersección / cruce,,NO,,Hormigón,,Apto,Seca,,Ninguna,,,,No,Si,No,Día,SI,,Despejado,Buena,,Sin Semáforo
136373,MUNICIPALIDAD DE CORRIENTES,2022-04-20,13:27:00,CORRIENTES,18,CAPITAL,21,CORRIENTES,Urbana,Avenida,INDEPENDENCIA,4700,,,,,2,0,0,2,0,Colisión entre vehículos,Colisión entre vehículos,S/D,,Alcance,2,Recta,Intersección / cruce,,NO,,Asfalto,,Apto,Seca,,,,,,Si,Si,No,Día,NO,Sin Restricción,Despejado,Buena,,Funciona
146725,OBSERVATORIO VIAL,2022-04-20,13:18:00,CORRIENTES,18,CAPITAL,21,,,Avenida,AV MAIPU,1600,,,,,1,1,0,2,0,Colisión entre vehículos,Colisión entre vehículos,S/D,,Angulo,2,Recta,Intersección / cruce,,NO,,Asfalto,,Apto,Seca,,Ninguna,,,,S/D,S/D,S/D,Día,NO,Sin Restricción,Despejado,Buena,,Sin Semáforo
147090,OBSERVATORIO VIAL,2022-04-20,15:50:00,CORRIENTES,18,CAPITAL,21,,Urbana,,MEDRANO,,RAUL ALFONSIN,,,,2,0,0,2,0,Colisión entre vehículos,Colisión entre vehículos,S/D,,Alcance,2,Recta,Intersección / cruce,,NO,,Asfalto,,Apto,Despejada,,,,,,S/D,S/D,S/D,Día,NO,Sin Restricción,Despejado,Buena,,Funciona
153906,OBSERVATORIO VIAL,2022-04-19,14:20:00,CORRIENTES,18,CAPITAL,21,CORRIENTES,Urbana,,DOMINICANA,,CENTENARIO,,,,2,0,0,2,0,Colisión entre vehículos,Colisión entre vehículos,S/D,,Angulo,2,Recta,Intersección / cruce,,NO,,Asfalto,,Apto,Seca,,Ninguna,,,,S/D,S/D,S/D,Día,NO,Sin Restricción,Despejado,Buena,,Sin Semáforo
135574,DIRECCIÓN DE SEGURIDAD VIAL,2022-04-19,12:13:00,CORRIENTES,18,CAPITAL,21,CORRIENTES,Urbana,Calle,BELGRANO,,CÓRDOBA,,,,2,0,0,2,0,Choque,Choque,S/D,,,2,Recta,Intersección / cruce,,,,Asfalto,,Apto,Seca,,Ninguna,,,,,,,Día,NO,Sin Restricción,Despejado,Buena,,
142732,OBSERVATORIO VIAL,2022-04-18,15:15:00,CORRIENTES,18,CAPITAL,21,CORRIENTES,Urbana,Calle,LISANDRO SEGOVIA,1700,,,,,3,0,0,3,0,Colisión entre vehículos,Colisión entre vehículos,S/D,,Alcance,3,Recta,Intersección / cruce,,SI,,Asfalto,,Apto,Seca,,Ninguna,,,,S/D,S/D,S/D,Día,NO,Sin Restricción,Despejado,Buena,,Sin Semáforo
152972,OBSERVATORIO VIAL,2022-04-18,20:15:00,CORRIENTES,18,,,,Urbana,Avenida,AV PUJOL,,SANTA FE,,,,0,1,0,1,0,Caída desde vehículo,Caída desde vehículo,S/D,,,1,Recta,Intersección / cruce,,NO,,Asfalto,,Apto,Seca,,Cordón Divisorio,,,,S/D,S/D,S/D,Noche,SI,Sin Restricción,Despejado,Buena,,Sin Semáforo
164600,OBSERVATORIO VIAL,2022-04-16,8:11:00,CORRIENTES,18,CAPITAL,21,CORRIENTES,Urbana,Avenida,AV MAIPU,3204,,,,,1,1,0,2,0,Colisión entre vehículos,Colisión entre vehículos,S/D,,Lateral,2,Recta,Intersección / cruce,,NO,,Asfalto,,Apto,"Despejada, Seca",,Cordón Divisorio,,,,S/D,S/D,S/D,Día,NO,Sin Restricción,Despejado,Buena,,Sin Semáforo
152047,OBSERVATORIO VIAL,2022-04-16,21:30:00,CORRIENTES,18,CAPITAL,21,CORRIENTES,Urbana,Calle,CASTELLI,,CARTAGENA,,,,0,2,0,2,0,Colisión entre vehículos,Colisión entre vehículos,S/D,,,2,Recta,Intersección / cruce,,NO,,Asfalto,,Apto,Seca,,Ninguna,,,,S/D,S/D,S/D,Noche,SI,Sin Restricción,Despejado,Buena,,Sin Semáforo
169887,MUNICIPALIDAD DE CORRIENTES,2022-04-14,8:10:00,CORRIENTES,18,CAPITAL,21,CORRIENTES,Urbana,Avenida,AVENIDA LIBERTAD,4900,AVENIDA J.R. FERNÁNDEZ,,-2.746.662,-5.878.994,0,1,0,0,1,Caída desde vehículo,Caída desde vehículo,S/D,,,1,Recta,Intersección / cruce,,NO,,Asfalto,,Apto,,,,,,,Si,Si,No,Día,NO,Sin Restricción,Despejado,Buena,,Funciona
134801,OBSERVATORIO VIAL,2022-04-14,11:55:00,CORRIENTES,18,CAPITAL,21,CORRIENTES,Urbana,Avenida,AV MAIPU,300,BELTRAN,,-2.747.997,-5.882.859,2,0,0,2,0,Colisión entre vehículos,Colisión entre vehículos,S/D,,Lateral,2,Recta,Intersección / cruce,,NO,,Asfalto,,Apto,Seca,,Cordón Divisorio,,,,Si,No,No,Día,NO,Sin Restricción,Despejado,Buena,,Sin Semáforo
152982,OBSERVATORIO VIAL,2022-04-14,7:52:00,CORRIENTES,18,CAPITAL,21,CORRIENTES,Urbana,Avenida,AV PUJOL,,PERU,,,,1,0,0,1,0,Caída desde vehículo,Caída desde vehículo,S/D,,,1,Recta,Intersección / cruce,,NO,,Asfalto,,Apto,Despejada,,,,,,S/D,S/D,S/D,Día,NO,Sin Restricción,Despejado,Buena,,Sin Semáforo
166848,MUNICIPALIDAD DE CORRIENTES,2022-04-14,8:15:00,CORRIENTES,18,CAPITAL,21,CORRIENTES,Urbana,Calle,CÓRDOBA,1400,MORENO,,-2.747.340,-5.883.507,1,2,0,2,0,Colisión entre vehículos,Colisión entre vehículos,S/D,,Angulo,2,Recta,Intersección / cruce,,NO,,Hormigón,,Apto,Despejada,,Ninguna,,,,,,,Día,NO,Sin Restricción,"Despejado, Viento",Buena,,Sin Semáforo
162782,MUNICIPALIDAD DE CORRIENTES,2022-04-14,13:20:00,CORRIENTES,18,CAPITAL,21,CORRIENTES,Urbana,Avenida,AVDA INDEPENDENCIA,4600,,,-2.748.211,-5.879.676,1,2,0,2,0,Despiste,Despiste,Si,,,2,Recta,,,NO,,Asfalto,,Apto,Seca,,Barrera de Hormigón,,,,Si,Si,,,SI,Sin Restricción,Despejado,Buena,,
160646,MUNICIPALIDAD DE CORRIENTES,2022-04-13,0:45:00,CORRIENTES,18,CAPITAL,21,CORRIENTES,Urbana,Calle,SANTA FE,1090,SAN MARTÍN,,-2.747.039,-5.883.071,1,0,1,2,0,Choque,Choque,S/D,,En calzada,2,Recta,Intersección / cruce,,NO,,,,Apto,Despejada,,Cordón Divisorio,,,,,,,Noche,SI,Sin Restricción,Despejado,,,Intermitente
148210,OBSERVATORIO VIAL,2022-04-13,20:32:00,CORRIENTES,18,CAPITAL,21,,Urbana,,CHACABUCO,,BOLIVAR,,,,1,1,0,2,0,Colisión entre vehículos,Colisión entre vehículos,S/D,,Angulo,2,Recta,Intersección / cruce,,NO,,Asfalto,,Apto,Mojada,,Ninguna,,,,S/D,S/D,S/D,Noche,SI,Sin Restricción,Lluvia,Lluvia,,Sin Semáforo
151166,OBSERVATORIO VIAL,2022-04-12,8:08:00,CORRIENTES,18,CAPITAL,21,CORRIENTES,Urbana,Calle,NICARAGUA,3800,CORINTO,,,,1,3,0,2,0,Colisión entre vehículos,Colisión entre vehículos,S/D,,Lateral,2,Recta,Intersección / cruce,,NO,,Asfalto,,Apto,"Despejada, Seca",,Ninguna,,,,Si,Si,No,Día,NO,Sin Restricción,Despejado,Buena,,Sin Semáforo
137578,MUNICIPALIDAD DE CORRIENTES,2022-04-11,8:45:00,CORRIENTES,18,CAPITAL,21,CORRIENTES,Urbana,Avenida,AV. TTE IBAÑEZ,,GUASTAVINO,,,,2,0,0,2,0,Colisión entre vehículos,Colisión entre vehículos,S/D,,,2,Recta,Intersección / cruce,,NO,,Asfalto,,Apto,Seca,,,,,,,,,Día,NO,Sin Restricción,Despejado,Buena,,
158157,OBSERVATORIO VIAL,2022-04-10,21:30:00,CORRIENTES,18,CAPITAL,21,CORRIENTES,Urbana,Avenida,AV PEDRO FERRE,1600,ESPAÑA,,-2.747.654,-5.883.017,2,0,0,2,0,Colisión entre vehículos,Colisión entre vehículos,S/D,,Lateral,2,Recta,Intersección / cruce,,NO,,Asfalto,,Apto,"Despejada, Seca",,Cordón Divisorio,,,,Si,Si,No,Noche,,Sin Restricción,Despejado,Buena,,Funciona
164616,MUNICIPALIDAD DE CORRIENTES,2022-04-09,8:20:00,CORRIENTES,18,CAPITAL,21,CORRIENTES,Urbana,Calle,RECONQUISTA,2800,,,-2.749.030,-5.881.539,0,1,0,2,0,Colisión entre vehículos,Colisión entre vehículos,S/D,,,2,Recta,Intersección / cruce,,NO,,Ripio,,,,,,,,,,,,Día,NO,,Despejado,Buena,,
151170,OBSERVATORIO VIAL,2022-04-09,18:40:00,CORRIENTES,18,CAPITAL,21,CORRIENTES,Urbana,Avenida,AV PUJOL,2100,CARLOS PELLEGRINI,,,,1,1,0,2,0,Colisión entre vehículos,Colisión entre vehículos,S/D,,Lateral,2,Curva,Rotonda,,NO,,Asfalto,,Apto,"Despejada, Seca",,Ninguna,,,,Si,Si,S/D,Noche,NO,Sin Restricción,Despejado,Buena,,Sin Semáforo
152970,OBSERVATORIO VIAL,2022-04-08,14:21:00,CORRIENTES,18,,,,Urbana,Calle,BELGRANO,,PARAGUAY,,,,1,2,0,2,0,Colisión entre vehículos,Colisión entre vehículos,S/D,,Angulo,2,Recta,Intersección / cruce,,NO,,Asfalto,,Apto,"Despejada, Seca",,Ninguna,,,,S/D,S/D,S/D,Día,NO,Sin Restricción,Despejado,Buena,,Sin Semáforo
157824,OBSERVATORIO VIAL,2022-04-08,10:55:00,CORRIENTES,18,CAPITAL,21,CORRIENTES,Urbana,Avenida,AV PAYSANDU,3800,,,,,1,1,0,2,0,Colisión entre vehículos,Colisión entre vehículos,S/D,,Lateral,2,Recta,Intersección / cruce,,NO,,Asfalto,,Apto,"Despejada, Seca",,Cordón Divisorio,,,,Si,No,No,Día,NO,Sin Restricción,Despejado,Buena,,Sin Semáforo
160644,MUNICIPALIDAD DE CORRIENTES,2022-04-08,8:40:00,CORRIENTES,18,CAPITAL,21,CORRIENTES,Urbana,Avenida,AVDA. INDEPENDENCIA,4300,,,-2.748.148,-5.879.906,5,0,0,5,0,Colisión entre vehículos,Colisión entre vehículos,S/D,,,5,Recta,Intersección / cruce,,NO,,Asfalto,,Apto,,,,,,,,,,Día,NO,Obra en Construcción,Despejado,Buena,,
175459,OBSERVATORIO VIAL,2022-04-08,18:30:00,CORRIENTES,18,CAPITAL,21,CORRIENTES,Urbana,Calle,DON BOSCO,700,COSTANERA,,,,2,0,0,2,0,Colisión entre vehículos,Colisión entre vehículos,,,,2,,Recta,,,,Asfalto,,Apto,Seca,,S/D,,S/D,,S/D,S/D,S/D,Día,,,Despejado,,,Sin Semáforo
160649,MUNICIPALIDAD DE CORRIENTES,2022-04-06,15:38:00,CORRIENTES,18,CAPITAL,21,CORRIENTES,Urbana,Avenida,AVDA. SANTA ROSA,1790,ÑAEMBÉ,,-2.747.904,-5.881.999,1,1,0,2,0,Colisión entre vehículos,Colisión entre vehículos,S/D,,Angulo,2,Recta,Intersección / cruce,,NO,,Asfalto,,Apto,Seca,,,,,,,,,Día,NO,Sin Restricción,Despejado,Buena,,
134817,MUNICIPALIDAD DE CORRIENTES,2022-04-06,10:00:00,CORRIENTES,18,CAPITAL,21,CORRIENTES,Urbana,Avenida,AV. MAIPU,,RECONQUISTA,,,,2,0,0,2,0,Colisión entre vehículos,Colisión entre vehículos,S/D,,,2,Recta,Intersección / cruce,,NO,,Asfalto,,Apto,Seca,,,,,,,,,Día,NO,,Despejado,Buena,,
145739,OBSERVATORIO VIAL,2022-04-06,14:00:00,CORRIENTES,18,CAPITAL,21,CORRIENTES,Urbana,Calle,TACUARI,,CENTENARIO,,,,2,1,0,2,0,Colisión entre vehículos,Colisión entre vehículos,S/D,,,2,Recta,Intersección / cruce,,NO,,Asfalto,,Apto,Seca,,,,,,Si,Si,Si,Día,NO,Sin Restricción,Despejado,Buena,,Funciona
158360,MUNICIPALIDAD DE CORRIENTES,2022-04-05,12:40:00,CORRIENTES,18,CAPITAL,21,CORRIENTES,Urbana,Calle,TRES SARGENTO,1690,COSQUÍN,,,,1,1,0,2,0,Colisión entre vehículos,Colisión entre vehículos,S/D,,Angulo,2,Recta,Intersección / cruce,,NO,,Hormigón,,Apto,Despejada,,Ninguna,,,,S/D,S/D,S/D,Día,NO,Sin Restricción,Despejado,Buena,,Sin Semáforo
176153,OBSERVATORIO VIAL,2022-04-05,22:05:00,CORRIENTES,18,CAPITAL,21,CORRIENTES,Urbana,Calle,LA PAMPA,,AV SARMIENTO,,,,1,1,0,2,0,Colisión entre vehículos,Colisión entre vehículos,,,,2,,Intersección / cruce,,,S/D,Asfalto,,Apto,Seca,,S/D,,Asfalto,,S/D,S/D,S/D,Noche,NO,,Despejado,,,S/D
152966,OBSERVATORIO VIAL,2022-04-05,8:10:00,CORRIENTES,18,CAPITAL,21,CORRIENTES,Urbana,Calle,AV R.R.ALFONSIN,5100,SANCHEZ DE BUSTAMANTE,,-2.747.686,-5.878.794,1,1,0,2,0,Colisión entre vehículos,Colisión entre vehículos,S/D,,,2,Recta,Intersección / cruce,,NO,,Asfalto,,Apto,Seca,,,,,,Si,Si,Si,Día,NO,Sin Restricción,Despejado,Buena,,Sin Semáforo
152046,OBSERVATORIO VIAL,2022-04-05,23:20:00,CORRIENTES,18,CAPITAL,21,CORRIENTES,Urbana,,SANCHEZ BUSTAMANTE,,JUAN DOMINGO PERON,,,,2,0,0,2,0,Colisión entre vehículos,Colisión entre vehículos,S/D,,,2,Recta,Intersección / cruce,,NO,,Asfalto,,Apto,Seca,,Ninguna,,,,Si,,,Noche,SI,Sin Restricción,Despejado,Buena,,
160686,MUNICIPALIDAD DE CORRIENTES,2022-04-05,11:50:00,CORRIENTES,18,CAPITAL,21,CORRIENTES,Urbana,Avenida,AVDA. MAIPÚ,2500,NICARAGUA,,-2.749.887,-5.881.465,1,1,0,2,0,,,S/D,,,2,Recta,Intersección / cruce,,NO,,Asfalto,,Apto,Despejada,,Cordón Divisorio,,,,,,,Día,NO,Sin Restricción,Despejado,Buena,,Funciona
151227,OBSERVATORIO VIAL,2022-04-04,6:00:00,CORRIENTES,18,CAPITAL,21,CORRIENTES,Urbana,Avenida,AV. INDEPENDENIA,4900,GASCON,,,,2,0,0,2,0,Colisión entre vehículos,Colisión entre vehículos,S/D,,Angulo,2,Recta,Intersección / cruce,,NO,,Asfalto,,Apto,Seca,,Cordón Divisorio,,,,Si,No,No,Amanecer,SI,Sin Restricción,Despejado,Buena,,Sin Semáforo
152981,OBSERVATORIO VIAL,2022-04-04,14:55:00,CORRIENTES,18,CAPITAL,21,,Urbana,,AV MAIPU,,,,,,2,0,0,2,0,Colisión entre vehículos,Colisión entre vehículos,S/D,,Angulo,2,Recta,Intersección / cruce,,NO,,Asfalto,,Apto,Despejada,,Ninguna,,,,,Si,,Día,NO,Sin Restricción,Despejado,Buena,,Funciona
160682,MUNICIPALIDAD DE CORRIENTES,2022-04-04,13:15:00,CORRIENTES,18,CAPITAL,21,CORRIENTES,Urbana,Avenida,9 DE julio,200,AVDA. COSTANERA,,-2.746.560,-5.884.790,1,2,0,2,0,Colisión entre vehículos,Colisión entre vehículos,S/D,,Angulo,2,Recta,,,,,Asfalto,,Apto,Seca,,,,,,,,,Día,SI,Sin Restricción,Despejado,Buena,,
139998,OBSERVATORIO VIAL,2022-04-03,17:30:00,CORRIENTES,18,CAPITAL,21,CORRIENTES,Urbana,Calle,LAVALLE,1200,PIO XII,,,,2,0,0,2,0,Colisión entre vehículos,Colisión entre vehículos,S/D,,Lateral,2,Recta,Intersección / cruce,,NO,,Asfalto,,Apto,Seca,,Ninguna,,,,Si,Si,No,Día,NO,Sin Restricción,Despejado,Buena,,Sin Semáforo
164615,MUNICIPALIDAD DE CORRIENTES,2022-04-03,8:18:00,CORRIENTES,18,CAPITAL,21,CORRIENTES,Rural,Ruta Nacional,12,DESC,AVENIDA RAÚL ALFONSÍN,,-2.747.826,-5.878.273,0,3,0,2,0,Colisión entre vehículos,Colisión entre vehículos,S/D,,Alcance,2,Recta,Intersección / cruce,,NO,,Hormigón,,Apto,Despejada,,Otro,,,,S/D,S/D,S/D,Día,NO,Sin Restricción,Despejado,Buena,,Sin Semáforo
135569,MUNICIPALIDAD DE CORRIENTES,2022-04-03,7:30:00,CORRIENTES,18,CAPITAL,21,CORRIENTES,Urbana,Avenida,CAZADORES CORRENTINOS,3400,MEDRANO,,,,,1,0,1,0,Caída desde vehículo,Caída desde vehículo,S/D,,,1,Recta,Intersección / cruce,,NO,,Asfalto,,Apto,Seca,,Ninguna,,,,,,,Día,NO,Sin Restricción,Despejado,Buena,,
161548,OBSERVATORIO VIAL,2022-04-02,7:20:00,CORRIENTES,18,CAPITAL,21,CORRIENTES,Urbana,Calle,ALTAGRACIA,,SANTA CATALINA,,,,1,1,0,2,0,Colisión entre vehículos,Colisión entre vehículos,S/D,,,2,Recta,Intersección / cruce,,NO,,Asfalto,,Apto,Despejada,,Ninguna,,,,,,,Día,NO,Sin Restricción,Despejado,Buena,,Sin Semáforo
167715,MUNICIPALIDAD DE CORRIENTES,2022-04-02,14:00:00,CORRIENTES,18,CAPITAL,21,CORRIENTES,Urbana,Avenida,AVENIDA ARMENIA,3000,CHACABUCO,,-2.746.750,-5.881.185,1,1,0,2,0,Colisión entre vehículos,Colisión entre vehículos,S/D,,,2,Curva,,,NO,,Asfalto,,Apto,Despejada,,,,,,,,,Día,NO,,Despejado,Buena,,Intermitente
151162,OBSERVATORIO VIAL,2022-04-02,19:30:00,CORRIENTES,18,CAPITAL,21,,Urbana,Avenida,AV MAIPU,,ROCA,,,,1,1,0,2,0,Colisión entre vehículos,Colisión entre vehículos,S/D,,Alcance,2,Recta,Intersección / cruce,,NO,,Asfalto,,Apto,Seca,,,,,,Si,Si,,Noche,SI,Sin Restricción,Despejado,Buena,,Funciona
152978,OBSERVATORIO VIAL,2022-04-02,19:30:00,CORRIENTES,18,,,,Urbana,,VESPUCIO,,TAMPICO,,,,2,0,0,2,0,Colisión entre vehículos,Colisión entre vehículos,S/D,,Rozamiento,2,Recta,Intersección / cruce,,NO,,Asfalto,,,Despejada,,,,,,No,No,No,Noche,SI,Sin Restricción,Despejado,Buena,,Sin Semáforo
174823,OBSERVATORIO VIAL,2022-04-02,16:20:00,CORRIENTES,18,CAPITAL,21,CORRIENTES,Urbana,Calle,LAVALLE,2300,PERÚ,,-2.747.842,-5.882.261,1,1,0,2,0,Colisión entre vehículos,Colisión entre vehículos,,,Lateral,2,,Intersección / cruce,,,No obstruido,Asfalto,,Apto,Seca,,Ninguna,,Ninguna,,Si,No,No,Día,,,Despejado,,,Sin Semáforo
139974,OBSERVATORIO VIAL,2022-04-02,13:39:00,CORRIENTES,18,CAPITAL,21,CORRIENTES,Urbana,Avenida,AV CHACABUCO,1800,GRAL PAZ,,,,2,0,0,2,0,Colisión entre vehículos,Colisión entre vehículos,S/D,,,2,Recta,Intersección / cruce,,NO,,Asfalto,,Apto,Seca,,Ninguna,,,,Si,Si,No,Día,NO,Sin Restricción,Despejado,Buena,,Funciona
175500,OBSERVATORIO VIAL,2022-04-02,16:15:00,CORRIENTES,18,CAPITAL,21,CORRIENTES,Urbana,Calle,BOLIVAR,,CORDOBA,,,,2,0,0,2,0,Colisión entre vehículos,Colisión entre vehículos,,,Angulo,2,,Intersección / cruce,,,S/D,S/D,,Apto,Seca,,S/D,,S/D,,S/D,S/D,S/D,Día,,,Despejado,,,Sin Semáforo
136369,DIRECCIÓN DE SEGURIDAD VIAL,2022-04-02,23:48:00,CORRIENTES,18,CAPITAL,21,CORRIENTES,Urbana,Avenida,AV 3 DE ABRIL,,CORDOBA,,,,1,1,0,2,0,Colisión entre vehículos,Colisión entre vehículos,S/D,,Angulo,2,Recta,Intersección / cruce,,NO,,Hormigón,,Apto,Seca,,Ninguna,,,,,,,Noche,SI,,Despejado,Buena,,
169897,MUNICIPALIDAD DE CORRIENTES,2022-04-02,23:55:00,CORRIENTES,18,CAPITAL,21,CORRIENTES,Urbana,Avenida,AVENIDA MAIPÚ,1699,,,,,0,2,0,1,0,Caída desde vehículo,Caída desde vehículo,S/D,,,1,Recta,,,NO,,Asfalto,,Baches,,,Ninguna,,,,No,No,No,Noche,NO,Sin Restricción,Despejado,Buena,,Sin Semáforo
169890,MUNICIPALIDAD DE CORRIENTES,2022-04-02,13:45:00,CORRIENTES,18,CAPITAL,21,CORRIENTES,Urbana,Calle,CORREA FERNÁNDEZ,1700,AVENIDA SARMIENTO,,-2.748.326,-5.883.088,1,1,0,2,0,Colisión entre vehículos,Colisión entre vehículos,S/D,,Angulo,2,Recta,Intersección / cruce,,NO,,Asfalto,,Apto,"Despejada, Seca",,Ninguna,,,,S/D,S/D,S/D,Día,NO,Sin Restricción,Despejado,Buena,,Funciona
139214,OBSERVATORIO VIAL,2022-03-31,19:59:00,CORRIENTES,18,CAPITAL,21,CORRIENTES,Urbana,Calle,PAISANDU,2200,GUALEGUAYCHU,,-2.749.383,-5.882.456,2,0,0,2,0,Colisión entre vehículos,Colisión entre vehículos,S/D,,,2,Recta,Intersección / cruce,,NO,,Asfalto,,Apto,Seca,,Ninguna,,,,Si,No,No,Día,NO,Sin Restricción,Despejado,Buena,,Sin Semáforo
146714,OBSERVATORIO VIAL,2022-03-28,10:20:00,CORRIENTES,18,,,,,,CATARMARCA,900,,,,,1,1,0,2,0,Colisión entre vehículos,Colisión entre vehículos,S/D,,,2,Recta,Intersección / cruce,,NO,,Asfalto,,Apto,"Despejada, Seca",,Ninguna,,,,S/D,S/D,S/D,Día,NO,Sin Restricción,Despejado,Buena,,Funciona
175504,OBSERVATORIO VIAL,2022-03-28,7:40:00,CORRIENTES,18,CAPITAL,21,CORRIENTES,Urbana,Calle,CARTAGENA,,GASCON,,,,0,1,0,1,0,Salida de calzada,Salida de calzada,,,,1,,Recta,,,,Asfalto,,Apto,Seca,,S/D,,S/D,,S/D,S/D,S/D,Día,,,Despejado,,,S/D
175469,OBSERVATORIO VIAL,2022-03-26,10:30:00,CORRIENTES,18,CAPITAL,21,CORRIENTES,Urbana,Avenida,INDEPENDENCIA,3000,GAZCON,,,,1,1,0,2,0,Colisión entre vehículos,Colisión entre vehículos,,,,2,,Intersección / cruce,,,S/D,Asfalto,,Apto,Seca,,S/D,,S/D,,S/D,S/D,S/D,Día,,,Despejado,,,S/D
136411,OBSERVATORIO VIAL,2022-03-26,19:00:00,CORRIENTES,18,CAPITAL,21,CORRIENTES,Urbana,Avenida,AV ARTIGAS,1100,,,-2.747.160,-5.881.866,2,0,0,2,0,Colisión entre vehículos,Colisión entre vehículos,S/D,,Alcance,2,Recta,Intersección / cruce,,NO,,Asfalto,,Apto,Seca,,Ninguna,,,,Si,Si,No,Día,NO,Sin Restricción,Despejado,Buena,,Funciona
151226,OBSERVATORIO VIAL,2022-03-23,11:18:00,CORRIENTES,18,CAPITAL,21,CORRIENTES,Urbana,Avenida,AV. GOBERNADOR RUIZ,,ESTADOS UNIDOS,,,,2,0,0,2,0,Colisión entre vehículos,Colisión entre vehículos,S/D,,,2,Recta,Intersección / cruce,,NO,,Asfalto,,Apto,Seca,,Ninguna,,,,Si,Si,No,Día,NO,Sin Restricción,Despejado,Buena,,Funciona
159880,MUNICIPALIDAD DE CORRIENTES,2022-03-21,22:00:00,CORRIENTES,18,CAPITAL,21,CORRIENTES,Urbana,Avenida,PAYSANDU,S/D,PATAGONIA,,-2.749.260,-5.882.439,1,1,0,2,0,Colisión entre vehículos,Colisión entre vehículos,S/D,,Angulo,2,Recta,Intersección / cruce,,NO,,Asfalto,,Apto,Seca,,,,,,,,,Noche,SI,Sin Restricción,Despejado,Buena,,
165341,MUNICIPALIDAD DE CORRIENTES,2022-03-20,4:30:00,CORRIENTES,18,CAPITAL,21,CORRIENTES,Urbana,Calle,SANTIAGO DEL ESTERO,350,,,,,0,1,0,1,0,Choque,Choque,S/D,,Inmueble,1,Recta,,RECTA,NO,,Asfalto,,Apto,"Despejada, Seca",,Ninguna,,,,S/D,S/D,S/D,Noche,SI,Sin Restricción,Despejado,Buena,,Sin Semáforo
165293,OBSERVATORIO VIAL,2022-03-20,8:24:00,CORRIENTES,18,CAPITAL,21,CORRIENTES,Urbana,Calle,MEDRANO,1900,LAS HERAS,,-2.748.542,-5.879.905,0,1,0,1,0,"Caída desde vehículo, Colisión entre vehículos",Colisión entre vehículos,S/D,,,1,Recta,Intersección / cruce,,NO,,Asfalto,,Apto,Despejada,,Ninguna,,,,Si,S/D,S/D,Día,NO,Sin Restricción,Despejado,Buena,,Sin Semáforo
155608,OBSERVATORIO VIAL,2022-03-20,8:00:00,CORRIENTES,18,CAPITAL,21,CORRIENTES,Urbana,Avenida,MAIPU,599,TTE IBAÑEZ,,,,1,1,0,2,0,Colisión entre vehículos,Colisión entre vehículos,S/D,,Lateral,2,Recta,Intersección / cruce,,NO,,Asfalto,,Apto,"Despejada, Seca",,Ninguna,,,,Si,Si,No,Día,NO,Sin Restricción,Despejado,Buena,,Funciona
168562,OBSERVATORIO VIAL,2022-03-20,10:15:00,CORRIENTES,18,CAPITAL,21,CORRIENTES,Urbana,Calle,LAS MARGARITAS,191,,,-2.746.104,-5.877.718,2,0,0,2,0,Colisión entre vehículos,Colisión entre vehículos,S/D,,,2,Recta,Intersección / cruce,,NO,,Asfalto,,Apto,Seca,,Ninguna,,,,Si,Si,No,Día,NO,Sin Restricción,Despejado,Buena,,Sin Semáforo
148190,OBSERVATORIO VIAL,2022-03-19,17:00:00,CORRIENTES,18,,,,Urbana,,AV MAIPU,1700,,,,,0,2,0,2,0,Colisión entre vehículos,Colisión entre vehículos,S/D,,Angulo,2,Recta,Intersección / cruce,,NO,,Asfalto,,Apto,"Despejada, Seca",,Ninguna,,,,S/D,S/D,S/D,Día,NO,Sin Restricción,Despejado,Buena,,Sin Semáforo
138493,OBSERVATORIO VIAL,2022-03-19,8:45:00,CORRIENTES,18,CAPITAL,21,CORRIENTES,Urbana,Avenida,AV MAIPU,5900,ROTONDA ACCESO Bª SANTA CATALINA,,-2.752.229,-5.879.982,0,1,0,1,0,Colisión entre vehículos,Colisión entre vehículos,S/D,,,1,Curva,Rotonda,,NO,,Asfalto,,Apto,Seca,,Cordón Divisorio,,,,Si,Si,No,Día,NO,Sin Restricción,Despejado,Buena,,Sin Semáforo
151218,OBSERVATORIO VIAL,2022-03-19,21:50:00,CORRIENTES,18,,,,,Ruta Nacional,12,,PIRAYUI,,,,1,0,0,1,0,,,S/D,CHOQUE,,1,Recta,Intersección / cruce,,NO,,Asfalto,,En reparación,Seca,,Ninguna,,,,S/D,S/D,Si,Noche,SI,,Despejado,Buena,,Sin Semáforo
169868,MUNICIPALIDAD DE CORRIENTES,2022-03-18,18:30:00,CORRIENTES,18,CAPITAL,21,CORRIENTES,Urbana,Calle,25 DE mayo,1060,,,-2.746.417,-5.883.702,2,0,0,2,0,Colisión entre vehículos,Colisión entre vehículos,S/D,,Alcance,2,Recta,Intersección / cruce,,NO,,Asfalto,,Apto,Seca,,,,,,Si,Si,No,Día,NO,Sin Restricción,Despejado,Buena,,Sin Semáforo
142754,OBSERVATORIO VIAL,2022-03-18,15:00:00,CORRIENTES,18,CAPITAL,21,CORRIENTES,Urbana,Calle,HIPOLITO YRIGOYEN,700,SAN LUIS,,,,1,1,0,2,0,Colisión entre vehículos,Colisión entre vehículos,S/D,,Angulo,2,Recta,Intersección / cruce,,NO,,Asfalto,,Apto,"Despejada, Seca",,Ninguna,,,,Si,Si,No,Día,NO,Sin Restricción,Despejado,Buena,,Sin Semáforo
135559,OBSERVATORIO VIAL,2022-03-18,14:30:00,CORRIENTES,18,CAPITAL,21,CORRIENTES,Urbana,Avenida,AV. C.CORRENTINO,4200,LAS PIEDRAS,,-2.748.729,-5.880.139,2,1,0,2,0,Colisión entre vehículos,Colisión entre vehículos,S/D,,Angulo,2,Recta,Intersección / cruce,,NO,,Hormigón,,Apto,Seca,,Cordón Divisorio,,,,Si,,,Día,NO,Sin Restricción,Despejado,Buena,,Funciona
151158,OBSERVATORIO VIAL,2022-03-18,10:30:00,CORRIENTES,18,CAPITAL,21,,,,BELGRANO,1600,,,,,2,0,0,2,0,Colisión entre vehículos,Colisión entre vehículos,S/D,,Alcance,2,Recta,Intersección / cruce,,NO,,Asfalto,,Apto,,,Ninguna,,,,S/D,S/D,S/D,Día,NO,Sin Restricción,Despejado,Buena,,Sin Semáforo
141866,OBSERVATORIO VIAL,2022-03-16,8:50:00,CORRIENTES,18,CAPITAL,21,CORRIENTES,Urbana,Avenida,AV J R VIDAL,2800,CARTAGENA,,,,2,0,0,2,0,Colisión entre vehículos,Colisión entre vehículos,S/D,,Lateral,2,Recta,Rotonda,,NO,,Asfalto,,Apto,Seca,,Cordón Divisorio,,,,Si,S/D,S/D,Día,NO,Sin Restricción,Despejado,Buena,,Sin Semáforo
152104,OBSERVATORIO VIAL,2022-03-15,11:22:00,CORRIENTES,18,CAPITAL,21,,,,MEDRANO,4000,JARDIN BOTANICO,,,,0,1,0,1,0,Atropello a animal/es,Atropello a animal/es,S/D,,,1,Recta,Intersección / cruce,,NO,,Asfalto,,Apto,Seca,,Ninguna,,,,Si,Si,,Día,NO,Sin Restricción,Despejado,Buena,,Sin Semáforo
164619,MUNICIPALIDAD DE CORRIENTES,2022-03-13,6:32:00,CORRIENTES,18,CAPITAL,21,CORRIENTES,Urbana,Avenida,AVDA. 3 DE ABRIL,1100,MENDOZA,,-2.747.567,-5.883.640,1,1,0,2,0,Colisión entre vehículos,Colisión entre vehículos,S/D,,,2,Recta,,,NO,,Asfalto,,Apto,,,,,,,Si,Si,No,Día,NO,Sin Restricción,Despejado,Buena,,Funciona
132625,MUNICIPALIDAD DE CORRIENTES,2022-03-13,14:20:00,CORRIENTES,18,CAPITAL,21,CORRIENTES,Urbana,Calle,BOLIVAR,2700,,,,,1,1,0,2,0,Colisión entre vehículos,Colisión entre vehículos,S/D,,,2,Recta,,,NO,,Asfalto,,Apto,Seca,,,,,,,,,Día,NO,,Despejado,Buena,,
159886,MUNICIPALIDAD DE CORRIENTES,2022-03-13,8:14:00,CORRIENTES,18,CAPITAL,21,CORRIENTES,Urbana,Calle,CATAMARCA,1250,BELGRANO,BOLÍVAR,-2.747.192,-5.883.350,1,1,0,2,0,Colisión entre vehículos,Colisión entre vehículos,S/D,,,2,Recta,,,NO,,Asfalto,,Apto,,,,,,,,,,Día,NO,Sin Restricción,Despejado,Buena,,
169173,MUNICIPALIDAD DE CORRIENTES,2022-03-13,10:20:00,CORRIENTES,18,CAPITAL,21,CORRIENTES,Urbana,Calle,LOS MATACOS,3300,LOS ATACAMAS,,-2.750.404,-5.881.434,0,1,0,1,0,"Caída desde vehículo, Choque",Choque,S/D,CAIDA ÁRBOL SOBRE VEHÍCULO,Arbol,1,Recta,,,NO,,Hormigón,,Apto,Seca,,Ninguna,,,,No,No,No,Día,NO,Sin Restricción,Despejado,Buena,,Sin Semáforo
144736,OBSERVATORIO VIAL,2022-03-13,20:00:00,CORRIENTES,18,CAPITAL,21,CORRIENTES,Urbana,Calle,CUBA,5300,RAMOS MEJIA,,,,1,1,0,2,0,Colisión entre vehículos,Colisión entre vehículos,S/D,,Angulo,2,Recta,Intersección / cruce,,NO,,Asfalto,,Apto,,,Ninguna,,,,No,No,No,Noche,SI,Sin Restricción,Despejado,Buena,,Sin Semáforo
139241,MUNICIPALIDAD DE CORRIENTES,2022-03-12,7:00:00,CORRIENTES,18,CAPITAL,21,CORRIENTES,Urbana,Calle,SAN MARTIN,500,,,,,0,1,0,1,0,Vuelco (solo 1 participante),Vuelco (solo 1 participante),S/D,,,1,Recta,Intersección / cruce,,NO,,Asfalto,,Apto,Seca,,,,,,,,,Día,NO,Sin Restricción,Despejado,Buena,,
141868,OBSERVATORIO VIAL,2022-03-12,12:00:00,CORRIENTES,18,CAPITAL,21,CORRIENTES,Urbana,Calle,ROCA,1200,BELGRANO,,,,0,1,0,1,0,Caída desde vehículo,Caída desde vehículo,S/D,,,1,Recta,Intersección / cruce,,NO,,Asfalto,,Apto,Seca,,Ninguna,,,,Si,S/D,No,Día,NO,Sin Restricción,Despejado,Buena,,Sin Semáforo
156536,OBSERVATORIO VIAL,2022-03-12,19:20:00,CORRIENTES,18,,,,,Ruta Nacional,12,,FERRAU,,,,2,0,0,2,0,,,S/D,,,2,Recta,Intersección / cruce,,NO,,Asfalto,,Apto,Seca,,Ninguna,,,,Si,,Si,Noche,SI,Sin Restricción,Despejado,Buena,,Sin Semáforo
162790,MUNICIPALIDAD DE CORRIENTES,2022-03-12,9:40:00,CORRIENTES,18,CAPITAL,21,CORRIENTES,Rural,Ruta Provincial,RUTA 5 Y MERCEDES CREMONTE,5,,,-2.748.461,-5.877.896,1,1,0,2,0,Colisión entre vehículos,Colisión entre vehículos,S/D,,,2,Recta,Intersección / cruce,,NO,,Asfalto,,Apto,"Despejada, Seca",,Barrera de Hormigón,,,,No,No,No,Día,NO,Sin Restricción,Despejado,Buena,,Sin Semáforo
167705,MUNICIPALIDAD DE CORRIENTES,2022-03-10,14:10:00,CORRIENTES,18,CAPITAL,21,CORRIENTES,Urbana,Calle,MADRID,5200,SHERIDAN,,-2.745.826,-5.878.378,1,2,0,1,0,Vuelco (solo 1 participante),Vuelco (solo 1 participante),S/D,,,1,Recta,Intersección / cruce,,NO,,Hormigón,,Apto,"Despejada, Seca",,Otro,,,,No,No,No,Día,NO,Sin Restricción,Despejado,Buena,,Sin Semáforo
157783,OBSERVATORIO VIAL,2022-03-09,13:00:00,CORRIENTES,18,CAPITAL,21,CORRIENTES,Urbana,Avenida,AV GARAY,490,,,,,2,0,0,2,0,Colisión entre vehículos,Colisión entre vehículos,S/D,,Lateral,2,Recta,Intersección / cruce,,NO,,Asfalto,,Apto,"Despejada, Seca",,Ninguna,,,,S/D,S/D,S/D,Día,NO,Sin Restricción,Despejado,Buena,,Sin Semáforo
174256,OBSERVATORIO VIAL,2022-03-07,11:30:00,CORRIENTES,18,CAPITAL,21,CORRIENTES,Urbana,Avenida,AV TTE IBAÑEZ,960,RIOJA,,,,1,1,0,2,0,Colisión entre vehículos,Colisión entre vehículos,,,,2,,Recta,,,,Asfalto,,Apto,Seca,,S/D,,S/D,,Si,Si,,Día,,,Despejado,,,Sin Semáforo
167695,MUNICIPALIDAD DE CORRIENTES,2022-03-06,23:30:00,CORRIENTES,18,CAPITAL,21,CORRIENTES,Urbana,Avenida,AVENIDA CENTENARIO,4000,,,-2.747.360,-5.880.267,2,0,0,2,0,Colisión entre vehículos,Colisión entre vehículos,S/D,,Angulo,2,Recta,Intersección / cruce,,NO,,Hormigón,,Apto,"Despejada, Seca",,Otro,PARTERRE,,,No,Si,No,Noche,SI,Sin Restricción,Despejado,Buena,,Sin Semáforo
139227,MUNICIPALIDAD DE CORRIENTES,2022-03-05,8:31:00,CORRIENTES,18,CAPITAL,21,CORRIENTES,Urbana,Ruta Provincial,5,,,,-2.747.995,-5.881.170,1,1,0,2,0,Colisión entre vehículos,Colisión entre vehículos,S/D,,Angulo,2,Recta,Intersección / cruce,,NO,,Asfalto,,Apto,Seca,,,,,,Si,Si,No,Día,NO,Sin Restricción,Despejado,Buena,,
151156,OBSERVATORIO VIAL,2022-03-05,13:50:00,CORRIENTES,18,CAPITAL,21,,Urbana,Avenida,AV. 3 DE ABRIL,,BS.AS,,,,2,0,0,2,0,Colisión entre vehículos,Colisión entre vehículos,S/D,,Alcance,2,Recta,,,NO,,Asfalto,,Apto,Seca,,,,,,Si,No,No,Día,NO,Sin Restricción,Despejado,Buena,,Funciona
164585,OBSERVATORIO VIAL,2022-03-05,11:01:00,CORRIENTES,18,CAPITAL,21,CORRIENTES,Urbana,Avenida,RIO CHICO,5900,LAS GARDENIAS,,-2.746.022,-5.877.465,1,1,0,2,0,Colisión entre vehículos,Colisión entre vehículos,S/D,,Lateral,2,Recta,Intersección / cruce,,NO,,Asfalto,,Apto,"Despejada, Seca",,Ninguna,,,,S/D,S/D,S/D,Día,NO,Sin Restricción,Despejado,Buena,,Sin Semáforo
152980,OBSERVATORIO VIAL,2022-03-05,17:15:00,CORRIENTES,18,,,,Urbana,,COSQUIN,,PAYSANDU,,,,0,2,0,1,0,Caída desde vehículo,Caída desde vehículo,S/D,,,1,Recta,Intersección / cruce,,NO,,,,Apto,Despejada,,Cordón Divisorio,,,,No,No,No,Día,NO,Sin Restricción,Despejado,Buena,,Sin Semáforo
153888,OBSERVATORIO VIAL,2022-03-04,13:15:00,CORRIENTES,18,CAPITAL,21,CORRIENTES,Urbana,Avenida,AV. INDEPENDENCIA,3900,,,,,2,0,0,2,0,Colisión entre vehículos,Colisión entre vehículos,S/D,,Alcance,2,Recta,Intersección / cruce,,NO,,Asfalto,,Apto,Seca,,Cordón Divisorio,,,,S/D,S/D,S/D,Día,NO,Sin Restricción,Despejado,Buena,,Funciona
134830,MUNICIPALIDAD DE CORRIENTES,2022-03-04,10:00:00,CORRIENTES,18,CAPITAL,21,CORRIENTES,Urbana,Calle,PJE CATUEGNO,,PJE LONDRES,,,,1,1,0,2,0,Colisión entre vehículos,Colisión entre vehículos,S/D,,,2,Recta,Intersección / cruce,,NO,,Tierra,,Apto,,,,,,,S/D,S/D,S/D,Día,NO,Sin Restricción,Despejado,Buena,,
148995,OBSERVATORIO VIAL,2022-03-04,15:00:00,CORRIENTES,18,CAPITAL,21,CORRIENTES,Urbana,Avenida,AV LIBERTAD,5800,,,,,1,1,0,2,0,Colisión entre vehículos,Colisión entre vehículos,S/D,,Lateral,2,Recta,Intersección / cruce,,NO,,Asfalto,,Apto,"Despejada, Seca",,Cordón Divisorio,,,,Si,Si,No,Día,NO,Sin Restricción,Despejado,Buena,,Sin Semáforo
152979,OBSERVATORIO VIAL,2022-03-03,17:55:00,CORRIENTES,18,,,,Urbana,Calle,MURCIA,,SALAMANCA,,,,1,1,0,2,0,Colisión entre vehículos,Colisión entre vehículos,S/D,,Angulo,2,Recta,Intersección / cruce,,NO,,Asfalto,,Apto,Despejada,,,,,,No,No,,Día,NO,Sin Restricción,Despejado,Buena,,Sin Semáforo
160641,MUNICIPALIDAD DE CORRIENTES,2022-03-03,5:20:00,CORRIENTES,18,CAPITAL,21,CORRIENTES,Urbana,Calle,CATAMARCA,1200,BOLÍVAR,,,,1,2,0,2,0,Colisión entre vehículos,Colisión entre vehículos,S/D,,,2,Recta,Intersección / cruce,,NO,,Asfalto,,Apto,Seca,,Otro,,,,Si,Si,Si,Amanecer,SI,Sin Restricción,Despejado,Buena,,Sin Semáforo
167749,MUNICIPALIDAD DE CORRIENTES,2022-03-03,18:30:00,CORRIENTES,18,CAPITAL,21,CORRIENTES,Rural,Semiautopista/Autovía,ROTONDA VIRGEN DE ITATÍ,12,,,-2.748.432,-5.878.277,2,0,0,2,0,Colisión entre vehículos,Colisión entre vehículos,S/D,,Alcance,2,Curva,Rotonda,,NO,,Asfalto,,Apto,Seca,,Otro,,,,Si,Si,Si,Día,SI,Sin Restricción,Despejado,Buena,,Sin Semáforo
175476,OBSERVATORIO VIAL,2022-03-02,15:00:00,CORRIENTES,18,CAPITAL,21,CORRIENTES,Urbana,Calle,YRIGOYEN,600,SAN LUIS,,-2.746.811,-5.884.301,2,0,0,2,0,Colisión entre vehículos,Colisión entre vehículos,,,Angulo,2,,Intersección / cruce,,,No obstruido,Asfalto,,Apto,Seca,,Ninguna,,Ninguna,,No,No,No,Día,,,Despejado,,,Sin Semáforo
176147,OBSERVATORIO VIAL,2022-03-01,9:20:00,CORRIENTES,18,CAPITAL,21,CORRIENTES,Urbana,Calle,LAVALLE,1800,PARAGUAY,,,,2,1,0,2,0,Colisión entre vehículos,Colisión entre vehículos,,,Lateral,2,,Intersección / cruce,,,No obstruido,Asfalto,,Apto,Seca,,Ninguna,,Ninguna,,No,No,No,Día,,,Despejado,,,Sin Semáforo
141871,OBSERVATORIO VIAL,2022-02-28,19:00:00,CORRIENTES,18,CAPITAL,21,CORRIENTES,Urbana,Calle,CHARRUAS,1700,,,,,0,1,0,1,0,Caída desde vehículo,Caída desde vehículo,S/D,,,1,Recta,Intersección / cruce,,NO,,Ripio,,Apto,Mojada,,Ninguna,,,,S/D,S/D,S/D,Atardecer,SI,Sin Restricción,Lluvia,Lluvia,,Sin Semáforo
136337,OBSERVATORIO VIAL,2022-02-28,9:45:00,CORRIENTES,18,CAPITAL,21,CORRIENTES,Urbana,Calle,ROCA,1300,BELGRANO,,-2.747.341,-5.882.333,2,0,0,2,0,Colisión entre vehículos,Colisión entre vehículos,S/D,,,2,Recta,Intersección / cruce,,NO,,Hormigón,,Apto,,,Ninguna,,,,Si,Si,No,,NO,Sin Restricción,Despejado,Buena,,Sin Semáforo
159928,OBSERVATORIO VIAL,2022-02-27,11:45:00,CORRIENTES,18,CAPITAL,21,CORRIENTES,Urbana,,BELGRANO,,CATAMARCA,,,,2,0,0,2,0,Colisión entre vehículos,Colisión entre vehículos,S/D,,Angulo,2,Recta,Intersección / cruce,,NO,,Asfalto,,Apto,Despejada,,,,,,S/D,S/D,S/D,Día,NO,Sin Restricción,Despejado,Buena,,Sin Semáforo
168422,MUNICIPALIDAD DE CORRIENTES,2022-02-26,9:30:00,CORRIENTES,18,CAPITAL,21,CORRIENTES,Urbana,Avenida,NICARAGUA,3100,AVENIDA MAIPÚ,,,,1,1,0,2,0,Colisión entre vehículos,Colisión entre vehículos,S/D,,Angulo,2,Recta,Intersección / cruce,,NO,,Asfalto,,Apto,"Despejada, Seca",,Ninguna,,,,Si,S/D,S/D,Día,NO,Sin Restricción,Despejado,Buena,,Funciona
159885,MUNICIPALIDAD DE CORRIENTES,2022-02-26,7:11:00,CORRIENTES,18,CAPITAL,21,CORRIENTES,Urbana,Calle,JUJUY,1380,,,-2.747.378,-5.882.855,0,1,0,1,0,Caída desde vehículo,Caída desde vehículo,S/D,,,1,Recta,,,NO,,Asfalto,,Apto,,,,,,,,,,Día,NO,Sin Restricción,Despejado,Buena,,
145171,OBSERVATORIO VIAL,2022-02-26,17:18:00,CORRIENTES,18,CAPITAL,21,CORRIENTES,Urbana,Avenida,AVENIDA ALTA GRACIA,,COCHABAMBA,,,,0,3,0,2,0,Colisión entre vehículos,Colisión entre vehículos,S/D,,,2,Recta,Intersección / cruce,,NO,,Hormigón,,Apto,Seca,,Ninguna,,,,S/D,S/D,S/D,Día,NO,Sin Restricción,Despejado,,,Sin Semáforo
163588,MUNICIPALIDAD DE CORRIENTES,2022-02-25,6:40:00,CORRIENTES,18,CAPITAL,21,CORRIENTES,Urbana,Calle,LAVALLE,100,,,,,2,0,0,2,0,Colisión entre vehículos,Colisión entre vehículos,S/D,,,2,Recta,Intersección / cruce,,NO,,Asfalto,,Apto,Despejada,,Cordón Divisorio,,,,No,No,No,Día,SI,Sin Restricción,,,,Sin Semáforo
175496,OBSERVATORIO VIAL,2022-02-24,8:10:00,CORRIENTES,18,CAPITAL,21,CORRIENTES,Urbana,Calle,ESPAÑA,700,PELLEGRINI,,,,1,1,0,2,0,Colisión entre vehículos,Colisión entre vehículos,,,,2,,Recta,,,,Asfalto,,Apto,Seca,,S/D,,S/D,,S/D,S/D,S/D,Día,,,Despejado,,,S/D
152947,OBSERVATORIO VIAL,2022-02-24,10:40:00,CORRIENTES,18,CAPITAL,21,CORRIENTES,Urbana,Avenida,AV INDEPENDENCIA,4500,MEDRANO,,-2.748.160,-5.879.842,1,0,0,1,0,Colisión entre vehículos,Colisión entre vehículos,S/D,,,1,Recta,Intersección / cruce,,NO,,Asfalto,,Apto,Seca,,Ninguna,,,,Si,Si,No,Día,NO,Sin Restricción,Nublado,Buena,,Funciona
175451,OBSERVATORIO VIAL,2022-02-24,13:10:00,CORRIENTES,18,CAPITAL,21,CORRIENTES,Urbana,Calle,BUENOS AIRES,900,PELLEGRINI,,,,1,1,,2,,Colisión entre vehículos,Colisión entre vehículos,,,,2,,Recta,,,,Asfalto,,Apto,Seca,,S/D,,,,S/D,S/D,S/D,Día,,,Despejado,,,S/D
137055,MUNICIPALIDAD DE CORRIENTES,2022-02-24,16:05:00,CORRIENTES,18,CAPITAL,21,CORRIENTES,Urbana,Avenida,AV. INDEPENDENCIA,4800,SAENZ,,,,2,0,0,2,0,Colisión entre vehículos,Colisión entre vehículos,S/D,,Alcance,2,Recta,Intersección / cruce,,NO,,Asfalto,,Apto,Mojada,,Ninguna,,,,Si,,,Día,NO,Sin Restricción,Lluvia,Lluvia,,Funciona
145156,OBSERVATORIO VIAL,2022-02-23,14:00:00,CORRIENTES,18,CAPITAL,21,CORRIENTES,Urbana,Avenida,AV PUJOL,,BRASIL,,,,4,0,0,4,0,Colisión entre vehículos,Colisión entre vehículos,S/D,,,4,Recta,,,NO,,Asfalto,,Apto,Seca,,Ninguna,,,,Si,Si,Si,Día,NO,Sin Restricción,Despejado,Buena,,Funciona
151219,OBSERVATORIO VIAL,2022-02-23,22:00:00,CORRIENTES,18,,,,Urbana,,TURIN,,AMERICO DESPUCIO,,,,0,1,0,1,0,Caída desde vehículo,Caída desde vehículo,S/D,,,1,Recta,Intersección / cruce,,NO,,Asfalto,,Apto,Seca,,Ninguna,,,,S/D,S/D,S/D,Noche,SI,Sin Restricción,Despejado,Buena,,Sin Semáforo
158344,MUNICIPALIDAD DE CORRIENTES,2022-02-23,10:20:00,CORRIENTES,18,CAPITAL,21,CORRIENTES,Urbana,Calle,LAVALLE,1662,CASI SARMIENTO,,-2.747.765,-5.883.051,2,0,0,2,0,Colisión entre vehículos,Colisión entre vehículos,S/D,,,2,Recta,Intersección / cruce,,NO,,Asfalto,,Apto,Seca,,Ninguna,,,,Si,Si,No,Día,SI,Sin Restricción,Nublado,Buena,,
139753,OBSERVATORIO VIAL,2022-02-22,11:00:00,CORRIENTES,18,CAPITAL,21,CORRIENTES,Urbana,Avenida,AV ALTAGRACIA,1600,AV SANTA CATALINA,,-2.750.907,-5.882.217,1,3,0,2,0,Colisión entre vehículos,Colisión entre vehículos,S/D,,,2,Recta,Intersección / cruce,,NO,,Asfalto,,Apto,Despejada,,Ninguna,,,,No,No,No,Día,NO,Sin Restricción,,Buena,,Sin Semáforo
174255,OBSERVATORIO VIAL,2022-02-22,18:00:00,CORRIENTES,18,CAPITAL,21,CORRIENTES,Urbana,Calle,LAS HERAS,2900,,,,,1,1,0,2,0,Colisión entre vehículos,Colisión entre vehículos,,,Lateral,2,,Recta,,,,Asfalto,,Apto,Seca,,S/D,,S/D,,S/D,S/D,S/D,Día,,,Despejado,,,S/D
175473,OBSERVATORIO VIAL,2022-02-21,8:25:00,CORRIENTES,18,CAPITAL,21,CORRIENTES,Urbana,Avenida,AVENIDA ARMENIA,4200,MARTÍN FIERRO,,-2.746.897,-5.879.968,0,3,0,3,0,Colisión entre vehículos,Colisión entre vehículos,,,,3,,Intersección / cruce,,,No obstruido,Asfalto,,Apto,Seca,,Barreras de seguridad,,Ninguna,Otro,Si,Si,No,Día,,,Despejado,,,Sin Semáforo
157727,OBSERVATORIO VIAL,2022-02-20,9:20:00,CORRIENTES,18,CAPITAL,21,CORRIENTES,Urbana,Avenida,AV LIBERTAD,5225,GRANVILLE,,-2.749.266,-5.882.439,2,0,0,1,0,Vuelco (solo 1 participante),Vuelco (solo 1 participante),S/D,,,1,Recta,Intersección / cruce,,NO,,Tierra,,Apto,"Despejada, Seca",,Cordón Divisorio,,,,S/D,S/D,S/D,Día,NO,Sin Restricción,Despejado,Buena,,Sin Semáforo
174215,SEGURIDAD VIAL,2022-02-20,7:40:00,CORRIENTES,18,CAPITAL,21,CORRIENTES,Urbana,Calle,RIOJA,1500,RIVADAVIA,,,,2,0,0,2,0,Colisión entre vehículos,Colisión entre vehículos,,,Angulo,2,,Recta,,,,Asfalto,,Apto,,,S/D,,Asfalto,,S/D,S/D,S/D,Día,,,Despejado,,,Sin Semáforo
146702,OBSERVATORIO VIAL,2022-02-20,9:25:00,CORRIENTES,18,CAPITAL,21,CORRIENTES,,,ROTONDA ESPAÑA,,,,,,2,0,0,2,0,Colisión entre vehículos,Colisión entre vehículos,S/D,,,2,Recta,Intersección / cruce,,NO,,Asfalto,,Apto,Seca,,Ninguna,,,,S/D,S/D,S/D,Día,NO,Sin Restricción,Despejado,Buena,,Sin Semáforo
151152,OBSERVATORIO VIAL,2022-02-19,10:06:00,CORRIENTES,18,,,,Urbana,,CATAMARCA,,BOLIVAR,,,,1,1,0,2,0,Colisión entre vehículos,Colisión entre vehículos,S/D,,Angulo,2,Recta,Intersección / cruce,,NO,,Asfalto,,Apto,Seca,,Ninguna,,,,S/D,,,Día,NO,Sin Restricción,Despejado,Buena,,
151191,OBSERVATORIO VIAL,2022-02-18,17:56:00,CORRIENTES,18,CAPITAL,21,,Urbana,,SAN LUIS,,SAN MARTIN,,,,1,1,0,2,0,Colisión entre vehículos,Colisión entre vehículos,S/D,,Angulo,2,,Intersección / cruce,,NO,,Asfalto,,Apto,Seca,,Ninguna,,,,S/D,S/D,S/D,,NO,Sin Restricción,Despejado,Buena,,Sin Semáforo
166830,MUNICIPALIDAD DE CORRIENTES,2022-02-17,8:31:00,CORRIENTES,18,CAPITAL,21,CORRIENTES,Urbana,Avenida,AVENIDA INDEPENDENCIA,4400,MEDRANO,,-2.748.167,-5.879.840,1,1,0,2,0,Colisión entre vehículos,Colisión entre vehículos,S/D,,,2,Recta,,,NO,,Asfalto,,Apto,,,,,,,S/D,Si,S/D,Día,NO,Sin Restricción,Despejado,Buena,,Funciona
152941,OBSERVATORIO VIAL,2022-02-17,18:30:00,CORRIENTES,18,CAPITAL,21,CORRIENTES,Urbana,Avenida,AV LIBERTAD,5700,RUTA 12,,,,2,0,0,2,0,Colisión entre vehículos,Colisión entre vehículos,S/D,,Lateral,2,Recta,Intersección / cruce,,NO,,Asfalto,,Apto,"Despejada, Seca",,Ninguna,,,,S/D,S/D,S/D,Noche,SI,Sin Restricción,Lluvia,Buena,,Sin Semáforo
137574,MUNICIPALIDAD DE CORRIENTES,2022-02-17,21:00:00,CORRIENTES,18,CAPITAL,21,CORRIENTES,Urbana,Avenida,MAIPU,3100,,,,,2,0,0,2,0,Colisión entre vehículos,Colisión entre vehículos,S/D,,,2,Recta,Intersección / cruce,,NO,,Asfalto,,Apto,Seca,,Ninguna,,,,Si,,,Noche,SI,Sin Restricción,Despejado,Buena,,
171745,OBSERVATORIO VIAL,2022-02-17,18:16:00,CORRIENTES,18,CAPITAL,21,CORRIENTES,Urbana,Calle,ROCA,1400,MORENO,,-2.747.451,-5.882.344,1,1,0,2,0,Colisión entre vehículos,Colisión entre vehículos,S/D,,Alcance,2,Recta,,,NO,,Asfalto,,Apto,"Despejada, Seca",,Ninguna,,,,Si,S/D,S/D,Día,NO,Sin Restricción,Despejado,Buena,,Sin Semáforo
156587,OBSERVATORIO VIAL,2022-02-17,19:30:00,CORRIENTES,18,CAPITAL,21,CORRIENTES,Urbana,Calle,COSQUIN,,BONASTRE,,,,0,3,0,2,0,Colisión entre vehículos,Colisión entre vehículos,S/D,,Angulo,2,Recta,Intersección / cruce,,NO,,Asfalto,,Apto,Seca,,Ninguna,,,,S/D,S/D,S/D,Día,NO,Sin Restricción,Despejado,Buena,,Sin Semáforo
161485,MUNICIPALIDAD DE CORRIENTES,2022-02-17,7:45:00,CORRIENTES,18,CAPITAL,21,CORRIENTES,Urbana,Avenida,AVDA. PAYSANDÚ,2200,AVDA. PATAGONIA,,-2.749.263,-5.882.441,0,2,0,2,0,Colisión entre vehículos,Colisión entre vehículos,S/D,,Angulo,2,Recta,Intersección / cruce,,NO,,Asfalto,,Apto,Seca,,,,,,,,,Noche,SI,Sin Restricción,Despejado,Buena,,
165425,MUNICIPALIDAD DE CORRIENTES,2022-02-17,6:35:00,CORRIENTES,18,CAPITAL,21,CORRIENTES,Urbana,Calle,GUTENBERG,2600,SANTA CRUZ,,,,0,4,0,1,0,Vuelco (solo 1 participante),Vuelco (solo 1 participante),S/D,,,1,Recta,Intersección / cruce,,NO,,Asfalto,,Apto,Mojada,,Ninguna,,,,Si,No,No,Amanecer,NO,Sin Restricción,Nublado,Buena,,Sin Semáforo
176150,OBSERVATORIO VIAL,2022-02-16,14:34:00,CORRIENTES,18,CAPITAL,21,CORRIENTES,Urbana,Avenida,COSQUIN,,EL MAESTRO,,,,1,1,0,2,0,Colisión entre vehículos,Colisión entre vehículos,,,,2,,Recta,,,,Asfalto,,Apto,Seca,,S/D,,S/D,,Si,,,Día,,,Despejado,,,Sin Semáforo
151220,OBSERVATORIO VIAL,2022-02-15,14:10:00,CORRIENTES,18,,,,Urbana,Avenida,AV. FERRE,,ROCA,,,,1,1,0,2,0,,,S/D,,,2,Recta,Intersección / cruce,,NO,,Asfalto,,Apto,Seca,,Cordón Divisorio,,,,S/D,S/D,S/D,Día,NO,Sin Restricción,Despejado,Buena,,Funciona
145061,OBSERVATORIO VIAL,2022-02-15,10:08:00,CORRIENTES,18,CAPITAL,21,CORRIENTES,Urbana,Avenida,AV PUJOL,1800,JUJUY,,-2.746.289,-5.882.728,4,0,0,2,0,Colisión entre vehículos,Colisión entre vehículos,S/D,,,2,Recta,Intersección / cruce,,NO,,Asfalto,,Apto,Seca,,Ninguna,,,,Si,Si,No,Día,NO,Sin Restricción,Lluvia,Lluvia,,Sin Semáforo
146711,OBSERVATORIO VIAL,2022-02-13,15:38:00,CORRIENTES,18,,,,,Avenida,,,CHACO,,,,1,1,0,2,0,Colisión entre vehículos,Colisión entre vehículos,S/D,,,2,,Intersección / cruce,,NO,,Hormigón,,Apto,Seca,,Cordón Divisorio,,,,Si,Si,,Día,NO,Sin Restricción,Despejado,Buena,,Funciona
169151,MUNICIPALIDAD DE CORRIENTES,2022-02-13,10:53:00,CORRIENTES,18,CAPITAL,21,CORRIENTES,Urbana,Calle,CATAMARCA,1400,PLÁCIDO MARTÍNEZ,,-2.746.240,-5.883.243,2,0,0,2,0,Colisión entre vehículos,Colisión entre vehículos,S/D,,,2,Recta,Intersección / cruce,,NO,,Asfalto,,Apto,,,Ninguna,,,,No,Si,No,Día,NO,Sin Restricción,Despejado,Buena,,Sin Semáforo
139234,MUNICIPALIDAD DE CORRIENTES,2022-02-13,19:14:00,CORRIENTES,18,CAPITAL,21,CORRIENTES,Urbana,Avenida,AV. CENTENARIO,,MEDRANO,,,,2,0,0,2,0,Colisión entre vehículos,Colisión entre vehículos,S/D,,,2,Recta,Intersección / cruce,,NO,,Asfalto,,Apto,Seca,,Ninguna,,,,,,,Día,NO,Sin Restricción,Despejado,Buena,,
156529,OBSERVATORIO VIAL,2022-02-12,18:50:00,CORRIENTES,18,CAPITAL,21,CORRIENTES,Urbana,Calle,MARTIN FIERRO,600,,,,,0,2,0,2,0,Colisión entre vehículos,Colisión entre vehículos,S/D,,,2,Recta,Intersección / cruce,,NO,,Asfalto,,Apto,Seca,,Ninguna,,,,S/D,S/D,S/D,Noche,SI,Sin Restricción,Despejado,Buena,,Sin Semáforo
169158,MUNICIPALIDAD DE CORRIENTES,2022-02-12,9:05:00,CORRIENTES,18,CAPITAL,21,CORRIENTES,Urbana,Avenida,AVENIDA INDEPENDENCIA,4067,NIÑO JESÚS,,-2.748.069,-5.880.215,2,1,0,2,0,Colisión entre vehículos,Colisión entre vehículos,S/D,,Angulo,2,Recta,Intersección / cruce,,NO,,Asfalto,,Apto,"Despejada, Seca",,Cordón Divisorio,,,,Si,Si,No,Día,NO,Sin Restricción,Despejado,Buena,,Sin Semáforo
148213,OBSERVATORIO VIAL,2022-02-12,8:50:00,CORRIENTES,18,CAPITAL,21,,Urbana,,YRIGOYEN,,PARAGUAY,,,,1,1,0,2,0,Colisión entre vehículos,Colisión entre vehículos,S/D,,Angulo,2,Recta,Intersección / cruce,,,,Asfalto,,,Mojada,,,,,,S/D,S/D,S/D,Día,NO,Sin Restricción,Lluvia,Lluvia,,Sin Semáforo
156535,OBSERVATORIO VIAL,2022-02-12,6:05:00,CORRIENTES,18,,,,Urbana,Calle,9 DE julio,,SALTA,,,,1,1,0,2,0,Colisión entre vehículos,Colisión entre vehículos,S/D,,Angulo,2,Recta,Intersección / cruce,,NO,,Asfalto,,Apto,Mojada,,Ninguna,,,,Si,Si,S/D,Noche,SI,Sin Restricción,Lluvia,Lluvia,,Sin Semáforo
162769,OBSERVATORIO VIAL,2022-02-11,10:30:00,CORRIENTES,18,CAPITAL,21,CORRIENTES,Urbana,Calle,NAPOLES,2600,SAN FRANCISCO DE ASIS,,-2.749.605,-5.878.341,2,0,0,2,0,Colisión entre vehículos,Colisión entre vehículos,S/D,,Lateral,2,Recta,,,NO,,Asfalto,,Apto,"Despejada, Seca",,Ninguna,,,,S/D,S/D,S/D,Día,NO,Sin Restricción,Despejado,Buena,,Sin Semáforo
162786,MUNICIPALIDAD DE CORRIENTES,2022-02-11,11:10:00,CORRIENTES,18,CAPITAL,21,CORRIENTES,Urbana,Calle,BRASIL,2107,HIPÓLITO YRIGOYEN,,-2.746.987,-5.882.417,2,0,0,2,0,Colisión entre vehículos,Colisión entre vehículos,S/D,,,2,Recta,Intersección / cruce,,NO,,Asfalto,,Apto,Seca,,Ninguna,,,,Si,Si,No,Día,NO,Sin Restricción,Nublado,Buena,,Sin Semáforo
169171,MUNICIPALIDAD DE CORRIENTES,2022-02-10,7:55:00,CORRIENTES,18,CAPITAL,21,CORRIENTES,Urbana,Calle,MANUEL BELGRANO,1500,SAN LORENZO,,-2.747.252,-5.883.224,1,1,0,2,0,Colisión entre vehículos,Colisión entre vehículos,S/D,,,2,Recta,Intersección / cruce,,NO,,Asfalto,,Apto,Seca,,Ninguna,,,,Si,Si,No,Día,SI,Sin Restricción,Despejado,Buena,,Sin Semáforo
143771,OBSERVATORIO VIAL,2022-02-10,22:17:00,CORRIENTES,18,CAPITAL,21,CORRIENTES,Urbana,Avenida,AV PUJOL,1900,URUGUAY,PARAGUAY,,,2,0,0,2,0,Colisión entre vehículos,Colisión entre vehículos,S/D,,Alcance,2,Recta,Intersección / cruce,,NO,,Asfalto,,Apto,"Despejada, Seca",,Cordón Divisorio,,,,Si,Si,No,Noche,SI,Sin Restricción,Despejado,Buena,,Funciona
167699,MUNICIPALIDAD DE CORRIENTES,2022-02-09,5:00:00,CORRIENTES,18,CAPITAL,21,CORRIENTES,Urbana,Avenida,AVENIDA CENTENARIO,4400,,,,,3,0,0,3,0,Colisión entre vehículos,Colisión entre vehículos,S/D,,Alcance,3,Recta,Intersección / cruce,,NO,,Hormigón,,Apto,"Despejada, Seca",,Otro,PARTERRE,,,,,,Noche,SI,,Despejado,Buena,,Funciona
175503,OBSERVATORIO VIAL,2022-02-09,10:13:00,CORRIENTES,18,CAPITAL,21,CORRIENTES,Urbana,Avenida,AV 3 DE ABRIL,,BUENOS AIRES,,,,1,1,0,2,0,Colisión entre vehículos,Colisión entre vehículos,,,,2,,Recta,,,,Asfalto,,Apto,Seca,,S/D,,S/D,,S/D,S/D,S/D,Día,,,Despejado,,,S/D
148952,OBSERVATORIO VIAL,2022-02-08,0:28:00,CORRIENTES,18,CAPITAL,21,CORRIENTES,Urbana,Avenida,AV ARMENIA,3500,19 DE mayo,,,,1,1,0,2,0,Colisión entre vehículos,Colisión entre vehículos,S/D,,Lateral,2,Recta,Intersección / cruce,,NO,,Asfalto,,Apto,Seca,,Cordón Divisorio,,,,Si,No,,Día,SI,Sin Restricción,Despejado,Buena,,Intermitente
152938,OBSERVATORIO VIAL,2022-02-08,22:30:00,CORRIENTES,18,CAPITAL,21,CORRIENTES,Urbana,Avenida,AV INDEPENDENCIA,4600,DARRAGUEIRA,,,,1,0,0,1,0,Choque,Choque,S/D,,Otro,1,Recta,Intersección / cruce,,NO,,Asfalto,,Apto,"Despejada, Seca",,Cordón Divisorio,,,,Si,Si,No,Noche,SI,Sin Restricción,Despejado,Buena,,Sin Semáforo
152969,OBSERVATORIO VIAL,2022-02-08,6:45:00,CORRIENTES,18,CAPITAL,21,,Urbana,,MEDRANO,,AVELLANEDA,,,,1,1,0,2,0,Colisión entre vehículos,Colisión entre vehículos,S/D,,,2,Recta,Intersección / cruce,,NO,,Asfalto,,Apto,Seca,,Ninguna,,,,S/D,S/D,S/D,Amanecer,SI,Sin Restricción,Despejado,Buena,,Sin Semáforo
139975,OBSERVATORIO VIAL,2022-02-07,13:15:00,CORRIENTES,18,CAPITAL,21,CORRIENTES,Urbana,Calle,DOMINGO LASTRA,3400,GALLARDO,,,,2,0,0,2,0,Colisión entre vehículos,Colisión entre vehículos,S/D,,Lateral,2,Recta,Intersección / cruce,,NO,,Asfalto,,Apto,Seca,,Ninguna,,,,Si,Si,No,Día,NO,Sin Restricción,Despejado,Buena,,Sin Semáforo
134807,OBSERVATORIO VIAL,2022-02-07,12:27:00,CORRIENTES,18,CAPITAL,21,CORRIENTES,Urbana,Avenida,AV PUJOL,2178,,,,,2,0,0,2,0,Colisión entre vehículos,Colisión entre vehículos,S/D,,Lateral,2,Recta,,,NO,,Asfalto,,Apto,Seca,,Cordón Divisorio,,,,Si,Si,,Día,NO,Sin Restricción,Despejado,Buena,,Sin Semáforo
142761,OBSERVATORIO VIAL,2022-02-06,13:18:00,CORRIENTES,18,CAPITAL,21,CORRIENTES,Urbana,Calle,SAN MARTIN,1100,SAN JUAN,,,,1,1,0,2,0,Colisión entre vehículos,Colisión entre vehículos,S/D,,Lateral,2,Recta,Intersección / cruce,,NO,,Asfalto,,Apto,"Despejada, Seca",,Ninguna,,,,Si,Si,No,Día,NO,Sin Restricción,Despejado,Buena,,Sin Semáforo
160683,MUNICIPALIDAD DE CORRIENTES,2022-02-06,9:00:00,CORRIENTES,18,CAPITAL,21,CORRIENTES,Urbana,Calle,9 DE julio,1000,LA RIOJA,,-2.746.637,-5.883.795,2,0,0,2,0,Colisión entre vehículos,Colisión entre vehículos,S/D,,Lateral,2,Recta,Intersección / cruce,,NO,,Asfalto,,Apto,Despejada,,Otro,,,,,,,Día,NO,Sin Restricción,Despejado,Buena,,Funciona
165424,MUNICIPALIDAD DE CORRIENTES,2022-02-06,11:18:00,CORRIENTES,18,CAPITAL,21,CORRIENTES,Urbana,Avenida,AVENIDA CAZADORES CORRENTINOS,5003,YUGOSLAVIA,,-2.748.851,-5.879.248,2,1,0,2,0,Colisión entre vehículos,Colisión entre vehículos,S/D,,,2,Recta,Intersección / cruce,,NO,,Hormigón,,Apto,Seca,,Ninguna,,,,Si,No,No,,NO,Sin Restricción,Despejado,Buena,,Sin Semáforo
156532,OBSERVATORIO VIAL,2022-02-06,17:21:00,CORRIENTES,18,,,,Urbana,Calle,ESPAÑA,,PELLEGRINI,,,,2,0,0,2,0,Colisión entre vehículos,Colisión entre vehículos,S/D,,Angulo,2,Recta,Intersección / cruce,,NO,,Asfalto,,Apto,Seca,,Ninguna,,,,S/D,S/D,S/D,Atardecer,NO,,Nublado,Buena,,Sin Semáforo
146701,OBSERVATORIO VIAL,2022-02-05,7:58:00,CORRIENTES,18,CAPITAL,21,CORRIENTES,Urbana,,25 DE mayo,,SALTA,,,,2,0,0,2,0,Colisión entre vehículos,Colisión entre vehículos,S/D,,Angulo,2,Recta,Intersección / cruce,,NO,,Asfalto,,Apto,Seca,,Ninguna,,,,S/D,S/D,S/D,Día,NO,Sin Restricción,Despejado,Buena,,Sin Semáforo
168136,MUNICIPALIDAD DE CORRIENTES,2022-02-05,8:48:00,CORRIENTES,18,CAPITAL,21,CORRIENTES,Urbana,Calle,MENDOZA,965,,,,,2,0,0,2,0,Colisión entre vehículos,Colisión entre vehículos,S/D,,,2,Recta,,RECTA,NO,,Hormigón,,Apto,Seca,,Barrera de Hormigón,,,,Si,Si,No,Día,NO,,Despejado,Buena,,Sin Semáforo
171742,OBSERVATORIO VIAL,2022-02-04,22:15:00,CORRIENTES,18,CAPITAL,21,CORRIENTES,Urbana,Avenida,AVDA. MAIPÚ,6400,,,-2.752.182,-5.879.969,1,1,0,2,0,Colisión entre vehículos,Colisión entre vehículos,S/D,,Angulo,2,Recta,Intersección / cruce,,NO,,Asfalto,,Apto,"Despejada, Seca",,Cordón Divisorio,,,,S/D,Si,S/D,Noche,SI,Sin Restricción,Despejado,Buena,,Sin Semáforo
175447,OBSERVATORIO VIAL,2022-02-03,10:50:00,CORRIENTES,18,CAPITAL,21,CORRIENTES,Urbana,Avenida,COSTANERA,500,SAN LUIS,,,,1,1,0,2,0,Colisión entre vehículos,Colisión entre vehículos,,,Lateral,2,,Intersección / cruce,,,No obstruido,Asfalto,,Apto,Seca,,Barreras de seguridad,,Asfalto,Barrera de Hormigón,Si,Si,S/D,Día,,,Despejado,,,Sin Semáforo
139220,OBSERVATORIO VIAL,2022-02-03,12:39:00,CORRIENTES,18,CAPITAL,21,CORRIENTES,Urbana,Avenida,AV INDEPENDENCIA,3300,REPUBLICA DOMINICANA,,-2.747.879,-5.881.133,2,0,0,2,0,Colisión entre vehículos,Colisión entre vehículos,S/D,,,2,Recta,Intersección / cruce,,NO,,Asfalto,,,Seca,,Ninguna,,,,Si,Si,No,Día,,Sin Restricción,Despejado,Buena,,Funciona
141867,OBSERVATORIO VIAL,2022-02-03,11:30:00,CORRIENTES,18,CAPITAL,21,CORRIENTES,Urbana,Calle,SAN MARTIN,1500,SAN LORENZO,,,,1,1,0,2,0,Colisión entre vehículos,Colisión entre vehículos,S/D,,Lateral,2,Recta,Intersección / cruce,,NO,,Asfalto,,Apto,Seca,,,,,,S/D,S/D,S/D,Día,SI,Sin Restricción,Despejado,Buena,,Funciona
146722,OBSERVATORIO VIAL,2022-02-03,15:40:00,CORRIENTES,18,CAPITAL,21,,Urbana,Calle,,,FRANCIA,,,,0,1,0,1,0,Caída desde vehículo,Caída desde vehículo,S/D,,,1,Recta,Intersección / cruce,,NO,,Asfalto,,Apto,Mojada,,Ninguna,,,,S/D,S/D,S/D,Día,NO,Sin Restricción,Lluvia,Lluvia,,Sin Semáforo
148997,OBSERVATORIO VIAL,2022-02-03,18:40:00,CORRIENTES,18,CAPITAL,21,CORRIENTES,Urbana,Ruta Nacional,12,,MAIPU,,,,1,0,0,1,0,Vuelco (solo 1 participante),Vuelco (solo 1 participante),S/D,,,1,Recta,,RECTA,NO,,Asfalto,,Apto,Seca,,,,,,Si,S/D,S/D,Noche,SI,Sin Restricción,Despejado,Buena,,Sin Semáforo
155567,OBSERVATORIO VIAL,2022-02-03,16:50:00,CORRIENTES,18,CAPITAL,21,CORRIENTES,Urbana,Calle,GUTEMBERG,1700,LAVALLE,,-2.747.761,-5.883.154,1,1,0,2,0,Colisión entre vehículos,Colisión entre vehículos,S/D,,Angulo,2,Recta,Intersección / cruce,,NO,,Asfalto,,Apto,Seca,,Ninguna,,,,S/D,S/D,S/D,Día,SI,Sin Restricción,Despejado,Buena,,Sin Semáforo
161552,OBSERVATORIO VIAL,2022-02-02,9:10:00,CORRIENTES,18,CAPITAL,21,CORRIENTES,Urbana,,GOBDRNADOR CONTE,,GENERAL PAZ,,,,2,0,0,2,0,Colisión entre vehículos,Colisión entre vehículos,S/D,,,2,Recta,Intersección / cruce,,NO,,Asfalto,,Apto,,,Ninguna,,,,,,,Día,NO,Sin Restricción,Despejado,Buena,,Sin Semáforo
151215,OBSERVATORIO VIAL,2022-02-02,9:18:00,CORRIENTES,18,CAPITAL,21,CORRIENTES,Urbana,,CORDOBA,,BELGRANO,,,,4,0,0,2,0,Colisión entre vehículos,Colisión entre vehículos,S/D,,Angulo,2,Recta,Intersección / cruce,,NO,,Asfalto,,Apto,Seca,,Ninguna,,,,Si,Si,No,Día,NO,Sin Restricción,Despejado,Buena,,Sin Semáforo
176154,OBSERVATORIO VIAL,2022-02-02,13:20:00,CORRIENTES,18,CAPITAL,21,CORRIENTES,Urbana,Calle,LUIS BRAILE,3535,,,,,0,1,0,1,0,Vuelco (solo 1 participante),Vuelco (solo 1 participante),,,,1,,Recta,,,,Asfalto,,Apto,Seca,,S/D,,S/D,,S/D,S/D,S/D,Día,,,Despejado,,,S/D
140918,OBSERVATORIO VIAL,2022-02-02,22:20:00,CORRIENTES,18,CAPITAL,21,CORRIENTES,Urbana,Calle,9 DE julio,750,ROCA,,,,1,1,0,2,0,Colisión entre vehículos,Colisión entre vehículos,S/D,,Angulo,2,Curva,Rotonda,,SI,,Asfalto,,Apto,Seca,,,,,,,Si,,Noche,SI,Sin Restricción,Despejado,Buena,,Sin Semáforo
148953,OBSERVATORIO VIAL,2022-02-02,9:45:00,CORRIENTES,18,CAPITAL,21,CORRIENTES,Urbana,Avenida,AV J.R FERNANDEZ,200,,,,,0,2,0,1,1,Atropello a peatón/es,Atropello a peatón/es,S/D,,,2,Recta,Intersección / cruce,,NO,,Asfalto,,Apto,Seca,,Cordón Divisorio,,,,Si,Si,S/D,Día,NO,Sin Restricción,Despejado,Buena,,Funciona
147419,OBSERVATORIO VIAL,2022-02-01,11:55:00,CORRIENTES,18,CAPITAL,21,CORRIENTES,Urbana,,JOSE INGENIERO,410,,,,,2,0,0,2,0,Colisión entre vehículos,Colisión entre vehículos,S/D,,Angulo,2,Recta,Intersección / cruce,,NO,,Asfalto,,Apto,"Despejada, Seca",,Ninguna,,,,S/D,S/D,S/D,Día,NO,Sin Restricción,Despejado,Buena,,Sin Semáforo
162767,OBSERVATORIO VIAL,2022-02-01,14:30:00,CORRIENTES,18,CAPITAL,21,CORRIENTES,Urbana,Calle,SUIZA,2900,RECONQUISTA,,-2.747.585,-5.881.283,2,1,0,3,0,Colisión entre vehículos,Colisión entre vehículos,S/D,,Multiple,3,Recta,Intersección / cruce,,NO,,Asfalto,,Apto,"Despejada, Seca",,Ninguna,,,,S/D,S/D,S/D,Día,NO,Sin Restricción,Despejado,Buena,,Sin Semáforo
145178,OBSERVATORIO VIAL,2022-02-01,17:50:00,CORRIENTES,18,,,,Urbana,,HIPOLITO YRIGOYEN,,PARAGUAY,,,,3,0,0,3,0,Colisión entre vehículos,Colisión entre vehículos,S/D,,Alcance,3,Recta,Intersección / cruce,,NO,,Asfalto,,Apto,Seca,,Barrera de Hormigón,,,,S/D,S/D,S/D,Día,NO,Sin Restricción,Despejado,Buena,,Sin Semáforo
169870,MUNICIPALIDAD DE CORRIENTES,2022-01-31,9:25:00,CORRIENTES,18,CAPITAL,21,CORRIENTES,Urbana,Calle,BRASIL,700,CARLOS PELLEGRINI,,-2.746.651,-5.882.376,1,1,0,2,0,Colisión entre vehículos,Colisión entre vehículos,S/D,,,2,Recta,Intersección / cruce,,SI,,Asfalto,,Apto,Seca,,,,,,Si,Si,S/D,Día,NO,Sin Restricción,Despejado,Buena,,Sin Semáforo
139238,MUNICIPALIDAD DE CORRIENTES,2022-01-31,13:10:00,CORRIENTES,18,CAPITAL,21,CORRIENTES,Urbana,Ruta Nacional,12,1031,,,,,1,1,0,2,0,Colisión entre vehículos,Colisión entre vehículos,S/D,,,2,Recta,Intersección / cruce,,NO,,Asfalto,,Apto,Seca,,Ninguna,,,,No,Si,Si,Día,NO,Otro,Despejado,Buena,,
153894,OBSERVATORIO VIAL,2022-01-31,18:14:00,CORRIENTES,18,CAPITAL,21,CORRIENTES,Urbana,,MENDOZA,1387,,,,,2,0,0,2,0,Colisión entre vehículos,Colisión entre vehículos,S/D,,Alcance,2,Recta,Intersección / cruce,,NO,,Asfalto,,Apto,Seca,,Ninguna,,,,S/D,S/D,S/D,Día,NO,Sin Restricción,Despejado,Buena,,
134814,OBSERVATORIO VIAL,2022-01-30,12:30:00,CORRIENTES,18,CAPITAL,21,CORRIENTES,Urbana,Avenida,AV. INDEPENDENCIA,3700,TACUARI,,,,1,1,0,2,0,Colisión entre vehículos,Colisión entre vehículos,S/D,,Lateral,2,Recta,Intersección / cruce,,NO,,Asfalto,,Apto,Seca,,Cordón Divisorio,,,,Si,Si,No,Día,NO,Sin Restricción,Despejado,Buena,,Funciona
137593,MUNICIPALIDAD DE CORRIENTES,2022-01-30,19:19:00,CORRIENTES,18,CAPITAL,21,CORRIENTES,Urbana,Avenida,AV. JUAN DE VERA,,SALTA,,,,1,1,0,2,0,Colisión entre vehículos,Colisión entre vehículos,S/D,,Angulo,2,Recta,Intersección / cruce,,NO,,Asfalto,,Apto,Seca,,Ninguna,,,,,,,Día,NO,Sin Restricción,Despejado,Buena,,
139258,OBSERVATORIO VIAL,2022-01-29,9:40:00,CORRIENTES,18,CAPITAL,21,CORRIENTES,Urbana,Avenida,AV PEDRO FERRE,2600,,,,,0,1,0,1,0,Caída desde vehículo,Caída desde vehículo,S/D,,,1,Recta,Intersección / cruce,,NO,,Asfalto,,Apto,Seca,,,,,,Si,Si,S/D,Día,NO,Sin Restricción,Despejado,Buena,,Funciona
147089,OBSERVATORIO VIAL,2022-01-27,15:25:00,CORRIENTES,18,CAPITAL,21,,,Avenida,MORSE,,RAUL ALFONSIN,,,,3,0,0,3,0,"Colisión entre vehículos, Vuelco (solo 1 participante)",Colisión entre vehículos,S/D,,Alcance,3,Recta,Intersección / cruce,,NO,,Hormigón,,Apto,Seca,,Cordón Divisorio,,,,Si,Si,S/D,Día,NO,Sin Restricción,Despejado,Buena,,Funciona
167696,MUNICIPALIDAD DE CORRIENTES,2022-01-26,12:30:00,CORRIENTES,18,CAPITAL,21,CORRIENTES,Urbana,Avenida,AVENIDA RAÚL AALFONSIN,4280,,,-2.747.486,-5.879.862,2,0,0,2,0,Colisión entre vehículos,Colisión entre vehículos,S/D,,,2,Recta,Intersección / cruce,,NO,,Hormigón,,Apto,Seca,,Cordón Divisorio,,,,Si,Si,No,Día,NO,Sin Restricción,Despejado,Buena,,Sin Semáforo
171741,OBSERVATORIO VIAL,2022-01-26,12:15:00,CORRIENTES,18,CAPITAL,21,CORRIENTES,Urbana,Calle,AGUSTÍN ONTIVEROS,1000,ÁNGEL HEREDIA,,-2.747.183,-5.879.149,1,1,0,2,0,Choque,Choque,S/D,,,2,Recta,Intersección / cruce,,NO,,Asfalto,,Apto,"Despejada, Seca",,,,,,S/D,S/D,S/D,Día,NO,Sin Restricción,Despejado,Buena,,Sin Semáforo
139935,OBSERVATORIO VIAL,2022-01-25,9:10:00,CORRIENTES,18,CAPITAL,21,CORRIENTES,Urbana,Calle,LAS PIEDRAS,2400,ZAPIOLA,,,,2,1,0,1,0,Despiste,Despiste,Si,,,1,Recta,Intersección / cruce,,NO,,Asfalto,,Apto,Seca,,Ninguna,,,,Si,Si,No,Día,NO,Sin Restricción,Despejado,Buena,,Sin Semáforo
165428,MUNICIPALIDAD DE CORRIENTES,2022-01-25,6:10:00,CORRIENTES,18,CAPITAL,21,CORRIENTES,Urbana,Avenida,AVENIDA 3 DE ABRIL,1700,ESPAÑA,,-2.747.635,-5.883.013,1,1,0,2,0,Colisión entre vehículos,Colisión entre vehículos,S/D,,Angulo,2,Recta,Intersección / cruce,,NO,,Asfalto,,Apto,Seca,,Cordón Divisorio,,,,Si,Si,No,Amanecer,SI,Sin Restricción,Despejado,Buena,,Funciona
165349,MUNICIPALIDAD DE CORRIENTES,2022-01-24,13:50:00,CORRIENTES,18,CAPITAL,21,CORRIENTES,Urbana,Calle,SUIZA,3100,RECONQUISTA,,-2.747.576,-5.881.275,1,2,0,2,0,,,S/D,,,2,Recta,Intersección / cruce,,NO,,Asfalto,,Apto,"Despejada, Seca",,Ninguna,,,,S/D,S/D,,Día,NO,Sin Restricción,Despejado,Buena,,Sin Semáforo
166829,MUNICIPALIDAD DE CORRIENTES,2022-01-24,10:50:00,CORRIENTES,18,CAPITAL,21,CORRIENTES,Urbana,Calle,SIMÓN BOLÍVAR,2300,PERÚ,,-2.747.240,-5.882.188,2,0,0,2,0,Colisión entre vehículos,Colisión entre vehículos,S/D,,Angulo,2,Recta,Intersección / cruce,,NO,,Asfalto,,Apto,Despejada,,Ninguna,,,,S/D,Si,S/D,Día,NO,Sin Restricción,Despejado,Buena,,Sin Semáforo
146708,OBSERVATORIO VIAL,2022-01-24,12:50:00,CORRIENTES,18,,,,,,RESOAGLI,,CARTAGENA,,,,2,0,0,2,0,Colisión entre vehículos,Colisión entre vehículos,S/D,,Angulo,2,Recta,Intersección / cruce,,NO,,Asfalto,,Apto,Seca,,Ninguna,,,,S/D,S/D,S/D,Día,NO,Sin Restricción,Despejado,Buena,,Sin Semáforo
134818,MUNICIPALIDAD DE CORRIENTES,2022-01-24,7:50:00,CORRIENTES,18,CAPITAL,21,CORRIENTES,Urbana,Avenida,CARTAGENA,,RECONQUISTA,,,,1,1,0,2,0,Colisión entre vehículos,Colisión entre vehículos,S/D,,,2,Recta,Intersección / cruce,,NO,,Asfalto,,Apto,Seca,,Ninguna,,,,,,,Día,NO,Sin Restricción,Despejado,Buena,,
138492,OBSERVATORIO VIAL,2022-01-24,13:36:00,CORRIENTES,18,CAPITAL,21,CORRIENTES,Urbana,Calle,25 DE mayo,1500,SAN LORENZO,,-2.746.477,-5.883.141,1,2,0,2,0,Colisión entre vehículos,Colisión entre vehículos,S/D,,,2,Recta,Intersección / cruce,,NO,,Asfalto,,Apto,Seca,,Ninguna,,,,Si,Si,No,Día,NO,Sin Restricción,Despejado,,,Sin Semáforo
135568,MUNICIPALIDAD DE CORRIENTES,2022-01-24,10:15:00,CORRIENTES,18,CAPITAL,21,CORRIENTES,Urbana,Avenida,AV ARMENIA,3900,22 DE mayo,,,,1,1,0,2,0,Colisión entre vehículos,Colisión entre vehículos,S/D,,,2,Recta,Intersección / cruce,,NO,,Asfalto,,Apto,Seca,,Ninguna,,,,,,,Día,NO,Sin Restricción,Despejado,Buena,,
137573,MUNICIPALIDAD DE CORRIENTES,2022-01-23,19:15:00,CORRIENTES,18,CAPITAL,21,CORRIENTES,Urbana,Ruta Nacional,12,1035,,,,,1,1,0,2,0,Colisión entre vehículos,Colisión entre vehículos,S/D,,,2,Recta,Intersección / cruce,,NO,,Asfalto,,Apto,Seca,,,,,,,,,Día,NO,Sin Restricción,Despejado,Buena,,
143762,OBSERVATORIO VIAL,2022-01-23,8:00:00,CORRIENTES,18,CAPITAL,21,CORRIENTES,Urbana,Calle,GENERAL PAZ,1300,VARGAS GOMEZ,,,,1,1,0,2,0,Colisión entre vehículos,Colisión entre vehículos,S/D,,,2,Recta,Intersección / cruce,,NO,,Asfalto,,Apto,Seca,,Ninguna,,,,S/D,S/D,S/D,Día,NO,Sin Restricción,Despejado,Buena,,Sin Semáforo
163589,MUNICIPALIDAD DE CORRIENTES,2022-01-23,12:00:00,CORRIENTES,18,CAPITAL,21,CORRIENTES,Urbana,Avenida,LAS HERAS,2555,AVDA. SANTA ROSA,,,,1,1,0,1,1,Colisión entre vehículos,Colisión entre vehículos,S/D,,,2,Recta,,RECTA,NO,,Asfalto,,Apto,"Despejada, Seca",,Cordón Divisorio,,,,No,No,,Día,NO,Sin Restricción,Nublado,Buena,,Sin Semáforo
165386,MUNICIPALIDAD DE CORRIENTES,2022-01-22,14:02:00,CORRIENTES,18,CAPITAL,21,CORRIENTES,Urbana,Avenida,AVENIDA SARMIENTO,2200,AVIADOR JOSÉ CORREA FERNÁNDEZ,,-2.748.325,-5.883.089,1,2,0,2,0,Colisión entre vehículos,Colisión entre vehículos,S/D,,Angulo,2,Recta,Intersección / cruce,,NO,,Asfalto,,Apto,Seca,,Ninguna,,,,Si,Si,No,Día,NO,Sin Restricción,,,,Funciona
139277,MUNICIPALIDAD DE CORRIENTES,2022-01-20,9:50:00,CORRIENTES,18,CAPITAL,21,CORRIENTES,Urbana,Calle,H. IRIGOYEN,900,PARAGUAY,,,,1,1,0,2,0,Colisión entre vehículos,Colisión entre vehículos,S/D,,,2,Recta,Intersección / cruce,,NO,,Asfalto,,Apto,Seca,,Ninguna,,,,S/D,S/D,Si,Día,NO,Sin Restricción,Despejado,Buena,,Sin Semáforo
140969,OBSERVATORIO VIAL,2022-01-20,6:50:00,CORRIENTES,18,CAPITAL,21,CORRIENTES,Urbana,Avenida,AV. ALTA GRACIA,,LOS TEHUELCHES,,,,1,0,0,1,0,"Colisión entre vehículos, Despiste",Colisión entre vehículos,Si,,,1,Recta,Intersección / cruce,,NO,,Hormigón,,Apto,Seca,,Ninguna,,,,S/D,S/D,S/D,Día,NO,Sin Restricción,Despejado,Buena,,Sin Semáforo
166827,MUNICIPALIDAD DE CORRIENTES,2022-01-19,10:30:00,CORRIENTES,18,CAPITAL,21,CORRIENTES,Urbana,Avenida,AVENIDA CHACABUCO,2220,MADARIAGA,,-2.748.549,-5.881.604,1,1,0,2,0,Colisión entre vehículos,Colisión entre vehículos,S/D,,,2,Recta,,,NO,,Asfalto,,Apto,,,,,,,,,,Día,NO,Sin Restricción,Despejado,Buena,,
169153,MUNICIPALIDAD DE CORRIENTES,2022-01-18,13:30:00,CORRIENTES,18,CAPITAL,21,CORRIENTES,Urbana,Calle,SANTA FE,1100,SAN MARTÍN,,-2.747.038,-5.883.074,1,2,0,2,0,Colisión entre vehículos,Colisión entre vehículos,S/D,,Angulo,2,Recta,Intersección / cruce,,NO,,Asfalto,,Apto,Seca,,,,,,Si,Si,No,Día,SI,Sin Restricción,Despejado,Buena,,Funciona
169155,MUNICIPALIDAD DE CORRIENTES,2022-01-17,17:25:00,CORRIENTES,18,CAPITAL,21,CORRIENTES,Urbana,Calle,GUASTAVINO,1700,LAVALLE,,-2.747.627,-5.884.315,2,0,0,2,0,Colisión entre vehículos,Colisión entre vehículos,S/D,,Angulo,2,Recta,Intersección / cruce,,NO,,Asfalto,,Apto,"Despejada, Seca",,Ninguna,,,,S/D,S/D,S/D,Día,NO,Sin Restricción,Despejado,Buena,,Sin Semáforo
139741,OBSERVATORIO VIAL,2022-01-17,12:20:00,CORRIENTES,18,CAPITAL,21,CORRIENTES,Urbana,Calle,ONTIVEROS,1200,AV. ALFONSIN,,-2.747.591,-5.879.265,0,1,0,1,0,Colisión entre vehículos,Colisión entre vehículos,S/D,,,1,Recta,Intersección / cruce,,NO,,Asfalto,,Apto,Seca,,Ninguna,,,,No,No,No,Día,NO,Sin Restricción,Despejado,Buena,,Sin Semáforo
139747,OBSERVATORIO VIAL,2022-01-17,7:40:00,CORRIENTES,18,CAPITAL,21,CORRIENTES,Urbana,Calle,CARTAGENA,3500,MEDRANO,,-2.749.661,-5.880.036,1,0,0,1,0,"Colisión entre vehículos, Despiste",Colisión entre vehículos,Si,,,1,Recta,Intersección / cruce,,NO,,Asfalto,,Apto,Seca,,Ninguna,,,,Si,Si,No,Día,NO,Sin Restricción,Despejado,Buena,,Sin Semáforo
165291,OBSERVATORIO VIAL,2022-01-16,9:20:00,CORRIENTES,18,CAPITAL,21,CORRIENTES,Urbana,Calle,SAN JUAN,900,,,-2.746.764,-5.883.674,2,0,0,2,0,Colisión entre vehículos,Colisión entre vehículos,S/D,,,2,Recta,Intersección / cruce,,NO,,Asfalto,,Apto,Seca,,Ninguna,,,,Si,Si,No,Día,NO,Sin Restricción,Despejado,Buena,,Sin Semáforo
165372,OBSERVATORIO VIAL,2022-01-15,17:27:00,CORRIENTES,18,CAPITAL,21,CORRIENTES,Urbana,Calle,SANCHEZ BUSTAMANTE,1100,PALERMO,,-2.747.568,-5.878.741,1,1,0,2,0,Colisión entre vehículos,Colisión entre vehículos,S/D,,Alcance,2,Recta,Intersección / cruce,,NO,,Asfalto,,Apto,Seca,,Ninguna,,,,S/D,S/D,S/D,Día,SI,Sin Restricción,Despejado,Buena,,Sin Semáforo
169871,MUNICIPALIDAD DE CORRIENTES,2022-01-15,11:30:00,CORRIENTES,18,CAPITAL,21,CORRIENTES,Urbana,Avenida,AVENIDA GOBERNADOR JUAN PUJOL,2220,,,-2.746.691,-5.882.250,2,0,0,2,0,Colisión entre vehículos,Colisión entre vehículos,S/D,,,2,Curva,Rotonda,,NO,,Asfalto,,Apto,Despejada,,,,,,Si,Si,No,Día,NO,Sin Restricción,Despejado,Buena,,Sin Semáforo
133385,MUNICIPALIDAD DE CORRIENTES,2022-01-13,20:00:00,CORRIENTES,18,CAPITAL,21,CORRIENTES,Urbana,Calle,SAN LUIS,600,JUNIN,,,,1,1,0,2,0,Colisión entre vehículos,Colisión entre vehículos,S/D,,,2,Recta,Intersección / cruce,,NO,,Asfalto,,Apto,Seca,,Ninguna,,,,No,No,No,Atardecer,NO,Sin Restricción,Despejado,Buena,,Sin Semáforo
155612,OBSERVATORIO VIAL,2022-01-13,7:45:00,CORRIENTES,18,CAPITAL,21,CORRIENTES,Urbana,Avenida,AV ARMENIA,3100,,,,,0,1,0,1,0,Caída desde vehículo,Caída desde vehículo,S/D,,,1,Recta,Intersección / cruce,,NO,,Asfalto,,Apto,"Despejada, Seca",,Ninguna,,,,Si,Si,S/D,Día,NO,Sin Restricción,Despejado,Buena,,Sin Semáforo
135573,MUNICIPALIDAD DE CORRIENTES,2022-01-12,11:05:00,CORRIENTES,18,CAPITAL,21,CORRIENTES,Urbana,Calle,GUEMES,1400,,,,,1,0,0,1,0,Caída desde vehículo,Caída desde vehículo,S/D,,,1,Recta,Intersección / cruce,,NO,,Asfalto,,Apto,Seca,,,,,,,,,Día,NO,Sin Restricción,Despejado,Buena,,
163586,MUNICIPALIDAD DE CORRIENTES,2022-01-11,6:10:00,CORRIENTES,18,CAPITAL,21,CORRIENTES,Urbana,Avenida,AVDA. INDEPENDENCIA,4799,SÁENZ,,-2.748.270,-5.879.365,1,2,0,2,0,Colisión entre vehículos,Colisión entre vehículos,S/D,,Angulo,2,Recta,Intersección / cruce,,NO,,Asfalto,,Apto,"Despejada, Seca",,Cordón Divisorio,,,,Si,Si,No,Amanecer,SI,,Despejado,Buena,,Funciona
143756,OBSERVATORIO VIAL,2022-01-11,17:30:00,CORRIENTES,18,CAPITAL,21,CORRIENTES,Urbana,Avenida,AV. INDEPENDENCIA,4800,SAENZ,,,,1,1,0,2,0,Colisión entre vehículos,Colisión entre vehículos,S/D,,,2,Recta,Intersección / cruce,,NO,,Hormigón,,Apto,Seca,,Cordón Divisorio,,,,Si,Si,Si,Día,NO,Sin Restricción,Despejado,Buena,,Funciona
156554,MUNICIPALIDAD DE CORRIENTES,2022-01-10,16:15:00,CORRIENTES,18,CAPITAL,21,CORRIENTES,Urbana,Calle,CHACO,,BELGRAN O,BOLIVAR,,,2,0,0,2,0,"Colisión entre vehículos, Vuelco (solo 1 participante)",Colisión entre vehículos,S/D,,,2,Recta,Intersección / cruce,,,,,,,,,,,,,,,,,,,,,,
163591,MUNICIPALIDAD DE CORRIENTES,2022-01-10,19:31:00,CORRIENTES,18,CAPITAL,21,CORRIENTES,Urbana,Avenida,AVDA. RAÚL ALFONSÍN,5100,SÁNCHEZ DE BUSTAMANTE,,-2.747.685,-5.878.792,1,1,0,2,0,Colisión entre vehículos,Colisión entre vehículos,S/D,,Angulo,2,Recta,Intersección / cruce,,NO,,Asfalto,,Apto,"Despejada, Seca",,Cordón Divisorio,,,,Si,Si,No,Atardecer,SI,Sin Restricción,Nublado,Buena,,Sin Semáforo
166824,MUNICIPALIDAD DE CORRIENTES,2022-01-10,22:10:00,CORRIENTES,18,CAPITAL,21,CORRIENTES,Urbana,Avenida,AVENIDA TENIENTE IBÁÑEZ,1500,GOBERNADOR VELZCO,,-2.748.556,-5.883.389,1,1,0,2,0,Colisión entre vehículos,Colisión entre vehículos,S/D,,Angulo,2,Recta,Intersección / cruce,,NO,,Hormigón,,Apto,Seca,,Cordón Divisorio,,,,No,No,No,Noche,SI,Sin Restricción,Despejado,Buena,,Sin Semáforo
142715,OBSERVATORIO VIAL,2022-01-09,20:15:00,CORRIENTES,18,CAPITAL,21,CORRIENTES,Urbana,Calle,TACUARI,1700,,,,,1,2,0,2,0,Colisión entre vehículos,Colisión entre vehículos,S/D,,Lateral,2,Recta,Intersección / cruce,,,,Asfalto,,Apto,Mojada,,Ninguna,,,,S/D,S/D,S/D,Noche,SI,Sin Restricción,Nublado,Buena,,Sin Semáforo
169892,MUNICIPALIDAD DE CORRIENTES,2022-01-09,13:30:00,CORRIENTES,18,CAPITAL,21,CORRIENTES,Urbana,Avenida,AVENIDA INDEPENDENCIA,4400,MEDRANO,,-2.748.155,-5.879.838,0,1,1,1,1,Atropello a peatón/es,Atropello a peatón/es,S/D,,,2,Recta,Intersección / cruce,,NO,,Asfalto,,Apto,Seca,,Cordón Divisorio,,,,Si,Si,No,Día,NO,Sin Restricción,Despejado,Buena,,Funciona
156533,OBSERVATORIO VIAL,2022-01-09,21:37:00,CORRIENTES,18,,,,Urbana,,CARTAGENA,,RECONQUISTA,,,,1,1,0,2,0,Colisión entre vehículos,Colisión entre vehículos,S/D,,Angulo,2,Recta,,,,,Asfalto,,Apto,Seca,,,,,,S/D,S/D,S/D,Noche,SI,,Nublado,Buena,,
169865,OBSERVATORIO VIAL,2022-01-09,16:40:00,CORRIENTES,18,CAPITAL,21,CORRIENTES,Urbana,Avenida,INDEPENDENCIA,4100,LAS PIEDRAS,,-2.748.101,-5.880.054,1,1,0,2,0,Colisión entre vehículos,Colisión entre vehículos,S/D,,Lateral,2,Recta,Intersección / cruce,,NO,,Asfalto,,Apto,"Despejada, Seca",,Cordón Divisorio,,,,S/D,S/D,S/D,Día,NO,Sin Restricción,Despejado,Buena,,Funciona
136354,OBSRVATORIO VIAL,2022-01-08,9:00:00,CORRIENTES,18,CAPITAL,21,CORRIENTES,Urbana,Avenida,AV TENIENTE IBAÑES,800,,,-2.748.475,-5.884.301,0,1,0,1,0,"Caída desde vehículo, Colisión entre vehículos",Colisión entre vehículos,S/D,,,1,Recta,Intersección / cruce,,NO,,Asfalto,,,,,Cordón Divisorio,,,,Si,Si,No,Día,NO,Sin Restricción,,,,Sin Semáforo
152053,OBSERVATORIO VIAL,2022-01-08,4:20:00,CORRIENTES,18,CAPITAL,21,CORRIENTES,Urbana,Ruta Provincial,RUTA PROVINCIAL 5,,,,,,1,0,0,1,0,Despiste,Despiste,Si,,,1,Recta,Intersección / cruce,,NO,,Asfalto,,Apto,Despejada,,Ninguna,,,,No,Si,No,Noche,SI,Sin Restricción,Despejado,Buena,,Sin Semáforo
139231,MUNICIPALIDAD DE CORRIENTES,2022-01-07,9:50:00,CORRIENTES,18,CAPITAL,21,CORRIENTES,Urbana,Calle,GDOR CONTTE,1800,GRAL PAZ,,,,2,0,0,2,0,Colisión entre vehículos,Colisión entre vehículos,S/D,,Angulo,2,Recta,Intersección / cruce,,NO,,Asfalto,,Apto,Seca,,Ninguna,,,,Si,No,No,Día,NO,Sin Restricción,Despejado,Buena,,Sin Semáforo
139253,OBSERVATORIO VIAL,2022-01-07,12:30:00,CORRIENTES,18,CAPITAL,21,CORRIENTES,Urbana,Avenida,AV PATAGONIA,1700,AV SARMIENTO,,,,1,1,0,2,0,Colisión entre vehículos,Colisión entre vehículos,S/D,,Lateral,2,Recta,Intersección / cruce,,NO,,Asfalto,,Apto,Seca,,Ninguna,,,,S/D,S/D,S/D,Día,NO,Sin Restricción,Despejado,Buena,,Funciona
151212,OBSERVATORIO VIAL,2022-01-07,16:02:00,CORRIENTES,18,CAPITAL,21,CORRIENTES,Urbana,Avenida,AV MAIPU,4500,TILCARA,,,,2,0,0,2,0,Colisión entre vehículos,Colisión entre vehículos,S/D,,Lateral,2,Recta,Intersección / cruce,,NO,,Asfalto,,Apto,"Despejada, Seca",,Cordón Divisorio,,,,Si,Si,No,Día,NO,Sin Restricción,Despejado,Buena,,Funciona
167701,MUNICIPALIDAD DE CORRIENTES,2022-01-06,3:45:00,CORRIENTES,18,CAPITAL,21,CORRIENTES,Urbana,Calle,CARTAGENA,3100,RECONQUISTA,,-2.749.238,-5.881.576,2,0,0,2,0,Colisión entre vehículos,Colisión entre vehículos,S/D,,Angulo,2,Recta,Intersección / cruce,,NO,,Hormigón,,Apto,"Despejada, Seca",,,,,,No,No,No,Noche,SI,Sin Restricción,Despejado,Buena,,Sin Semáforo
151167,OBSERVATORIO VIAL,2022-01-05,19:10:00,CORRIENTES,18,CAPITAL,21,CORRIENTES,Urbana,Ruta Nacional,12,1025/200,,,,,1,0,0,1,0,Vuelco (solo 1 participante),Vuelco (solo 1 participante),S/D,,,1,Recta,Intersección / cruce,,NO,,Asfalto,,Apto,"Despejada, Seca",,Barrera de Hormigón,,,,Si,Si,S/D,Noche,SI,Obra en Construcción,Despejado,,OBRAS,Sin Semáforo
164586,OBSERVATORIO VIAL,2022-01-05,14:00:00,CORRIENTES,18,CAPITAL,21,CORRIENTES,Urbana,Calle,EX VIA,3120,,,,,2,1,0,1,1,Atropello a peatón/es,Atropello a peatón/es,S/D,,,2,Recta,Intersección / cruce,,NO,,Asfalto,,Apto,"Despejada, Seca",,Ninguna,,,,S/D,S/D,S/D,Día,NO,Sin Restricción,Despejado,Buena,,Sin Semáforo
174253,OBSERVATORIO VIAL,2022-01-05,10:20:00,CORRIENTES,18,CAPITAL,21,CORRIENTES,Urbana,Calle,AV. VERA,1158,,,,,1,1,0,2,0,Colisión entre vehículos,Colisión entre vehículos,,,,2,,Recta,,,,Asfalto,,Apto,Seca,,S/D,,S/D,,S/D,,,Día,,,Despejado,,,S/D
137052,MUNICIPALIDAD DE CORRIENTES,2022-01-04,10:24:00,CORRIENTES,18,CAPITAL,21,CORRIENTES,Urbana,Calle,ROCA,1457,,,,,2,0,0,2,0,Colisión entre vehículos,Colisión entre vehículos,S/D,,,2,Recta,Intersección / cruce,,NO,,Asfalto,,Apto,Seca,,,,,,,,,Día,NO,Sin Restricción,Despejado,Buena,,
139240,MUNICIPALIDAD DE CORRIENTES,2022-01-04,13:30:00,CORRIENTES,18,,,,Urbana,Avenida,AV. RAUL ALFONSIN,5100,,,,,1,1,0,2,0,Colisión entre vehículos,Colisión entre vehículos,S/D,,,2,Recta,Intersección / cruce,,NO,,Asfalto,,Apto,Seca,,,,,,Si,Si,No,Día,NO,Sin Restricción,Despejado,Buena,,Sin Semáforo
152971,OBSERVATORIO VIAL,2022-01-03,14:43:00,CORRIENTES,18,,,,Urbana,Calle,JUJUY,,BELGRANO,,,,1,1,0,2,0,Colisión entre vehículos,Colisión entre vehículos,S/D,,Angulo,2,Recta,Intersección / cruce,,NO,,Asfalto,,Apto,Seca,,Ninguna,,,,S/D,S/D,S/D,Día,NO,Sin Restricción,Despejado,Buena,,Sin Semáforo
151192,OBSERVATORIO VIAL,2022-01-03,7:20:00,CORRIENTES,18,,,,Urbana,,MORENO,,JUJUY,,,,1,1,0,2,0,Colisión entre vehículos,Colisión entre vehículos,S/D,,Angulo,2,Recta,Intersección / cruce,,NO,,Asfalto,,Apto,Seca,,Ninguna,,,,S/D,S/D,S/D,Día,NO,Sin Restricción,Despejado,Buena,,Sin Semáforo
169159,MUNICIPALIDAD DE CORRIENTES,2022-01-02,6:30:00,CORRIENTES,18,CAPITAL,21,CORRIENTES,Urbana,Calle,OLMEDO,5355,ALEJANDRO DUMAS,,-2.751.514,-5.879.000,1,0,0,1,0,Choque,Choque,S/D,,Arbol,1,Recta,,,NO,,Tierra,,Apto,"Despejada, Seca",,Ninguna,,,,No,No,No,,NO,Sin Restricción,Despejado,Buena,,Sin Semáforo
140000,OBSERVATORIO VIAL,2022-01-01,17:50:00,CORRIENTES,18,CAPITAL,21,CORRIENTES,Urbana,Calle,CRISTO OBRERO,600,RAFAEL OBLIGADO,,,,0,4,0,2,0,Colisión entre vehículos,Colisión entre vehículos,S/D,,Lateral,2,Recta,Intersección / cruce,,NO,,Asfalto,,Apto,Seca,,Ninguna,,,,S/D,S/D,S/D,Día,NO,Sin Restricción,Despejado,Buena,,Sin Semáforo
142702,OBSERVATORIO VIAL,2022-01-01,8:23:00,CORRIENTES,18,CAPITAL,21,CORRIENTES,Urbana,Calle,SAN MARTIN,1300,CORDOBA,,,,2,0,0,2,0,Colisión entre vehículos,Colisión entre vehículos,S/D,,Lateral,2,Recta,Intersección / cruce,,NO,,Asfalto,,Apto,"Despejada, Seca",,Ninguna,,,,No,No,No,Día,NO,Sin Restricción,Despejado,Buena,,Sin Semáforo
157728,OBSERVATORIO VIAL,2022-01-01,7:00:00,CORRIENTES,18,CAPITAL,21,CORRIENTES,Urbana,Avenida,AV PUJOL,1600,ESPAÑA,,-2.746.206,-5.882.851,0,2,0,2,0,Colisión entre vehículos,Colisión entre vehículos,S/D,,Lateral,2,Recta,Intersección / cruce,,NO,,Asfalto,,Apto,"Despejada, Seca",,Cordón Divisorio,,,,S/D,S/D,S/D,Amanecer,NO,,Despejado,Buena,,Sin Semáforo