id_feu,unidad_regional,siniestro_fecha,siniestro_hora,provincia,id_provincia,departamento,id_departamento,localidad,zona_ocurrencia,via_publica,nombre_via,altura_km,entre_calle_1,entre_calle_2,latitud,longitud,ilesos,heridos,fallecidos,vehiculos,peatones,tipo_siniestro_multiple,tipo_siniestro_unico,despiste_previo,tipo_siniestro_otro,tipo_colision,cantidad_de_involucrados,trazado_via,configuracion_de_la_via,configuracion_de_la_via_otro_tipo,pendiente_declive,cono_de_vision,material_de_la_calzada,material_de_la_calzada_otro,estado_de_la_calzada,estado_fisico_ambiental,estado_de_conservacion_otro,division_fisica_de_la_via,division_fisica_de_la_via_otro,barreras_de_seguridad,banquinas,senalizacion_carteleria,senalizacion_horizontal,senalizacion_transitoria,luminosidad,luz_artificial,transito_restringido,estado_ambiental,visibilidad,visibilidad_otro,semaforo
182665,OBSERVATORIO VIAL,2023-12-30,12:30:00,CORRIENTES,18,CAPITAL,21,CORRIENTES,Urbana,Avenida,AV INDEPENDENCIA,4200,LAS PIEDRAS,,,,3,0,0,3,0,Colisión entre vehículos,Colisión entre vehículos,,,Multiple,3,,Intersección / cruce,,,No obstruido,Asfalto,,Apto,Seca,,Cantero central,,Ninguna,,Si,Si,No,Día,,,Despejado,,,Funciona
197455,OBSERVATORIO VIAL,2023-12-27,0:15:00,CORRIENTES,18,CAPITAL,21,CORRIENTES,Urbana,Avenida,CHACABUCO,1900,LAS HERAS,,,,1,1,0,2,0,Colisión entre vehículos,Colisión entre vehículos,,,Alcance,2,,Intersección / cruce,,,S/D,Asfalto,,Apto,Seca,,S/D,,S/D,,S/D,S/D,S/D,Noche,SI,,Despejado,,,Funciona
207065,OBSERVATORIO VIAL,2023-12-27,10:10:00,CORRIENTES,18,CAPITAL,21,CORRIENTES,Urbana,Calle,AV VERA,1300,CORDOBA,,,,1,1,0,2,0,Colisión entre vehículos,Colisión entre vehículos,,,Lateral,2,,Intersección / cruce,,,S/D,Asfalto,,Apto,Seca,,Cantero central,,Ninguna,,Si,Si,No,Día,,,Despejado,,,Sin Semáforo
202001,OBSERVATORIO VIAL,2023-12-24,13:50:00,CORRIENTES,18,CAPITAL,21,CORRIENTES,Urbana,Calle,RIVADAVIA,1499,SAN LORENZO,,,,2,0,0,2,0,Colisión entre vehículos,Colisión entre vehículos,,,,2,,Recta,,,,Asfalto,,Apto,Seca,,Ninguna,,Asfalto,,S/D,S/D,S/D,Día,,,Despejado,,,Sin Semáforo
207724,OBSERVATORIO VIAL,2023-12-24,23:45:00,CORRIENTES,18,CAPITAL,21,CORRIENTES,Urbana,Calle,LAVALLE,90,,,,,1,0,0,1,0,Despeñamiento,Despeñamiento,,,Lateral,1,,Otro,CORDON,,,Asfalto,,Apto,Seca,,Ninguna,,Ninguna,,S/D,S/D,S/D,Noche,NO,,Despejado,,,Sin Semáforo
181822,OBSERVATORIO VIAL,2023-12-23,9:00:00,CORRIENTES,18,CAPITAL,21,CORRIENTES,Urbana,Calle,SAN MARTIN,2100,ROCA,,,,2,0,0,2,0,Colisión entre vehículos,Colisión entre vehículos,,,,2,,Intersección / cruce,,,S/D,Asfalto,,Apto,Seca,,S/D,,S/D,,S/D,S/D,S/D,Día,,,Despejado,,,S/D
177774,OBSERVATORIO VIAL,2023-12-23,9:21:00,CORRIENTES,18,CAPITAL,21,CORRIENTES,Urbana,Calle,SAN LORENZO,1200,SIMÓN BOLIVAR,,-2.747.131,-5.883.213,1,1,0,2,0,Colisión entre vehículos,Colisión entre vehículos,,,,2,,Intersección / cruce,,,No obstruido,Asfalto,,Apto,Seca,,Ninguna,,Ninguna,,Si,Si,No,Día,,,Despejado,,,Sin Semáforo
189213,OBSERVATORIO VIAL,2023-12-21,14:00:00,CORRIENTES,18,CAPITAL,21,CORRIENTES,Urbana,Avenida,AV MAIPU,3500,PUNTA MOGOTES,,,,1,1,0,2,0,Colisión entre vehículos,Colisión entre vehículos,,,Angulo,2,,Intersección / cruce,,,S/D,Asfalto,,Apto,Seca,,S/D,,S/D,,Si,Si,Si,Día,,,Despejado,,,Sin Semáforo
190637,OBSERVATORIO VIAL,2023-12-21,10:05:00,CORRIENTES,18,CAPITAL,21,CORRIENTES,Urbana,Avenida,AVENIDA MAIPU,1700,FRAGATA SARMIENTO,,,,2,0,0,2,0,Colisión entre vehículos,Colisión entre vehículos,,,Angulo,2,,Recta,,,,Asfalto,,Apto,Seca,,S/D,,S/D,,S/D,S/D,S/D,Día,,,Despejado,,,Funciona
199127,OBSERVATORIO VIAL,2023-12-18,17:30:00,CORRIENTES,18,CAPITAL,21,CORRIENTES,Urbana,Calle,9 DE julio,700,MENDOZA,,,,3,0,0,2,0,Colisión entre vehículos,Colisión entre vehículos,,,,2,,Intersección / cruce,,,S/D,Asfalto,,Apto,Seca,,Ninguna,,Asfalto,,No,No,No,Día,,,Despejado,,,Sin Semáforo
212934,OBSERVATORIO VIAL,2023-12-17,19:50:00,CORRIENTES,18,CAPITAL,21,CORRIENTES,Urbana,Avenida,AV MAIPU,6000,GUAYQUIRARO,,,,0,2,0,1,0,Atropello a animal/es,Atropello a animal/es,,,Alcance,1,,Intersección / cruce,,,No obstruido,Asfalto,,Apto,Seca,,Otro,,Ninguna,,Si,Si,No,Noche,NO,,Despejado,,,Funciona
182664,OBSERVATORIO VIAL,2023-12-16,7:50:00,CORRIENTES,18,CAPITAL,21,CORRIENTES,Urbana,Calle,LA RIOJA,700,25 DE mayo,,,,1,1,0,2,0,Colisión entre vehículos,Colisión entre vehículos,,,Rozamiento,2,,Intersección / cruce,,,No obstruido,Asfalto,,Apto,Seca,,Ninguna,,Ninguna,,Si,Si,No,Día,,,Despejado,,,Funciona
207684,OBSERVATORIO VIAL,2023-12-16,7:30:00,CORRIENTES,18,CAPITAL,21,CORRIENTES,Urbana,Avenida,AV ALTA GRACIA,2400,,,,,1,1,0,2,0,Colisión entre vehículos,Colisión entre vehículos,,,Rozamiento,2,,Intersección / cruce,,,S/D,Asfalto,,Apto,Seca,,Ninguna,,Ninguna,,No,No,No,Noche,NO,,Despejado,,,Sin Semáforo
211678,OBSERVATORIO VIAL,2023-12-15,22:15:00,CORRIENTES,18,CAPITAL,21,CORRIENTES,Urbana,Calle,AV INDEPENDENCIA,5000,,,-4.000.000,-6.100.000,0,1,0,1,0,Caída desde vehículo,Caída desde vehículo,,,,1,,Rotonda,,,,Asfalto,,Apto,Seca,,,,Asfalto,,Si,,,Noche,,,Despejado,,,Funciona
176163,OBSERVATORIO VIAL,2023-12-13,10:00:00,CORRIENTES,18,CAPITAL,21,CORRIENTES,Urbana,Ruta Nacional,12,,,,,,2,0,0,2,0,Colisión entre vehículos,Colisión entre vehículos,,,,2,,Intersección / cruce,,,S/D,Asfalto,,Apto,Seca,,,,S/D,,Si,Si,Si,Día,,,Despejado,,,S/D
186781,OBSERVATORIO VIAL,2023-12-11,12:19:00,CORRIENTES,18,CAPITAL,21,CORRIENTES,Urbana,Calle,AV CHACABUCO,1500,SUIZA,,,,1,1,0,2,0,Colisión entre vehículos,Colisión entre vehículos,,,Angulo,2,,Intersección / cruce,,,S/D,Asfalto,,Apto,Seca,,S/D,,S/D,,Si,Si,No,Día,,,Nublado,,,S/D
205605,OBSERVATORIO VIAL,2023-12-11,17:15:00,CORRIENTES,18,CAPITAL,21,CORRIENTES,Urbana,Calle,ROCA,1000,,,,,1,1,0,2,0,Colisión entre vehículos,Colisión entre vehículos,,,Lateral,2,,Intersección / cruce,,,S/D,Asfalto,,Apto,Seca,,Ninguna,,Ninguna,,Si,Si,No,Día,,,Despejado,,,Sin Semáforo
177716,OBSERVATORIO VIAL,2023-12-10,7:50:00,CORRIENTES,18,CAPITAL,21,CORRIENTES,Urbana,Calle,RECONQUISTA,3140,EX VÍA,,-2.749.371,-5.881.594,2,0,0,2,0,Colisión entre vehículos,Colisión entre vehículos,,,,2,,Intersección / cruce,,,No obstruido,Asfalto,,Apto,Seca,,Barreras de seguridad,,Ninguna,Barrera de Hormigón,S/D,S/D,No,Día,,,Despejado,,,S/D
194953,OBSERVATORIO VIAL,2023-12-09,12:50:00,CORRIENTES,18,CAPITAL,21,CORRIENTES,Urbana,Avenida,AV CENTENARIO,3076,,,,,2,0,0,2,0,Colisión entre vehículos,Colisión entre vehículos,,,,2,,Intersección / cruce,,,S/D,Asfalto,,Apto,Seca,,S/D,,S/D,,S/D,S/D,S/D,Día,,,Despejado,,,S/D
199930,OBSERVATORIO VIAL,2023-12-09,19:20:00,CORRIENTES,18,CAPITAL,21,CORRIENTES,Urbana,Avenida,AV LA PAZ,180,RIO NEGRO,,,,1,1,0,2,0,Colisión entre vehículos,Colisión entre vehículos,,,,2,,Recta,,,,Asfalto,,Apto,Seca,,S/D,,S/D,,S/D,S/D,S/D,Noche,SI,,Despejado,,,S/D
207203,OBSERVATORIO VIAL,2023-12-09,12:57:00,CORRIENTES,18,CAPITAL,21,CORRIENTES,Urbana,Avenida,AV CHACABUCO,1700,LA VALLE,,-2.747.916,-5.881.494,0,2,0,2,0,Colisión entre vehículos,Colisión entre vehículos,,,,2,,Intersección / cruce,,,S/D,Asfalto,,Apto,Mojada,,S/D,,Asfalto,,Si,Si,No,,,,Despejado,,,Sin Semáforo
194948,OBSERVATORIO VIAL,2023-12-08,10:15:00,CORRIENTES,18,CAPITAL,21,CORRIENTES,Urbana,Calle,RIOJA,790,,,,,1,1,0,1,1,Atropello a peatón/es,Atropello a peatón/es,,,,2,,Recta,,,,Asfalto,,Apto,Seca,,S/D,,S/D,,S/D,S/D,S/D,Día,,,Despejado,,,Funciona
177775,OBSERVATORIO VIAL,2023-12-08,13:40:00,CORRIENTES,18,CAPITAL,21,CORRIENTES,Urbana,Avenida,AVENIDA 3 DE ABRIL,1250,MENDOZA,CÓRDOBA,-2.747.576,-5.883.597,1,1,0,2,0,Colisión entre vehículos,Colisión entre vehículos,,,,2,,Intersección / cruce,,,No obstruido,Otro,HORMIGÓN,Apto,Seca,,Otro,PARTERRE,Ninguna,,Si,Si,No,Día,,,Despejado,,,Funciona
186727,OBSERVATORIO VIAL,2023-12-08,14:10:00,CORRIENTES,18,CAPITAL,21,CORRIENTES,Urbana,Avenida,CARTAGENA,3900,LAS PIEDRAS,,,,1,0,0,1,0,Colisión entre vehículos,Colisión entre vehículos,,,,1,,Recta,,,,Asfalto,,Apto,Seca,,S/D,,S/D,,S/D,S/D,S/D,Día,,,Despejado,,,S/D
197452,OBSERVATORIO VIAL,2023-12-05,9:15:00,CORRIENTES,18,CAPITAL,21,CORRIENTES,Urbana,Avenida,TENIENTE IBAÑEZ,800,GOBERNADOR RUIZ,,,,2,0,0,2,0,Colisión entre vehículos,Colisión entre vehículos,,,,2,,Recta,,,,Asfalto,,Apto,Seca,,S/D,,S/D,,S/D,S/D,S/D,Día,,,Despejado,,,S/D
181847,OBSERVATORIO VIAL,2023-12-05,23:00:00,CORRIENTES,18,CAPITAL,21,CORRIENTES,Urbana,Avenida,AV MAIPU,2200,RECONQUISTA,,,,1,1,0,2,0,Colisión entre vehículos,Colisión entre vehículos,,,Angulo,2,,Intersección / cruce,,,S/D,Asfalto,,Apto,Seca,,S/D,,S/D,,S/D,S/D,S/D,Noche,SI,,Despejado,,,S/D
212423,OBSERVATORIO VIAL,2023-12-04,0:05:00,CORRIENTES,18,CAPITAL,21,CORRIENTES,Urbana,Calle,JUNIN,600,TUCUMAN,,,,0,3,0,2,0,Colisión entre vehículos,Colisión entre vehículos,,,Lateral,2,,Intersección / cruce,,,No obstruido,Asfalto,,Apto,Seca,,Ninguna,,Ninguna,,Si,Si,No,Noche,NO,,Despejado,,,Sin Semáforo
214658,OBSERVATORIO VIAL,2023-11-30,9:00:00,CORRIENTES,18,CAPITAL,21,CORRIENTES,Urbana,Ruta Nacional,12,1034,AV LIBERTAD,,,,2,0,0,2,0,Colisión entre vehículos,Colisión entre vehículos,,,,2,,Intersección / cruce,,,S/D,Asfalto,,Apto,Seca,,,,Pasto,,Si,Si,No,Día,,,Despejado,,,Sin Semáforo
198236,OBSERVATORIO VIAL,2023-11-25,7:40:00,CORRIENTES,18,CAPITAL,21,CORRIENTES,Urbana,Avenida,MAIPU,404,,,,,2,0,0,2,0,Colisión entre vehículos,Colisión entre vehículos,,,Lateral,2,,Intersección / cruce,,,,Asfalto,,Apto,Seca,,Ninguna,,Asfalto,,S/D,S/D,S/D,Día,,,Despejado,,,S/D
181821,OBSERVATORIO VIAL,2023-11-20,12:00:00,CORRIENTES,18,CAPITAL,21,CORRIENTES,Urbana,Calle,SAN JUAN,3700,IBERA,,,,0,1,0,2,0,Colisión entre vehículos,Colisión entre vehículos,,,,2,,Recta,,,,Asfalto,,Apto,Seca,,S/D,,S/D,,S/D,S/D,S/D,Día,,,Despejado,,,Sin Semáforo
189212,OBSERVATORIO VIAL,2023-11-17,6:30:00,CORRIENTES,18,CAPITAL,21,CORRIENTES,Urbana,Calle,CUBA,5100,,,,,2,0,0,2,0,Colisión entre vehículos,Colisión entre vehículos,,,,2,,Recta,,,,S/D,,Apto,Seca,,S/D,,S/D,,S/D,S/D,S/D,Día,,,Despejado,,,Sin Semáforo
189277,OBSERVATORIO VIAL,2023-11-11,9:35:00,CORRIENTES,18,CAPITAL,21,CORRIENTES,Urbana,Calle,GODOY CRUZ,1700,PASAJE ACEVEDO,,,,1,0,1,2,0,Colisión entre vehículos,Colisión entre vehículos,,,,2,,Intersección / cruce,,,S/D,Asfalto,,Apto,Seca,,S/D,,S/D,,S/D,S/D,S/D,Día,,,Despejado,,,Sin Semáforo
201240,OBSERVATORIO VIAL,2023-11-08,2:45:00,CORRIENTES,18,CAPITAL,21,CORRIENTES,Urbana,Avenida,MAIPU,1235,LION,,,,0,2,0,2,0,Colisión entre vehículos,Colisión entre vehículos,,,Lateral,2,,Recta,,,,Asfalto,,Apto,Seca,,S/D,,S/D,,S/D,S/D,S/D,Día,,,Despejado,,,S/D
176189,OBSERVATORIO VIAL,2023-11-08,9:55:00,CORRIENTES,18,CAPITAL,21,CORRIENTES,Urbana,Avenida,AAVENIDA 3 DE ABRIL,869,,,-2.747.508,-5.884.063,2,0,0,2,0,Colisión entre vehículos,Colisión entre vehículos,,,,2,,Intersección / cruce,,,No obstruido,Asfalto,,Apto,Seca,,,,Ninguna,,S/D,S/D,S/D,Día,,,Despejado,,,S/D
180122,OBSERVATORIO VIAL,2023-11-05,9:15:00,CORRIENTES,18,CAPITAL,21,CORRIENTES,Urbana,Calle,RIOJA,1071,,,,,1,1,0,2,0,Colisión entre vehículos,Colisión entre vehículos,,,,2,,Recta,,,,S/D,,Apto,Seca,,S/D,,S/D,,S/D,S/D,S/D,Día,,,Despejado,,,S/D
177721,OBSERVATORIO VIAL,2023-11-05,8:05:00,CORRIENTES,18,CAPITAL,21,CORRIENTES,Urbana,Avenida,CHACABUCO,2800,TAMPICO,,,,2,0,0,2,0,Colisión entre vehículos,Colisión entre vehículos,,,,2,,Recta,,,,Asfalto,,Apto,Seca,,S/D,,S/D,,S/D,S/D,S/D,Día,,,Despejado,,,S/D
186752,OBSERVATORIO VIAL,2023-11-05,8:15:00,CORRIENTES,18,CAPITAL,21,CORRIENTES,Urbana,Avenida,AV SARMIENTO,1600,RAMON CARRILLO,,,,2,0,0,2,0,Colisión entre vehículos,Colisión entre vehículos,,,Angulo,2,,Intersección / cruce,,,S/D,Asfalto,,Apto,Seca,,S/D,,S/D,,S/D,S/D,S/D,Día,,,Despejado,,,Sin Semáforo
201236,OBSERVATORIO VIAL,2023-11-05,9:45:00,CORRIENTES,18,CAPITAL,21,CORRIENTES,Urbana,Calle,CARTAGENA,3800,TACUARI,,,,0,1,0,1,0,Caída desde vehículo,Caída desde vehículo,,,,1,,Recta,,,,Asfalto,,Ahuellamiento,Seca,,S/D,,S/D,,S/D,S/D,S/D,Día,,,Niebla / Neblina,,,S/D
193981,OBSERVATORIO VIAL,2023-11-04,8:16:00,CORRIENTES,18,CAPITAL,21,CORRIENTES,Urbana,Calle,COMODORO RIVADAVIA,2200,CIUDAD DE AREQUIPA,,,,1,1,0,2,0,Colisión entre vehículos,Colisión entre vehículos,,,Angulo,2,,Recta,,,,Asfalto,,Apto,Seca,,S/D,,S/D,,S/D,S/D,S/D,Día,,,Despejado,,,S/D
196781,OBSERVATORIO VIAL,2023-11-04,11:00:00,CORRIENTES,18,CAPITAL,21,CORRIENTES,Urbana,Avenida,INDEPENDENCIA,4380,,,,,1,1,0,2,0,Colisión entre vehículos,Colisión entre vehículos,,,,2,,Recta,,,,Asfalto,,Apto,Seca,,Ninguna,,,,S/D,S/D,S/D,Día,,,Despejado,,,Sin Semáforo
184126,OBSERVATORIO VIAL,2023-11-04,10:48:00,CORRIENTES,18,CAPITAL,21,CORRIENTES,Urbana,Avenida,AV ARTIGAS,2500,AV PEDRO FERRE,,,,2,2,0,4,0,Colisión entre vehículos,Colisión entre vehículos,,,Multiple,4,,Intersección / cruce,,,No obstruido,Asfalto,,Apto,Seca,,Cantero central,,Ninguna,,Si,Si,S/D,Día,,,Despejado,,,Funciona
207689,OBSERVATORIO VIAL,2023-11-04,9:20:00,CORRIENTES,18,CAPITAL,21,CORRIENTES,Urbana,Avenida,AV PEDRO FERRE,2800,BOLIVIA,,,,2,0,0,2,0,Colisión entre vehículos,Colisión entre vehículos,,,Alcance,2,,Intersección / cruce,,,No obstruido,Asfalto,,Apto,Seca,,Cantero central,,Ninguna,,Si,No,No,Día,,,Despejado,,,Sin Semáforo
196754,OBSERVATORIO VIAL,2023-11-04,15:45:00,CORRIENTES,18,CAPITAL,21,CORRIENTES,Urbana,Calle,MEXICO,800,JUNIN,,,,4,0,0,2,0,Colisión entre vehículos,Colisión entre vehículos,,,Angulo,2,,Recta,,,,Asfalto,,Apto,Seca,,S/D,,S/D,,S/D,S/D,S/D,Día,,,Despejado,,,S/D
178614,OBSERVATORIO VIAL,2023-11-02,7:15:00,CORRIENTES,18,CAPITAL,21,CORRIENTES,Urbana,Calle,PAMPIN,2200,GDOR  RUIZ,,,,1,1,0,1,0,Caída desde vehículo,Caída desde vehículo,,,,1,,Curva Horizontal,,,,Asfalto,,Apto,Seca,,S/D,,S/D,,Si,Si,Si,Día,,,Despejado,,,Sin Semáforo
177781,OBSERVATORIO VIAL,2023-11-02,14:30:00,CORRIENTES,18,CAPITAL,21,CORRIENTES,Urbana,Avenida,AV INDEPENDENCIA,3600,MEDRANO,,,,0,1,0,2,0,Colisión entre vehículos,Colisión entre vehículos,,,,2,,Intersección / cruce,,,S/D,Asfalto,,Apto,Seca,,S/D,,S/D,,S/D,S/D,S/D,Día,,,Despejado,,,Funciona
201243,OBSERVATORIO VIAL,2023-10-30,12:00:00,CORRIENTES,18,CAPITAL,21,CORRIENTES,Urbana,Avenida,FERRE,1850,VELEZ SARFIELD,,,,2,0,0,2,0,Colisión entre vehículos,Colisión entre vehículos,,,,2,,Recta,,,,Asfalto,,Apto,Seca,,S/D,,S/D,,S/D,S/D,S/D,Día,,,Despejado,,,S/D
196753,OBSERVATORIO VIAL,2023-10-29,9:00:00,CORRIENTES,18,CAPITAL,21,CORRIENTES,Urbana,Avenida,FERRE,2390,,,,,2,0,0,2,0,Colisión entre vehículos,Colisión entre vehículos,,,,2,,Recta,,,,Asfalto,,Apto,Seca,,S/D,,,,S/D,S/D,S/D,Día,,,Nublado,,,S/D
178615,OBSERVATORIO VIAL,2023-10-29,11:36:00,CORRIENTES,18,CAPITAL,21,CORRIENTES,Urbana,Avenida,RECONQUISTA,0,BROWN,,,,1,1,0,2,0,Colisión entre vehículos,Colisión entre vehículos,,,,2,,Intersección / cruce,,,S/D,S/D,,Apto,Seca,,S/D,,S/D,,S/D,S/D,S/D,Día,,,Despejado,,,Sin Semáforo
190580,OBSERVATORIO VIAL,2023-10-28,9:35:00,CORRIENTES,18,CAPITAL,21,CORRIENTES,Urbana,Calle,PARAGUAY,1205,SAN MARTIN,,,,1,1,0,2,0,Colisión entre vehículos,Colisión entre vehículos,,,Alcance,2,,Intersección / cruce,,,S/D,Asfalto,,Apto,Seca,,Ninguna,,S/D,,S/D,S/D,S/D,Día,,,Despejado,,,Sin Semáforo
181851,OBSERVATORIO VIAL,2023-10-28,16:13:00,CORRIENTES,18,CAPITAL,21,CORRIENTES,Urbana,Avenida,AV INDEPENDENCIA,4500,,,,,2,0,0,2,0,Colisión entre vehículos,Colisión entre vehículos,,,Alcance,2,,Intersección / cruce,,,S/D,Asfalto,,Apto,Seca,,S/D,,Asfalto,,S/D,S/D,S/D,Día,,,Despejado,,,S/D
190622,OBSERVATORIO VIAL,2023-10-26,13:47:00,CORRIENTES,18,CAPITAL,21,CORRIENTES,Urbana,Calle,BOLIVAR,1300,CATAMARCA,,,,4,0,0,2,0,Colisión entre vehículos,Colisión entre vehículos,,,Alcance,2,,Intersección / cruce,,,S/D,Asfalto,,Apto,Seca,,S/D,,S/D,,S/D,S/D,S/D,Día,,,Despejado,,,S/D
189215,OBSERVATORIO VIAL,2023-10-25,14:39:00,CORRIENTES,18,CAPITAL,21,CORRIENTES,Urbana,Calle,QUINTANA,1700,ESPAÑA,,,,2,0,0,2,0,Colisión entre vehículos,Colisión entre vehículos,,,,2,,Intersección / cruce,,,S/D,Asfalto,,Apto,Seca,,S/D,,S/D,,S/D,S/D,S/D,Día,,,Despejado,,,Sin Semáforo
186725,OBSERVATORIO VIAL,2023-10-25,12:05:00,CORRIENTES,18,CAPITAL,21,CORRIENTES,Urbana,Calle,SANTA FE,847,,,,,3,0,0,2,0,Colisión entre vehículos,Colisión entre vehículos,,,Angulo,2,,Intersección / cruce,,,,Asfalto,,Apto,Seca,,S/D,,S/D,,S/D,S/D,S/D,Día,,,Despejado,,,S/D
198239,OBSERVATORIO VIAL,2023-10-25,10:00:00,CORRIENTES,18,CAPITAL,21,CORRIENTES,Urbana,Avenida,ARTIGAS,1100,BOLIVAR,,,,2,0,0,2,0,Colisión entre vehículos,Colisión entre vehículos,,,,2,,Recta,,,,Asfalto,,Apto,Seca,,S/D,,Asfalto,,S/D,S/D,S/D,Día,,,Despejado,,,S/D
212387,OBSERVATORIO VIAL,2023-10-24,22:15:00,CORRIENTES,18,CAPITAL,21,CORRIENTES,Urbana,Avenida,AV ARMENIA,3200,24 DE agosto,,,,1,1,0,2,0,Colisión entre vehículos,Colisión entre vehículos,,,Lateral,2,,Intersección / cruce,,,S/D,Asfalto,,Apto,Seca,,Cantero central,,Ninguna,,Si,Si,No,Noche,NO,,Despejado,,,Funciona
177730,OBSERVATORIO VIAL,2023-10-23,9:15:00,CORRIENTES,18,CAPITAL,21,CORRIENTES,Urbana,Avenida,AV INDEPENDENCIA,5198,SANCHEZ DE  BUSTAMANTE,,,,2,0,0,2,0,Colisión entre vehículos,Colisión entre vehículos,,,,2,,Intersección / cruce,,,S/D,Asfalto,,Apto,Seca,,S/D,,S/D,,S/D,S/D,S/D,Día,,,Despejado,,,Funciona
184107,OBSERVATORIO VIAL,2023-10-22,10:51:00,CORRIENTES,18,CAPITAL,21,CORRIENTES,Urbana,Avenida,AV PAYSANDU,4100,LELOIR,,,,2,1,0,2,0,Colisión entre vehículos,Colisión entre vehículos,,,Lateral,2,,Intersección / cruce,,,No obstruido,Asfalto,,Apto,Seca,,Cantero central,,Ninguna,,S/D,S/D,S/D,Día,,,Despejado,,,Sin Semáforo
194951,OBSERVATORIO VIAL,2023-10-22,7:40:00,CORRIENTES,18,CAPITAL,21,CORRIENTES,Urbana,Calle,AV LIBERTAD,5150,,,,,3,1,0,2,0,Colisión entre vehículos,Colisión entre vehículos,,,Alcance,2,,Recta,,,,Asfalto,,Apto,Seca,,S/D,,S/D,,Si,Si,No,Día,,,Despejado,,,Funciona
207721,OBSERVATORIO VIAL,2023-10-22,17:00:00,CORRIENTES,18,CAPITAL,21,CORRIENTES,Urbana,Calle,YATAY,4500,URUNDAY,,,,1,0,0,1,0,Salida de calzada,Salida de calzada,,DESPISTE,,1,,Intersección / cruce,,,S/D,Asfalto,,Apto,Seca,,Ninguna,,Ninguna,,S/D,S/D,S/D,Día,,,Despejado,,,S/D
177738,OBSERVATORIO VIAL,2023-10-22,13:10:00,CORRIENTES,18,CAPITAL,21,CORRIENTES,Urbana,Calle,PLACIDO MARTINEZ,800,LA RIOJA,,,,2,0,0,2,0,Colisión entre vehículos,Colisión entre vehículos,,,,2,,Recta,,,,Asfalto,,Apto,Seca,,,,,,S/D,S/D,S/D,Día,,,Despejado,,,Funciona
182662,OBSERVATORIO VIAL,2023-10-21,16:30:00,CORRIENTES,18,CAPITAL,21,CORRIENTES,Urbana,Calle,MENDOZA,1200,3 DE abril,,,,0,2,0,2,0,Colisión entre vehículos,Colisión entre vehículos,,,Lateral,2,,Intersección / cruce,,,No obstruido,Asfalto,,Apto,Seca,,Ninguna,,Ninguna,,Si,Si,No,Día,,,Despejado,,,Funciona
185921,OBSERVATORIO VIAL,2023-10-21,10:30:00,CORRIENTES,18,CAPITAL,21,CORRIENTES,Urbana,Avenida,AV CAZADOREZ CORRENTINOS,5.500,SANCHEZ DE BUSTAMANTE,,,,0,0,1,1,0,Caída desde vehículo,Caída desde vehículo,,,,1,,Recta,,,,Asfalto,,Apto,Seca,,Cantero central,,S/D,,S/D,S/D,S/D,Día,,,Despejado,,,S/D
202004,OBSERVATORIO VIAL,2023-10-20,21:25:00,CORRIENTES,18,CAPITAL,21,CORRIENTES,Urbana,Avenida,AV EL MAESTRO,2000,IBERA,,,,1,1,0,2,0,Colisión entre vehículos,Colisión entre vehículos,,,,2,,Intersección / cruce,,,,,,Apto,Seca,,,,Asfalto,,S/D,S/D,S/D,Noche,NO,,Despejado,,,Funciona
212926,OBSERVATORIO VIAL,2023-10-19,12:20:00,CORRIENTES,18,CAPITAL,21,CORRIENTES,Urbana,Avenida,AV INDEPENDENCIA,3200,REP DOMINICANA,RECONQUISTA,,,2,0,0,2,0,Colisión entre vehículos,Colisión entre vehículos,,,Alcance,2,,Intersección / cruce,,,S/D,Asfalto,,Apto,Seca,,Cantero central,,Ninguna,,Si,Si,No,Día,,,,,,Funciona
193967,OBSERVATORIO VIAL,2023-10-16,7:00:00,CORRIENTES,18,CAPITAL,21,CORRIENTES,Urbana,Calle,PELLEGRINI,1600,ESPAÑA,,,,1,1,0,2,0,Colisión entre vehículos,Colisión entre vehículos,,,Angulo,2,,Intersección / cruce,,,S/D,Asfalto,,Apto,Seca,,S/D,,S/D,,S/D,Si,Si,Día,,,Nublado,,,Sin Semáforo
201281,OBSERVATORIO VIAL,2023-10-16,18:20:00,CORRIENTES,18,CAPITAL,21,CORRIENTES,Urbana,Calle,ROCA,1400,MORENO,,,,2,0,0,2,0,Colisión entre vehículos,Colisión entre vehículos,,,,2,,Recta,,,,Asfalto,,Apto,Seca,,S/D,,S/D,,S/D,S/D,S/D,Día,,,Despejado,,,Sin Semáforo
207688,OBSERVATORIO VIAL,2023-10-14,13:10:00,CORRIENTES,18,CAPITAL,21,CORRIENTES,Urbana,Avenida,AV ARTIGAS,1400,RIVADAVIA,,,,2,1,0,2,0,Colisión entre vehículos,Colisión entre vehículos,,,,2,,Intersección / cruce,,,No obstruido,Asfalto,,Apto,Seca,,Ninguna,,Ninguna,,Si,Si,No,Día,,,Despejado,,,Sin Semáforo
182655,OBSERVATORIO VIAL,2023-10-14,10:00:00,CORRIENTES,18,CAPITAL,21,CORRIENTES,Urbana,Calle,GDOR VELAZCO,1730,,,-2.747.793,-5.883.283,1,1,0,1,0,Caída desde vehículo,Caída desde vehículo,,,,1,,Mitad de la calle / avenida,,,,Asfalto,,Apto,Seca,,Ninguna,,Ninguna,,Si,Si,No,Día,,,Despejado,,,Sin Semáforo
194026,OBSERVATORIO VIAL,2023-10-14,17:30:00,CORRIENTES,18,CAPITAL,21,CORRIENTES,Urbana,Calle,VELEZSARFIELD,2400,AV PUJOL,,,,1,1,0,2,0,Colisión entre vehículos,Colisión entre vehículos,,,Angulo,2,,Intersección / cruce,,,S/D,Asfalto,,Apto,Seca,,S/D,,S/D,,S/D,S/D,S/D,Día,,,Despejado,,,S/D
189211,OBSERVATORIO VIAL,2023-10-14,7:30:00,CORRIENTES,18,CAPITAL,21,CORRIENTES,Urbana,Avenida,AV ARMENIA,2879,ESTADOS UNIDOS,,,,1,1,0,2,0,Colisión entre vehículos,Colisión entre vehículos,,,,2,,Intersección / cruce,,,S/D,Asfalto,,Apto,Seca,,S/D,,S/D,,S/D,S/D,S/D,Día,,,Despejado,,,S/D
199939,OBSERVATORIO VIAL,2023-10-13,13:36:00,CORRIENTES,18,CAPITAL,21,CORRIENTES,Urbana,Avenida,PLUMERILLO,1829,,,,,1,1,0,2,0,Colisión entre vehículos,Colisión entre vehículos,,,,2,,Intersección / cruce,,,S/D,Asfalto,,Apto,Seca,,S/D,,S/D,,S/D,S/D,S/D,Día,,,Despejado,,,S/D
209220,OBSERVATORIO VIAL,2023-10-10,7:40:00,CORRIENTES,18,CAPITAL,21,CORRIENTES,Urbana,Calle,CATAMARCA,1419,,,,,0,1,0,1,0,Salida de calzada,Salida de calzada,Si,,,1,,Intersección / cruce,,,No obstruido,Asfalto,,Apto,Seca,,Ninguna,,Ninguna,,Si,Si,No,Día,,,Despejado,,,Sin Semáforo
180920,OBSERVATORIO VIAL,2023-10-10,13:28:00,CORRIENTES,18,CAPITAL,21,CORRIENTES,Urbana,Calle,GOBERNADOR VELAZCO,0,LA HERAS,,,,1,1,0,2,0,Colisión entre vehículos,Colisión entre vehículos,,,,2,,Recta,,,,Asfalto,,Apto,Seca,,S/D,,S/D,,S/D,S/D,S/D,Día,,,Despejado,,,S/D
176227,OBSERVATORIO VIAL,2023-10-06,7:20:00,CORRIENTES,18,CAPITAL,21,CORRIENTES,Urbana,Avenida,AV CAZADORES,5400,MILAN,,,,2,0,0,2,0,Colisión entre vehículos,Colisión entre vehículos,,,,2,,Intersección / cruce,,,S/D,Asfalto,,Apto,Seca,,,,S/D,,S/D,S/D,S/D,Día,,,Despejado,,,S/D
202003,OBSERVATORIO VIAL,2023-10-06,7:52:00,CORRIENTES,18,CAPITAL,21,CORRIENTES,Urbana,Ruta Nacional,12,6176,MILAN,,,,1,0,0,1,0,Vuelco (solo 1 participante),Vuelco (solo 1 participante),,,,1,,Intersección / cruce,,,S/D,Asfalto,,Apto,Seca,,S/D,,Asfalto,,S/D,S/D,S/D,Día,,,Despejado,,,S/D
201971,OBSERVATORIO VIAL,2023-10-04,18:00:00,CORRIENTES,18,CAPITAL,21,CORRIENTES,Urbana,Calle,CAZADORES CORRENTINOS,3901,RESOAGLI,,,,2,0,0,2,0,Colisión entre vehículos,Colisión entre vehículos,,,,2,,S/D,,,,Asfalto,,Apto,Seca,,S/D,,Asfalto,,S/D,S/D,S/D,Día,,,Despejado,,,Sin Semáforo
176188,OBSERVATORIO VIAL,2023-10-03,8:09:00,CORRIENTES,18,CAPITAL,21,CORRIENTES,Urbana,Avenida,AVENIDA RÍO CHICO,5800,LAS VIOLETAS,,-2.746.042,-5.877.562,2,0,0,2,0,Colisión entre vehículos,Colisión entre vehículos,,,,2,,Intersección / cruce,,,,Asfalto,,Apto,Seca,,Barreras de seguridad,,Ninguna,Barrera de Hormigón,S/D,S/D,S/D,Día,,,Despejado,,,S/D
189276,OBSERVATORIO VIAL,2023-10-02,12:48:00,CORRIENTES,18,CAPITAL,21,CORRIENTES,Urbana,Calle,SAN MARTIN,1700,JUJUY,,,,1,1,0,2,0,Colisión entre vehículos,Colisión entre vehículos,,,Frontal,2,,Intersección / cruce,,,S/D,Asfalto,,Apto,Seca,,S/D,,S/D,,S/D,S/D,S/D,Día,,,Despejado,,,S/D
193970,OBSERVATORIO VIAL,2023-10-01,9:05:00,CORRIENTES,18,CAPITAL,21,CORRIENTES,Urbana,Calle,HIPOLITO YRIGOYEN,1600,SANTA FE,,,,1,2,0,2,0,Colisión entre vehículos,Colisión entre vehículos,,,,2,,Intersección / cruce,,,S/D,Asfalto,,Apto,Seca,,S/D,,S/D,,S/D,S/D,S/D,Día,,,Despejado,,,Funciona
200515,DIRECCION GENERAL DE SEGURIDAD VIAL,2023-10-01,12:54:00,CORRIENTES,18,CAPITAL,21,CORRIENTES,Urbana,Calle,JUAN MANUEL ESTRADA,735,CHOCON,,,,1,1,0,2,0,Colisión entre vehículos,Colisión entre vehículos,,,,2,,Recta,,,,Asfalto,,Apto,Seca,,S/D,,Asfalto,,S/D,S/D,S/D,Día,,,Despejado,,,S/D
205655,OBSERVATORIO VIAL,2023-09-30,3:30:00,CORRIENTES,18,CAPITAL,21,CORRIENTES,Urbana,Avenida,AV TTE IBAÑEZ,900,PJE REVIDATTI,,,,1,1,0,2,0,Colisión entre vehículos,Colisión entre vehículos,,,Lateral,2,,Intersección / cruce,,,S/D,Asfalto,,Apto,Seca,,Cantero central,,Ninguna,,S/D,S/D,S/D,Noche,NO,,Despejado,,,Sin Semáforo
194017,OBSERVATORIO VIAL,2023-09-28,11:55:00,CORRIENTES,18,CAPITAL,21,CORRIENTES,Urbana,Avenida,AV LAPRIDA,5000,AV ALFONSIN,,,,1,1,0,2,0,Colisión entre vehículos,Colisión entre vehículos,,,Angulo,2,,Intersección / cruce,,,S/D,Asfalto,,Apto,Seca,,S/D,,S/D,,S/D,S/D,S/D,Día,,,Despejado,,,Funciona
198243,OBSERVATORIO VIAL,2023-09-27,12:30:00,CORRIENTES,18,CAPITAL,21,CORRIENTES,Urbana,Calle,LAMADRID,3280,CHACABUCO,RECONQUISTA,,,1,1,0,2,0,Colisión entre vehículos,Colisión entre vehículos,,,Alcance,2,,S/D,,,,Asfalto,,Apto,Seca,,S/D,,S/D,,S/D,S/D,S/D,Día,,,Despejado,,,S/D
210017,OBSERVATORIO VIAL,2023-09-26,6:20:00,CORRIENTES,18,CAPITAL,21,CORRIENTES,Urbana,Avenida,AV PATAGONIA,2100,AV PAYSANDU,,,,2,1,0,3,0,Colisión entre vehículos,Colisión entre vehículos,,,Multiple,3,,Intersección / cruce,,,No obstruido,Asfalto,,Apto,Seca,,Cantero central,,Ninguna,,Si,Si,No,Día,,,,,,Funciona
186726,OBSERVATORIO VIAL,2023-09-26,7:30:00,CORRIENTES,18,CAPITAL,21,CORRIENTES,Urbana,Calle,CATAMARCA,641,,,,,1,1,0,1,1,Atropello a peatón/es,Atropello a peatón/es,,,,2,,Intersección / cruce,,,S/D,Asfalto,,Apto,Seca,,S/D,,S/D,,S/D,S/D,S/D,Día,,,Despejado,,,S/D
190636,OBSERVATORIO VIAL,2023-09-25,16:20:00,CORRIENTES,18,CAPITAL,21,CORRIENTES,Urbana,Calle,9 DE julio,1800,PARAGUAY,,,,3,0,0,2,0,Colisión entre vehículos,Colisión entre vehículos,,,Angulo,2,,Intersección / cruce,,,S/D,Asfalto,,Apto,Seca,,S/D,,S/D,,S/D,S/D,S/D,Día,,,Despejado,,,Sin Semáforo
177748,OBSERVATORIO VIAL,2023-09-25,15:30:00,CORRIENTES,18,CAPITAL,21,CORRIENTES,Urbana,Ruta Nacional,12,,,,,,1,1,0,2,0,Colisión entre vehículos,Colisión entre vehículos,,,,2,,Curva Horizontal,,,,Asfalto,,Apto,Seca,,S/D,,S/D,,No,No,No,Día,,,Despejado,,,Sin Semáforo
193979,OBSERVATORIO VIAL,2023-09-21,16:30:00,CORRIENTES,18,CAPITAL,21,CORRIENTES,Urbana,Calle,SAN MARTIN,1500,,,,,0,2,0,1,0,Caída desde vehículo,Caída desde vehículo,,,,1,,Intersección / cruce,,,S/D,Asfalto,,Apto,Seca,,S/D,,S/D,,S/D,S/D,S/D,Día,,,Despejado,,,S/D
177725,OBSERVATORIO VIAL,2023-09-19,10:45:00,CORRIENTES,18,CAPITAL,21,CORRIENTES,Urbana,Calle,SANTA FE,1500,RIVADAVIA,,,,2,0,0,2,0,Colisión entre vehículos,Colisión entre vehículos,,,,2,,Recta,,,,Asfalto,,Apto,Seca,,S/D,,S/D,,S/D,S/D,S/D,Día,,,Despejado,,,S/D
193973,OBSERVATORIO VIAL,2023-09-17,19:20:00,CORRIENTES,18,CAPITAL,21,CORRIENTES,Urbana,Avenida,FERRE,1900,BRASIL,,,,2,1,0,3,0,Colisión entre vehículos,Colisión entre vehículos,,,Alcance,3,,Intersección / cruce,,,S/D,Asfalto,,Apto,Seca,,S/D,,,,S/D,,,Noche,SI,,Despejado,,,S/D
211669,OBSERVATORIO VIAL,2023-09-17,23:00:00,CORRIENTES,18,CAPITAL,21,CORRIENTES,Urbana,Avenida,AV SARMIENTO,3500,PLUMERILLO,,-4.000.000,-6.100.000,1,3,0,2,0,Colisión entre vehículos,Colisión entre vehículos,,,,2,,Intersección / cruce,,,S/D,Asfalto,,Apto,Seca,,,,S/D,,,Si,,Noche,,,Nublado,,,Sin Semáforo
177715,OBSERVATORIO VIAL,2023-09-16,7:10:00,CORRIENTES,18,CAPITAL,21,CORRIENTES,Urbana,Avenida,AVENIDA CAZADORES CORRENTINOS,4400,MEDRANO,,-2.748.755,-5.879.940,1,1,0,2,0,Colisión entre vehículos,Colisión entre vehículos,,,,2,,Intersección / cruce,,,No obstruido,Asfalto,,Apto,Seca,,Barreras de seguridad,,Ninguna,Barrera de Hormigón,S/D,S/D,No,Día,,,Despejado,,,S/D
188343,OBSERVATORIO VIAL,2023-09-16,23:26:00,CORRIENTES,18,CAPITAL,21,CORRIENTES,Urbana,Avenida,AV SARMIENTO,1900,NECOCHEA,,,,2,0,0,2,0,Colisión entre vehículos,Colisión entre vehículos,,,Angulo,2,,Intersección / cruce,,,S/D,Asfalto,,Apto,Seca,,S/D,,S/D,,Si,,,Noche,NO,,Despejado,,,Sin Semáforo
193980,OBSERVATORIO VIAL,2023-09-16,8:09:00,CORRIENTES,18,CAPITAL,21,CORRIENTES,S/D,Ruta Provincial,RUTA 43,2,,,,,2,0,0,2,0,Colisión entre vehículos,Colisión entre vehículos,,,Alcance,2,,Intersección / cruce,,,S/D,Asfalto,,Apto,Seca,,S/D,,S/D,,S/D,S/D,S/D,Día,,,Despejado,,,S/D
180919,OBSERVATORIO VIAL,2023-09-16,8:00:00,CORRIENTES,18,CAPITAL,21,CORRIENTES,Urbana,Avenida,AV INDEPENDENCIA,0,RECONQUISTA,,,,2,0,0,2,0,Colisión entre vehículos,Colisión entre vehículos,,,,2,,Recta,,,,Asfalto,,Apto,Seca,,S/D,,S/D,,S/D,S/D,S/D,Día,,,Despejado,,,Sin Semáforo
190576,OBSERVATORIO VIAL,2023-09-15,22:50:00,CORRIENTES,18,CAPITAL,21,CORRIENTES,Urbana,Calle,LAS VIOLETAS,500,MALAGA,,,,2,0,0,2,0,Colisión entre vehículos,Colisión entre vehículos,,,,2,,Recta,,,,Asfalto,,Apto,Seca,,S/D,,S/D,,S/D,S/D,S/D,Noche,SI,,Despejado,,,S/D
205548,OBSERVATORIO VIAL,2023-09-13,14:30:00,CORRIENTES,18,CAPITAL,21,CORRIENTES,Urbana,Avenida,AV. J. R. FERNANDEZ,100,LOS COCOS,,-2.746.258,-5.878.726,1,1,0,2,0,Colisión entre vehículos,Colisión entre vehículos,,,,2,,Intersección / cruce,,,S/D,Asfalto,,Apto,Seca,,Barreras de seguridad,,Ninguna,Otro,Si,Si,Si,Noche,NO,,Despejado,,,Funciona
197503,OBSERVATORIO VIAL,2023-09-12,6:20:00,CORRIENTES,18,CAPITAL,21,CORRIENTES,Urbana,Calle,SAN LUIS,989,BOLIVAR,,,,1,1,0,2,0,Colisión entre vehículos,Colisión entre vehículos,,,,2,,Intersección / cruce,,,S/D,Asfalto,,Apto,Seca,,S/D,,S/D,,S/D,S/D,S/D,Día,,,Despejado,,,S/D
204260,OBSERVATORIO VIAL,2023-09-09,14:35:00,CORRIENTES,18,CAPITAL,21,CORRIENTES,Urbana,Avenida,AV PUJOL,2199,ROTONDA PONCHO VERDE,,,,2,0,0,2,0,Colisión entre vehículos,Colisión entre vehículos,,,Angulo,2,,Curva Horizontal,,,,Asfalto,,Apto,Seca,,S/D,,Asfalto,,S/D,S/D,S/D,Día,,,Despejado,,,Sin Semáforo
186724,OBSERVATORIO VIAL,2023-09-01,12:58:00,CORRIENTES,18,CAPITAL,21,CORRIENTES,Urbana,Avenida,CARTAGENA,3400,CASTELLI,,,,1,1,0,2,0,Colisión entre vehículos,Colisión entre vehículos,,,Alcance,2,,Intersección / cruce,,,,Asfalto,,Apto,Seca,,S/D,,S/D,,No,No,No,Día,,,Despejado,,,Sin Semáforo
199950,OBSERVATORIO VIAL,2023-08-31,7:45:00,CORRIENTES,18,CAPITAL,21,CORRIENTES,Urbana,Ruta Nacional,12,1023,CAZADORES CORRENTINOS,,,,1,0,1,2,0,Colisión entre vehículos,Colisión entre vehículos,,,,2,,Intersección / cruce,,,S/D,Asfalto,,,"Mojada, S/D",,S/D,,Asfalto,,S/D,S/D,S/D,Noche,,,Lluvia,,,S/D
209115,OBSERVATORIO VIAL,2023-08-30,13:00:00,CORRIENTES,18,CAPITAL,21,CORRIENTES,Urbana,Calle,HIPOLITO YRIGOYEN,1500,SANTA FE,,,,2,0,0,2,0,Colisión entre vehículos,Colisión entre vehículos,,,,2,,Intersección / cruce,,,No obstruido,Asfalto,,Apto,Seca,,Ninguna,,Ninguna,,Si,Si,No,Día,,,Despejado,,,Funciona
177776,OBSERVATORIO VIAL,2023-08-29,10:20:00,CORRIENTES,18,CAPITAL,21,CORRIENTES,Urbana,Avenida,MENDOZA,1500,3 DE abril,,-2.747.489,-5.883.645,2,0,0,2,0,Colisión entre vehículos,Colisión entre vehículos,,,,2,,Mitad de la calle / avenida,,,,Asfalto,,Apto,Seca,,Ninguna,,Ninguna,,Si,Si,No,Día,,,Despejado,,,Funciona
201276,OBSERVATORIO VIAL,2023-08-28,8:23:00,CORRIENTES,18,CAPITAL,21,CORRIENTES,Urbana,Avenida,AV ARMENIA,6315,,,,,1,1,0,1,1,Colisión entre vehículos,Colisión entre vehículos,,,,2,,Recta,,,,Asfalto,,Apto,Seca,,S/D,,,,S/D,S/D,S/D,Día,,,Despejado,,,S/D
199931,OBSERVATORIO VIAL,2023-08-27,5:40:00,CORRIENTES,18,CAPITAL,21,CORRIENTES,Urbana,Avenida,AVENIDA MAIPU,1200,GOYA,,,,1,1,0,2,0,Colisión entre vehículos,Colisión entre vehículos,,,,2,,Intersección / cruce,,,S/D,Asfalto,,Apto,Seca,,S/D,,S/D,,S/D,S/D,S/D,Día,,,Despejado,,,S/D
202002,OBSERVATORIO VIAL,2023-08-26,14:00:00,CORRIENTES,18,CAPITAL,21,CORRIENTES,Urbana,Avenida,MAIPU,3215,TILCARA,,,,1,0,0,1,0,Caída desde vehículo,Caída desde vehículo,,,,1,,Recta,,,,Asfalto,,Apto,Seca,,Ninguna,,Asfalto,,S/D,S/D,S/D,Día,,,Despejado,,,S/D
215307,OBSERVATORIO VIAL,2023-08-26,9:30:00,CORRIENTES,18,CAPITAL,21,CORRIENTES,Urbana,Calle,VELEZ SARSFIELD,500,,PJE CABRAL,,,2,0,0,2,0,Colisión entre vehículos,Colisión entre vehículos,,,Lateral,2,,Intersección / cruce,,,S/D,Asfalto,,Apto,Seca,,Ninguna,,Ninguna,,No,No,No,Día,,,Despejado,,,Sin Semáforo
177718,OBSERVATORIO VIAL,2023-08-26,13:25:00,CORRIENTES,18,CAPITAL,21,CORRIENTES,Rural,Ruta Provincial,5,5,FRENTE A PACHECO,,-2.748.601,-5.877.038,0,1,0,1,0,Caída desde vehículo,Caída desde vehículo,,,,1,,Recta,,,,Asfalto,,Apto,Seca,,Ninguna,,Pasto,,No,Si,No,Día,,,Despejado,,,Sin Semáforo
186778,OBSERVATORIO VIAL,2023-08-26,9:11:00,CORRIENTES,18,CAPITAL,21,CORRIENTES,Urbana,Avenida,AV 3 DE ABRIL,500,SAN LUIS,,,,1,1,0,2,0,Colisión entre vehículos,Colisión entre vehículos,,,Angulo,2,,Intersección / cruce,,,S/D,Asfalto,,Apto,Seca,,S/D,,S/D,,Si,Si,No,Día,,,Despejado,,,Funciona
193968,OBSERVATORIO VIAL,2023-08-25,8:40:00,CORRIENTES,18,CAPITAL,21,CORRIENTES,Urbana,Avenida,ARTIGAS,1500,FERRE,,,,3,0,0,2,0,Colisión entre vehículos,Colisión entre vehículos,,,,2,,Intersección / cruce,,,S/D,Asfalto,,Apto,Seca,,S/D,,S/D,,S/D,S/D,S/D,Día,,,Despejado,,,Funciona
189930,OB. VIAL,2023-08-24,7:45:00,CORRIENTES,18,CAPITAL,21,CORRIENTES,Urbana,Avenida,ROCA,600,PONCHO VERDE,,,,1,1,0,2,0,Colisión entre vehículos,Colisión entre vehículos,,,Angulo,2,,Rotonda,,,,Asfalto,,Apto,Seca,,Ninguna,,Ninguna,,Si,Si,,Día,,,Despejado,,,Sin Semáforo
176191,OBSERVATORIO VIAL,2023-08-24,10:30:00,CORRIENTES,18,CAPITAL,21,CORRIENTES,Urbana,Avenida,AVENIDA INDEPENDENCIA,3400,CASTELLI,,-2.747.917,-5.880.985,2,0,0,2,0,Colisión entre vehículos,Colisión entre vehículos,,,Angulo,2,,Intersección / cruce,,,No obstruido,Asfalto,,Apto,Seca,,Barreras de seguridad,,Ninguna,Otro,Si,No,No,Día,,,Despejado,,,Funciona
184924,OBSERVATORIO VIAL,2023-08-24,13:21:00,CORRIENTES,18,CAPITAL,21,CORRIENTES,Urbana,Calle,BOLIVAR,506,COLOMBIA,,,,1,1,0,2,0,Colisión entre vehículos,Colisión entre vehículos,,,,2,,Recta,,,,Asfalto,,Apto,Seca,,S/D,,S/D,,S/D,S/D,S/D,Día,,,Despejado,,,S/D
204266,OBSERVATORIO VIAL,2023-08-23,19:25:00,CORRIENTES,18,CAPITAL,21,CORRIENTES,Urbana,Avenida,INDEPENDENCIA,80,MILAN,,,,0,0,1,1,0,Choque,Choque,Si,,Frontal,1,,Recta,,,,Asfalto,,Apto,Seca,,,,Asfalto,,Si,Si,Si,Noche,NO,,Despejado,,,Sin Semáforo
207686,OBSERVATORIO VIAL,2023-08-23,14:05:00,CORRIENTES,18,CAPITAL,21,CORRIENTES,Urbana,Avenida,AV MAIPU,7000,,,,,1,1,0,2,0,Colisión entre vehículos,Colisión entre vehículos,,,Lateral,2,,Intersección / cruce,,,S/D,Asfalto,,Apto,Seca,,Cantero central,,Ninguna,,S/D,S/D,S/D,Día,,,Despejado,,,S/D
200514,OBSERVATORIO VIAL,2023-08-23,8:30:00,CORRIENTES,18,CAPITAL,21,CORRIENTES,Urbana,Calle,3 DE abril,598,ALBERDI,,,,3,0,0,2,0,Colisión entre vehículos,Colisión entre vehículos,,,Lateral,2,,Recta,,,,Asfalto,,Apto,Seca,,S/D,,S/D,,S/D,S/D,S/D,Día,,,Despejado,,,Sin Semáforo
201274,OBSERVATORIO VIAL,2023-08-22,0:45:00,CORRIENTES,18,CAPITAL,21,CORRIENTES,Urbana,Avenida,AV INDEPENDENCIA,4201,LAS PIEDRAS,,,,1,1,0,2,0,,,,,,2,,Recta,,,,Asfalto,,Apto,Seca,,S/D,,S/D,,S/D,S/D,S/D,Noche,SI,,Despejado,,,Funciona
177736,OBSERVATORIO VIAL,2023-08-21,12:00:00,CORRIENTES,18,CAPITAL,21,CORRIENTES,Urbana,Semiautopista/Autovía,ROTONDA VIRGEN DE ITATI,5100,Ruta 12,,,,2,0,0,2,0,Colisión entre vehículos,Colisión entre vehículos,,,,2,,Rotonda,,,,Asfalto,,Apto,Seca,,S/D,,,,S/D,S/D,S/D,Día,,,Despejado,,,S/D
196780,OBSERVATORIO VIAL,2023-08-21,18:10:00,CORRIENTES,18,CAPITAL,21,CORRIENTES,Urbana,Avenida,RAUL ALFONSIN,4300,LAS PIEDRAS,,,,1,1,0,2,0,Caída desde vehículo,Caída desde vehículo,,,Angulo,2,,Recta,,,,Asfalto,,Apto,Seca,,S/D,,S/D,,S/D,S/D,S/D,Día,,,Nublado,,,S/D
212418,OBSERVATORIO VIAL,2023-08-20,22:40:00,CORRIENTES,18,CAPITAL,21,CORRIENTES,Urbana,Calle,J. R. VIDAL,1100,AV COLON,,,,1,1,0,2,0,Colisión entre vehículos,Colisión entre vehículos,,,Lateral,2,,Intersección / cruce,,,S/D,Asfalto,,Apto,Seca,,Cantero central,,Ninguna,,Si,Si,No,Noche,NO,,Despejado,,,Sin Semáforo
186729,OBSERVATORIO VIAL,2023-08-20,13:13:00,CORRIENTES,18,CAPITAL,21,CORRIENTES,Urbana,Avenida,LAPRIDA,820,,,,,1,1,0,2,0,Colisión entre vehículos,Colisión entre vehículos,,,Frontal,2,,Intersección / cruce,,,S/D,Asfalto,,Apto,Seca,,S/D,,S/D,,No,No,No,Día,,,Despejado,,,S/D
205598,OBSERVATORIO VIAL,2023-08-19,13:10:00,CORRIENTES,18,CAPITAL,21,CORRIENTES,Urbana,Calle,LAMADRID,500,PIRAGINE NIVEYRO,,,,1,3,0,2,0,Colisión entre vehículos,Colisión entre vehículos,,,Lateral,2,,Intersección / cruce,,,S/D,Asfalto,,Apto,Seca,,Ninguna,,Ninguna,,Si,Si,No,Día,,,Despejado,,,Sin Semáforo
214668,OBSERVATORIO VIAL,2023-08-18,14:30:00,CORRIENTES,18,CAPITAL,21,CORRIENTES,Urbana,Avenida,CENTENARIO,4000,RIO JURAMENTO,,,,1,0,0,1,0,Caída desde vehículo,Caída desde vehículo,,,,1,,Intersección / cruce,,,S/D,Asfalto,,Apto,Seca,,Cantero central,,Ninguna,,Si,Si,No,Día,,,Despejado,,,Funciona
180120,OBSERVATORIO VIAL,2023-08-16,10:01:00,CORRIENTES,18,CAPITAL,21,CORRIENTES,Urbana,Avenida,AV INDEPENDENCIA,4840,,,,,3,0,0,3,0,Colisión entre vehículos,Colisión entre vehículos,,,,3,,Recta,,,,Asfalto,,Apto,Seca,,S/D,,S/D,,S/D,S/D,S/D,Día,,,Despejado,,,Sin Semáforo
205589,OBSERVATORIO VIAL,2023-08-16,6:50:00,CORRIENTES,18,CAPITAL,21,CORRIENTES,Urbana,Avenida,MAIPU,3100,TILCARA,,,,1,1,0,2,0,Colisión entre vehículos,Colisión entre vehículos,,,Lateral,2,,Intersección / cruce,,,S/D,Asfalto,,Apto,Seca,,Barreras de seguridad,,Ninguna,,Si,Si,S/D,Día,,,Despejado,,,S/D
212912,OBSERVATORIO VIAL,2023-08-16,7:15:00,CORRIENTES,18,CAPITAL,21,CORRIENTES,Urbana,Avenida,AV RAUL ALFONSIN,4000,LOS TILOS,,,,1,1,0,2,0,Colisión entre vehículos,Colisión entre vehículos,,,Frontal,2,,Intersección / cruce,,,S/D,Asfalto,,Apto,Seca,,Cantero central,,Ninguna,,Si,Si,No,Día,,,Despejado,,,Sin Semáforo
204264,OBSERVATORIO VIAL,2023-08-15,19:00:00,CORRIENTES,18,CAPITAL,21,CORRIENTES,Urbana,Ruta Nacional,12,5400,AV LIBERTAD,,,,1,1,0,2,0,Colisión entre vehículos,Colisión entre vehículos,,,Lateral,2,,Intersección / cruce,,,S/D,Asfalto,,Apto,Seca,,Ninguna,,Asfalto,,S/D,S/D,S/D,Noche,SI,,Despejado,,,Sin Semáforo
208321,OBSERVATORIO VIAL,2023-08-15,7:10:00,CORRIENTES,18,CAPITAL,21,CORRIENTES,Urbana,Ruta Nacional,12,1027,INGRESO Bº PIRAYUI,,,,1,0,0,1,0,Caída desde vehículo,Caída desde vehículo,,,,1,,Intersección / cruce,,,S/D,Asfalto,,Apto,Seca,,Ninguna,,Pasto,,S/D,S/D,S/D,Día,,,Despejado,,,S/D
183610,OBSERVATORIO VIAL,2023-08-14,1:00:00,CORRIENTES,18,CAPITAL,21,CORRIENTES,Urbana,Avenida,ROTONDA,5500,VIRGEN DE ITATI,,,,0,1,0,1,0,Caída desde vehículo,Caída desde vehículo,,,,1,,Rotonda,,,,Asfalto,,Apto,Seca,,Cantero central,,Ninguna,,Si,Si,S/D,Noche,NO,,Despejado,,,Sin Semáforo
196784,OBSERVATORIO VIAL,2023-08-13,12:00:00,CORRIENTES,18,CAPITAL,21,CORRIENTES,Urbana,Avenida,MAIPU,1345,,,,,1,1,0,2,0,Colisión entre vehículos,Colisión entre vehículos,,,Lateral,2,,Mitad de la calle / avenida,,,,Asfalto,,Apto,Seca,,S/D,,S/D,,S/D,S/D,S/D,Día,,,Despejado,,,S/D
186757,OBSERVATORIO VIAL,2023-08-13,12:59:00,CORRIENTES,18,CAPITAL,21,CORRIENTES,Urbana,Avenida,AV SARMIENTO,2100,TTE. C. FERNANDEZ,,,,2,0,0,2,0,Colisión entre vehículos,Colisión entre vehículos,,,Angulo,2,,Intersección / cruce,,,S/D,Asfalto,,Apto,Seca,,S/D,,S/D,,Si,Si,Si,Día,,,Despejado,,,Funciona
176193,OBSERVATORIO VIAL,2023-08-12,12:30:00,CORRIENTES,18,CAPITAL,21,CORRIENTES,Urbana,Avenida,AVENIDA 3 DE ABRIL,2200,JULIO ARGENTINO ROCA,,-2.747.723,-5.882.364,2,0,0,2,0,Colisión entre vehículos,Colisión entre vehículos,,,Alcance,2,,Intersección / cruce,,,No obstruido,Otro,HOMIGÓN,Apto,Seca,,Barreras de seguridad,,Ninguna,Otro,Si,No,No,Día,,,Despejado,,,Funciona
188347,OBSERVATORIO VIAL,2023-08-10,20:05:00,CORRIENTES,18,CAPITAL,21,CORRIENTES,Urbana,Avenida,AV MAIPU,3600,GUAYQUIRARO,,,,2,0,0,2,0,Colisión entre vehículos,Colisión entre vehículos,,,,2,,Intersección / cruce,,,S/D,Asfalto,,Apto,Seca,,S/D,,S/D,,Si,Si,Si,Noche,NO,,Despejado,,,Funciona
204962,OBSERVATORIO VIAL,2023-08-10,19:45:00,CORRIENTES,18,CAPITAL,21,CORRIENTES,Urbana,Ruta Nacional,12,1034,,,,,1,0,0,1,0,Vuelco (solo 1 participante),Vuelco (solo 1 participante),,,,1,,Recta,,,,Asfalto,,Apto,Seca,,S/D,,Asfalto,,S/D,S/D,S/D,Noche,SI,,Despejado,,,S/D
176187,OBSERVATORIO VIAL,2023-08-10,10:00:00,CORRIENTES,18,CAPITAL,21,CORRIENTES,Urbana,Avenida,AVENIDA FERRÉ,2200,,,-2.747.622,-5.883.187,2,0,0,2,0,Colisión entre vehículos,Colisión entre vehículos,,,,2,,Intersección / cruce,,,No obstruido,Asfalto,,,Seca,,Ninguna,,Ninguna,,Si,Si,No,Día,,,Despejado,,,Funciona
176166,OBSERVATORIO VIAL,2023-08-09,12:45:00,CORRIENTES,18,CAPITAL,21,CORRIENTES,Urbana,Calle,TTE IBAÑEZ,1000,SAN JUAN,,,,1,1,0,2,0,Colisión entre vehículos,Colisión entre vehículos,,,,2,,Intersección / cruce,,,S/D,Asfalto,,Apto,Seca,,,,S/D,,Si,,,Día,,,Despejado,,,S/D
207719,OBSERVATORIO VIAL,2023-08-09,5:50:00,CORRIENTES,18,CAPITAL,21,CORRIENTES,Urbana,Calle,SANTA FE,1100,SAN MARTIN,,,,1,1,0,2,0,Colisión entre vehículos,Colisión entre vehículos,,,Lateral,2,,Intersección / cruce,,,No obstruido,Asfalto,,Apto,Seca,,Ninguna,,Ninguna,,Si,Si,No,Noche,NO,,Despejado,,,S/D
199661,OBSERVATORIO VIAL,2023-08-09,16:40:00,CORRIENTES,18,CAPITAL,21,CORRIENTES,Urbana,Avenida,3 DE abril,521,ENTRE RIOS,,,,2,0,0,2,0,Colisión entre vehículos,Colisión entre vehículos,,,,2,,Recta,,,,S/D,,Apto,Seca,,S/D,,S/D,,S/D,S/D,S/D,Día,,,Despejado,,,Sin Semáforo
201238,OBSERVATORIO VIAL,2023-08-08,11:10:00,CORRIENTES,18,CAPITAL,21,CORRIENTES,Urbana,Calle,CORDOBA,944,LAVALLE,,,,1,1,0,2,0,Colisión entre vehículos,Colisión entre vehículos,,,,2,,Recta,,,,Asfalto,,Apto,Seca,,S/D,,S/D,,S/D,S/D,S/D,Día,,,Despejado,,,S/D
202007,OBSERVATORIO VIAL,2023-08-06,12:46:00,CORRIENTES,18,CAPITAL,21,CORRIENTES,Urbana,Avenida,MAIPU,2598,CARIBE,,,,2,0,0,2,0,Colisión entre vehículos,Colisión entre vehículos,,,Alcance,2,,Intersección / cruce,,,S/D,Asfalto,,Apto,Seca,,S/D,,Asfalto,,S/D,S/D,S/D,Día,,,Despejado,,,Funciona
176194,OBSERVATORIO VIAL,2023-08-05,17:38:00,CORRIENTES,18,CAPITAL,21,CORRIENTES,Urbana,Avenida,AVENIDA ARTIGAS,1500,,,-2.747.612,-5.881.952,2,0,0,2,0,Colisión entre vehículos,Colisión entre vehículos,,,Otro,2,,Ingreso / Egreso de la vía,,,,Asfalto,,Apto,Seca,,Ninguna,,Ninguna,,Si,Si,No,Día,,,Despejado,,,Funciona
186747,OBSERVATORIO VIAL,2023-08-05,13:50:00,CORRIENTES,18,CAPITAL,21,CORRIENTES,Urbana,Avenida,INDEPENDENCIA,1100,SANCHEZ DE BUSTAMANTE,,,,2,0,0,2,0,Colisión entre vehículos,Colisión entre vehículos,,,,2,,Intersección / cruce,,,S/D,Asfalto,,Apto,Seca,,S/D,,S/D,,S/D,S/D,S/D,Día,,,Despejado,,,S/D
189957,OBSERVATORIO VIAL,2023-08-04,23:10:00,CORRIENTES,18,CAPITAL,21,CORRIENTES,Urbana,Ruta Provincial,RUTA 5,c. 112,FRENTE AL BARRIO SAMELA,,,,1,1,0,1,0,Caída desde vehículo,Caída desde vehículo,,,Otro,1,,Recta,,,,Asfalto,,En reparación,,,Otro,NINGUNA,,,,,,Noche,,,Despejado,,,
196747,OBSERVATORIO VIAL,2023-08-04,10:55:00,CORRIENTES,18,CAPITAL,21,CORRIENTES,Urbana,Calle,LAMADRID,2198,ALBERDI,,,,2,0,0,2,0,Colisión entre vehículos,Colisión entre vehículos,,,Angulo,2,,Intersección / cruce,,,S/D,Asfalto,,Apto,Seca,,,,,,No,No,No,Día,,,Despejado,,,Sin Semáforo
214672,OBSERVATORIO VIAL,2023-08-04,11:00:00,CORRIENTES,18,CAPITAL,21,CORRIENTES,Urbana,Avenida,AV. CAZADORES CORRENTINOS,3800,PIROVANO,,,,1,1,0,2,0,Colisión entre vehículos,Colisión entre vehículos,,,Lateral,2,,Intersección / cruce,,,S/D,Asfalto,,Apto,Seca,,Cantero central,,Ninguna,,Si,Si,No,Día,,,Despejado,,,Sin Semáforo
208361,OBSERVATORIO VIAL,2023-08-04,9:40:00,CORRIENTES,18,CAPITAL,21,CORRIENTES,Urbana,Avenida,AV 3 DE ABRIL,700,,,,,3,0,0,3,0,Colisión entre vehículos,Colisión entre vehículos,,,Alcance,3,,Intersección / cruce,,,No obstruido,Asfalto,,Apto,Seca,,Cantero central,,Ninguna,,Si,Si,No,Día,,,Despejado,,,Funciona
205550,OBSERVATORIO VIAL,2023-08-04,6:20:00,CORRIENTES,18,CAPITAL,21,CORRIENTES,Urbana,Avenida,AV. INDEPENDENCIA,4300,RIO JURAMENTO,,-2.748.111,-5.879.930,1,1,0,2,0,Colisión entre vehículos,Colisión entre vehículos,,,,2,,Intersección / cruce,,,S/D,Asfalto,,Apto,Seca,,Otro,,Asfalto,,Si,Si,No,,,,,,,
177714,OBSERVATORIO VIAL,2023-08-04,10:50:00,CORRIENTES,18,CAPITAL,21,CORRIENTES,Urbana,Avenida,AVENIDA INDEPENDENCIA,4300,RÍO JURAMENTO,,-2.748.113,-5.879.930,1,1,0,2,0,Colisión entre vehículos,Colisión entre vehículos,,,,2,,Intersección / cruce,,,No obstruido,Asfalto,,Apto,Seca,,Otro,PARTERRES,Ninguna,,S/D,S/D,No,Día,,,Despejado,,,S/D
185871,OBSERVATORIO VIAL,2023-08-03,22:30:00,CORRIENTES,18,CAPITAL,21,CORRIENTES,Urbana,Avenida,AV 3 DE ABRIL,1300,CATAMARCA,,,,1,1,0,2,0,Colisión entre vehículos,Colisión entre vehículos,,,Lateral,2,,Intersección / cruce,,,S/D,Asfalto,,Apto,Seca,,S/D,,S/D,,Si,,S/D,,,,Despejado,,,Funciona
190575,OBSERVATORIO VIAL,2023-08-03,21:00:00,CORRIENTES,18,CAPITAL,21,CORRIENTES,Urbana,Avenida,AV 3 DE ABRIL,1400,SAN LORENZO,,,,1,2,0,2,0,Colisión entre vehículos,Colisión entre vehículos,,,Alcance,2,,Intersección / cruce,,,,Asfalto,,Apto,Seca,,S/D,,S/D,,,Si,,Noche,SI,,Despejado,,,Funciona
194019,OBSERVATORIO VIAL,2023-08-03,13:50:00,CORRIENTES,18,CAPITAL,21,CORRIENTES,Urbana,Calle,H. IRIGOYEN,865,SALTA,,,,0,2,0,1,1,Atropello a peatón/es,Atropello a peatón/es,,,,2,,Recta,,,,Asfalto,,Apto,Seca,,S/D,,S/D,,S/D,S/D,S/D,Día,,,Despejado,,,S/D
204273,OBSERVATORIO VIAL,2023-08-03,18:00:00,CORRIENTES,18,CAPITAL,21,CORRIENTES,Urbana,Calle,RAFAELA,46,BONASTRE,,,,1,3,0,2,0,Colisión entre vehículos,Colisión entre vehículos,,,Angulo,2,,,,,,Asfalto,,Apto,Seca,,S/D,,Asfalto,,S/D,S/D,S/D,Día,,,Despejado,,,S/D
178612,OBSERVATORIO VIAL,2023-08-03,1:30:00,CORRIENTES,18,CAPITAL,21,CORRIENTES,Urbana,Avenida,MEDRANO,2100,NICARAGUA,,,,0,1,0,1,0,Otro,Otro,,DESPISTE,,1,,Curva Horizontal,,,,Asfalto,,Apto,Seca,,S/D,,S/D,,S/D,S/D,S/D,Noche,SI,,Despejado,,,S/D
199933,OBSERVATORIO VIAL,2023-07-31,18:30:00,CORRIENTES,18,CAPITAL,21,CORRIENTES,Urbana,Calle,BELTRAN,1883,MAIPU,EL LIBANO,,,2,0,0,2,0,Colisión entre vehículos,Colisión entre vehículos,,,Lateral,2,,Intersección / cruce,,,S/D,Asfalto,,Apto,Seca,,Ninguna,,S/D,,S/D,S/D,S/D,Día,,,Despejado,,,S/D
207087,OBSERVATORIO VIAL,2023-07-31,18:05:00,CORRIENTES,18,CAPITAL,21,CORRIENTES,Urbana,Calle,25 DE mayo,1041,,,,,,,,,,,,,,,0,,,,,,,,,,,,,,,,,,,,,,,,
177785,OBSERVATORIO VIAL,2023-07-28,9:30:00,CORRIENTES,18,CAPITAL,21,CORRIENTES,Urbana,Avenida,AV CAZADORES,3800,GUEMES,,,,0,0,1,2,0,Colisión entre vehículos,Colisión entre vehículos,,,,2,,Intersección / cruce,,,S/D,Asfalto,,Apto,Seca,,S/D,,S/D,,S/D,S/D,S/D,Día,,,Despejado,,,Funciona
184892,OBSERVATORIO VIAL,2023-07-27,7:27:00,CORRIENTES,18,CAPITAL,21,CORRIENTES,Urbana,Calle,AV PUJOL,1100,ROTONDA PONCHO VERDE,,,,2,0,0,2,0,Colisión entre vehículos,Colisión entre vehículos,,,,2,,Intersección / cruce,,,S/D,Asfalto,,Apto,Seca,,S/D,,S/D,,S/D,S/D,S/D,Día,,,Despejado,,,Sin Semáforo
181831,OBSERVATORIO VIAL,2023-07-27,22:10:00,CORRIENTES,18,CAPITAL,21,CORRIENTES,Urbana,Ruta Nacional,12,1024,AV MAIPU,,,,1,0,1,2,0,Colisión entre vehículos,Colisión entre vehículos,,,,2,,Recta,,,,Asfalto,,Apto,Seca,,S/D,,S/D,,No,No,No,Noche,SI,,Despejado,,,Sin Semáforo
189210,OBSERVATORIO VIAL,2023-07-26,12:34:00,CORRIENTES,18,CAPITAL,21,CORRIENTES,Urbana,Calle,mendoza,1780,,,,,2,0,0,2,0,Colisión entre vehículos,Colisión entre vehículos,,,Alcance,2,,Intersección / cruce,,,S/D,Asfalto,,Apto,Seca,,S/D,,S/D,,S/D,S/D,S/D,Día,,,Despejado,,,S/D
177722,OBSERVATORIO VIAL,2023-07-26,11:48:00,CORRIENTES,18,CAPITAL,21,CORRIENTES,Urbana,Avenida,CHACABUCO,2225,,,,,2,0,0,2,0,Colisión entre vehículos,Colisión entre vehículos,,,,2,,Intersección / cruce,,,S/D,Asfalto,,Apto,Seca,,S/D,,S/D,,S/D,S/D,S/D,Día,,,Despejado,,,S/D
176170,OBSERVATORIO VIAL,2023-07-25,8:35:00,CORRIENTES,18,CAPITAL,21,CORRIENTES,Urbana,Avenida,AV RAUL ALFONSIN,3200,,,,,1,1,0,2,0,Colisión entre vehículos,Colisión entre vehículos,,,,2,,Intersección / cruce,,,S/D,Asfalto,,Apto,Seca,,S/D,,S/D,,S/D,S/D,S/D,Día,,,Despejado,,,Funciona
184885,OBSERVATORIO VIAL,2023-07-25,10:15:00,CORRIENTES,18,CAPITAL,21,CORRIENTES,Urbana,Calle,LAS HERAS,3200,SAAVEDRA,,,,1,2,0,2,0,Colisión entre vehículos,Colisión entre vehículos,,,,2,,Recta,,,,Asfalto,,Apto,Seca,,S/D,,S/D,,S/D,S/D,S/D,Día,,,Despejado,,,S/D
187683,OBSERVATORIO VIAL.,2023-07-23,8:14:00,CORRIENTES,18,CAPITAL,21,CORRIENTES,Urbana,Avenida,CHACABUCO,1500,FERRE,,,,3,1,0,2,0,Colisión entre vehículos,Colisión entre vehículos,,,Angulo,2,,Intersección / cruce,,,,Asfalto,,Apto,Seca,,,,Asfalto,,,,,Día,,,Despejado,,,Funciona
194946,OBSERVATORIO VIAL,2023-07-19,15:00:00,CORRIENTES,18,CAPITAL,21,CORRIENTES,Urbana,Avenida,AV INDEPENDENCIA,4300,LAS PIEDRAS,,,,2,0,0,2,0,Colisión entre vehículos,Colisión entre vehículos,,,Alcance,2,,S/D,,,,Asfalto,,Apto,Seca,,Cantero central,,,,Si,S/D,Si,Día,,,Despejado,,,Funciona
205576,OBSERVATORIO VIAL,2023-07-18,8:52:00,CORRIENTES,18,CAPITAL,21,CORRIENTES,Urbana,Calle,LAS PIEDRAS,1900,NECOCHEA,,,,1,1,0,2,0,Colisión entre vehículos,Colisión entre vehículos,,,Lateral,2,,Intersección / cruce,,,No obstruido,Asfalto,,Apto,Seca,,S/D,,Ninguna,,S/D,S/D,S/D,Día,,,Despejado,,,S/D
194025,OBSERVATORIO VIAL,2023-07-18,10:30:00,CORRIENTES,18,CAPITAL,21,CORRIENTES,Urbana,Avenida,AV PUJOL,2399,,,,,2,0,0,2,0,Colisión entre vehículos,Colisión entre vehículos,,,,2,,Intersección / cruce,,,S/D,Asfalto,,Apto,Seca,,S/D,,S/D,,S/D,S/D,S/D,Día,,,Despejado,,,Funciona
198241,OBSERVATORIO VIAL,2023-07-17,7:30:00,CORRIENTES,18,CAPITAL,21,CORRIENTES,Urbana,Calle,GUTEMBERG,2100,LAMADRID,,,,2,0,0,2,0,Colisión entre vehículos,Colisión entre vehículos,,,Lateral,2,,Intersección / cruce,,,S/D,Asfalto,,Apto,Seca,,S/D,,S/D,,No,No,No,Día,,,Despejado,,,Sin Semáforo
176175,OBSERVATORIO VIAL,2023-07-17,10:15:00,CORRIENTES,18,CAPITAL,21,CORRIENTES,Urbana,Calle,COSQUIN,1600,CRESPO,,,,1,1,0,2,0,Colisión entre vehículos,Colisión entre vehículos,,,,2,,Intersección / cruce,,,S/D,Asfalto,,Apto,Seca,,S/D,,S/D,,S/D,S/D,S/D,Día,,,Despejado,,,S/D
179138,OBSERVATORIO VIAL,2023-07-13,1:11:00,CORRIENTES,18,CAPITAL,21,CORRIENTES,Urbana,Calle,HIPOLITO YRIGOYEN,1500,SANTA FE,,,,2,0,0,2,0,Colisión entre vehículos,Colisión entre vehículos,,,Alcance,2,,Recta,,,,Asfalto,,Baches,Seca,,S/D,,S/D,,S/D,S/D,S/D,Noche,NO,,Nublado,,,S/D
190571,OBSERVATORIO VIAL,2023-07-12,23:21:00,CORRIENTES,18,CAPITAL,21,CORRIENTES,Urbana,Avenida,CAZADORES CORRENTINOS,3400,CASTELLI,,,,1,1,0,2,0,Colisión entre vehículos,Colisión entre vehículos,,,Angulo,2,,Intersección / cruce,,,S/D,Asfalto,,Apto,Seca,,S/D,,S/D,,S/D,S/D,S/D,Noche,SI,,Despejado,,,S/D
196750,OBSERVATORIO VIAL,2023-07-11,12:30:00,CORRIENTES,18,CAPITAL,21,CORRIENTES,Urbana,Calle,PASAJE CARRILLO,564,,,,,2,0,0,2,0,Colisión entre vehículos,Colisión entre vehículos,,,Alcance,2,,Recta,,,,Asfalto,,Apto,Seca,,S/D,,S/D,,S/D,S/D,S/D,Día,,,Nublado,,,S/D
190578,OBSERVATORIO VIAL,2023-07-07,12:35:00,CORRIENTES,18,CAPITAL,21,CORRIENTES,Urbana,Calle,GUEMEZ,3598,BRAILE,,,,2,0,0,2,0,Colisión entre vehículos,Colisión entre vehículos,,,Frontal,2,,Intersección / cruce,,,S/D,Asfalto,,Apto,Seca,,S/D,,S/D,,S/D,S/D,S/D,Día,,,Despejado,,,Sin Semáforo
197457,OBSERVATORIO VIAL,2023-07-06,17:30:00,CORRIENTES,18,CAPITAL,21,CORRIENTES,Urbana,Calle,Av. Maipú,1700,Lyon,,,,5,1,0,6,0,Colisión entre vehículos,Colisión entre vehículos,,,Alcance,6,,Intersección / cruce,,,S/D,Asfalto,,Apto,Seca,,S/D,,S/D,,S/D,S/D,S/D,Día,,,Despejado,,,Funciona
201275,OBSERVATORIO VIAL,2023-07-05,8:30:00,CORRIENTES,18,CAPITAL,21,CORRIENTES,Urbana,Calle,COLON,728,HERNANDARIAS,,,,0,2,0,2,0,Colisión entre vehículos,Colisión entre vehículos,,,,2,,Recta,,,,Asfalto,,Apto,Seca,,Ninguna,,Asfalto,,S/D,S/D,S/D,Día,,,Despejado,,,Sin Semáforo
207071,OBSERVATORIO VIAL,2023-06-29,13:15:00,CORRIENTES,18,CAPITAL,21,CORRIENTES,Urbana,Calle,CARLOS PELLEGRINI,2136,,,,,1,1,0,2,0,Colisión entre vehículos,Colisión entre vehículos,,,Lateral,2,,Intersección / cruce,,,S/D,Asfalto,,Apto,Seca,,S/D,,Ninguna,,Si,Si,No,Día,,,Despejado,,,S/D
196748,OBSERVATORIO VIAL,2023-06-28,4:00:00,CORRIENTES,18,CAPITAL,21,CORRIENTES,Urbana,Avenida,MAIPU,2700,SANTA CATALINA Y ASUNCION,,,,2,0,0,2,0,Colisión entre vehículos,Colisión entre vehículos,,,Angulo,2,,Intersección / cruce,,,S/D,Asfalto,,Apto,Mojada,,Ninguna,,,,S/D,S/D,S/D,Noche,SI,,Niebla / Neblina,,,Sin Semáforo
199927,OBSERVATORIO VIAL,2023-06-28,12:30:00,CORRIENTES,18,CAPITAL,21,CORRIENTES,Urbana,Calle,9 DE julio,2100,BRASIL,,,,3,0,0,2,0,Colisión entre vehículos,Colisión entre vehículos,,,,2,,Intersección / cruce,,,S/D,Asfalto,,Apto,Seca,,Ninguna,,S/D,,S/D,S/D,S/D,Día,,,Despejado,,,Sin Semáforo
198246,OBSERVATORIO VIAL,2023-06-28,0:40:00,CORRIENTES,18,CAPITAL,21,CORRIENTES,Urbana,Calle,CARTAGENA,4293,PITAGORA,LAS HERAS,,,0,0,0,1,0,Colisión entre vehículos,Colisión entre vehículos,,,Alcance,1,,Intersección / cruce,,,S/D,Asfalto,,Apto,Seca,,S/D,,S/D,,No,No,No,Noche,SI,,S/D,,,S/D
220543,OBSERVATORIO VIAL,2023-06-27,0:05:00,CORRIENTES,18,CAPITAL,21,CORRIENTES,Urbana,Calle,CAAGUAZU,365,AV PUJOL,PLACIDO MARTINES,-2.746.160,-5.883.035,2,0,0,2,0,Colisión entre vehículos,Colisión entre vehículos,,,,2,,Mitad de la calle / avenida,,,,Asfalto,,Apto,Seca,,Otro,,Otro,,No,Si,No,Noche,NO,,Despejado,,,Sin Semáforo
206809,OBSERVATORIO VIAL,2023-06-26,10:22:00,CORRIENTES,18,CAPITAL,21,CORRIENTES,Urbana,Calle,BRASIL,776,,,-2.746.723,-5.882.385,0,1,0,1,0,Caída desde vehículo,Caída desde vehículo,,,,1,,Recta,,,,Asfalto,,Apto,Seca,,S/D,,S/D,,S/D,S/D,S/D,Día,,,Nublado,,,Sin Semáforo
207067,OBSERVATORIO VIAL,2023-06-23,11:40:00,CORRIENTES,18,CAPITAL,21,CORRIENTES,Urbana,Avenida,AV FRONDIZI,3623,,,,,1,1,0,1,1,Atropello a peatón/es,Atropello a peatón/es,,,,2,,Intersección / cruce,,,S/D,Asfalto,,,Seca,,S/D,,Ninguna,,S/D,S/D,S/D,Día,,,Despejado,,,S/D
188346,OBSERVATORIO VIAL,2023-06-23,17:46:00,CORRIENTES,18,CAPITAL,21,CORRIENTES,Urbana,Calle,AV ESPAÑA,1300,MORENO,,,,2,0,0,1,1,Atropello a peatón/es,Atropello a peatón/es,,,Angulo,2,,Intersección / cruce,,,S/D,Asfalto,,Apto,Seca,,S/D,,S/D,,S/D,S/D,S/D,Día,,,Despejado,,,Sin Semáforo
204301,OBSERVATORIO VIAL,2023-06-22,11:30:00,CORRIENTES,18,CAPITAL,21,CORRIENTES,Urbana,Calle,GUTEMBERG,2300,TTE. CUNDOM,,,,1,1,0,2,0,Colisión entre vehículos,Colisión entre vehículos,,,,2,,Recta,,,,Asfalto,,Apto,Seca,,,,Asfalto,,Si,Si,Si,Día,,,Despejado,,,Sin Semáforo
211858,OBSERVATORIO VIAL,2023-06-22,21:40:00,CORRIENTES,18,CAPITAL,21,CORRIENTES,Urbana,Calle,BELGRANO,300,CHACO,,-2.747.124,-5.884.709,2,0,0,2,0,Colisión entre vehículos,Colisión entre vehículos,,,,2,,Intersección / cruce,,,S/D,S/D,,Apto,Seca,,Ninguna,,,,No,No,No,Noche,,,Despejado,,,Sin Semáforo
189763,OBSERVATORIO VIAL,2023-06-22,6:28:00,CORRIENTES,18,CAPITAL,21,CORRIENTES,Urbana,Calle,SAN JUAN,1804,,,,,1,0,0,1,0,Choque,Choque,,,,1,,Intersección / cruce,,,S/D,S/D,,Apto,Seca,,S/D,,S/D,,S/D,S/D,S/D,Día,,,Despejado,,,S/D
190565,OBSERVATORIO VIAL,2023-06-21,23:11:00,CORRIENTES,18,CAPITAL,21,CORRIENTES,Urbana,Avenida,AV ARMENIA,3102,PASAJE GALARZA,,,,2,0,0,2,0,Colisión entre vehículos,Colisión entre vehículos,,,,2,,Intersección / cruce,,,S/D,Asfalto,,Apto,Seca,,S/D,,S/D,,S/D,S/D,S/D,,,,Lluvia,,,S/D
193972,OBSERVATORIO VIAL,2023-06-21,20:30:00,CORRIENTES,18,CAPITAL,21,CORRIENTES,Urbana,Calle,SUIZA,3100,RECONQUISTA,,,,1,1,0,2,0,Colisión entre vehículos,Colisión entre vehículos,,,Angulo,2,,Intersección / cruce,,,S/D,Asfalto,,Apto,Seca,,S/D,,S/D,,S/D,S/D,S/D,Día,,,Despejado,,,Sin Semáforo
214669,OBSERVATORIO VIAL,2023-06-21,10:40:00,CORRIENTES,18,CAPITAL,21,CORRIENTES,Urbana,Avenida,AV INDEPENDENCIA,4300,MEDRANO,,,,2,0,0,2,0,Colisión entre vehículos,Colisión entre vehículos,,,Alcance,2,,Intersección / cruce,,,S/D,Asfalto,,Apto,Seca,,Cantero central,,Ninguna,,Si,S/D,S/D,,,,Despejado,,,No Funciona
179126,OBSERVATORIO VIAL,2023-06-17,13:35:00,CORRIENTES,18,CAPITAL,21,CORRIENTES,Urbana,Calle,AV PUJOL,2200,BRASIL,,,,3,0,0,3,0,Colisión entre vehículos,Colisión entre vehículos,,,,3,,Recta,,,,Asfalto,,Apto,Seca,,S/D,,S/D,,Si,Si,No,Día,,,Lluvia,,,Sin Semáforo
190577,OBSERVATORIO VIAL,2023-06-17,10:20:00,CORRIENTES,18,CAPITAL,21,CORRIENTES,Urbana,Avenida,AV 3 DE ABRIL,1087,SAN JUAN,,,,3,0,0,2,0,Colisión entre vehículos,Colisión entre vehículos,,,Angulo,2,,Intersección / cruce,,,S/D,Asfalto,,Apto,Seca,,S/D,,S/D,,S/D,S/D,S/D,Día,,,Despejado,,,Funciona
210016,OBSERVATORIO VIAL,2023-06-17,14:15:00,CORRIENTES,18,CAPITAL,21,CORRIENTES,Urbana,Calle,SAN JUAN,800,HIPOLITO YRIGOYEN,,,,1,1,0,2,0,Colisión entre vehículos,Colisión entre vehículos,,,Lateral,2,,Intersección / cruce,,,No obstruido,Asfalto,,Apto,Seca,,Ninguna,,Ninguna,,Si,Si,No,Día,,,,,,Sin Semáforo
183611,OBSERVATORIO VIAL,2023-06-17,9:45:00,CORRIENTES,18,CAPITAL,21,CORRIENTES,Urbana,Avenida,AV PEDRO FERRE,2500,AV ARTIGAS,,,,0,2,0,2,0,Colisión entre vehículos,Colisión entre vehículos,,,Lateral,2,,Intersección / cruce,,,No obstruido,Asfalto,,Apto,Seca,,Cantero central,,Ninguna,,Si,Si,No,Día,,,Despejado,,,Funciona
208322,OBSERVATORIO VIAL,2023-06-13,7:10:00,CORRIENTES,18,CAPITAL,21,CORRIENTES,Urbana,Avenida,AV GDOR PUJOL,1700,JUJUY,,,,1,1,0,2,0,Colisión entre vehículos,Colisión entre vehículos,,,Lateral,2,,Intersección / cruce,,,S/D,Asfalto,,Apto,Seca,,Cantero central,,Ninguna,,Si,Si,No,Día,,,Despejado,,,Funciona
186746,OBSERVATORIO VIAL,2023-06-12,13:47:00,CORRIENTES,18,CAPITAL,21,CORRIENTES,Urbana,Calle,TUCUMAN,900,HIPÓLITO  IRIGOYEN,,,,1,1,0,2,0,Colisión entre vehículos,Colisión entre vehículos,,,,2,,Intersección / cruce,,,S/D,Asfalto,,Apto,Seca,,S/D,,S/D,,S/D,S/D,S/D,Día,,,Despejado,,,S/D
185877,OBSERVATORIO VIAL,2023-06-10,17:55:00,CORRIENTES,18,CAPITAL,21,CORRIENTES,Urbana,Avenida,AV MAIPU,3400,LORETO,,,,2,0,0,2,0,Colisión entre vehículos,Colisión entre vehículos,,,Alcance,2,,Intersección / cruce,,,S/D,Asfalto,,Apto,Seca,,S/D,,S/D,,S/D,S/D,S/D,Día,,,Despejado,,,S/D
202006,OBSERVATORIO VIAL,2023-06-09,15:35:00,CORRIENTES,18,CAPITAL,21,CORRIENTES,Urbana,Ruta Provincial,5,5,,,,,1,2,0,2,0,Colisión entre vehículos,Colisión entre vehículos,,,,2,,Recta,,,,Asfalto,,Apto,Seca,,Ninguna,,Asfalto,,S/D,S/D,S/D,Día,,,Despejado,,,S/D
205449,OBSERVATORIO VIAL,2023-06-08,18:15:00,CORRIENTES,18,CAPITAL,21,CORRIENTES,Urbana,Calle,LAMADRID,1400,VARGAS GOMEZ,,-2.748.215,-5.883.467,1,1,0,2,0,Colisión entre vehículos,Colisión entre vehículos,,,,2,,Intersección / cruce,,,Obstruido,Asfalto,,Apto,Seca,,Ninguna,,Asfalto,,Si,Si,No,Día,,,Despejado,,,Sin Semáforo
190625,OBSERVATORIO VIAL,2023-06-08,15:27:00,CORRIENTES,18,CAPITAL,21,CORRIENTES,Urbana,Calle,Sta.  Rosa,1600,Ñaembe,,,,1,1,0,2,0,Colisión entre vehículos,Colisión entre vehículos,,,Lateral,2,,Intersección / cruce,,,S/D,Asfalto,,Apto,Seca,,S/D,,S/D,,S/D,S/D,S/D,Día,,,Despejado,,,S/D
207702,OBSERVATORIO VIAL,2023-06-07,12:25:00,CORRIENTES,18,CAPITAL,21,CORRIENTES,Urbana,Avenida,AV 3 DE ABRIL,1200,MENDOZA,,,,2,0,0,2,0,Colisión entre vehículos,Colisión entre vehículos,,,Lateral,2,,Intersección / cruce,,,S/D,Asfalto,,Apto,Seca,,Cantero central,,Ninguna,,Si,Si,No,Día,,,Despejado,,,Funciona
186755,OBSERAVTORIO VIAL,2023-06-06,11:00:00,CORRIENTES,18,CAPITAL,21,CORRIENTES,Urbana,Avenida,AV FERRE,2200,PERU,,,,3,0,0,3,0,Colisión entre vehículos,Colisión entre vehículos,,,Angulo,3,,Intersección / cruce,,,S/D,Asfalto,,Apto,Seca,,S/D,,S/D,,S/D,S/D,S/D,Día,,,Despejado,,,S/D
173976,OBSERVATORIO VIAL,2023-06-06,13:10:00,CORRIENTES,18,CAPITAL,21,CORRIENTES,Urbana,Calle,MENDOZA,800,JUNIN,,,,2,0,0,2,0,Colisión entre vehículos,Colisión entre vehículos,,,Lateral,2,,Intersección / cruce,,,No obstruido,Asfalto,,Apto,Seca,,Ninguna,,Asfalto,,Si,Si,No,Día,,,Despejado,,,Funciona
176232,OBSERVATORIO VIAL,2023-06-05,8:00:00,CORRIENTES,18,CAPITAL,21,CORRIENTES,Urbana,Calle,JUNIN,2000,ROCA,,,,0,1,0,1,0,Caída desde vehículo,Caída desde vehículo,,,,1,,Recta,,,,Asfalto,,Apto,Seca,,S/D,,S/D,,S/D,S/D,S/D,Día,,,Despejado,,,S/D
179132,OBSERVATORIO VIAL,2023-06-05,18:43:00,CORRIENTES,18,CAPITAL,21,CORRIENTES,Urbana,Avenida,AV 3 DE ABRIL,,BUENOS AIRES,,,,1,1,0,2,0,Colisión entre vehículos,Colisión entre vehículos,,,,2,,Recta,,,,Asfalto,,Apto,Seca,,S/D,,S/D,,S/D,S/D,S/D,Día,,,Despejado,,,S/D
196123,OBSERVATORIO VIAL,2023-06-05,23:57:00,CORRIENTES,18,CAPITAL,21,CORRIENTES,Urbana,Calle,ROLON,2600,COLOMBIA,,-2.746.179,-5.881.657,1,1,0,2,0,Colisión entre vehículos,Colisión entre vehículos,,,,2,,Recta,,,,,,Apto,Seca,,Ninguna,,Asfalto,,Si,Si,,Noche,NO,,Despejado,,,Sin Semáforo
212416,OBSERVATORIO VIAL,2023-06-02,19:30:00,CORRIENTES,18,CAPITAL,21,CORRIENTES,Urbana,Calle,CARTAGENA,3100,CHACABUCO,,,,3,0,0,2,0,Colisión entre vehículos,Colisión entre vehículos,,,Lateral,2,,Rotonda,,,,Asfalto,,Apto,Seca,,Cantero central,,Ninguna,,Si,Si,No,,,,Despejado,,,Sin Semáforo
212395,OBSERVATORIO VIAL,2023-06-02,8:00:00,CORRIENTES,18,CAPITAL,21,CORRIENTES,Urbana,Avenida,ROTONDA PONCHO VERDE,2100,CARLOS PELLEGRINI,,,,1,1,0,2,0,Colisión entre vehículos,Colisión entre vehículos,,,Lateral,2,,Rotonda,,,,Asfalto,,Apto,Seca,,Ninguna,,Ninguna,,Si,Si,No,,,,Despejado,,,Sin Semáforo
199935,OBSERVATORIO VIAL,2023-06-02,9:15:00,CORRIENTES,18,CAPITAL,21,CORRIENTES,Urbana,Calle,MAIPU,3100,,,,,2,0,0,2,0,Colisión entre vehículos,Colisión entre vehículos,,,Alcance,2,,Recta,,,,Asfalto,,Apto,Seca,,S/D,,S/D,,S/D,S/D,S/D,Día,,,Despejado,,,Sin Semáforo
205137,OBSERVATORIO VIAL,2023-06-01,22:00:00,CORRIENTES,18,CAPITAL,21,CORRIENTES,Urbana,Avenida,AV IBERA,2200,AV PAYSANDU,,-2.749.946,-5.882.563,0,1,0,1,0,Caída desde vehículo,Caída desde vehículo,,,,1,,Intersección / cruce,,,S/D,,,Apto,Seca,,Otro,,Asfalto,,Si,,,Noche,NO,,Despejado,,,Funciona
209185,OBSERVATORIO VIAL,2023-05-31,13:35:00,CORRIENTES,18,CAPITAL,21,CORRIENTES,Urbana,Calle,SALTA,1200,,,,,1,1,0,2,0,Colisión entre vehículos,Colisión entre vehículos,,,Alcance,2,,Intersección / cruce,,,S/D,Asfalto,,Apto,Seca,,Ninguna,,Ninguna,,Si,Si,No,Día,,,Despejado,,,Sin Semáforo
198245,OBSERVATORIO VIAL,2023-05-31,5:30:00,CORRIENTES,18,CAPITAL,21,CORRIENTES,Urbana,Calle,SARMIENTO,,LAS HERAS,NECOCHEA,,,0,1,0,1,0,,,,,,1,,,,,,S/D,,Apto,Seca,,S/D,,S/D,,S/D,S/D,S/D,Noche,,,Despejado,,,No Funciona
184889,OBSERVATORIO VIAL,2023-05-30,8:30:00,CORRIENTES,18,CAPITAL,21,CORRIENTES,Urbana,Calle,ROCA,1185,BOLIVAR,,,,0,1,0,1,0,Caída desde vehículo,Caída desde vehículo,,,,1,,Recta,,,,S/D,,Apto,Seca,,S/D,,S/D,,S/D,S/D,S/D,Día,,,S/D,,,S/D
177719,OBSERVATORIO VIAL,2023-05-30,19:16:00,CORRIENTES,18,CAPITAL,21,CORRIENTES,Urbana,Avenida,AVENIDA ALTA GRACIA,1600,LOS ATACAMA,,-2.750.804,-5.881.335,0,1,0,2,0,Colisión entre vehículos,Colisión entre vehículos,,,,2,,Intersección / cruce,,,No obstruido,Asfalto,,Apto,Seca,,Ninguna,,Ninguna,,Si,Si,No,Día,,,Despejado,,,Funciona
179139,OBSERVATORIO VIAL,2023-05-30,23:49:00,CORRIENTES,18,CAPITAL,21,CORRIENTES,Urbana,Calle,aaa,0,,,,,1,1,0,2,0,Colisión entre vehículos,Colisión entre vehículos,,,Angulo,2,,Recta,,,,Asfalto,,Apto,Seca,,S/D,,,,Si,Si,S/D,Noche,NO,,Nublado,,,Funciona
199929,OBSERVATORIO VIAL,2023-05-30,8:00:00,CORRIENTES,18,CAPITAL,21,CORRIENTES,Urbana,Calle,ONTIVEROS,1000,MISTRAL,,,,0,1,0,1,0,Caída desde vehículo,Caída desde vehículo,,,,1,,Intersección / cruce,,,S/D,Asfalto,,Apto,Seca,,S/D,,S/D,,S/D,S/D,S/D,Día,,,Despejado,,,Sin Semáforo
174749,OBSERVATORIO VIAL,2023-05-30,16:20:00,CORRIENTES,18,CAPITAL,21,CORRIENTES,Urbana,Avenida,AV. R.  ALFONSÍN,3800,LAS PIEDRAS,,,,0,0,0,0,0,Colisión entre vehículos,Colisión entre vehículos,,,Lateral,0,,Intersección / cruce,,,,Asfalto,,Apto,Seca,,Ninguna,,Asfalto,,Si,Si,,Día,,,Despejado,,,Funciona
190626,OBSERVATORIO VIAL,2023-05-29,18:48:00,CORRIENTES,18,CAPITAL,21,CORRIENTES,Urbana,Calle,BELGRANO,1200,MENDOZA,,,,2,0,0,2,0,Colisión entre vehículos,Colisión entre vehículos,,,,2,,Intersección / cruce,,,S/D,Asfalto,,Apto,Seca,,S/D,,S/D,,S/D,S/D,S/D,Día,,,Despejado,,,S/D
187370,OBSERVATORIO VIAL,2023-05-29,8:21:00,CORRIENTES,18,CAPITAL,21,CORRIENTES,Urbana,Avenida,AV ARMENIA,3800,22 DE mayo,,,,1,1,0,2,0,Colisión entre vehículos,Colisión entre vehículos,,,Alcance,2,,Mitad de la calle / avenida,,,,Asfalto,,Apto,Mojada,,S/D,,S/D,,S/D,S/D,S/D,Día,,,Lluvia,,,
197498,OBSERVATORIO VIAL,2023-05-29,14:50:00,CORRIENTES,18,CAPITAL,21,CORRIENTES,Urbana,Calle,AYACUCHO,2500,CHACABUCO,,,,3,0,0,2,0,Colisión entre vehículos,Colisión entre vehículos,,,,2,,Intersección / cruce,,,S/D,Asfalto,,Apto,Seca,,S/D,,S/D,,Si,Si,Si,Día,,,Nublado,,,Funciona
186780,OBSERVATORIO VIAL,2023-05-28,7:15:00,CORRIENTES,18,CAPITAL,21,CORRIENTES,Urbana,Avenida,AV MAIPU,3100,,,,,1,0,0,1,0,Caída desde vehículo,Caída desde vehículo,,,,1,,Intersección / cruce,,,S/D,Asfalto,,Apto,Mojada,,S/D,,,,Si,Si,,Día,,,Nublado,,,Sin Semáforo
205299,OBSRVATORIO VIAL,2023-05-28,7:45:00,CORRIENTES,18,CAPITAL,21,CORRIENTES,Urbana,Avenida,AV ARTIGAS,1100,BOLIVAR,,-2.747.271,-5.881.883,2,0,0,2,0,Colisión entre vehículos,Colisión entre vehículos,,,,2,,Intersección / cruce,,,S/D,Asfalto,,Apto,Seca,,Otro,,Ninguna,,Si,Si,,Día,,,Despejado,,,Sin Semáforo
177720,OBSERVATORIO VIAL,2023-05-28,8:50:00,CORRIENTES,18,CAPITAL,21,CORRIENTES,Urbana,Calle,BUENOS AIRES,600,25 DE mayo,,-2.746.384,-5.884.022,3,0,0,2,0,Colisión entre vehículos,Colisión entre vehículos,,,,2,,Intersección / cruce,,,No obstruido,Adoquín,,Apto,Seca,,Barreras de seguridad,,Ninguna,Otro,Si,Si,No,Día,,,Despejado,,,Sin Semáforo
201983,OBSERVATORIO VIAL,2023-05-25,7:10:00,CORRIENTES,18,CAPITAL,21,CORRIENTES,Urbana,Calle,PLACIDO MARTINEZ,886,,,,,2,0,0,2,0,Colisión entre vehículos,Colisión entre vehículos,,,Angulo,2,,Recta,,,,Asfalto,,Apto,Seca,,Ninguna,,Asfalto,,S/D,S/D,S/D,Día,,,Despejado,,,Sin Semáforo
190133,OBSERVATORIO VIAL,2023-05-24,9:00:00,CORRIENTES,18,CAPITAL,21,CORRIENTES,Urbana,Avenida,AV GOBERNADOR PUJOL,2200,,,,,0,2,0,2,0,Colisión entre vehículos,Colisión entre vehículos,,,Alcance,2,,,,,,Asfalto,,Apto,Seca,,,,,,Si,,,Día,,,Despejado,,,
207685,OBSERVATORIO VIAL,2023-05-23,13:20:00,CORRIENTES,18,CAPITAL,21,CORRIENTES,Urbana,Calle,RECONQUISTA,1400,SUIZA,,,,1,1,0,2,0,Colisión entre vehículos,Colisión entre vehículos,,,Rozamiento,2,,Intersección / cruce,,,S/D,Asfalto,,Apto,Seca,,Ninguna,,Ninguna,,Si,No,No,Día,,,Despejado,,,Sin Semáforo
190145,OBSERVATORIO VIAL,2023-05-23,21:45:00,CORRIENTES,18,CAPITAL,21,CORRIENTES,Urbana,Ruta Nacional,12,5.1 KM,RUTA NACIONAL 12,AV LIBERTAD,-2.751.802,-5.872.330,0,2,0,2,0,Colisión entre vehículos,Colisión entre vehículos,,CALZADA,Angulo,2,,,,,,Asfalto,,Apto,Seca,,,,,,,,,Noche,NO,,Despejado,,,
207687,OBSERVATORIO VIAL,2023-05-20,6:40:00,CORRIENTES,18,CAPITAL,21,CORRIENTES,Urbana,Avenida,AV TTE IBAÑEZ,600,GUSTAVINO,,,,0,1,0,1,0,Choque,Choque,,CONTRA COLUMNA DE ALUMBRADO PÚBLICO,,1,,Intersección / cruce,,,S/D,Asfalto,,Apto,Seca,,Cantero central,,Ninguna,,Si,Si,No,Día,,,Despejado,,,Sin Semáforo
179155,OBSERVATORIO VIAL,2023-05-19,0:30:00,CORRIENTES,18,CAPITAL,21,CORRIENTES,Urbana,Avenida,AV INDEPENDENCIA,0,GODOY CRUZ,,,,2,0,0,2,0,Colisión entre vehículos,Colisión entre vehículos,,,Alcance,2,,Recta,,,,Asfalto,,Apto,Seca,,,,S/D,,S/D,S/D,S/D,Noche,NO,,Despejado,,,S/D
194018,OBSERVATORIO VIAL,2023-05-19,14:40:00,CORRIENTES,18,CAPITAL,21,CORRIENTES,Urbana,Avenida,AV  ARTIGAS,1300,BELGRANO,,,,1,1,0,2,0,Colisión entre vehículos,Colisión entre vehículos,,,Angulo,2,,Intersección / cruce,,,S/D,S/D,,Apto,Seca,,S/D,,S/D,,S/D,S/D,S/D,Día,,,Despejado,,,S/D
207698,OBSERVATORIO VIAL,2023-05-18,19:20:00,CORRIENTES,18,CAPITAL,21,CORRIENTES,Urbana,Avenida,AV INDEPENDENCIA,3400,,,,,1,1,0,2,0,Colisión entre vehículos,Colisión entre vehículos,,,Alcance,2,,Intersección / cruce,,,S/D,Asfalto,,Apto,Seca,,Cantero central,,Ninguna,,Si,Si,No,Noche,NO,,Despejado,,,Funciona
212422,OBSERVATORIO VIAL,2023-05-17,12:26:00,CORRIENTES,18,CAPITAL,21,CORRIENTES,Urbana,Calle,LAVALLE,1877,PARAGUAY,,,,2,0,0,2,0,Colisión entre vehículos,Colisión entre vehículos,,,Lateral,2,,Intersección / cruce,,,No obstruido,Asfalto,,Apto,Seca,,Ninguna,,Ninguna,,Si,Si,No,Día,,,Despejado,,,Sin Semáforo
188340,OBSERVATORIO VIAL,2023-05-16,7:15:00,CORRIENTES,18,CAPITAL,21,CORRIENTES,Urbana,Avenida,AV MAIPU,3100,,,,,0,1,0,1,0,Caída desde vehículo,Caída desde vehículo,,,,1,,Intersección / cruce,,,S/D,Asfalto,,Apto,Seca,,S/D,,S/D,,Si,Si,Si,Día,,,Nublado,,,Sin Semáforo
185844,OBSERVATORIO VIAL,2023-05-15,13:20:00,CORRIENTES,18,CAPITAL,21,CORRIENTES,Urbana,Avenida,AV INDEPENDENCIA,3600,,,,,4,0,0,3,0,Colisión entre vehículos,Colisión entre vehículos,,,Alcance,3,,Intersección / cruce,,,S/D,Asfalto,,Apto,Seca,,S/D,,S/D,,S/D,S/D,S/D,Día,,,Despejado,,,S/D
209224,OBSERVATORIO VIAL,2023-05-15,23:00:00,CORRIENTES,18,CAPITAL,21,CORRIENTES,Urbana,Avenida,AV RAUL ALFONSIN,3500,AV GREGORIO POMAR,,,,1,1,0,2,0,Colisión entre vehículos,Colisión entre vehículos,,,Frontal,2,,Intersección / cruce,,,No obstruido,Asfalto,,Apto,Seca,,Otro,,Ninguna,,Si,Si,No,Noche,NO,,Despejado,,,Funciona
180925,OBSERVATORIO VIAL,2023-05-15,16:50:00,CORRIENTES,18,CAPITAL,21,CORRIENTES,Urbana,Calle,JUJUY,0,MORENO,,,,1,1,0,2,0,Colisión entre vehículos,Colisión entre vehículos,,,,2,,Recta,,,,Asfalto,,Apto,Seca,,S/D,,S/D,,S/D,S/D,S/D,Día,,,Despejado,,,Sin Semáforo
198249,OBSERVATORIO VIAL,2023-05-13,18:22:00,CORRIENTES,18,CAPITAL,21,CORRIENTES,Urbana,Calle,SUIZA,1400,RECONQUISTA,,,,1,1,0,2,0,Colisión entre vehículos,Colisión entre vehículos,,,,2,,Intersección / cruce,,,S/D,S/D,,Apto,Seca,,S/D,,S/D,,S/D,S/D,S/D,Día,,,Despejado,,,S/D
216586,OBSERVATORIO VIAL,2023-05-13,11:35:00,CORRIENTES,18,CAPITAL,21,CORRIENTES,Urbana,Avenida,AV 3 DE ABRIL,600,,,,,1,1,0,2,0,Choque,Choque,,CONTRA VEHÍCULO DETENIDO,,2,,Intersección / cruce,,,S/D,Asfalto,,Apto,Seca,,Cantero central,,Ninguna,,Si,Si,No,Día,,,Despejado,,,Funciona
190628,OBSERVATORIO VIAL,2023-05-12,7:35:00,CORRIENTES,18,CAPITAL,21,CORRIENTES,Urbana,Avenida,Tte. Ibañes,2200,CONTE,,,,2,0,0,2,0,Colisión entre vehículos,Colisión entre vehículos,,,,2,,Recta,,,,Asfalto,,Apto,Seca,,S/D,,S/D,,S/D,S/D,S/D,Día,,,Despejado,,,S/D
197499,OBSERVATORIO VIAL,2023-05-11,23:00:00,CORRIENTES,18,CAPITAL,21,CORRIENTES,Urbana,Calle,LAMADRID,704,,,,,3,0,0,3,0,Colisión entre vehículos,Colisión entre vehículos,,,Lateral,3,,Recta,,,,Asfalto,,Apto,Seca,,S/D,,S/D,,No,No,No,Noche,SI,,Despejado,,,Sin Semáforo
180927,OBSERVATORIO VIAL,2023-05-10,17:35:00,CORRIENTES,18,CAPITAL,21,CORRIENTES,Urbana,Avenida,AV ARMENIA,0,,,,,2,0,0,2,0,Colisión entre vehículos,Colisión entre vehículos,,,,2,,Recta,,,,,,Apto,Seca,,S/D,,,,Si,Si,Si,Día,,,Despejado,,,Sin Semáforo
199952,OBSERVATORIO VIAL,2023-05-10,13:00:00,CORRIENTES,18,CAPITAL,21,CORRIENTES,Urbana,Calle,BOLIVAR,1600,1600,,,,1,1,0,2,0,Colisión entre vehículos,Colisión entre vehículos,,,,2,,Intersección / cruce,,,S/D,Asfalto,,Apto,Mojada,,S/D,,Asfalto,,S/D,S/D,S/D,Día,,,Lluvia,,,S/D
207545,OBSERVATORIO VIAL,2023-05-09,18:25:00,CORRIENTES,18,CAPITAL,21,CORRIENTES,Urbana,Avenida,MAIPU,1425,GOYA,ASUNCION,,,1,1,0,2,0,Colisión entre vehículos,Colisión entre vehículos,,,Lateral,2,,Intersección / cruce,,,S/D,Asfalto,,Apto,Seca,,Cantero central,,Ninguna,,Si,Si,No,Día,,,Despejado,,,S/D
209201,OBSERVATORIO VIAL,2023-05-09,10:50:00,CORRIENTES,18,CAPITAL,21,CORRIENTES,Urbana,Calle,CARLOS PELLEGRINI,1600,JUJUY,,,,1,1,0,2,0,Colisión entre vehículos,Colisión entre vehículos,,,Lateral,2,,Intersección / cruce,,,S/D,Asfalto,,Apto,Seca,,Ninguna,,Ninguna,,Si,Si,No,Día,,,Despejado,,,Sin Semáforo
209227,OBSERVATORIO VIAL,2023-05-09,11:00:00,CORRIENTES,18,CAPITAL,21,CORRIENTES,Urbana,Avenida,AV ARMENIA,4200,EL CEIBO,,,,0,1,0,1,0,Caída desde vehículo,Caída desde vehículo,,,,1,,Intersección / cruce,,,S/D,Asfalto,,Apto,Mojada,,Cantero central,,Ninguna,,S/D,S/D,S/D,Día,,,Despejado,,,Funciona
185857,OBSERVATORIO VIAL,2023-05-08,18:00:00,CORRIENTES,18,CAPITAL,21,CORRIENTES,Urbana,Avenida,AV CENTENARIO,4200,NIÑO JESUS,,,,2,0,0,2,0,Colisión entre vehículos,Colisión entre vehículos,,,Angulo,2,,Intersección / cruce,,,S/D,Asfalto,,Apto,Seca,,Cantero central,,S/D,,S/D,S/D,S/D,Día,,,Despejado,,,S/D
177796,OBSERVATORIO VIAL,2023-05-07,8:09:00,CORRIENTES,18,CAPITAL,21,CORRIENTES,Urbana,Avenida,AV FERRE,2800,CHILE,,,,1,2,0,2,0,Colisión entre vehículos,Colisión entre vehículos,,,,2,,Intersección / cruce,,,S/D,Asfalto,,Apto,Seca,,S/D,,S/D,,S/D,S/D,S/D,Día,,,Despejado,,,S/D
186717,OBSERVATORIO VIAL,2023-05-05,7:50:00,CORRIENTES,18,CAPITAL,21,CORRIENTES,Urbana,Calle,SALTA,700,,,,,2,0,0,2,0,Colisión entre vehículos,Colisión entre vehículos,,,Frontal,2,,Intersección / cruce,,,S/D,Asfalto,,Apto,Seca,,S/D,,S/D,,S/D,S/D,S/D,Día,,,Despejado,,,S/D
215308,OBSERVATORIO VIAL,2023-05-04,11:55:00,CORRIENTES,18,CAPITAL,21,CORRIENTES,Urbana,Avenida,MAIPU,3200,,,,,2,0,0,2,0,Colisión entre vehículos,Colisión entre vehículos,,,Lateral,2,,Intersección / cruce,,,S/D,Asfalto,,Apto,,,Otro,,Ninguna,,Si,Si,No,Día,,,Despejado,,,Funciona
177723,OBSERVATORIO VIAL,2023-05-01,11:27:00,CORRIENTES,18,CAPITAL,21,CORRIENTES,Urbana,Avenida,AV SANTA CATALINA,24000,MOCORETA,,,,2,0,0,2,0,Colisión entre vehículos,Colisión entre vehículos,,,,2,,Intersección / cruce,,,,S/D,,Apto,Seca,,S/D,,S/D,,S/D,S/D,S/D,Día,,,Despejado,,,S/D
198234,OBSERVATORIO VIAL,2023-05-01,12:25:00,CORRIENTES,18,CAPITAL,21,CORRIENTES,Urbana,Calle,3 DE abril,1280,,,,,1,1,0,2,0,,,,,,2,,S/D,,,,S/D,,,"S/D, S/D FisicoAmbiental",,S/D,,S/D,,S/D,S/D,S/D,,,,S/D,,,S/D
212415,OBSERVATORIO VIAL,2023-05-01,14:42:00,CORRIENTES,18,CAPITAL,21,CORRIENTES,Urbana,Avenida,AV IV CENTENARIO,2900,TRIUNVIRATO,PATAGONIA,,,1,1,0,2,0,Colisión entre vehículos,Colisión entre vehículos,,,Lateral,2,,Intersección / cruce,,,No obstruido,Asfalto,,Apto,Seca,,Cantero central,,Ninguna,,Si,Si,No,Día,,,Despejado,,,Sin Semáforo
190582,OBSERVATORIO VIAL,2023-05-01,9:05:00,CORRIENTES,18,CAPITAL,21,CORRIENTES,Urbana,Calle,SAN MARTIN,708,TUCUMAN,,,,2,0,0,2,0,Colisión entre vehículos,Colisión entre vehículos,,,Angulo,2,,Intersección / cruce,,,S/D,Asfalto,,Apto,Seca,,S/D,,S/D,,S/D,S/D,S/D,Día,,,Despejado,,,Funciona
199937,OBSERVATORIO VIAL,2023-04-30,10:57:00,CORRIENTES,18,CAPITAL,21,CORRIENTES,Urbana,Avenida,MAIPU,588,TENIENTE IBAÑEZ,,,,1,1,0,2,0,Colisión entre vehículos,Colisión entre vehículos,,,,2,,Intersección / cruce,,,S/D,Asfalto,,Apto,Seca,,S/D,,S/D,,S/D,S/D,S/D,Día,,,Despejado,,,S/D
205308,OBSERVATORIO VIAL,2023-04-30,9:24:00,CORRIENTES,18,CAPITAL,21,CORRIENTES,Urbana,Calle,SUIZA,3000,MORENO,,-2.747.546,-5.881.400,2,0,0,2,0,Colisión entre vehículos,Colisión entre vehículos,,,,2,,Intersección / cruce,,,S/D,Asfalto,,Apto,Seca,,Otro,,Ninguna,,Si,Si,No,Día,,,Despejado,,,Funciona
196752,OBSERVATORIO VIAL,2023-04-30,22:40:00,CORRIENTES,18,CAPITAL,21,CORRIENTES,Urbana,Calle,VELEZ SARDFIELD,300,JOSE MARIA ROLON,,,,1,1,0,2,0,Colisión entre vehículos,Colisión entre vehículos,,,Frontal,2,,Recta,,,,Asfalto,,Apto,Seca,,,,,,No,No,No,Noche,SI,,Nublado,,,Sin Semáforo
187368,OBSERVATORIO VIAL,2023-04-29,20:05:00,CORRIENTES,18,CAPITAL,21,CORRIENTES,Urbana,Avenida,AVENIDA FERRE,2800,,,,,5,1,0,3,0,Colisión entre vehículos,Colisión entre vehículos,,,Alcance,3,,Intersección / cruce,,,S/D,Asfalto,,Apto,Seca,,Cantero central,,S/D,,Si,Si,Si,Noche,NO,,Despejado,,,Sin Semáforo
181830,OBSERVATORIO VIAL,2023-04-29,13:45:00,CORRIENTES,18,CAPITAL,21,CORRIENTES,Urbana,Calle,SAN JUAN,1100,,,,,2,1,0,2,0,Colisión entre vehículos,Colisión entre vehículos,,,,2,,Intersección / cruce,,,S/D,Asfalto,,Apto,Seca,,S/D,,S/D,,S/D,S/D,S/D,Día,,,Despejado,,,Sin Semáforo
212937,OBSERVATORIO VIAL,2023-04-29,5:00:00,CORRIENTES,18,CAPITAL,21,CORRIENTES,Urbana,Avenida,AV INDEPENDENCIA,3100,BANDA CENTRAL SUR,,,,2,0,0,2,0,Choque,Choque,,,,2,,Mitad de la calle / avenida,,,,Asfalto,,Apto,Seca,,Cantero central,,Ninguna,,Si,Si,No,Noche,NO,,Despejado,,,S/D
177753,OBSERVATORIO VIAL,2023-04-28,11:46:00,CORRIENTES,18,CAPITAL,21,CORRIENTES,Urbana,Avenida,AV FERRE,2873,,,,,3,0,0,3,0,Colisión entre vehículos,Colisión entre vehículos,,,,3,,Intersección / cruce,,,,,,Apto,Seca,,,,,,S/D,S/D,S/D,Día,,,Despejado,,,S/D
190621,OBSERVATORIO VIAL,2023-04-28,10:27:00,CORRIENTES,18,CAPITAL,21,CORRIENTES,Urbana,Avenida,CAZADORES CORRENTINOS,4500,,,,,1,2,0,2,0,Colisión entre vehículos,Colisión entre vehículos,,,Angulo,2,,Intersección / cruce,,,S/D,Asfalto,,Apto,Seca,,S/D,,S/D,,S/D,S/D,S/D,Día,,,Despejado,,,S/D
177713,OBSERVATORIO VIAL,2023-04-28,7:50:00,CORRIENTES,18,CAPITAL,21,CORRIENTES,Urbana,Calle,BRASIL,1378,,,-2.747.407,-5.882.476,1,1,0,2,0,Colisión entre vehículos,Colisión entre vehículos,,,,2,,Intersección / cruce,,,No obstruido,Asfalto,,Apto,Seca,,Ninguna,,Ninguna,,S/D,S/D,No,Día,,,Despejado,,,Sin Semáforo
185863,OBSERVATORIO VIAL,2023-04-28,19:50:00,CORRIENTES,18,CAPITAL,21,CORRIENTES,Urbana,Avenida,AV ARMENIA,4800,PEDERNERA,,,,1,1,0,2,0,Colisión entre vehículos,Colisión entre vehículos,,,Alcance,2,,Recta,,,,Asfalto,,Apto,Seca,,S/D,,S/D,,S/D,S/D,S/D,Noche,SI,,Despejado,,,S/D
189766,OBSERVATORIO VIAL,2023-04-27,18:50:00,CORRIENTES,18,CAPITAL,21,CORRIENTES,Urbana,Calle,AVENIDA ARTIGAS,1200,BELGRANO,,,,3,1,0,2,0,Colisión entre vehículos,Colisión entre vehículos,,,,2,,Intersección / cruce,,,S/D,Asfalto,,Apto,Seca,,Ninguna,,S/D,,S/D,S/D,S/D,Noche,SI,,Despejado,,,S/D
198248,DIRECCION GENERAL DE SEGURIDAD VIAL,2023-04-27,15:00:00,CORRIENTES,18,CAPITAL,21,CORRIENTES,Urbana,Calle,CHACABUCO,1600,LAVALLE,,,,0,2,0,2,0,Colisión entre vehículos,Colisión entre vehículos,,,Angulo,2,,Intersección / cruce,,,S/D,S/D,,Apto,Seca,,S/D,,S/D,,S/D,S/D,S/D,Día,,,Despejado,,,S/D
183612,OBSERVATORIO VIAL,2023-04-26,10:00:00,CORRIENTES,18,CAPITAL,21,CORRIENTES,Urbana,Calle,COLOMBIA,1300,,,,,1,1,0,2,0,Colisión entre vehículos,Colisión entre vehículos,,,Lateral,2,,Intersección / cruce,,,No obstruido,Asfalto,,Apto,Seca,,Ninguna,,Ninguna,,Si,Si,No,Día,,,Despejado,,,Sin Semáforo
197454,OBSERVATORIO VIAL,2023-04-24,4:30:00,CORRIENTES,18,CAPITAL,21,CORRIENTES,Urbana,Calle,BUENOS AIRES,700,3 DE abril,,,,2,0,0,2,0,Colisión entre vehículos,Colisión entre vehículos,,,Lateral,2,,Recta,,,,Asfalto,,Apto,Seca,,S/D,,S/D,,S/D,S/D,S/D,Noche,SI,,Despejado,,,Sin Semáforo
178619,OBSERVATORIO VIAL,2023-04-23,13:01:00,CORRIENTES,18,CAPITAL,21,CORRIENTES,Urbana,Avenida,CHACABUCO,3000,Av. FERRE,,,,1,1,0,2,0,S/D,S/D,,,,2,,Recta,,,,Asfalto,,Apto,Seca,,S/D,,S/D,,S/D,S/D,S/D,Día,,,Despejado,,,S/D
186716,OBSERVATORIO VIAL,2023-04-23,1:31:00,CORRIENTES,18,CAPITAL,21,CORRIENTES,Urbana,Avenida,AV SARMIENTO,2400,LA PAMPA,,,,0,1,0,1,0,Despeñamiento,Despeñamiento,,,,1,,Recta,,,,Asfalto,,Apto,Seca,,S/D,,S/D,,S/D,S/D,S/D,Noche,NO,,Despejado,,,Sin Semáforo
205604,OBSERVATORIO VIAL,2023-04-21,6:45:00,CORRIENTES,18,CAPITAL,21,CORRIENTES,Urbana,Calle,GUTENBERG,2200,MADARIAGA,,,,2,0,0,2,0,Colisión entre vehículos,Colisión entre vehículos,,,Lateral,2,,Intersección / cruce,,,S/D,Asfalto,,Apto,Seca,,Ninguna,,Ninguna,,Si,Si,No,Día,,,Despejado,,,Sin Semáforo
190566,OBSERVATORIO VIAL,2023-04-21,8:31:00,CORRIENTES,18,CAPITAL,21,CORRIENTES,Urbana,Avenida,MAIPU,1700,FRAGATA HERCULES,,,,2,0,0,2,0,Colisión entre vehículos,Colisión entre vehículos,,,Alcance,2,,Intersección / cruce,,,S/D,Asfalto,,Apto,Seca,,S/D,,S/D,,S/D,S/D,S/D,Día,,,Despejado,,,Funciona
201246,OBSERVATORIO VIAL,2023-04-20,12:30:00,CORRIENTES,18,CAPITAL,21,CORRIENTES,Urbana,Ruta Nacional,12,1034,,,,,0,1,0,2,0,Colisión entre vehículos,Colisión entre vehículos,,,,2,,Recta,,,,Asfalto,,Apto,Seca,,S/D,,S/D,,S/D,S/D,S/D,Día,,,Despejado,,,S/D
176233,OBSERVATORIO VIAL,2023-04-20,9:25:00,CORRIENTES,18,CAPITAL,21,CORRIENTES,Urbana,Ruta Nacional,12,1030,CAZADORES CORRENTINOS,,,,0,1,0,1,0,Colisión entre vehículos,Colisión entre vehículos,,,,1,,Recta,,,,Asfalto,,Apto,Seca,,S/D,,S/D,,S/D,S/D,S/D,Día,,,Despejado,,,Sin Semáforo
180108,OBSERVATORIO VIAL,2023-04-19,2:50:00,CORRIENTES,18,CAPITAL,21,CORRIENTES,Urbana,Ruta Nacional,12,km 11,AV MAIPU,,,,0,1,0,1,0,Atropello a animal/es,Atropello a animal/es,,,,1,,Recta,,,,Asfalto,,Apto,Seca,,S/D,,S/D,,Si,S/D,Si,Noche,SI,,Despejado,,,Sin Semáforo
180112,OBSERVATORIO VIAL,2023-04-19,20:10:00,CORRIENTES,18,CAPITAL,21,CORRIENTES,Urbana,Calle,MENDOZA,1400,MARIANO MORENO,,,,1,1,0,2,0,Colisión entre vehículos,Colisión entre vehículos,,,,2,,Intersección / cruce,,,S/D,,,Apto,Seca,,S/D,,S/D,,Si,Si,No,Noche,SI,,Despejado,,,Sin Semáforo
189765,OBSERVATORIO VIAL,2023-04-19,7:40:00,CORRIENTES,18,CAPITAL,21,CORRIENTES,Urbana,Calle,3 SARGENTOS,2200,COMODORO RIVADAVIA,,,,2,0,0,2,0,Colisión entre vehículos,Colisión entre vehículos,,,,2,,Intersección / cruce,,,S/D,Asfalto,,Apto,Mojada,,S/D,,S/D,,S/D,S/D,S/D,Día,,,Lluvia,,,S/D
181850,OBSERVATORIO VIAL,2023-04-19,13:09:00,CORRIENTES,18,CAPITAL,21,CORRIENTES,Urbana,Calle,SAN JUAN,1200,,,,,3,0,0,1,2,Atropello a peatón/es,Atropello a peatón/es,,,,3,,Intersección / cruce,,,S/D,Asfalto,,Apto,Seca,,S/D,,S/D,,S/D,,S/D,Día,,,Despejado,,,Sin Semáforo
207723,OBSERVATORIO VIAL,2023-04-19,22:20:00,CORRIENTES,18,CAPITAL,21,CORRIENTES,Urbana,Avenida,AV ARMENIA,3400,YERBAL,,,,1,0,0,1,0,Caída desde vehículo,Caída desde vehículo,,,,1,,Intersección / cruce,,,S/D,Asfalto,,Apto,Seca,,Otro,,Ninguna,,Si,Si,No,Noche,NO,,Despejado,,,S/D
194941,OBSERVATORIO VIAL,2023-04-18,10:30:00,CORRIENTES,18,CAPITAL,21,CORRIENTES,Urbana,Avenida,MAIPU,2200,MANANTIALES,,,,1,1,0,2,0,Colisión entre vehículos,Colisión entre vehículos,,,Alcance,2,,Intersección / cruce,,,S/D,Asfalto,,Apto,Seca,,S/D,,S/D,,No,No,No,Día,,,Despejado,,,Sin Semáforo
215309,OBSERVATORIO VIAL,2023-04-17,23:26:00,CORRIENTES,18,CAPITAL,21,CORRIENTES,Urbana,Avenida,MAIPU,800,AUSTRALIA,,,,2,0,0,2,0,Colisión entre vehículos,Colisión entre vehículos,,,Lateral,2,,Intersección / cruce,,,S/D,Asfalto,,Apto,Seca,,Otro,,Ninguna,,Si,Si,No,Noche,NO,,Despejado,,,S/D
197497,OBSERVATORIO VIAL,2023-04-14,12:50:00,CORRIENTES,18,CAPITAL,21,CORRIENTES,Urbana,Calle,BOLIVAR,2145,,,,,2,0,0,2,0,Colisión entre vehículos,Colisión entre vehículos,,,,2,,Recta,,,,Asfalto,,Apto,Seca,,S/D,,S/D,,S/D,S/D,S/D,Día,,,Despejado,,,S/D
178610,OBSERVATORIO VIAL,2023-04-14,9:10:00,CORRIENTES,18,CAPITAL,21,CORRIENTES,Urbana,Avenida,AV INDEPENDENCIA,4044,,,,,1,1,0,2,0,Colisión entre vehículos,Colisión entre vehículos,,,Angulo,2,,Intersección / cruce,,,S/D,Asfalto,,Apto,Seca,,Cantero central,,S/D,,S/D,S/D,S/D,,,,Despejado,,,S/D
208319,OBSERVATORIO VIAL,2023-04-14,10:30:00,CORRIENTES,18,CAPITAL,21,CORRIENTES,Urbana,Avenida,AV ARTIGAS,1200,ESTADO DE ISRAEL,,,,2,0,0,2,0,Colisión entre vehículos,Colisión entre vehículos,,,Alcance,2,,Intersección / cruce,,,S/D,Asfalto,,Apto,"Con charcos o inundada, Mojada",,Otro,,Ninguna,,Si,Si,No,,,,Lluvia,,,Sin Semáforo
201974,OBSERVATORIO VIAL,2023-04-13,11:45:00,CORRIENTES,18,CAPITAL,21,CORRIENTES,Urbana,Calle,PERUGORRIA,800,GOBERNADOR CASTILLO,,,,2,1,0,2,0,Colisión entre vehículos,Colisión entre vehículos,,,,2,,Intersección / cruce,,,S/D,Asfalto,,Apto,Seca,,Ninguna,,Asfalto,,S/D,S/D,S/D,Día,,,Despejado,,,Sin Semáforo
188342,OBSERVATORIO VIAL,2023-04-12,23:33:00,CORRIENTES,18,CAPITAL,21,CORRIENTES,Urbana,Avenida,AV 3 DE ABRIL,1300,SANTA FE,SAN LORENZO,,,2,0,0,2,0,Colisión entre vehículos,Colisión entre vehículos,,,Alcance,2,,Intersección / cruce,,,S/D,Asfalto,,Apto,Seca,,S/D,,S/D,,Si,Si,Si,Noche,NO,,Despejado,,,Funciona
197507,OBSERVATORIO VIAL,2023-04-10,13:32:00,CORRIENTES,18,CAPITAL,21,CORRIENTES,Urbana,Calle,TENIENTE IBAÑEZ,1100,MENDOZA,,,,3,0,0,2,0,Colisión entre vehículos,Colisión entre vehículos,,,Alcance,2,,Intersección / cruce,,,S/D,Asfalto,,Apto,Seca,,S/D,,S/D,,No,No,No,Día,,,Despejado,,,Funciona
176181,OBSERVATORIO VIAL,2023-04-05,13:00:00,CORRIENTES,18,CAPITAL,21,CORRIENTES,Urbana,Avenida,AV. ARTIGAS,1500,AV. FERRE,,,,2,1,0,3,0,Vuelco (solo 1 participante),Vuelco (solo 1 participante),,,,3,,Intersección / cruce,,,S/D,Asfalto,,Apto,Seca,,S/D,,S/D,,S/D,S/D,S/D,Día,,,Despejado,,,Funciona
200511,OBSERVATORIO VIAL,2023-04-05,17:10:00,CORRIENTES,18,CAPITAL,21,CORRIENTES,Urbana,Avenida,AV MAIPU,177,,,,,2,0,0,2,0,Colisión entre vehículos,Colisión entre vehículos,,,,2,,Recta,,,,Asfalto,,Apto,Seca,,S/D,,Asfalto,,S/D,S/D,S/D,Día,,,Despejado,,,S/D
176195,OBSERVATORIO VIAL,2023-04-05,18:43:00,CORRIENTES,18,CAPITAL,21,CORRIENTES,Urbana,Avenida,AVENIDA 3 DE ABRIL,800,BUENOS AIRES,,-2.747.500,-5.884.114,1,1,0,2,0,Colisión entre vehículos,Colisión entre vehículos,,,Lateral,2,,Intersección / cruce,,,No obstruido,Asfalto,,Apto,Seca,,Barreras de seguridad,,Ninguna,Otro,Si,Si,No,Día,,,Despejado,,,Funciona
207725,OBSERVATORIO VIAL,2023-04-04,7:15:00,CORRIENTES,18,CAPITAL,21,CORRIENTES,Urbana,Avenida,AV MAIPU,3000,,,,,1,0,0,1,0,Salida de calzada,Salida de calzada,,PARTERRE CENTRAL,,1,,Intersección / cruce,,,S/D,Asfalto,,Apto,Mojada,,Cantero central,,Ninguna,,S/D,S/D,S/D,Día,,,Lluvia,,,S/D
209189,OBSERVATORIO VIAL,2023-03-28,18:00:00,CORRIENTES,18,CAPITAL,21,CORRIENTES,Urbana,Avenida,AV. INDEPENDENCIA,2900,AV CHACABUCO,,,,1,1,0,2,0,Colisión entre vehículos,Colisión entre vehículos,,,,2,,Intersección / cruce,,,No obstruido,,,Apto,Seca,,Cantero central,,,,Si,Si,S/D,Día,,,Despejado,,,Funciona
212414,OBSERVATORIO VIAL,2023-03-24,13:30:00,CORRIENTES,18,CAPITAL,21,CORRIENTES,Urbana,Avenida,ROTONDA PONCHO VERDE,2100,,,,,2,0,0,2,0,Colisión entre vehículos,Colisión entre vehículos,,,Alcance,2,,Rotonda,,,,Asfalto,,Apto,Seca,,S/D,,Ninguna,,Si,Si,No,Día,,,Despejado,,,Sin Semáforo
212413,OBSERVATORIO VIAL,2023-03-23,10:30:00,CORRIENTES,18,CAPITAL,21,CORRIENTES,Urbana,Avenida,AV PAYSANDU,2100,LAS CUEVAS,,,,1,1,0,2,0,Colisión entre vehículos,Colisión entre vehículos,,,Lateral,2,,Intersección / cruce,,,S/D,Asfalto,,Apto,Seca,,Ninguna,,Ninguna,,Si,S/D,S/D,Día,,,Despejado,,,Sin Semáforo
194957,OBSERVATORIO VIAL,2023-03-23,12:00:00,CORRIENTES,18,CAPITAL,21,CORRIENTES,Urbana,Calle,BRASIL,2100,9 DE julio,,,,1,1,0,1,1,Atropello a peatón/es,Atropello a peatón/es,,,,2,,Intersección / cruce,,,S/D,Asfalto,,Apto,Seca,,S/D,,,,S/D,S/D,S/D,Día,,,Despejado,,,Funciona
184127,OBSERVATORIO VIAL,2023-03-23,8:30:00,CORRIENTES,18,CAPITAL,21,CORRIENTES,Urbana,Avenida,AV. PUJOL,1600,PAMPIN,,,,1,1,0,2,0,Colisión entre vehículos,Colisión entre vehículos,,,Lateral,2,,Intersección / cruce,,,No obstruido,Asfalto,,Apto,Seca,,Cantero central,,Ninguna,,Si,Si,No,Día,,,Despejado,,,Funciona
194949,OBSERVATORIO VIAL,2023-03-22,12:28:00,CORRIENTES,18,CAPITAL,21,CORRIENTES,Urbana,Calle,PELLEGRINI,1560,,,,,3,0,0,3,0,Colisión entre vehículos,Colisión entre vehículos,,,Alcance,3,,Intersección / cruce,,,S/D,Asfalto,,Apto,Seca,,Ninguna,,S/D,,S/D,S/D,S/D,Día,,,Despejado,,,S/D
178623,OBSERVATORIO VIAL,2023-03-20,9:59:00,CORRIENTES,18,CAPITAL,21,CORRIENTES,Urbana,Avenida,AV MAIPU,1130,,,,,1,1,0,1,1,Atropello a peatón/es,Atropello a peatón/es,,,,2,,Recta,,,,Asfalto,,Apto,Seca,,S/D,,S/D,,S/D,S/D,S/D,Día,,,Despejado,,,S/D
176480,OBSERVATORIO VIAL,2023-03-20,8:20:00,CORRIENTES,18,CAPITAL,21,CORRIENTES,Urbana,Avenida,AV CHACABUCO,1200,BOLIVAR,,-2.747.328,-5.881.331,0,2,0,2,0,Colisión entre vehículos,Colisión entre vehículos,,,,2,,Intersección / cruce,,,,Otro,,Apto,Seca,,S/D,,Pasto,,,Si,,Día,,,Despejado,,,Sin Semáforo
199130,OBSERVATORIO VIAL,2023-03-20,8:59:00,CORRIENTES,18,CAPITAL,21,CORRIENTES,Urbana,Calle,3 DE abril,600,ALBERDI,,,,2,0,0,2,0,Colisión entre vehículos,Colisión entre vehículos,,,,2,,Intersección / cruce,,,,Asfalto,,Apto,Seca,,S/D,,,,S/D,S/D,S/D,Día,,,Despejado,,,S/D
186779,OBSERVATORIO VIAL,2023-03-17,13:50:00,CORRIENTES,18,CAPITAL,21,CORRIENTES,Urbana,Avenida,AV FERRE,3000,BOLIVIA,,,,1,1,0,2,0,Colisión entre vehículos,Colisión entre vehículos,,,Angulo,2,,Intersección / cruce,,,S/D,Asfalto,,Apto,Seca,,S/D,,S/D,,Si,Si,,,,,Despejado,,,Funciona
199936,OBSERVATORIO VIAL,2023-03-16,22:00:00,CORRIENTES,18,CAPITAL,21,CORRIENTES,Urbana,Ruta Nacional,12,1032,,,,,1,1,0,2,0,Colisión entre vehículos,Colisión entre vehículos,,,Frontal,2,,Intersección / cruce,,,,Asfalto,,Apto,Seca,,S/D,,S/D,,S/D,S/D,S/D,Noche,,,Despejado,,,S/D
201981,OBSERVATORIO VIAL,2023-03-16,13:45:00,CORRIENTES,18,CAPITAL,21,CORRIENTES,Urbana,Calle,CARTAGENA,2897,CHACABUCO,,,,2,0,0,2,0,Colisión entre vehículos,Colisión entre vehículos,,,,2,,Recta,,,,Asfalto,,Apto,Seca,,S/D,,Asfalto,,Si,Si,,Día,,,Despejado,,,Sin Semáforo
181823,OBSERVATORIO VIAL,2023-03-15,9:30:00,CORRIENTES,18,CAPITAL,21,CORRIENTES,Urbana,Avenida,AV INDEPENDENCIA,3400,MEDRANO,,,,3,0,0,2,0,Colisión entre vehículos,Colisión entre vehículos,,,,2,,Intersección / cruce,,,,Asfalto,,Apto,Seca,,S/D,,S/D,,S/D,S/D,S/D,Día,,,Despejado,,,S/D
176231,OBSERVATORIO VIAL,2023-03-15,12:10:00,CORRIENTES,18,CAPITAL,21,CORRIENTES,Urbana,Avenida,AV INDEPENDENCIA,5300,,,,,2,0,0,2,0,Colisión entre vehículos,Colisión entre vehículos,,,,2,,Recta,,,,Asfalto,,Apto,Seca,,S/D,,S/D,,S/D,S/D,S/D,Día,,,Despejado,,,Sin Semáforo
182658,OBSERVATORIO VIAL,2023-03-14,19:50:00,CORRIENTES,18,CAPITAL,21,CORRIENTES,Urbana,Calle,HIPOLITO YRIGOYEN,800,BS AS,,,,1,1,0,2,0,Colisión entre vehículos,Colisión entre vehículos,,,Lateral,2,,Intersección / cruce,,,No obstruido,Asfalto,,Apto,Seca,,Ninguna,,Ninguna,,Si,Si,No,Día,,,Despejado,,,Sin Semáforo
207694,OBSERVATORIO VIAL,2023-03-14,8:40:00,CORRIENTES,18,CAPITAL,21,CORRIENTES,Urbana,Avenida,AV INDEPENDENCIA,4600,GASCON,,,,2,0,0,2,0,Colisión entre vehículos,Colisión entre vehículos,,,Alcance,2,,Intersección / cruce,,,No obstruido,Asfalto,,Apto,Seca,,Cantero central,,Ninguna,,Si,Si,No,Día,,,Despejado,,,Sin Semáforo
212935,OBSERVATORIO VIAL,2023-03-13,21:21:00,CORRIENTES,18,CAPITAL,21,CORRIENTES,Urbana,Avenida,AV 3 DE ABRIL,1400,CATAMARCA,,,,0,1,0,1,0,Caída desde vehículo,Caída desde vehículo,,,,1,,Intersección / cruce,,,No obstruido,Asfalto,,Apto,Seca,,Cantero central,,Ninguna,,Si,Si,No,Noche,NO,,,,,Funciona
201241,OBSERVATORIO VIAL,2023-03-13,8:22:00,CORRIENTES,18,CAPITAL,21,CORRIENTES,Urbana,Avenida,PUJOL,2400,,,,,0,1,0,1,0,Caída desde vehículo,Caída desde vehículo,,,,1,,Recta,,,,Asfalto,,Apto,Seca,,S/D,,S/D,,S/D,S/D,S/D,Día,,,Despejado,,,S/D
196783,OBSERVATORIO VIAL,2023-03-10,17:20:00,CORRIENTES,18,CAPITAL,21,CORRIENTES,Urbana,Calle,RAUL ALFONSIN,4400,MEDRANO,,,,2,1,0,2,0,Colisión entre vehículos,Colisión entre vehículos,,,Alcance,2,,Intersección / cruce,,,S/D,Asfalto,,Apto,Seca,,S/D,,S/D,,Si,Si,Si,Día,,,Despejado,,,Funciona
208327,OBSERVATORIO VIAL,2023-03-10,20:00:00,CORRIENTES,18,CAPITAL,21,CORRIENTES,Urbana,Avenida,AV RAUL ALFONSIN,3800,TACUARI,,,,0,2,0,1,0,Vuelco (solo 1 participante),Vuelco (solo 1 participante),Si,,,1,,Intersección / cruce,,,S/D,Asfalto,,En reparación,Mojada,,Cantero central,,Ninguna,,Si,Si,No,Noche,NO,,Lluvia,,,Funciona
176168,OBSERVATORIO VIAL,2023-03-09,8:20:00,CORRIENTES,18,CAPITAL,21,CORRIENTES,Urbana,Avenida,AV CHACABUCO,2800,,,,,2,0,0,2,0,Colisión entre vehículos,Colisión entre vehículos,,,,2,,Intersección / cruce,,,S/D,S/D,,Apto,Seca,,S/D,,S/D,,S/D,S/D,S/D,Día,,,Despejado,,,S/D
204268,OBSERVATORIO VIAL,2023-03-09,17:55:00,CORRIENTES,18,CAPITAL,21,CORRIENTES,Urbana,Avenida,AV CHACABUCO,2117,MADARIAGA,,,,2,0,0,2,0,Colisión entre vehículos,Colisión entre vehículos,,,,2,,Recta,,,,Asfalto,,Apto,Seca,,S/D,,Asfalto,,S/D,S/D,S/D,Día,,,Despejado,,,Sin Semáforo
205151,OBSERVATORIO VIAL,2023-03-08,10:22:00,CORRIENTES,18,CAPITAL,21,CORRIENTES,Urbana,Avenida,AV MAIPU,3500,,,-2.750.717,-5.881.076,1,1,0,2,0,Colisión entre vehículos,Colisión entre vehículos,,,,2,,Intersección / cruce,,,S/D,Asfalto,,Apto,Seca,,Barreras de seguridad,,Asfalto,Otro,Si,Si,Si,Día,,,Despejado,,,S/D
183613,OBSERVATORIO VIAL,2023-03-06,11:10:00,CORRIENTES,18,CAPITAL,21,CORRIENTES,Urbana,Calle,SGTO CABRAL,1800,VELEZ SARSFIELD,,,,1,1,0,2,0,Colisión entre vehículos,Colisión entre vehículos,,,Lateral,2,,Intersección / cruce,,,S/D,Asfalto,,Apto,Seca,,Ninguna,,Ninguna,,Si,Si,S/D,Día,,,Despejado,,,Sin Semáforo
182657,OBSERVATORIO VIAL,2023-03-06,13:48:00,CORRIENTES,18,CAPITAL,21,CORRIENTES,Urbana,Avenida,AV 3 DE ABRIL,1500,SAN LORENZO,,-2.747.645,-5.883.324,1,1,0,2,0,Colisión entre vehículos,Colisión entre vehículos,,,Alcance,2,,Mitad de la calle / avenida,,,,Asfalto,,Apto,Seca,,Cantero central,,Ninguna,,Si,Si,No,Día,,,Despejado,,,Funciona
196785,OBSERVATORIO VIAL,2023-03-01,20:20:00,CORRIENTES,18,CAPITAL,21,CORRIENTES,Urbana,Calle,SAN LORENZO,1499,RIVADAVIA,,,,1,1,0,2,0,Colisión entre vehículos,Colisión entre vehículos,,,,2,,Recta,,,,Asfalto,,Apto,Seca,,S/D,,S/D,,S/D,S/D,S/D,Noche,SI,,Despejado,,,S/D
209990,OBSERVATORIO VIAL,2023-02-28,22:15:00,CORRIENTES,18,CAPITAL,21,CORRIENTES,Urbana,Avenida,AV INDEPENDENCIA,5400,ROTONDA VIRGEN DE ITATI,,,,1,1,0,2,0,Colisión entre vehículos,Colisión entre vehículos,,,Rozamiento,2,,Rotonda,,,,Asfalto,,Apto,Seca,,Cantero central,,Ninguna,,Si,Si,S/D,Noche,NO,,,,,Sin Semáforo
184128,OBSERVATORIO VIAL,2023-02-27,7:20:00,CORRIENTES,18,CAPITAL,21,CORRIENTES,Urbana,Avenida,AV CAZADORES CORRENTINOS,3800,RESOAGLI,,,,1,1,0,2,0,Colisión entre vehículos,Colisión entre vehículos,,,Lateral,2,,Intersección / cruce,,,No obstruido,Asfalto,,Apto,Seca,,Cantero central,,Ninguna,,S/D,S/D,,Día,,,Despejado,,,Sin Semáforo
199685,OBSERVATORIO VIAL,2023-02-27,20:30:00,CORRIENTES,18,CAPITAL,21,CORRIENTES,Urbana,Avenida,LIBERTAD,5200,MADERO,,,,2,2,0,3,0,Colisión entre vehículos,Colisión entre vehículos,,,Frontal,3,,Intersección / cruce,,,S/D,Asfalto,,Apto,Seca,,S/D,,S/D,,Si,S/D,S/D,Noche,NO,,Despejado,,,Sin Semáforo
181849,OBSERVATORIO VIAL,2023-02-25,7:55:00,CORRIENTES,18,CAPITAL,21,CORRIENTES,Urbana,Avenida,RAUL ALFONSIN,4100,LOS TILOS,,,,1,1,0,2,0,,,,,,2,,Intersección / cruce,,,S/D,S/D,,Apto,Seca,,S/D,,S/D,,S/D,S/D,S/D,Día,,,Despejado,,,Sin Semáforo
197508,OBSERVATORIO VIAL,2023-02-24,18:30:00,CORRIENTES,18,CAPITAL,21,CORRIENTES,Urbana,Avenida,Av. P. Ferre,2700,CHILE,CHACABUCO,,,3,0,0,2,0,Colisión entre vehículos,Colisión entre vehículos,,,,2,,Intersección / cruce,,,S/D,Asfalto,,Apto,Seca,,S/D,,S/D,,Si,Si,Si,Día,,,,,,Funciona
199128,OBSERVATORIO VIAL,2023-02-24,9:02:00,CORRIENTES,18,CAPITAL,21,CORRIENTES,Urbana,Calle,PELLEGRINI,1290,SALTA,,,,1,1,0,2,0,Colisión entre vehículos,Colisión entre vehículos,,,,2,,Intersección / cruce,,,S/D,Asfalto,,Apto,Seca,,S/D,,S/D,,S/D,S/D,S/D,Día,,,Despejado,,,Sin Semáforo
177799,OBSERVATORIO VIAL,2023-02-24,8:15:00,CORRIENTES,18,CAPITAL,21,CORRIENTES,Urbana,Avenida,AVENIDA FERRE,2600,VELEZ SARSFIELD,,,,2,0,0,2,0,Colisión entre vehículos,Colisión entre vehículos,,,Alcance,2,,Intersección / cruce,,,S/D,Asfalto,,Apto,Seca,,S/D,,S/D,,S/D,S/D,S/D,Día,,,Despejado,,,S/D
177773,OBSERVATORIO VIAL,2023-02-23,15:30:00,CORRIENTES,18,CAPITAL,21,CORRIENTES,Urbana,Avenida,AVENIDA MAIPÚ,3600,ACONCAGUA,,-2.749.830,-5.881.523,1,1,0,2,0,Colisión entre vehículos,Colisión entre vehículos,,,,2,,Intersección / cruce,,,No obstruido,Asfalto,,Apto,Seca,,Ninguna,,Ninguna,,Si,Si,No,Día,,,Despejado,,,Sin Semáforo
176229,OBSERVATORIO VIAL,2023-02-22,11:30:00,CORRIENTES,18,CAPITAL,21,CORRIENTES,Urbana,Calle,SAN MARTIN,2300,ITUZAINGO,,,,1,1,0,2,0,Colisión entre vehículos,Colisión entre vehículos,,,,2,,Intersección / cruce,,,S/D,Asfalto,,Apto,Seca,,S/D,,S/D,,S/D,S/D,S/D,Día,,,Despejado,,,Sin Semáforo
180921,OBSERVATORIO VIAL,2023-02-20,7:10:00,CORRIENTES,18,CAPITAL,21,CORRIENTES,Urbana,Avenida,AV MAIPU,0,ESPAÑA,,,,2,0,0,2,0,Colisión entre vehículos,Colisión entre vehículos,,,,2,,Recta,,,,Asfalto,,Apto,Seca,,S/D,,S/D,,Si,Si,Si,,,,Despejado,,,S/D
189764,OBSERVATORIO VIAL,2023-02-16,7:45:00,CORRIENTES,18,CAPITAL,21,CORRIENTES,Urbana,Calle,TENIENTE IBAÑEZ,1300,CONTE,,,,1,1,0,2,0,Colisión entre vehículos,Colisión entre vehículos,,,,2,,Curva Horizontal,,,,Asfalto,,Apto,Seca,,S/D,,S/D,,S/D,S/D,S/D,Día,,,Despejado,,,S/D
189209,OBSERVATORIO VIAL,2023-02-15,10:05:00,CORRIENTES,18,CAPITAL,21,CORRIENTES,Urbana,Avenida,AV PUJOL,1600,ESPAÑA,ROCA,,,1,1,0,1,0,S/D,S/D,,,,1,,Recta,,,,Asfalto,,Apto,Seca,,S/D,,S/D,,S/D,S/D,S/D,Día,,,Despejado,,,S/D
185884,OBSERVATORIO VIAL,2023-02-14,18:13:00,CORRIENTES,18,CAPITAL,21,CORRIENTES,Urbana,Avenida,AV MAIPU,Km 10,ARISTOBULO DEL VALLE,,,,1,1,0,2,0,Colisión entre vehículos,Colisión entre vehículos,,,Alcance,2,,Intersección / cruce,,,S/D,Asfalto,,Apto,Seca,,S/D,,S/D,,S/D,S/D,S/D,Día,,,Despejado,,,
198235,OBSERVATORIO VIAL,2023-02-14,10:45:00,CORRIENTES,18,CAPITAL,21,CORRIENTES,Urbana,Avenida,CAZADORES CORRENTINOS,3955,,,,,1,1,0,2,0,Colisión entre vehículos,Colisión entre vehículos,,,Angulo,2,,Recta,,,,Asfalto,,Apto,Seca,,S/D,,S/D,,S/D,S/D,S/D,Día,,,Despejado,,,S/D
205307,OBSERVATORIO VIAL,2023-02-14,20:00:00,CORRIENTES,18,CAPITAL,21,CORRIENTES,Urbana,Ruta Provincial,5,KM 5,ALT. Bª SAMELA,,-2.749.010,-5.875.743,1,1,0,2,0,Colisión entre vehículos,Colisión entre vehículos,,,,2,,Intersección / cruce,,,,Asfalto,,En reparación,,,Otro,,Tierra,,Si,,,Noche,SI,,Despejado,,,Sin Semáforo
184875,OBSERVATORIO VIAL,2023-02-13,9:55:00,CORRIENTES,18,CAPITAL,21,CORRIENTES,Urbana,Calle,25 DE mayo,1800,PARAGUAY,,,,2,0,0,2,0,Colisión entre vehículos,Colisión entre vehículos,,,Alcance,2,,Intersección / cruce,,,,Asfalto,,Apto,Seca,,S/D,,S/D,,No,No,No,Día,,,Despejado,,,Sin Semáforo
206673,OBSERVATORIO VIAL,2023-02-12,10:30:00,CORRIENTES,18,CAPITAL,21,CORRIENTES,Rural,Avenida,AV SANTA ROSA,2300,NECOCHEA,,-2.748.157,-5.882.030,1,1,0,2,0,Colisión entre vehículos,Colisión entre vehículos,,,,2,,Intersección / cruce,,,S/D,Asfalto,,Apto,Seca,,Otro,,Otro,,Si,Si,S/D,Día,,,Despejado,,,Sin Semáforo
188345,OBSERVATORIO VIAL,2023-02-12,19:00:00,CORRIENTES,18,CAPITAL,21,CORRIENTES,Urbana,Calle,GUEMES,1700,LAS HERAS,,,,0,3,0,2,0,Colisión entre vehículos,Colisión entre vehículos,,,,2,,Intersección / cruce,,,S/D,Asfalto,,Apto,Seca,,S/D,,S/D,,Si,Si,Si,Día,,,Despejado,,,Sin Semáforo
201249,OBSERVATORIO VIAL,2023-02-12,22:00:00,CORRIENTES,18,CAPITAL,21,CORRIENTES,Urbana,Calle,QUINTANA,3400,SAN LORENZO,CATAMARCA,,,4,0,0,2,0,Colisión entre vehículos,Colisión entre vehículos,,,,2,,Intersección / cruce,,,,Asfalto,,Apto,Seca,,S/D,,S/D,,S/D,S/D,S/D,Noche,,,Despejado,,,S/D
207575,OBSERVATORIO VIAL,2023-02-11,0:40:00,CORRIENTES,18,CAPITAL,21,CORRIENTES,Urbana,Avenida,AV MAIPU,300,BAIGORRIA,,,,1,1,0,2,0,Colisión entre vehículos,Colisión entre vehículos,,,,2,,Intersección / cruce,,,S/D,Asfalto,,Apto,Seca,,Cantero central,,Ninguna,,Si,Si,No,Noche,NO,,Despejado,,,Sin Semáforo
212421,OBSERVATORIO VIAL,2023-02-11,8:30:00,CORRIENTES,18,CAPITAL,21,CORRIENTES,Urbana,Ruta Nacional,12,1027,ENTRADA A LAS 500 VDAS,,,,2,0,0,2,0,Colisión entre vehículos,Colisión entre vehículos,,,Alcance,2,,Intersección / cruce,,,S/D,Asfalto,,Apto,Seca,,Ninguna,,Tierra,,No,No,No,Día,,,Despejado,,,Sin Semáforo
208363,OBSERVATORIO VIAL,2023-02-10,12:30:00,CORRIENTES,18,CAPITAL,21,CORRIENTES,Urbana,Avenida,AV 3 DE ABRIL,1500,SANTA FE,,,,3,0,0,3,0,Colisión entre vehículos,Colisión entre vehículos,,,Alcance,3,,Intersección / cruce,,,S/D,Asfalto,,Apto,Seca,,Cantero central,,Ninguna,,Si,Si,S/D,Día,,,Despejado,,,Funciona
190630,OBSERVATORIO VIAL,2023-02-10,7:10:00,CORRIENTES,18,CAPITAL,21,CORRIENTES,Urbana,Calle,BRASIL,1053,,,,,2,0,0,2,0,Colisión entre vehículos,Colisión entre vehículos,,,Lateral,2,,Recta,,,,Asfalto,,Apto,Seca,,S/D,,S/D,,No,No,No,Día,,,Despejado,,,Sin Semáforo
212404,OBSERVATORIO VIAL,2023-02-09,8:15:00,CORRIENTES,18,CAPITAL,21,CORRIENTES,Urbana,Avenida,ROTONDA ESPAÑA,2100,J PAMPIN,,,,2,0,0,2,0,Colisión entre vehículos,Colisión entre vehículos,,,Lateral,2,,Rotonda,,,,Asfalto,,Apto,Seca,,Cantero central,,Ninguna,,Si,Si,No,Día,,,Despejado,,,Sin Semáforo
198247,OBSERVATORIO VIAL,2023-02-09,2:10:00,CORRIENTES,18,CAPITAL,21,CORRIENTES,Urbana,Calle,AV LIBERTAD,5800,,,,,0,1,0,1,0,Colisión entre vehículos,Colisión entre vehículos,,,,1,,Recta,,,,S/D,,Apto,Seca,,,,S/D,,S/D,S/D,S/D,Noche,,,Despejado,,,S/D
199940,OBSERVATORIO VIAL,2023-02-09,19:30:00,CORRIENTES,18,CAPITAL,21,CORRIENTES,Urbana,Avenida,AVENIDA CHACABUCO,2000,,,,,2,0,0,2,0,Colisión entre vehículos,Colisión entre vehículos,,,Alcance,2,,S/D,,,,Asfalto,,Apto,Seca,,S/D,,S/D,,S/D,S/D,S/D,Noche,SI,,Despejado,,,S/D
209202,OBSERVATORIO VIAL,2023-02-08,5:45:00,CORRIENTES,18,CAPITAL,21,CORRIENTES,Urbana,Avenida,AV PAYSANDU,3700,IBERA,,,,3,1,0,2,0,Colisión entre vehículos,Colisión entre vehículos,,,Lateral,2,,Intersección / cruce,,,S/D,Asfalto,,Apto,Seca,,Cantero central,,Ninguna,,Si,Si,No,Día,,,Despejado,,,Funciona
207559,OBSERVATORIO VIAL,2023-02-07,6:00:00,CORRIENTES,18,CAPITAL,21,CORRIENTES,Urbana,Avenida,AV ARMENIA,4100,,,,,0,1,0,1,0,Caída desde vehículo,Caída desde vehículo,,,,1,,Intersección / cruce,,,S/D,Asfalto,,Apto,Seca,,Cantero central,,Ninguna,,S/D,S/D,S/D,Noche,SI,,Despejado,,,S/D
180924,OBSERVATORIO VIAL,2023-02-07,9:40:00,CORRIENTES,18,CAPITAL,21,CORRIENTES,Urbana,Avenida,GUAYQUIRARO,0,AV MAIPU,,,,2,0,0,2,0,Colisión entre vehículos,Colisión entre vehículos,,,,2,,Intersección / cruce,,,S/D,Asfalto,,Apto,,,S/D,,S/D,,S/D,S/D,S/D,Día,,,Despejado,,,S/D
194023,OBSERVATORIO VIAL,2023-02-07,17:15:00,CORRIENTES,18,CAPITAL,21,CORRIENTES,S/D,Ruta Provincial,RUTA 5,4,SANTA BERNARDINA,,,,0,3,0,2,0,Colisión entre vehículos,Colisión entre vehículos,,,,2,,Intersección / cruce,,,S/D,Asfalto,,Apto,Seca,,S/D,,S/D,,S/D,S/D,S/D,Día,,,Despejado,,,S/D
208332,OBSERVATORIO VIAL,2023-02-07,9:45:00,CORRIENTES,18,CAPITAL,21,CORRIENTES,Urbana,Avenida,TENIENTE IBAÑEZ,1400,VARGAS GOMEZ,,,,2,0,0,2,0,Colisión entre vehículos,Colisión entre vehículos,,,Lateral,2,,Intersección / cruce,,,No obstruido,Asfalto,,Apto,Mojada,,Cantero central,,Ninguna,,Si,No,No,Día,,,Despejado,,,Sin Semáforo
207706,OBSERVATORIO VIAL,2023-02-07,18:00:00,CORRIENTES,18,CAPITAL,21,CORRIENTES,Urbana,Avenida,AV GDOR RUIZ,2400,,,,,0,1,0,1,0,Caída desde vehículo,Caída desde vehículo,,,,1,,Intersección / cruce,,,S/D,Asfalto,,Apto,Seca,,Otro,,Ninguna,,S/D,S/D,S/D,Día,,,Despejado,,,S/D
193975,OBSERVATORIO VIAL,2023-02-07,13:40:00,CORRIENTES,18,CAPITAL,21,CORRIENTES,Urbana,Avenida,AV INDEPENDENCIA,3200,JUAN J CASTELLI,,,,2,1,0,3,0,Colisión entre vehículos,Colisión entre vehículos,,,Alcance,3,,Recta,,,,Asfalto,,Apto,Seca,,S/D,,S/D,,Si,Si,,Día,,,Despejado,,,Funciona
193978,OBSERVATORIO VIAL,2023-02-07,6:00:00,CORRIENTES,18,CAPITAL,21,CORRIENTES,Urbana,Avenida,AV PAYSANDU,1700,,,,,1,0,0,1,0,Caída desde vehículo,Caída desde vehículo,Si,,,1,,Mitad de la calle / avenida,,,,Asfalto,,Apto,Seca,,S/D,,S/D,,S/D,Si,S/D,Noche,,,Despejado,,,Sin Semáforo
176192,OBSERVATORIO VIAL,2023-02-03,11:22:00,CORRIENTES,18,CAPITAL,21,CORRIENTES,Urbana,Calle,TUCUMÁN,900,JUNÍN,,-2.746.722,-5.884.171,2,0,0,2,0,Colisión entre vehículos,Colisión entre vehículos,,,,2,,Intersección / cruce,,,No obstruido,Asfalto,,Apto,Seca,,Ninguna,,Ninguna,,Si,No,No,Día,,,Despejado,,,Sin Semáforo
199949,OBERVATORIO VIAL,2023-02-02,8:45:00,CORRIENTES,18,CAPITAL,21,CORRIENTES,Urbana,Avenida,AV FERRE,2599,AV ARTIGAS,,,,2,0,0,2,0,Colisión entre vehículos,Colisión entre vehículos,,,,2,,Recta,,,,Asfalto,,Apto,Seca,,S/D,,S/D,,S/D,S/D,S/D,Día,,,Despejado,,,S/D
212411,OBSERVATORIO VIAL,2023-02-02,14:50:00,CORRIENTES,18,CAPITAL,21,CORRIENTES,Urbana,Avenida,AV TTE IBAÑEZ,1400,VARGAS GOMEZ,,,,1,1,0,2,0,Colisión entre vehículos,Colisión entre vehículos,,,Rozamiento,2,,Intersección / cruce,,,No obstruido,Asfalto,,Apto,Seca,,Cantero central,,Ninguna,,Si,Si,No,Día,,,Despejado,,,Sin Semáforo
201237,OBSERVATORIO VIAL,2023-02-02,8:45:00,CORRIENTES,18,CAPITAL,21,CORRIENTES,Urbana,Ruta Provincial,5,5000,J. PABLO ROMERO,,,,1,1,0,2,0,Colisión entre vehículos,Colisión entre vehículos,,,,2,,Recta,,,,Asfalto,,Apto,Seca,,Ninguna,,S/D,,S/D,S/D,S/D,Día,,,Otro,,,S/D
205603,OBSERVATORIO VIAL,2023-02-01,8:17:00,CORRIENTES,18,CAPITAL,21,CORRIENTES,Urbana,Calle,SANTA FE,1100,BOLIVAR,,,,1,1,0,2,0,Colisión entre vehículos,Colisión entre vehículos,,,Lateral,2,,Intersección / cruce,,,S/D,Asfalto,,Apto,Seca,,,,Ninguna,,,,,Día,,,,,,Funciona
199129,OBSERVATORIO VIAL,2023-01-30,12:56:00,CORRIENTES,18,CAPITAL,21,CORRIENTES,Urbana,Calle,MENDOZA,1201,BOLIVAR,,,,1,1,0,2,0,Colisión entre vehículos,Colisión entre vehículos,,,,2,,Recta,,,,Asfalto,,Apto,Seca,,S/D,,S/D,,S/D,S/D,S/D,Día,,,Despejado,,,S/D
201967,OBSERVATORIO VIAL,2023-01-30,8:17:00,CORRIENTES,18,CAPITAL,21,CORRIENTES,Urbana,Calle,ESPAÑA,1768,MORENO,,,,1,1,0,2,0,Colisión entre vehículos,Colisión entre vehículos,,,,2,,Intersección / cruce,,,S/D,Asfalto,,Apto,Seca,,S/D,,Asfalto,,S/D,S/D,S/D,,,,Despejado,,,S/D
207085,OBSERVATORIO VIAL,2023-01-30,10:26:00,CORRIENTES,18,CAPITAL,21,CORRIENTES,Urbana,Avenida,AV CHACABUCO,1800,GENERAL PAL,,,,1,1,0,2,0,Colisión entre vehículos,Colisión entre vehículos,,,Lateral,2,,Intersección / cruce,,,S/D,,,Apto,Seca,,Barreras de seguridad,,Ninguna,,Si,Si,No,Día,,,Despejado,,,Funciona
197501,OBSERVATORIO VIAL,2023-01-28,12:30:00,CORRIENTES,18,CAPITAL,21,CORRIENTES,Urbana,Calle,GUEMES,1600,GENERAL PAZ,,,,1,1,0,2,0,Colisión entre vehículos,Colisión entre vehículos,,,Angulo,2,,Intersección / cruce,,,S/D,Asfalto,,Apto,Seca,,S/D,,Asfalto,,S/D,S/D,S/D,Día,,,Despejado,,,S/D
207683,OBSERVATORIO VIAL,2023-01-27,7:30:00,CORRIENTES,18,CAPITAL,21,CORRIENTES,Urbana,Avenida,AV ALTA GRACIA,2400,,,,,1,1,0,2,0,Colisión entre vehículos,Colisión entre vehículos,,,Rozamiento,2,,Intersección / cruce,,,S/D,Asfalto,,Apto,Seca,,Ninguna,,Ninguna,,No,No,No,Noche,NO,,Despejado,,,Sin Semáforo
176190,OBSERVATORIO VIAL,2023-01-27,9:00:00,CORRIENTES,18,CAPITAL,21,CORRIENTES,Urbana,Calle,SAN MARTÍN,1100,SAN LORENZO,,-2.747.028,-5.883.204,2,0,0,2,0,Colisión entre vehículos,Colisión entre vehículos,,,,2,,Intersección / cruce,,,No obstruido,Asfalto,,Apto,Seca,,Ninguna,,Ninguna,,No,Si,No,Día,,,Despejado,,,Sin Semáforo
177717,OBSERVATORIO VIAL,2023-01-26,7:20:00,CORRIENTES,18,CAPITAL,21,CORRIENTES,Urbana,Calle,BUENOS AIRES,600,25 DE mayo,,-2.746.386,-5.884.018,2,0,0,2,0,Colisión entre vehículos,Colisión entre vehículos,,,,2,,Intersección / cruce,,,No obstruido,Asfalto,,Apto,Seca,,Ninguna,,Ninguna,,S/D,S/D,No,Día,,,Despejado,,,Sin Semáforo
182656,OBSERVATORIO VIAL,2023-01-26,13:30:00,CORRIENTES,18,CAPITAL,21,CORRIENTES,Urbana,Calle,BELGRANO,1700,JUJUY,,-2.747.277,-5.882.893,2,0,0,2,0,Colisión entre vehículos,Colisión entre vehículos,,,Lateral,2,,Intersección / cruce,,,,Asfalto,,Apto,Seca,,Ninguna,,Ninguna,,Si,Si,No,Día,,,Despejado,,,Sin Semáforo
186748,OBSERVATORIO VIAL,2023-01-23,14:08:00,CORRIENTES,18,CAPITAL,21,CORRIENTES,Urbana,Calle,25 DE mayo,1100,,,,,2,0,0,2,0,Colisión entre vehículos,Colisión entre vehículos,,,,2,,Intersección / cruce,,,S/D,Asfalto,,Apto,Seca,,S/D,,S/D,,S/D,S/D,S/D,Día,,,Despejado,,,S/D
189214,OBSERVATORIO VIAL,2023-01-22,13:10:00,CORRIENTES,18,CAPITAL,21,CORRIENTES,Urbana,Ruta Provincial,RUTA 12,1024,ACCESO BARRIO PONCE,,,,2,2,0,2,0,Colisión entre vehículos,Colisión entre vehículos,,,,2,,Recta,,,,Asfalto,,Apto,Seca,,S/D,,S/D,,S/D,S/D,S/D,Día,,,Despejado,,,Funciona
194943,OBSERVATORIO VIAL,2023-01-21,10:35:00,CORRIENTES,18,CAPITAL,21,CORRIENTES,Urbana,Avenida,MAIPU,99,IBERA,,,,1,1,0,1,1,Atropello a peatón/es,Atropello a peatón/es,,,,2,,Intersección / cruce,,,S/D,Asfalto,,Apto,Seca,,S/D,,S/D,,S/D,S/D,S/D,Día,,,Despejado,,,S/D
207720,OBSERVATORIO VIAL,2023-01-21,12:15:00,CORRIENTES,18,CAPITAL,21,CORRIENTES,Urbana,Avenida,AV CHACABUCO,1200,ALMIRANTE BROWN,,,,1,1,0,2,0,Colisión entre vehículos,Colisión entre vehículos,,,Lateral,2,,Intersección / cruce,,,S/D,Asfalto,,Apto,Seca,,Cantero central,,Ninguna,,No,No,No,Día,,,Despejado,,,Sin Semáforo
205566,OBSERVATORIO VIAL,2023-01-21,13:45:00,CORRIENTES,18,CAPITAL,21,CORRIENTES,Urbana,Calle,COLOMBIA,1100,ESTADO DE ISRAEL,,,,3,2,0,2,0,Colisión entre vehículos,Colisión entre vehículos,,,Alcance,2,,Intersección / cruce,,,S/D,Asfalto,,Apto,Seca,,Ninguna,,Ninguna,,Si,S/D,S/D,Día,,,Despejado,,,Sin Semáforo
185843,OBSERVATORIO VIAL,2023-01-19,8:00:00,CORRIENTES,18,CAPITAL,21,CORRIENTES,Urbana,Avenida,AVENIDA MAIPU,5000,,,,,3,0,0,3,0,Colisión entre vehículos,Colisión entre vehículos,,,Alcance,3,,Intersección / cruce,,,S/D,,,Apto,Seca,,S/D,,,,S/D,S/D,S/D,Día,,,Despejado,,,Sin Semáforo
177724,OBSERVATORIO VIAL,2023-01-18,12:19:00,CORRIENTES,18,CAPITAL,21,CORRIENTES,Urbana,Calle,,,TUCUMAN,,,,2,1,0,3,0,Colisión entre vehículos,Colisión entre vehículos,,,,3,,Recta,,,,Asfalto,,Apto,Seca,,S/D,,S/D,,S/D,S/D,S/D,Día,,,Despejado,,,
200510,OBSERVATORIO VIAL,2023-01-18,10:20:00,CORRIENTES,18,CAPITAL,21,CORRIENTES,Urbana,Calle,SAN  LUIS,830,9 DE julio,,,,2,0,0,2,0,Colisión entre vehículos,Colisión entre vehículos,,,,2,,Intersección / cruce,,,S/D,Asfalto,,Apto,Seca,,S/D,,Asfalto,,S/D,S/D,S/D,Día,,,Despejado,,,S/D
201999,OBSERVATORIO VIAL,2023-01-18,9:23:00,CORRIENTES,18,CAPITAL,21,CORRIENTES,Urbana,Avenida,AV INDEPENDENCIA,5000,,,,,3,0,0,3,0,Colisión entre vehículos,Colisión entre vehículos,,,,3,,Recta,,,,Asfalto,,Apto,Seca,,S/D,,Asfalto,,S/D,S/D,S/D,Día,,,Despejado,,,S/D
176230,OBSERVATORIO VIAL,2023-01-18,11:20:00,CORRIENTES,18,CAPITAL,21,CORRIENTES,Urbana,Avenida,AV FERRE,2200,PERU,,,,1,0,0,1,0,Colisión entre vehículos,Colisión entre vehículos,,,Alcance,1,,Recta,,,,Asfalto,,Apto,Seca,,S/D,,S/D,,S/D,S/D,S/D,Día,,,Despejado,,,Sin Semáforo
199951,OBSERVATORIO VIAL,2023-01-13,10:40:00,CORRIENTES,18,CAPITAL,21,CORRIENTES,Urbana,Calle,CARTAGENA,4100,OSCAR CASCO,,,,0,1,0,1,0,Atropello a animal/es,Atropello a animal/es,,,,1,,Intersección / cruce,,,S/D,Asfalto,,Apto,Seca,,S/D,,S/D,,S/D,S/D,S/D,Día,,,Despejado,,,Sin Semáforo
189278,OBSERVATORIO VIAL,2023-01-12,14:54:00,CORRIENTES,18,CAPITAL,21,CORRIENTES,Urbana,Avenida,AV PUJOL,2200,VELEZ SARDFIELD,,,,1,1,0,2,0,Colisión entre vehículos,Colisión entre vehículos,,,,2,,Intersección / cruce,,,S/D,Asfalto,,Apto,Seca,,S/D,,S/D,,S/D,S/D,S/D,Día,,,Despejado,,,S/D
184925,OBSERVATORIO VIAL,2023-01-10,9:54:00,CORRIENTES,18,CAPITAL,21,CORRIENTES,Urbana,Calle,LA HERAS,3800,GUEMES,,,,1,2,0,2,0,Colisión entre vehículos,Colisión entre vehículos,,,Alcance,2,,Intersección / cruce,,,,Asfalto,,Apto,Seca,,,,S/D,,No,No,No,Día,,,Despejado,,,Sin Semáforo
180110,OBSERVATORIO VIAL,2023-01-09,9:27:00,CORRIENTES,18,CAPITAL,21,CORRIENTES,Urbana,Avenida,AV CENTENARIO,4105,,,,,0,1,0,1,0,Caída desde vehículo,Caída desde vehículo,,,,1,,Recta,,,,Asfalto,,Apto,Seca,,S/D,,S/D,,S/D,S/D,S/D,Día,,,Despejado,,,S/D
194940,OBSERVATORIO VIAL,2023-01-08,16:30:00,CORRIENTES,18,CAPITAL,21,CORRIENTES,Urbana,Calle,BOLIVAR,2000,BRASIL,,,,3,0,0,3,0,Colisión entre vehículos,Colisión entre vehículos,,,Multiple,3,,Recta,,,,Asfalto,,Apto,Seca,,S/D,,S/D,,Si,S/D,Si,Día,,,Despejado,,,Sin Semáforo
212911,OBSERVATORIO VIAL,2023-01-07,6:29:00,CORRIENTES,18,CAPITAL,21,CORRIENTES,Urbana,Calle,JOSE RAMON VIDAL,1900,NECOCHEA,,,,1,1,0,2,0,Colisión entre vehículos,Colisión entre vehículos,,,Lateral,2,,Intersección / cruce,,,S/D,Asfalto,,Apto,Seca,,Ninguna,,Asfalto,,Si,Si,No,Día,,,Despejado,,,Sin Semáforo
194950,OBSERVATORIO VIAL,2023-01-07,13:45:00,CORRIENTES,18,CAPITAL,21,CORRIENTES,Urbana,Avenida,AV MAIPU,2400,ACONCAGUA,,,,2,0,0,1,1,Atropello a peatón/es,Atropello a peatón/es,,,,2,,Recta,,,,Asfalto,,Apto,Seca,,S/D,,,,S/D,S/D,S/D,Día,,,Despejado,,,S/D
182654,OBSERVATORIO VIAL,2023-01-07,13:15:00,CORRIENTES,18,CAPITAL,21,CORRIENTES,Urbana,Avenida,AV IV CENTENARIO,2487,,,,,1,1,1,2,0,Colisión entre vehículos,Colisión entre vehículos,,,Lateral,2,,Mitad de la calle / avenida,,,,Asfalto,,Apto,Seca,,Cantero central,,Ninguna,,S/D,S/D,S/D,Día,,,Despejado,,,Sin Semáforo
185920,OBSERVATORIO VIAL,2023-01-07,6:25:00,CORRIENTES,18,CAPITAL,21,CORRIENTES,Urbana,Avenida,AV CHACABUCO,1500,LUIS BRAILE,,,,2,1,1,3,0,Colisión entre vehículos,Colisión entre vehículos,,,Multiple,3,,Recta,,,,Asfalto,,Apto,Seca,,S/D,,S/D,,Si,Si,Si,Noche,,,Despejado,,,Funciona
184878,OBSERVATORIO VIAL,2023-01-04,9:10:00,CORRIENTES,18,CAPITAL,21,CORRIENTES,Urbana,Calle,PERU,1400,RIVADAVIA,,,,2,0,0,2,0,Colisión entre vehículos,Colisión entre vehículos,,,,2,,Recta,,,,Asfalto,,Apto,Seca,,S/D,,S/D,,S/D,S/D,S/D,Día,,,Despejado,,,Sin Semáforo
189219,OBSERVATORIO VIAL,2023-01-03,10:40:00,CORRIENTES,18,CAPITAL,21,CORRIENTES,Urbana,Avenida,AV RAUL ALFONSIN,4800,QUINQUELA MARTIN,,,,2,0,0,2,0,Colisión entre vehículos,Colisión entre vehículos,,,,2,,Recta,,,,Asfalto,,Apto,Seca,,S/D,,S/D,,S/D,S/D,S/D,Día,,,Despejado,,,S/D
185890,OBSERVATORIO VIAL,2023-01-03,19:10:00,CORRIENTES,18,CAPITAL,21,CORRIENTES,Urbana,Avenida,AV PUJOL,1800,BAIBIENE,,,,3,1,0,2,0,Colisión entre vehículos,Colisión entre vehículos,,,,2,,Intersección / cruce,,,S/D,Asfalto,,Apto,Seca,,S/D,,S/D,,Si,Si,Si,Noche,SI,,Despejado,,,Funciona
199928,OBSERVATORIO VIAL,2023-01-03,8:40:00,CORRIENTES,18,CAPITAL,21,CORRIENTES,Urbana,Ruta Nacional,12,1035,,,,,1,1,0,2,0,Colisión entre vehículos,Colisión entre vehículos,,,,2,,Intersección / cruce,,,S/D,Asfalto,,Apto,Seca,,S/D,,S/D,,S/D,S/D,Si,Día,,,Despejado,,,Sin Semáforo