id_feu,unidad_regional,siniestro_fecha,siniestro_hora,provincia,id_provincia,departamento,id_departamento,localidad,zona_ocurrencia,via_publica,nombre_via,altura_km,entre_calle_1,entre_calle_2,latitud,longitud,ilesos,heridos,fallecidos,vehiculos,peatones,tipo_siniestro_multiple,tipo_siniestro_unico,despiste_previo,tipo_siniestro_otro,tipo_colision,cantidad_de_involucrados,trazado_via,configuracion_de_la_via,configuracion_de_la_via_otro_tipo,pendiente_declive,cono_de_vision,material_de_la_calzada,material_de_la_calzada_otro,estado_de_la_calzada,estado_fisico_ambiental,estado_de_conservacion_otro,division_fisica_de_la_via,division_fisica_de_la_via_otro,barreras_de_seguridad,banquinas,senalizacion_carteleria,senalizacion_horizontal,senalizacion_transitoria,luminosidad,luz_artificial,transito_restringido,estado_ambiental,visibilidad,visibilidad_otro,semaforo
128325,MUNICIPALIDAD DE CORRIENTES,2021-12-31,16:30:00,CORRIENTES,18,CAPITAL,21,CORRIENTES,Urbana,Ruta Provincial,43,2,,,,,2,0,0,2,0,Colisión entre vehículos,Colisión entre vehículos,S/D,,Frontal,2,Recta,Intersección / cruce,,NO,,Asfalto,,Apto,Seca,,Ninguna,,,,No,No,No,,NO,Sin Restricción,Despejado,Buena,,Sin Semáforo
93014,OBSERVATORIO VIAL,2021-12-29,15:15:00,CORRIENTES,18,CAPITAL,21,CORRIENTES,Urbana,Avenida,AV 3 DE ABRIL,1400,CATAMARCA,,-2.747.594,-5.883.391,1,2,0,2,0,Colisión entre vehículos,Colisión entre vehículos,S/D,,,2,Recta,Intersección / cruce,,NO,,Hormigón,,Apto,Seca,,Cordón Divisorio,,,,Si,Si,No,Día,NO,Sin Restricción,Despejado,Buena,,Funciona
115166,CAPITAL,2021-12-29,8:00:00,CORRIENTES,18,CAPITAL,21,CORRIENTES,Urbana,Avenida,CHACABUCO,2900,AYACUCHO,,,,2,0,0,2,0,Colisión entre vehículos,Colisión entre vehículos,S/D,,Lateral,2,Recta,Intersección / cruce,,NO,,Hormigón,,Apto,Seca,,Ninguna,,,,Si,Si,No,Día,NO,Sin Restricción,Despejado,Buena,,Funciona
134808,OBSERVATORIO VIAL,2021-12-29,16:30:00,CORRIENTES,18,CAPITAL,21,CORRIENTES,Urbana,Calle,MORELO,800,MISTRAL,,-2.751.558,-5.875.626,1,1,0,2,0,Colisión entre vehículos,Colisión entre vehículos,S/D,,Lateral,2,Recta,Intersección / cruce,,,,Tierra,,Apto,Seca,,Ninguna,,,,No,No,No,Día,NO,Sin Restricción,Despejado,Buena,,Sin Semáforo
95909,OBSERVATORIO VIAL,2021-12-28,9:30:00,CORRIENTES,18,CAPITAL,21,CORRIENTES,Urbana,Avenida,AV C.CORRENTINO,4400,MONTE CARLPS,,-2.748.134,-5.879.838,2,0,0,2,0,Colisión entre vehículos,Colisión entre vehículos,S/D,,,2,Recta,Intersección / cruce,,NO,,Asfalto,,Apto,Seca,,Cordón Divisorio,,,,Si,Si,No,Día,NO,Sin Restricción,Despejado,Buena,,Funciona
115933,OBSERVATORIO VIAL,2021-12-28,20:00:00,CORRIENTES,18,CAPITAL,21,CORRIENTES,Urbana,Avenida,AV MAIPU,400,,,-2.748.086,-5.882.765,0,2,0,2,0,Colisión entre vehículos,Colisión entre vehículos,S/D,,,2,Recta,Intersección / cruce,,NO,,Asfalto,,Apto,Seca,,Ninguna,,,,S/D,S/D,S/D,Noche,SI,Sin Restricción,Despejado,Buena,,Sin Semáforo
118299,MUNICIPALIDAD DE CORRIENTES,2021-12-28,9:50:00,CORRIENTES,18,,,CORRIENTES,Urbana,Calle,ESPAÑA,198,,,,,1,1,0,2,0,Colisión entre vehículos,Colisión entre vehículos,S/D,,,2,Curva,Rotonda,,,,Asfalto,,Apto,,,,,,,,,,Día,NO,Sin Restricción,Nublado,Buena,,
123413,MUNICIPALIDAD DE CORRIENTES,2021-12-28,9:10:00,CORRIENTES,18,CAPITAL,21,CORRIENTES,Urbana,Calle,SAN MARTIN,,COLOMBIA,,,,1,1,0,2,0,Colisión entre vehículos,Colisión entre vehículos,S/D,,,2,Recta,,,NO,,Asfalto,,Apto,,,,,,,S/D,S/D,S/D,Día,NO,Sin Restricción,Despejado,Buena,,Sin Semáforo
110440,OBSERVATORIO VIAL,2021-12-27,20:00:00,CORRIENTES,18,CAPITAL,21,CORRIENTES,Urbana,Avenida,AV R. R. ALFONSIN,4300,,,-2.747.475,-5.879.864,0,1,0,1,0,"Caída desde vehículo, Colisión entre vehículos",Colisión entre vehículos,S/D,,,1,Recta,Intersección / cruce,,NO,,Asfalto,,Apto,Seca,,Ninguna,,,,S/D,S/D,S/D,Día,NO,Sin Restricción,Despejado,Buena,,Sin Semáforo
107685,OBSERVATORIO VIAL,2021-12-26,13:00:00,CORRIENTES,18,CAPITAL,21,CORRIENTES,Urbana,Avenida,AV R.R.ALFONSIN,4600,QUINQUELA MARTIN,,-2.747.588,-5.879.308,2,1,0,2,0,Colisión entre vehículos,Colisión entre vehículos,S/D,,,2,Recta,,RECTA,NO,,Hormigón,,Apto,Seca,,Ninguna,,,,No,No,No,Día,NO,Sin Restricción,Despejado,Buena,,Sin Semáforo
119143,DIRECCIÓN DE SEG VIAL,2021-12-25,16:00:00,CORRIENTES,18,CAPITAL,21,CORRIENTES,Urbana,Calle,SAN MARTIN,,ESPAÑA,,,,0,2,0,1,1,Atropello a peatón/es,Atropello a peatón/es,S/D,,,2,Recta,Intersección / cruce,,NO,,Asfalto,,Apto,Seca,,,,,,Si,,,Día,NO,Sin Restricción,Despejado,Buena,,
130982,MUNICIPALIDAD DE CORRIENTES,2021-12-25,11:50:00,CORRIENTES,18,CAPITAL,21,CORRIENTES,Urbana,Calle,NECOCHEA,,PIRAGINI NYVEIRO,,,,1,1,0,2,0,Colisión entre vehículos,Colisión entre vehículos,S/D,,,2,Recta,Intersección / cruce,,NO,,Hormigón,,,Seca,,,,,,,,,Día,NO,Sin Restricción,Despejado,Buena,,
107986,OBSERVATORIO VIAL,2021-12-24,7:20:00,CORRIENTES,18,CAPITAL,21,CORRIENTES,Urbana,Calle,9 DE julio,2200,ROCA,,-2.746.743,-5.882.238,1,0,0,1,0,Choque,Choque,S/D,,Columna,1,Curva,Intersección / cruce,,NO,,Asfalto,,Apto,Seca,,Ninguna,,,,No,No,No,Día,NO,Sin Restricción,Despejado,,,Sin Semáforo
107680,OBSERVATORIO VIAL,2021-12-24,20:05:00,CORRIENTES,18,CAPITAL,21,CORRIENTES,Urbana,Avenida,AV MAIPU,2600,,,-2.750.778,-5.881.035,0,1,0,1,0,Colisión entre vehículos,Colisión entre vehículos,S/D,,,1,Recta,Intersección / cruce,,NO,,Hormigón,,Apto,Seca,,Ninguna,,,,S/D,S/D,S/D,Atardecer,NO,,Despejado,,,Sin Semáforo
120747,MUNICIPALIDAD DE CORRIENTES,2021-12-23,21:30:00,CORRIENTES,18,CAPITAL,21,CORRIENTES,Urbana,Avenida,AV. C. CORRENTINOS,,PAIUBRE,,,,1,0,0,2,0,Colisión entre vehículos,Colisión entre vehículos,S/D,,,2,Recta,Intersección / cruce,,NO,,Asfalto,,Apto,Seca,,,,,,S/D,S/D,S/D,Día,NO,Sin Restricción,Despejado,Buena,,Sin Semáforo
122549,SEGURIDAD VIAL,2021-12-22,12:54:00,CORRIENTES,18,CAPITAL,21,CORRIENTES,Urbana,Avenida,AV. ARMENIA,,CHACABUCO,,,,1,1,0,2,0,Colisión entre vehículos,Colisión entre vehículos,S/D,,Angulo,2,Recta,Intersección / cruce,,NO,,Hormigón,,Apto,Seca,,Cordón Divisorio,,,,S/D,S/D,S/D,Día,NO,Sin Restricción,,Buena,,Sin Semáforo
131001,MUNICIPALIDAD DE CORRIENTES,2021-12-21,16:43:00,CORRIENTES,18,CAPITAL,21,CORRIENTES,Urbana,Calle,ESPAÑA,,BELGRANO,,,,2,0,0,2,0,Colisión entre vehículos,Colisión entre vehículos,S/D,,Angulo,2,Recta,Intersección / cruce,,NO,,Asfalto,,Apto,Mojada,,Ninguna,,,,No,Si,,Día,NO,,Lluvia,Lluvia,,
98245,OBSERVATORIO VIAL,2021-12-21,16:30:00,CORRIENTES,18,CAPITAL,21,CORRIENTES,Urbana,Calle,SUIZA,3200,REPUBLICA DOMINICANA,,-2.747.614,-5.881.073,1,1,0,2,0,,,S/D,,,2,Recta,Intersección / cruce,,NO,,Hormigón,,Apto,Seca,,Ninguna,,,,S/D,S/D,S/D,Día,NO,Sin Restricción,Despejado,Buena,,Sin Semáforo
98278,OBSERVATORIO VIAL,2021-12-19,13:45:00,CORRIENTES,18,CAPITAL,21,CORRIENTES,Urbana,Calle,MORENO,2400,VELEZ SARDFIELD,,-2.747.477,-5.882.092,2,0,0,2,0,Colisión entre vehículos,Colisión entre vehículos,S/D,,,2,Recta,Intersección / cruce,,NO,,Hormigón,,Apto,Seca,,Ninguna,,,,No,No,No,Día,NO,Sin Restricción,Despejado,Buena,,Sin Semáforo
120709,MUNICIPALIDAD DE CORRIENTES,2021-12-19,16:00:00,CORRIENTES,18,CAPITAL,21,CORRIENTES,Urbana,Avenida,AV. 3 DE ABRIL,,ENTRE RIOS,,,,2,1,0,3,0,Colisión entre vehículos,Colisión entre vehículos,S/D,,Angulo,3,Recta,Intersección / cruce,,NO,,Asfalto,,Apto,Seca,,Ninguna,,,,Si,Si,,Día,,Sin Restricción,Despejado,Buena,,Funciona
95211,OBSERVATORIO VIAL,2021-12-19,11:00:00,CORRIENTES,18,CAPITAL,21,CORRIENTES,Urbana,Avenida,AV VERA,1500,CAA GUAZU,,-2.746.122,-5.883.010,2,0,0,2,0,Colisión entre vehículos,Colisión entre vehículos,S/D,,Alcance,2,Recta,Intersección / cruce,,NO,,Asfalto,,Apto,Seca,,Ninguna,,,,Si,Si,No,Día,NO,Sin Restricción,Despejado,Buena,,Sin Semáforo
119121,DIRECCIÓN DE SEG VIAL,2021-12-18,11:45:00,CORRIENTES,18,CAPITAL,21,CORRIENTES,Urbana,Calle,AV. INDEPENDENCIA,,PAIUBRE,,,,1,1,0,2,0,Colisión entre vehículos,Colisión entre vehículos,S/D,,Angulo,2,Recta,Intersección / cruce,,NO,,Asfalto,,Apto,Mojada,,Vegetación,,,,Si,No,No,Día,NO,Sin Restricción,Lluvia,Buena,,Funciona
121659,MUNICIPALIDAD DE CORRIENTES,2021-12-18,2:00:00,CORRIENTES,18,CAPITAL,21,CORRIENTES,Urbana,Ruta Nacional,12,1034,RUTA PROV. 43,,,,2,0,0,2,0,Colisión entre vehículos,Colisión entre vehículos,S/D,,Frontal,2,Recta,,,NO,,Asfalto,,Apto,Seca,,Ninguna,,,,,,,Noche,SI,,Despejado,Buena,,
95919,OBSERVATORIO VIAL,2021-12-18,12:20:00,CORRIENTES,18,CAPITAL,21,CORRIENTES,Urbana,Avenida,AV LIBERTAD,5300,MADERO,FRENTE A UNNE,-2.746.544,-5.878.520,2,1,0,3,0,Colisión entre vehículos,Colisión entre vehículos,S/D,,,3,Recta,Intersección / cruce,,NO,,Asfalto,,Apto,Seca,,Ninguna,,,,Si,No,No,Día,NO,Sin Restricción,Despejado,Buena,,Sin Semáforo
129554,MUNICIPALIDAD DE CORRIENTES,2021-12-18,12:09:00,CORRIENTES,18,CAPITAL,21,CORRIENTES,Urbana,Avenida,AV. INDEPENDENCIA,4030,,,-2.748.223,-5.879.346,1,1,0,2,0,Colisión entre vehículos,Colisión entre vehículos,S/D,,,2,Recta,Intersección / cruce,,NO,,Asfalto,,Apto,Seca,,Ninguna,,,,,,,Día,NO,Sin Restricción,Despejado,Buena,,
98265,OBSERVATORIO VIAL,2021-12-18,10:35:00,CORRIENTES,18,CAPITAL,21,CORRIENTES,Urbana,Avenida,AV 3 DE ABRIL,780,TUCUMAN,,-2.747.483,-5.884.222,2,0,0,2,0,Colisión entre vehículos,Colisión entre vehículos,S/D,,,2,Recta,Intersección / cruce,,NO,,Asfalto,,Apto,Seca,,Ninguna,,,,Si,Si,No,Día,NO,Sin Restricción,Despejado,Buena,,Funciona
126366,MUNICIPALIDAD DE CORRIENTES,2021-12-16,18:25:00,CORRIENTES,18,,,,Urbana,Avenida,3 DE abril,2200,ROCA,,,,2,0,0,2,0,Colisión entre vehículos,Colisión entre vehículos,S/D,,Alcance,2,Recta,Intersección / cruce,,NO,,Asfalto,,Apto,,,,,,,Si,Si,Si,Atardecer,SI,Sin Restricción,Despejado,Buena,,
91688,OBSERVATORIO VIAL,2021-12-16,12:30:00,CORRIENTES,18,CAPITAL,21,CORRIENTES,Urbana,Avenida,AV TENIENTE IBAÑEZ,400,BENJAMIN DE LA VEGA,,-2.748.374,-5.884.820,1,2,0,2,0,Colisión entre vehículos,Colisión entre vehículos,S/D,,Angulo,2,Recta,Intersección / cruce,,NO,,Asfalto,,Apto,Seca,,Ninguna,,,,No,No,No,Día,NO,Sin Restricción,Despejado,Buena,,Sin Semáforo
119963,MUNICIPALIDAD DE CORRIENTES,2021-12-15,17:50:00,CORRIENTES,18,CAPITAL,21,CORRIENTES,Urbana,Calle,LORETO,3116,,,,,2,0,0,2,0,Colisión entre vehículos,Colisión entre vehículos,S/D,,Frontal,2,Recta,Intersección / cruce,,NO,,Asfalto,,Apto,Seca,,,,,,S/D,S/D,S/D,Día,NO,Sin Restricción,Despejado,Buena,,Sin Semáforo
124112,Capital,2021-12-15,0:50:00,CORRIENTES,18,CAPITAL,21,CORRIENTES,Urbana,Calle,San Martin,1200,Mendoza,,-2.746.986,-5.883.586,1,1,0,2,0,Colisión entre vehículos,Colisión entre vehículos,S/D,,,2,Recta,Intersección / cruce,,NO,,Asfalto,,Apto,Seca,,Ninguna,,,,Si,Si,,Noche,SI,Sin Restricción,Despejado,Buena,,Sin Semáforo
131730,MUNICIPALIDAD DE CORRIENTES,2021-12-15,6:50:00,CORRIENTES,18,CAPITAL,21,CORRIENTES,Urbana,Calle,NAPOLES,2800,LAS HERAS,,,,1,2,0,2,0,Colisión entre vehículos,Colisión entre vehículos,S/D,,,2,Recta,Intersección / cruce,,NO,,Asfalto,,Apto,Seca,,Ninguna,,,,No,No,No,Día,NO,Sin Restricción,Despejado,Buena,,Sin Semáforo
100023,DIRECCION GENERAL DE EDCUCAION VIAL,2021-12-15,15:49:00,CORRIENTES,18,CAPITAL,21,,Urbana,Avenida,AV. 3 DE ABRIL,1200,,,-2.747.477,-5.884.355,,1,0,1,1,Atropello a peatón/es,Atropello a peatón/es,S/D,,,2,Recta,,MITAD DE CUADRA,NO,,Hormigón,,Apto,Seca,,Cordón Divisorio,,,,Si,No,No,Día,NO,Sin Restricción,Despejado,Buena,,Funciona
124200,MUNICIPALIDAD DE CORRIENTES,2021-12-14,16:35:00,CORRIENTES,18,CAPITAL,21,CORRIENTES,Urbana,Avenida,AV. MAIPU,3200,TILCARA,,,,2,0,0,2,0,Colisión entre vehículos,Colisión entre vehículos,S/D,,,2,Recta,Intersección / cruce,,NO,,Asfalto,,Apto,,,,,,,,,,Día,NO,Sin Restricción,Despejado,Buena,,
96783,OBSERVATORIO VIAL,2021-12-14,14:05:00,CORRIENTES,18,CAPITAL,21,CORRIENTES,Urbana,Calle,25 DE mayo,2400,VELEZSARSFIELD,,-2.746.557,-5.881.937,3,1,0,2,0,Colisión entre vehículos,Colisión entre vehículos,S/D,,Angulo,2,Recta,Intersección / cruce,,NO,,Hormigón,,Apto,Seca,,,,,,Si,No,No,Día,NO,Sin Restricción,Despejado,Buena,,Sin Semáforo
110493,OBSERVAROEIO VIAL,2021-12-14,4:30:00,CORRIENTES,18,CAPITAL,21,CORRIENTES,Urbana,Avenida,AV INDEPENDENCIA,3700,TACUARI,,-2.747.932,-5.880.634,1,1,0,2,0,Colisión entre vehículos,Colisión entre vehículos,S/D,,,2,Recta,Intersección / cruce,,,,Hormigón,,Apto,Seca,,Ninguna,,,,Si,Si,No,Día,SI,Sin Restricción,Despejado,Buena,,Funciona
124108,Capital,2021-12-14,18:00:00,CORRIENTES,18,CAPITAL,21,CORRIENTES,Urbana,Avenida,Milan,5500,Cerdeña,,-2.749.175,-5.878.525,1,1,0,2,0,Colisión entre vehículos,Colisión entre vehículos,S/D,,Angulo,2,Recta,Intersección / cruce,,NO,,Asfalto,,Apto,Seca,,Ninguna,,,,No,,,Día,NO,,Despejado,,,
100028,DIRECCION GENERAL DE EDUCACION VIAL,2021-12-14,16:35:00,CORRIENTES,18,CAPITAL,21,,Urbana,Calle,RIVADAVIA,,CORDOBA,,-2.747.416,-5.883.702,1,1,0,2,0,Colisión entre vehículos,Colisión entre vehículos,S/D,,Angulo,2,Recta,Intersección / cruce,,NO,,Asfalto,,Apto,Seca,,Ninguna,,,,Si,Si,Si,Día,NO,Sin Restricción,Despejado,Buena,,Sin Semáforo
118309,MUNICIPALIDAD DE CORRIENTES,2021-12-13,10:40:00,CORRIENTES,18,,,CORRIENTES,Urbana,Calle,SUIZA,2900,,,,,2,0,0,2,0,Colisión entre vehículos,Colisión entre vehículos,S/D,,Alcance,2,Curva,Intersección / cruce,,NO,,Asfalto,,Apto,Seca,,Ninguna,,,,No,No,No,Día,NO,Sin Restricción,Despejado,Buena,,Sin Semáforo
122561,MUNICIPALIDAD DE CORRIENTES,2021-12-13,12:15:00,CORRIENTES,18,CAPITAL,21,CORRIENTES,Urbana,Avenida,AV. JUAN PUJOL,,PERÚ,,,,2,0,0,2,0,Colisión entre vehículos,Colisión entre vehículos,S/D,,,2,Recta,Intersección / cruce,,NO,,Asfalto,,Apto,Seca,,Ninguna,,,,Si,Si,,Día,NO,Sin Restricción,Despejado,Buena,,Sin Semáforo
119971,MUNICIPALIDAD DE CORRIENTES,2021-12-13,12:30:00,CORRIENTES,18,CAPITAL,21,CORRIENTES,Urbana,Avenida,AV.ARTIGAS,,BOLIVAR,,,,2,1,0,2,0,Colisión entre vehículos,Colisión entre vehículos,S/D,,Angulo,2,Recta,Intersección / cruce,,NO,,Asfalto,,Apto,Seca,,,,,,Si,Si,,Día,,,Despejado,Buena,,Sin Semáforo
97579,OBSERVATORIO VIAL,2021-12-13,14:20:00,CORRIENTES,18,CAPITAL,21,CORRIENTES,Urbana,Avenida,AV R.R.ALFONSIN,4000,LOS TILOS,,-2.747.402,-5.880.132,3,0,0,2,0,Colisión entre vehículos,Colisión entre vehículos,S/D,,,2,Recta,Intersección / cruce,,NO,,Asfalto,,Apto,Seca,,Cordón Divisorio,,,,Si,No,No,Día,NO,Sin Restricción,Despejado,Buena,,Sin Semáforo
108889,O.V.,2021-12-12,11:50:00,CORRIENTES,18,CAPITAL,21,CORRIENTES,Urbana,Calle,CHUBUT,1750,,,-2.748.819,-5.883.843,2,0,0,2,0,Colisión entre vehículos,Colisión entre vehículos,S/D,,Lateral,2,Recta,,,NO,,Hormigón,,Apto,,,,,,,Si,S/D,S/D,Día,NO,Sin Restricción,Nublado,Buena,,Sin Semáforo
119967,MUNICIPALIDAD DE CORRIENTES,2021-12-12,10:30:00,CORRIENTES,18,CAPITAL,21,CORRIENTES,Urbana,Calle,25 DE mayo,1200,,,,,2,0,0,2,0,Colisión entre vehículos,Colisión entre vehículos,S/D,,,2,Recta,,,NO,,Asfalto,,Apto,Seca,,,,,,S/D,S/D,S/D,Día,NO,Sin Restricción,Despejado,Buena,,
121701,MUNICIPALIDAD DE CORRIENTES,2021-12-12,9:09:00,CORRIENTES,18,CAPITAL,21,CORRIENTES,Urbana,Calle,GENERAL PAZ,,GENERAL GUEMES,,,,2,0,0,2,0,Colisión entre vehículos,Colisión entre vehículos,S/D,,Angulo,2,Recta,Intersección / cruce,,NO,,Asfalto,,Apto,Seca,,Ninguna,,,,Si,No,No,Día,NO,Sin Restricción,Despejado,Buena,,Sin Semáforo
98234,OBSERVATORIO VIAL,2021-12-10,22:30:00,CORRIENTES,18,CAPITAL,21,CORRIENTES,Urbana,Avenida,AV SANTA ROSA,2100,,,-2.748.054,-5.882.016,0,1,0,1,0,"Caída desde vehículo, Colisión entre vehículos",Colisión entre vehículos,S/D,,,1,Recta,Intersección / cruce,,NO,,Asfalto,,Apto,Seca,,Cordón Divisorio,,,,S/D,S/D,S/D,Noche,SI,Sin Restricción,Despejado,Buena,,Sin Semáforo
100025,DIRECCION GENERAL DE EDUCACION VIAL,2021-12-10,17:15:00,CORRIENTES,18,CAPITAL,21,,Urbana,Calle,BOLIVAR,,PARAGUAY,,,,1,1,0,2,0,Colisión entre vehículos,Colisión entre vehículos,S/D,,Angulo,2,Recta,Intersección / cruce,,NO,,Asfalto,,Apto,Seca,,Ninguna,,,,Si,No,No,Día,NO,Sin Restricción,Despejado,Buena,,Sin Semáforo
119117,DIRECCIÓN DE ED VIAL,2021-12-10,7:50:00,CORRIENTES,18,CAPITAL,21,CORRIENTES,Urbana,Calle,,1521,,,,,0,0,0,1,0,Colisión entre vehículos,Colisión entre vehículos,S/D,,Frontal,1,Recta,Intersección / cruce,,,,Ripio,,Apto,Seca,,,,,,No,No,No,Día,NO,Sin Restricción,Despejado,Buena,,Sin Semáforo
108417,OBSERVATORIO VIAL,2021-12-10,13:30:00,CORRIENTES,18,CAPITAL,21,CORRIENTES,Urbana,Avenida,AV CHACABUCO,1800,GENERAL PAZ,,,,2,0,0,2,0,Colisión entre vehículos,Colisión entre vehículos,S/D,,Alcance,2,Recta,Intersección / cruce,,NO,,Asfalto,,Apto,Seca,,Ninguna,,,,S/D,S/D,S/D,Día,NO,Sin Restricción,Despejado,Buena,,Sin Semáforo
121560,MUNICIPALIDAD DE CORRIENTES,2021-12-10,12:45:00,CORRIENTES,18,CAPITAL,21,CORRIENTES,Urbana,Calle,SAN MARTIN,,CORDOBA,,,,2,0,0,2,0,Colisión entre vehículos,Colisión entre vehículos,S/D,,,2,Recta,Intersección / cruce,,NO,,Asfalto,,Apto,Seca,,,,,,,,,Día,NO,Sin Restricción,Despejado,Buena,,
116012,OBSERVATORIO VIAL,2021-12-09,14:15:00,CORRIENTES,18,CAPITAL,21,CORRIENTES,Urbana,Avenida,AV MAIPU,1608,,,-2.748.402,-5.882.494,1,2,0,2,0,Colisión entre vehículos,Colisión entre vehículos,S/D,,,2,Recta,Intersección / cruce,,NO,,Asfalto,,Apto,Seca,,,,,,S/D,S/D,S/D,,NO,Sin Restricción,Despejado,Buena,,Sin Semáforo
105570,OBSERVATORIO VIAL,2021-12-09,16:46:00,CORRIENTES,18,CAPITAL,21,CORRIENTES,Urbana,Avenida,AV LIBERTAD,6200,RUTA 12,,-2.746.139,-5.876.827,1,1,0,2,0,Colisión entre vehículos,Colisión entre vehículos,S/D,,,2,Recta,,,NO,,Asfalto,,Apto,Seca,,Ninguna,,,,No,No,Si,Atardecer,,Sin Restricción,Despejado,Buena,,Sin Semáforo
130981,MUNICIPALIDAD DE CORRIENTES,2021-12-09,12:16:00,CORRIENTES,18,CAPITAL,21,CORRIENTES,Urbana,Avenida,AV. INDEPENDENCIA,3110,,,-2.748.147,-5.879.874,2,0,0,2,0,Colisión entre vehículos,Colisión entre vehículos,S/D,,,2,Recta,Intersección / cruce,,NO,,Asfalto,,Apto,Seca,,,,,,,,,Día,NO,Sin Restricción,Despejado,Buena,,
98257,OBSERVATORIO VIAL,2021-12-09,7:00:00,CORRIENTES,18,CAPITAL,21,CORRIENTES,Urbana,Calle,CARTAGENA,3600,,,-2.749.297,-5.880.913,2,0,0,2,0,Colisión entre vehículos,Colisión entre vehículos,S/D,,,2,Recta,Intersección / cruce,,NO,,Hormigón,,Apto,Seca,,Ninguna,,,,No,No,No,Día,NO,Sin Restricción,Despejado,Buena,,Sin Semáforo
118303,MUNICIPALIDAD DE CORRIENTES,2021-12-08,10:25:00,CORRIENTES,18,,,CORRIENTES,Urbana,Calle,LORETO,3400,,,,,1,1,0,2,0,Colisión entre vehículos,Colisión entre vehículos,S/D,,Angulo,2,Recta,Intersección / cruce,,NO,,,,Apto,,,,,,,S/D,S/D,S/D,Día,NO,Sin Restricción,Despejado,Buena,,Sin Semáforo
113320,MUNICIPALIDAD DE CORRIENTES,2021-12-08,10:15:00,CORRIENTES,18,CAPITAL,21,CORRIENTES,Urbana,Calle,San Juan,1090,Rivadavia,,,,1,1,0,2,0,Colisión entre vehículos,Colisión entre vehículos,S/D,,Angulo,2,Recta,Intersección / cruce,,NO,,Asfalto,,Apto,Seca,,Cordón Divisorio,,,,,,,Día,NO,,Despejado,Buena,,
128328,MUNICIPALIDAD DE CORRIENTES,2021-12-08,12:25:00,CORRIENTES,18,CAPITAL,21,CORRIENTES,Urbana,Calle,PUJOL,1900,,,,,2,0,0,2,0,Colisión entre vehículos,Colisión entre vehículos,S/D,,,2,Recta,,,NO,,Asfalto,,Apto,Seca,,,,,,,,,Día,NO,Sin Restricción,Despejado,Buena,,
121658,MUNICIPALIDAD DE CORRIENTES,2021-12-08,23:30:00,CORRIENTES,18,CAPITAL,21,CORRIENTES,Urbana,Calle,CARTAGENA,3091,RECONQUISTA,,,,1,1,0,1,0,"Caída desde vehículo, Colisión entre vehículos",Colisión entre vehículos,S/D,,,1,Recta,Intersección / cruce,,NO,,Asfalto,,Apto,,,Ninguna,,,,,,,Noche,SI,,,Buena,,
98240,OBSERVATORIO VIAL,2021-12-08,1:01:00,CORRIENTES,18,CAPITAL,21,CORRIENTES,Urbana,Calle,M. DDE CABRERA,5000,SAENZ,,-2.747.991,-5.879.318,1,0,0,1,0,"Colisión entre vehículos, Despiste",Colisión entre vehículos,Si,,,1,Recta,Intersección / cruce,,NO,,Asfalto,,Apto,Seca,,Ninguna,,,,S/D,S/D,S/D,Noche,SI,Sin Restricción,Despejado,Buena,,Sin Semáforo
108422,OBSERVATORIO VIAL,2021-12-07,3:01:00,CORRIENTES,18,CAPITAL,21,CORRIENTES,Urbana,Calle,PIO XII EX MENDOZA,1200,,,,,1,0,0,1,0,"Colisión entre vehículos, Vuelco (solo 1 participante)",Colisión entre vehículos,S/D,,,1,Recta,Intersección / cruce,,NO,,Asfalto,,Apto,Seca,,Ninguna,,,,Si,S/D,S/D,Noche,SI,Sin Restricción,Despejado,Buena,,Sin Semáforo
124199,DIRECCIÓN GENERAL DE SEGURIDAD VIAL,2021-12-07,0:15:00,CORRIENTES,18,CAPITAL,21,CORRIENTES,Urbana,Avenida,AV. MAIPÚ,,MADARIAGA,,,,1,1,0,2,0,Colisión entre vehículos,Colisión entre vehículos,S/D,,Angulo,2,Recta,Intersección / cruce,,NO,,Asfalto,,Apto,Seca,,,,,,,,,Noche,SI,Sin Restricción,Despejado,Buena,,
131005,MUNICIPALIDAD DE CORRIENTES,2021-12-07,12:40:00,CORRIENTES,18,CAPITAL,21,CORRIENTES,Urbana,Calle,BOLIVAR,,RIOJA,,,,4,0,0,3,0,Colisión entre vehículos,Colisión entre vehículos,S/D,,Alcance,3,Recta,Intersección / cruce,,NO,,Hormigón,,Apto,,,,,,,,,,Día,NO,Sin Restricción,Despejado,Buena,,
93018,OBSERVATORIO VIAL,2021-12-07,23:10:00,CORRIENTES,18,CAPITAL,21,CORRIENTES,Urbana,Calle,H. IRIGOYEN,1100,PARAGUAY,,-2.746.957,-5.882.674,1,2,0,2,0,Colisión entre vehículos,Colisión entre vehículos,S/D,,Angulo,2,Recta,Intersección / cruce,,NO,,Asfalto,,Apto,Seca,,Ninguna,,,,No,No,No,Noche,SI,Sin Restricción,Despejado,Buena,,Sin Semáforo
95201,OBSERVATORIO VIAL,2021-12-06,11:55:00,CORRIENTES,18,CAPITAL,21,CORRIENTES,Urbana,Avenida,AV SARMIENTO,1900,REPUBLICA DEL LIBANO,,-2.747.965,-5.883.046,1,1,0,2,0,Colisión entre vehículos,Colisión entre vehículos,S/D,,,2,Recta,Intersección / cruce,,NO,,Asfalto,,Apto,Seca,,Cordón Divisorio,,,,Si,Si,No,Día,NO,Sin Restricción,Despejado,Buena,,Sin Semáforo
118280,OBSERVATORIO VIAL,2021-12-06,16:45:00,CORRIENTES,18,CAPITAL,21,CORRIENTES,Urbana,Ruta Nacional,12,2,,,,,1,1,0,2,0,Colisión entre vehículos,Colisión entre vehículos,S/D,,,2,Recta,Intersección / cruce,,NO,,Asfalto,,Apto,Seca,,Ninguna,,,,S/D,S/D,S/D,Día,SI,Sin Restricción,Despejado,,,Sin Semáforo
126984,MUNICIPALIDAD DE CORRIENTES,2021-12-04,13:00:00,CORRIENTES,18,CAPITAL,21,CORRIENTES,Urbana,Calle,SAN MARTIN,2100,ROCA,,,,0,1,0,1,0,Caída desde vehículo,Caída desde vehículo,S/D,,,1,Recta,,,NO,,Asfalto,,Apto,Seca,,,,,,,,Si,Día,NO,Sin Restricción,Despejado,Buena,,
130984,MUNICIPALIDAD DE CORRIENTES,2021-12-04,18:30:00,CORRIENTES,18,CAPITAL,21,CORRIENTES,Urbana,Avenida,AV. FERRE,2200,,,,,2,0,0,2,0,Colisión entre vehículos,Colisión entre vehículos,S/D,,,2,Recta,,,NO,,Asfalto,,Apto,Seca,,,,,,Si,Si,,Día,NO,Sin Restricción,Despejado,Buena,,
96769,OBSERVATORIO VIAL,2021-12-04,11:15:00,CORRIENTES,18,CAPITAL,21,CORRIENTES,Urbana,Calle,ESTADOS UNIDOS,2900,ISRAEL,,-2.747.313,-5.881.459,0,1,0,1,0,Colisión entre vehículos,Colisión entre vehículos,S/D,,,1,Recta,Intersección / cruce,,NO,,Asfalto,,Apto,Seca,,Ninguna,,,,Si,Si,No,Día,NO,Sin Restricción,Despejado,Buena,,Sin Semáforo
108437,OBSERVATORIO VIAL,2021-12-04,9:15:00,CORRIENTES,18,CAPITAL,21,CORRIENTES,Urbana,Ruta Nacional,12,1030,,,,,1,2,0,2,0,Colisión entre vehículos,Colisión entre vehículos,S/D,,Frontal,2,Recta,Intersección / cruce,,NO,,Asfalto,,Apto,Seca,,Cordón Divisorio,,,,S/D,S/D,Si,Día,NO,Sin Restricción,Despejado,Buena,,Sin Semáforo
119979,MUNICIPALIDAD DE CORRIENTES,2021-12-03,9:30:00,CORRIENTES,18,CAPITAL,21,CORRIENTES,Urbana,Avenida,,,GUASTAVINO,,,,2,0,0,1,1,Colisión entre vehículos,Colisión entre vehículos,S/D,,Angulo,2,Recta,Intersección / cruce,,NO,,Asfalto,,Apto,Seca,,,,,,No,No,No,Día,NO,Sin Restricción,Despejado,Buena,,Sin Semáforo
121705,MUNICIPALIDAD DE CORRIENTES,2021-12-02,20:55:00,CORRIENTES,18,CAPITAL,21,CORRIENTES,Urbana,Avenida,AV. MEDRANO,,JARDIN BOTANICO,,-2.750.020,-5.879.840,0,2,0,1,0,Caída desde vehículo,Caída desde vehículo,S/D,,,1,Curva,Intersección / cruce,,NO,,Asfalto,,Apto,Seca,,Ninguna,,,,Si,Si,Si,Día,SI,Sin Restricción,Despejado,Buena,,Sin Semáforo
98273,OBSERVATORIO VIAL,2021-12-02,17:14:00,CORRIENTES,18,CAPITAL,21,CORRIENTES,Urbana,Avenida,AV. R.R.ALFONSIN,4800,ONTIVERO,,-2.747.596,-5.879.264,1,2,0,2,0,Colisión entre vehículos,Colisión entre vehículos,S/D,,Alcance,2,Recta,Intersección / cruce,,NO,,Asfalto,,Apto,Seca,,Vegetación,,,,Si,No,No,Día,NO,Sin Restricción,Despejado,Buena,,Sin Semáforo
114268,MUNICIPALIDAD DE CORRIENTES,2021-12-02,6:20:00,CORRIENTES,18,CAPITAL,21,CORRIENTES,Urbana,Avenida,AV.MAIPU,741,,,,,2,0,0,2,0,Colisión entre vehículos,Colisión entre vehículos,S/D,,Angulo,2,Recta,Intersección / cruce,,NO,,Hormigón,,Apto,Despejada,,Cordón Divisorio,,,,S/D,S/D,S/D,Día,SI,Sin Restricción,Despejado,Buena,,
108370,OBSERVATORIO VIAL,2021-12-01,13:15:00,CORRIENTES,18,CAPITAL,21,CORRIENTES,Urbana,Avenida,AV MAIPU,1400,MADARIAGA,,,,2,0,0,2,0,Colisión entre vehículos,Colisión entre vehículos,S/D,,Lateral,2,Recta,Intersección / cruce,,NO,,Asfalto,,Apto,Seca,,Ninguna,,,,S/D,S/D,S/D,Día,SI,Sin Restricción,Despejado,Buena,,Sin Semáforo
94689,OBSRVATORIO VIAL,2021-11-30,7:00:00,CORRIENTES,18,CAPITAL,21,CORRIENTES,Urbana,Avenida,AV PUJOL,700,ROCA,,-2.751.558,-5.875.626,1,1,0,2,0,Colisión entre vehículos,Colisión entre vehículos,S/D,,Angulo,2,Curva,Intersección / cruce,,NO,,Asfalto,,Apto,"Despejada, Seca",,Ninguna,,,,Si,Si,No,Día,NO,Sin Restricción,,Buena,,Sin Semáforo
95917,OBSERVATORIO VIAL,2021-11-29,12:20:00,CORRIENTES,18,CAPITAL,21,CORRIENTES,Urbana,Avenida,AV 3 DE ABRIL,600,SAN LUIS,,-2.747.466,-5.884.358,0,1,0,1,0,"Caída desde vehículo, Colisión entre vehículos",Colisión entre vehículos,S/D,,,1,Recta,Intersección / cruce,,NO,,Asfalto,,Apto,Seca,,Cordón Divisorio,,,,Si,Si,No,Día,NO,Sin Restricción,Despejado,Buena,,Funciona
95913,OBSERVATORIO VIAL,2021-11-29,14:35:00,CORRIENTES,18,CAPITAL,21,CORRIENTES,Urbana,Avenida,AV ARMENIA,4033,,,,,1,1,0,1,1,"Atropello a peatón/es, Colisión entre vehículos",Colisión entre vehículos,S/D,,Alcance,2,Curva,,RECTA,NO,,Asfalto,,Apto,Seca,,Cordón Divisorio,,,,S/D,S/D,S/D,Día,NO,Sin Restricción,Despejado,,,Sin Semáforo
93028,OBSERVATORIO VIAL,2021-11-29,7:50:00,CORRIENTES,18,CAPITAL,21,CORRIENTES,Urbana,Avenida,AV TTE IBANÑEZ,1325,CORDOBA,,-2.748.562,-5.883.612,1,1,0,2,0,Colisión entre vehículos,Colisión entre vehículos,S/D,,Alcance,2,Recta,Intersección / cruce,,NO,,Asfalto,,Apto,Seca,,Cordón Divisorio,,,,S/D,S/D,S/D,Día,NO,Sin Restricción,Despejado,Buena,,Sin Semáforo
122557,MUNICIPALIDAD DE CORRIENTES,2021-11-29,8:10:00,CORRIENTES,18,CAPITAL,21,CORRIENTES,Urbana,Calle,AV. COSTANERA,700,,,,,1,1,0,2,0,Colisión entre vehículos,Colisión entre vehículos,S/D,,,2,Recta,Intersección / cruce,,NO,,Asfalto,,Apto,Seca,,,,,,Si,Si,Si,Día,NO,Sin Restricción,Despejado,Buena,,Sin Semáforo
95921,OBSERVATORIO VIAL,2021-11-27,8:45:00,CORRIENTES,18,CAPITAL,21,CORRIENTES,Urbana,Avenida,AV COSTANERA,1200,QUEVEDO,EDISON,-2.747.022,-5.885.390,2,0,0,2,0,Colisión entre vehículos,Colisión entre vehículos,S/D,,,2,Recta,,RECTA,NO,,Asfalto,,Apto,Seca,,Cordón Divisorio,,,,Si,No,No,Día,NO,Sin Restricción,Despejado,Buena,,Sin Semáforo
119951,MUNICIPALIDAD DE CORRIENTES,2021-11-27,7:30:00,CORRIENTES,18,CAPITAL,21,CORRIENTES,Urbana,Avenida,CAZADORES CORRENTINOS,4950,THAMES,,,,0,2,0,2,0,Colisión entre vehículos,Colisión entre vehículos,S/D,,,2,Recta,Intersección / cruce,,NO,,Asfalto,,Apto,Seca,,,,,,No,No,No,Día,NO,Sin Restricción,Despejado,Buena,,Sin Semáforo
134852,OBSERVATORIO VIAL,2021-11-27,14:00:00,CORRIENTES,18,CAPITAL,21,CORRIENTES,Urbana,Avenida,AV MAIPU,1300,GOYA,,,,1,1,0,2,0,Colisión entre vehículos,Colisión entre vehículos,S/D,,Lateral,2,Recta,Intersección / cruce,,NO,,Asfalto,,Apto,Seca,,Ninguna,,,,Si,Si,No,Día,NO,Sin Restricción,Despejado,Buena,,Sin Semáforo
114270,MUNICIPALIDAD DE CORRIENTES,2021-11-25,10:45:00,CORRIENTES,18,CAPITAL,21,CORRIENTES,Urbana,Avenida,AV MAIPU,700,HONDURAS,,-2.748.564,-5.882.396,1,1,,2,,Colisión entre vehículos,Colisión entre vehículos,S/D,,Angulo,2,Recta,Intersección / cruce,,NO,,Asfalto,,Apto,Despejada,,Ninguna,,,,No,,,Día,SI,Sin Restricción,Despejado,Buena,,Sin Semáforo
119140,MUNICIPALIDAD DE CORRIENTES,2021-11-25,12:50:00,CORRIENTES,18,CAPITAL,21,CORRIENTES,Urbana,Ruta Provincial,5,3,,,,,1,1,0,2,0,Colisión entre vehículos,Colisión entre vehículos,S/D,,,2,Recta,,,NO,,Asfalto,,Apto,Seca,,,,,,No,Si,No,Día,NO,,Despejado,Buena,,Sin Semáforo
119972,MUNICIPALIDAD DE CORRIENTES,2021-11-25,19:30:00,CORRIENTES,18,CAPITAL,21,CORRIENTES,Urbana,Calle,CHACABUCO,,MOCORETA,,,,1,1,0,2,0,Colisión entre vehículos,Colisión entre vehículos,S/D,,,2,,,,NO,,Ripio,,Apto,Seca,,Ninguna,,,,,,,Atardecer,NO,,Despejado,,OSCURIDAD,
127012,MUNICIPALIDAD DE CORRIENTES,2021-11-22,8:40:00,CORRIENTES,18,CAPITAL,21,CORRIENTES,Urbana,Calle,CAZADORES CORRENTINOS,5100,SANCHEZ BUSTAMANTE,,,,0,1,0,1,0,Colisión entre vehículos,Colisión entre vehículos,S/D,,,1,Recta,,,NO,,Asfalto,,Apto,Seca,,,,,,Si,Si,,Día,NO,Sin Restricción,Despejado,Buena,,Funciona
132604,MUNICIPALIDAD DE CORRIENTES,2021-11-22,18:40:00,CORRIENTES,18,CAPITAL,21,CORRIENTES,Urbana,Avenida,AV ARMENIA,4400,URUNDAY,,,,1,1,0,2,0,Colisión entre vehículos,Colisión entre vehículos,S/D,,,2,Recta,Intersección / cruce,,NO,,Asfalto,,Apto,Seca,,,,,,,,,Día,NO,Sin Restricción,Despejado,Buena,,
96781,OBSERVATORIO VIAL,2021-11-21,10:50:00,CORRIENTES,18,CAPITAL,21,CORRIENTES,Urbana,Calle,SAN MARTIN,1100,SANJUAN,,-2.746.975,-5.883.696,2,0,0,2,0,Colisión entre vehículos,Colisión entre vehículos,S/D,,Alcance,2,Recta,Intersección / cruce,,NO,,Asfalto,,Apto,"Despejada, Seca",,Ninguna,,,,Si,No,No,Día,NO,Sin Restricción,Despejado,Buena,,Sin Semáforo
123433,DIRECCIÓN DE SEG VIAL,2021-11-21,22:15:00,CORRIENTES,18,CAPITAL,21,CORRIENTES,Urbana,Calle,MADERO,,ESCALADA,,,,1,1,0,2,0,Colisión entre vehículos,Colisión entre vehículos,S/D,,Angulo,2,Recta,Intersección / cruce,,NO,,Asfalto,,Apto,Seca,,Ninguna,,,,S/D,S/D,S/D,Noche,SI,Sin Restricción,Despejado,Buena,,Sin Semáforo
126293,MUNICIPALIDAD DE CORRIENTES,2021-11-20,8:30:00,CORRIENTES,18,CAPITAL,21,CORRIENTES,Urbana,Avenida,GOBERNADOR RUIZ,2200,PUJOL,,,,2,0,0,2,0,Colisión entre vehículos,Colisión entre vehículos,S/D,,,2,Recta,Rotonda,,NO,,Asfalto,,Apto,Seca,,,,,,,,,Día,NO,Sin Restricción,Despejado,Buena,,
106228,OBSERVATORIO VIAL,2021-11-18,8:15:00,CORRIENTES,18,CAPITAL,21,CORRIENTES,Urbana,Ruta Provincial,RUTA PROVINCIAL Nª 5,3,,,-2.749.190,-5.874.690,2,0,0,2,0,Colisión entre vehículos,Colisión entre vehículos,S/D,,,2,Recta,,RECTA,NO,,Asfalto,,Apto,Seca,,Ninguna,,,,No,No,No,Día,NO,Sin Restricción,Nublado,Buena,,Sin Semáforo
108440,OBSERVATORIO VIAL,2021-11-18,13:40:00,CORRIENTES,18,CAPITAL,21,CORRIENTES,Urbana,Avenida,AV. INDEPENDENCIA,3300,J.J. PASO,,,,2,0,0,2,0,Colisión entre vehículos,Colisión entre vehículos,S/D,,,2,Recta,Intersección / cruce,,NO,,Asfalto,,Apto,Seca,,Ninguna,,,,Si,Si,No,Día,NO,Sin Restricción,Despejado,Buena,,Funciona
93049,OBSERVATORIO VIAL,2021-11-18,10:30:00,CORRIENTES,18,CAPITAL,21,CORRIENTES,Urbana,Avenida,AV SARMIENTO,1760,GENERAL PAZ,,-2.747.903,-5.883.044,1,0,0,1,0,"Caída desde vehículo, Colisión entre vehículos",Colisión entre vehículos,S/D,,,1,Recta,Intersección / cruce,,NO,,Asfalto,,Apto,Seca,,Ninguna,,,,S/D,S/D,S/D,Día,NO,Sin Restricción,Despejado,Buena,,Sin Semáforo
119950,MUNICIPALIDAD DE CORRIENTES,2021-11-16,6:30:00,CORRIENTES,18,CAPITAL,21,CORRIENTES,Urbana,Calle,ESTADOS UNIDOS,,SAN MARTIN,,,,1,0,0,1,0,Despiste,Despiste,Si,,,1,Recta,Intersección / cruce,,NO,,Hormigón,,Apto,Seca,,Ninguna,,,,Si,Si,No,Amanecer,SI,,Despejado,Buena,,Sin Semáforo
126982,MUNICIPALIDAD DE CORRIENTES,2021-11-16,17:15:00,CORRIENTES,18,CAPITAL,21,CORRIENTES,Urbana,Avenida,AV. LIBERTAD,6900,,,,,2,0,0,2,0,Colisión entre vehículos,Colisión entre vehículos,S/D,,,2,Recta,Intersección / cruce,,NO,,Asfalto,,Apto,Seca,,,,,,Si,,,Día,NO,Sin Restricción,Despejado,Buena,,Funciona
119977,MUNICIPALIDAD DE CORRIENTES,2021-11-16,8:35:00,CORRIENTES,18,CAPITAL,21,CORRIENTES,Urbana,Calle,GUEMES,,GENERAL PAZ,,,,2,0,0,2,0,Colisión entre vehículos,Colisión entre vehículos,S/D,,,2,Recta,,,NO,,Asfalto,,,Seca,,,,,,S/D,S/D,,Día,NO,Sin Restricción,,Buena,,Sin Semáforo
124175,MUNICIPALIDAD DE CORRIENTES,2021-11-16,8:49:00,CORRIENTES,18,CAPITAL,21,CORRIENTES,Urbana,Avenida,AV. PUJOL,1897,,,,,1,1,0,2,0,Colisión entre vehículos,Colisión entre vehículos,S/D,,,2,Recta,Intersección / cruce,,NO,,Asfalto,,Apto,Seca,,,,,,,,,Día,NO,Sin Restricción,Despejado,Buena,,
125020,MUNICIPALIDAD DE CORRIENTES,2021-11-15,8:19:00,CORRIENTES,18,CAPITAL,21,CORRIENTES,Urbana,Avenida,AV. MAIPU,2200,RECONQUISTA,,,,1,1,0,2,0,Colisión entre vehículos,Colisión entre vehículos,S/D,,,2,Recta,Intersección / cruce,,NO,,Asfalto,,Apto,Seca,,Ninguna,,,,,,,Día,NO,Otro,Despejado,Buena,,
130966,MUNICIPALIDAD DE CORRIENTES,2021-11-15,7:20:00,CORRIENTES,18,CAPITAL,21,CORRIENTES,Urbana,Avenida,AV. MAIPU,700,,,,,0,1,0,1,0,Caída desde vehículo,Caída desde vehículo,S/D,,,1,Recta,Intersección / cruce,,,,Asfalto,,Apto,"Despejada, Seca",,,,,,S/D,S/D,S/D,Día,NO,Sin Restricción,Despejado,Buena,,Sin Semáforo
132578,MUNICIPALIDAD DE CORRIENTES,2021-11-15,10:48:00,CORRIENTES,18,CAPITAL,21,CORRIENTES,Urbana,Avenida,AV. ARMENIA,,DEPARTAMENTO DE MERCEDES,,,,1,1,0,2,0,Colisión entre vehículos,Colisión entre vehículos,S/D,,Angulo,2,Recta,Intersección / cruce,,NO,,Asfalto,,Apto,Seca,,,,,,Si,Si,S/D,Día,NO,Sin Restricción,Despejado,Buena,,Sin Semáforo
91683,OBSERVATORIO VIAL,2021-11-15,9:20:00,CORRIENTES,18,CAPITAL,21,CORRIENTES,Urbana,Calle,9 DE julio,1900,PARAGUAY,,-2.746.723,-5.882.650,1,1,0,2,0,Colisión entre vehículos,Colisión entre vehículos,S/D,,Alcance,2,Recta,Intersección / cruce,,NO,,Asfalto,,Apto,Seca,,Ninguna,,,,S/D,S/D,S/D,Día,NO,Sin Restricción,Despejado,Buena,,Sin Semáforo
119119,MUNICIPALIDAD DE CORRIENTES,2021-11-14,23:00:00,CORRIENTES,18,CAPITAL,21,CORRIENTES,Urbana,Avenida,AV. ARMENIA,4600,,,,,3,0,0,3,0,Colisión entre vehículos,Colisión entre vehículos,S/D,,Alcance,3,Recta,Intersección / cruce,,NO,,Asfalto,,Apto,Seca,,Ninguna,,,,Si,Si,,Noche,SI,Sin Restricción,Despejado,Buena,,Funciona
121710,OBSERVATORIO VIAL,2021-11-13,20:40:00,CORRIENTES,18,CAPITAL,21,CORRIENTES,Urbana,Calle,RIO MIRIÑAY,1200,LOS TOBAS,,-2.751.215,-5.881.393,2,0,0,2,0,Colisión entre vehículos,Colisión entre vehículos,S/D,,,2,Recta,,,NO,,Asfalto,,Apto,,,,,,,No,No,No,Noche,NO,Sin Restricción,Despejado,Buena,,Sin Semáforo
122550,MUNICIPALIDAD DE CORRIENTES,2021-11-13,1:20:00,CORRIENTES,18,CAPITAL,21,CORRIENTES,Urbana,Avenida,AV. CENTENARIO,3535,,,,,2,0,0,2,0,Colisión entre vehículos,Colisión entre vehículos,S/D,,Angulo,2,Recta,,,NO,,Asfalto,,Apto,Seca,,,,,,,,,Noche,SI,,Despejado,Buena,,
124201,MUNICIPALIDAD DE CORRIENTES,2021-11-13,9:50:00,CORRIENTES,18,CAPITAL,21,CORRIENTES,Urbana,Avenida,AV. INDEPENDENCIA,3600,TACUARI,,,,2,0,0,2,0,Colisión entre vehículos,Colisión entre vehículos,S/D,,,2,Recta,Intersección / cruce,,NO,,Asfalto,,Apto,Seca,,,,,,Si,Si,,Día,NO,Sin Restricción,Despejado,Buena,,Funciona
124202,MUNICIPALIDAD DE CORRIENTES,2021-11-12,11:15:00,CORRIENTES,18,CAPITAL,21,CORRIENTES,Urbana,Calle,LISANDRO SEGOVIA,1700,,,,,0,1,0,1,0,Caída desde vehículo,Caída desde vehículo,S/D,,,1,Recta,,,NO,,Asfalto,,Apto,Seca,,,,,,,,,Día,NO,,Despejado,Buena,,
128583,MUNICIPALIDAD DE CORRIENTES,2021-11-12,8:12:00,CORRIENTES,18,CAPITAL,21,CORRIENTES,Urbana,Avenida,AV. CENTENARIO,4000,,,,,2,1,0,1,1,Atropello a peatón/es,Atropello a peatón/es,S/D,,,2,Recta,Intersección / cruce,,NO,,Asfalto,,Apto,Seca,,Ninguna,,,,,,,Día,NO,Sin Restricción,Despejado,Buena,,
124189,Capital,2021-11-12,17:45:00,CORRIENTES,18,CAPITAL,21,CORRIENTES,Urbana,Ruta Nacional,12,1027,,,-2.751.512,-5.876.947,1,0,1,2,0,Choque,Choque,S/D,,,2,Recta,Paso a nivel FFCC,,NO,,Asfalto,,Apto,Seca,,Barrera de Hormigón,,,,,,,Día,NO,,Despejado,,,
129561,MUNICIPALIDAD DE CORRIENTES,2021-11-12,17:35:00,CORRIENTES,18,CAPITAL,21,CORRIENTES,Urbana,Avenida,AV MAIPU,KM 10,,,,,2,0,0,2,0,Colisión entre vehículos,Colisión entre vehículos,S/D,,,2,Recta,Intersección / cruce,,NO,,Asfalto,,,Despejada,,,,,,,,,Día,,Sin Restricción,Despejado,Buena,,
91689,OBSERVATORIO VIAL,2021-11-12,13:50:00,CORRIENTES,18,CAPITAL,21,CORRIENTES,Urbana,Avenida,AV MAIPU,441,FALUCHO,,-2.748.199,-5.882.695,1,1,0,2,0,Colisión entre vehículos,Colisión entre vehículos,S/D,,Angulo,2,Recta,Intersección / cruce,,NO,,Asfalto,,Apto,Seca,,Ninguna,,,,No,No,No,Día,NO,Sin Restricción,Despejado,Buena,,
129568,MUNICIPALIDAD DE CORRIENTES,2021-11-12,10:55:00,CORRIENTES,18,CAPITAL,21,CORRIENTES,Urbana,Calle,BELGRANO,1172,,,,,2,0,0,1,0,Colisión entre vehículos,Colisión entre vehículos,S/D,,Frontal,1,Recta,,,NO,,Asfalto,,Apto,Seca,,,,,,,,,Día,NO,Otro,Despejado,Buena,,
112197,OBSERVATORIO VIAL,2021-11-11,13:13:00,CORRIENTES,18,CAPITAL,21,CORRIENTES,Urbana,Avenida,AV. CUBA,5060,YUGOSLAVIA,,-2.750.470,-5.879.563,1,1,0,2,0,Colisión entre vehículos,Colisión entre vehículos,S/D,,Angulo,2,Recta,Intersección / cruce,,NO,,Hormigón,,Apto,,,Ninguna,,,,No,No,No,Día,SI,Sin Restricción,Despejado,Buena,,Sin Semáforo
120742,MUNICIPALIDAD DE CORRIENTES,2021-11-11,17:05:00,CORRIENTES,18,CAPITAL,21,CORRIENTES,Urbana,Ruta Provincial,RUTA 5,2.5,,,,,0,2,0,2,0,Colisión entre vehículos,Colisión entre vehículos,S/D,,Angulo,2,Recta,Intersección / cruce,,NO,,Asfalto,,Apto,Seca,,Ninguna,,,,No,No,No,Día,NO,Sin Restricción,Despejado,Buena,,Sin Semáforo
122952,Capital,2021-11-11,8:00:00,CORRIENTES,18,CAPITAL,21,CORRIENTES,Urbana,Avenida,Av Maipu,9000,Gdor Conte,,-2.748.848,-5.882.235,1,1,0,2,0,Colisión entre vehículos,Colisión entre vehículos,S/D,,,2,Recta,Intersección / cruce,,NO,,Asfalto,,Apto,"Con charcos o inundada, Mojada",,,,,,,,,Día,NO,,Lluvia,Lluvia,,
131726,MUNICIPALIDAD DE CORRIENTES,2021-11-11,17:45:00,CORRIENTES,18,CAPITAL,21,CORRIENTES,Urbana,Semiautopista/Autovía,RUTA 12,,AV MAIPU,,-2.752.129,-5.876.690,2,0,0,2,0,Colisión entre vehículos,Colisión entre vehículos,S/D,,Alcance,2,Recta,,,NO,,Asfalto,,Apto,Seca,,Ninguna,,,,,,,Día,NO,Sin Restricción,Despejado,Buena,,
115937,MUNICIPALIDAD DE CORRIENTES,2021-11-10,20:30:00,CORRIENTES,18,CAPITAL,21,CORRIENTES,Urbana,Avenida,AV ARMENIA,3050,AMBROSETTI,,-2.746.714,-5.880.939,0,2,0,2,0,Colisión entre vehículos,Colisión entre vehículos,S/D,,,2,Recta,Intersección / cruce,,,,Asfalto,,Apto,Seca,,Ninguna,,,,S/D,S/D,S/D,Noche,SI,Sin Restricción,Despejado,Buena,,Sin Semáforo
96786,OBSERVATORIO VIAL,2021-11-10,7:00:00,CORRIENTES,18,CAPITAL,21,CORRIENTES,Urbana,Avenida,AV CHACABUCO,1500,Y RIVADAVIA,,-2.747.677,-5.881.422,1,1,0,2,0,Colisión entre vehículos,Colisión entre vehículos,S/D,,,2,Recta,Intersección / cruce,,NO,,Hormigón,,Apto,Seca,,,,,,Si,Si,No,Día,NO,Sin Restricción,Despejado,Buena,,Funciona
106223,OBSERVATORIO VIAL,2021-11-08,9:45:00,CORRIENTES,18,CAPITAL,21,CORRIENTES,Urbana,Avenida,AV ARMENIA,2900,ESTADOS UNIDOS,,-2.746.751,-5.881.293,2,0,0,2,0,Colisión entre vehículos,Colisión entre vehículos,S/D,,Alcance,2,Recta,Intersección / cruce,,NO,,Hormigón,,Apto,"Despejada, Seca",,Cordón Divisorio,,,,Si,S/D,S/D,Día,NO,Sin Restricción,Despejado,Buena,,Funciona
119948,DIRECCIÓN DE SEG VIAL,2021-11-08,9:28:00,CORRIENTES,18,CAPITAL,21,CORRIENTES,Urbana,Calle,9 DE julio,,MENDOZA,,,,1,1,0,1,1,Atropello a peatón/es,Atropello a peatón/es,S/D,,,2,Recta,Intersección / cruce,,NO,,Asfalto,,Apto,Seca,,Ninguna,,,,S/D,S/D,S/D,Día,NO,Sin Restricción,Despejado,Buena,,Funciona
119130,DIRECCIÓN DE ED VIAL,2021-11-08,18:25:00,CORRIENTES,18,CAPITAL,21,CORRIENTES,Urbana,Avenida,AV. PEDRO FERRÉ,,CHILE,,,,1,1,0,1,1,Colisión entre vehículos,Colisión entre vehículos,S/D,,Lateral,2,Recta,Intersección / cruce,,NO,,Hormigón,,Apto,Seca,,Ninguna,,,,Si,,,Día,NO,Sin Restricción,Despejado,Buena,,Funciona
109612,OBSERVATORIO VIAL,2021-11-07,7:40:00,CORRIENTES,18,CAPITAL,21,CORRIENTES,Urbana,Calle,GENERAL PAZ,2200,GOBERNADPR CONTE,,-2.747.967,-5.882.402,2,0,0,2,0,Colisión entre vehículos,Colisión entre vehículos,S/D,,,2,Recta,Intersección / cruce,,NO,,Asfalto,,Apto,Seca,,Ninguna,,,,S/D,S/D,S/D,Día,NO,Sin Restricción,Despejado,Buena,,Sin Semáforo
98236,OBSERVATORIO VIAL,2021-11-07,22:23:00,CORRIENTES,18,CAPITAL,21,CORRIENTES,Urbana,Calle,CHILE,2000,GENERAL PAZ,,-2.748.035,-5.881.764,2,0,0,2,0,Colisión entre vehículos,Colisión entre vehículos,S/D,,Alcance,2,Recta,Intersección / cruce,,NO,,Asfalto,,Apto,Seca,,Ninguna,,,,Si,S/D,,Noche,SI,Sin Restricción,Despejado,Buena,,Sin Semáforo
106222,OBSERVATORIO VIAL,2021-11-06,21:50:00,CORRIENTES,18,CAPITAL,21,CORRIENTES,Urbana,Calle,CATAMARCA,1200,SAN MARTIN,,-2.747.013,-5.883.331,1,1,0,2,0,Colisión entre vehículos,Colisión entre vehículos,S/D,,,2,Recta,Intersección / cruce,,NO,,Asfalto,,Apto,"Despejada, Seca",,Ninguna,,,,Si,Si,S/D,Noche,SI,Sin Restricción,Despejado,Buena,,Sin Semáforo
98277,OBSERVATORIO VIAL,2021-11-06,8:25:00,CORRIENTES,18,CAPITAL,21,CORRIENTES,Urbana,Avenida,AV INDEPENDENCIA,4200,LAS PIEDRAS,,-2.748.072,-5.880.049,2,0,0,2,0,Colisión entre vehículos,Colisión entre vehículos,S/D,,,2,Recta,Intersección / cruce,,NO,,Hormigón,,Apto,Seca,,Cordón Divisorio,,,,Si,Si,No,Día,NO,Sin Restricción,Despejado,Buena,,Funciona
127950,MUNICIPALIDAD DE CORRIENTES,2021-11-06,14:10:00,CORRIENTES,18,CAPITAL,21,CORRIENTES,Urbana,Calle,AREQUIMPA,3200,,,,,1,1,0,2,0,Colisión entre vehículos,Colisión entre vehículos,S/D,,Angulo,2,Recta,Intersección / cruce,,NO,,Hormigón,,Apto,Seca,,,,,,S/D,S/D,S/D,Día,NO,Sin Restricción,Despejado,Buena,,Sin Semáforo
128641,MUNICIPALIDAD DE CORRIENTES,2021-11-06,8:30:00,CORRIENTES,18,CAPITAL,21,CORRIENTES,Urbana,Avenida,AV PUJOL,2200,BRASIL,,,,3,0,0,2,0,Colisión entre vehículos,Colisión entre vehículos,S/D,,,2,Recta,Intersección / cruce,,NO,,Asfalto,,Apto,Seca,,,,,,,,,Día,NO,Sin Restricción,Despejado,Buena,,
96771,OBSERVATORIO VISL,2021-11-03,18:00:00,CORRIENTES,18,CAPITAL,21,CORRIENTES,Urbana,Avenida,MEDRANO,3000,CARTAJENAEN LA ROTONDA,,-2.749.601,-5.880.042,1,2,0,2,0,Colisión entre vehículos,Colisión entre vehículos,S/D,,,2,Curva,Rotonda,,NO,,Asfalto,,Apto,Seca,,Ninguna,,,,S/D,S/D,S/D,Atardecer,NO,Sin Restricción,Despejado,Buena,,Sin Semáforo
98271,OBSERVATORIO VIAL,2021-11-03,1:30:00,CORRIENTES,18,CAPITAL,21,CORRIENTES,Urbana,Calle,J.R. VIDAL,2200,MADARIAGA,,-2.748.278,-5.883.893,2,0,0,2,0,Colisión entre vehículos,Colisión entre vehículos,S/D,,,2,Recta,Intersección / cruce,,NO,,Hormigón,,Apto,Seca,,Ninguna,,,,No,No,No,Noche,SI,Sin Restricción,Despejado,Buena,,Sin Semáforo
106245,OBSERVATORIO VIAL,2021-11-02,8:40:00,CORRIENTES,18,CAPITAL,21,CORRIENTES,Urbana,Calle,LAVALLE,3700,TACUARI,,-2.748.128,-5.880.662,1,1,0,2,0,,,S/D,,,2,Recta,Intersección / cruce,,NO,,Asfalto,,Apto,Seca,,Ninguna,,,,No,No,No,Día,NO,Sin Restricción,Despejado,Buena,,Sin Semáforo
107682,OBSERVATORIO VIAL,2021-11-02,12:15:00,CORRIENTES,18,CAPITAL,21,CORRIENTES,Urbana,Avenida,AV MAIPU,800,MADARIAGA,,-2.748.509,-5.882.423,1,1,0,2,0,Colisión entre vehículos,Colisión entre vehículos,S/D,,,2,Recta,Intersección / cruce,,NO,,Asfalto,,Apto,Seca,,Ninguna,,,,No,No,No,Día,NO,Sin Restricción,,Buena,,Sin Semáforo
119988,MUNICIPALIDAD DE CORRIENTES,2021-11-01,19:05:00,CORRIENTES,18,CAPITAL,21,CORRIENTES,Urbana,Ruta Nacional,12,1031,,,-2.746.971,-5.883.236,1,2,0,2,0,Colisión entre vehículos,Colisión entre vehículos,S/D,,Frontal,2,Recta,Intersección / cruce,,NO,,Asfalto,,Apto,Seca,,,,,,,,,Día,NO,Sin Restricción,Despejado,Buena,,
128319,DIRECCIÓN DE TRANSITO CAPITAL,2021-11-01,8:10:00,CORRIENTES,18,CAPITAL,21,CORRIENTES,Urbana,Calle,,,RIZZUTO,,,,1,1,0,2,0,"Colisión entre vehículos, Explosión",Colisión entre vehículos,S/D,,,2,Recta,Intersección / cruce,,NO,,Asfalto,,Apto,Seca,,,,,,,,,Día,NO,Sin Restricción,Despejado,Buena,,
109643,OBSERVATORIO VIAL,2021-11-01,10:39:00,CORRIENTES,18,CAPITAL,21,CORRIENTES,Urbana,Avenida,AV GOBERNADOR RUIZ,2400,VELEZ SAERSFIELD,,-2.746.683,-5.881.986,1,1,0,1,0,Colisión entre vehículos,Colisión entre vehículos,S/D,,,1,Recta,Intersección / cruce,,NO,,Asfalto,,Apto,Seca,,Ninguna,,,,Si,Si,No,Día,NO,Sin Restricción,Despejado,Buena,,Sin Semáforo
132612,MUNICIPALIDAD DE CORRIENTES,2021-10-31,13:00:00,CORRIENTES,18,CAPITAL,21,CORRIENTES,Urbana,Avenida,AV. PRESIDENTE NICOLAS AVELLANEDA,3900,LAS PIEDRAS,,,,1,1,0,2,0,Colisión entre vehículos,Colisión entre vehículos,S/D,,,2,Recta,,,NO,,Asfalto,,Apto,Seca,,,,,,,,,Día,NO,Sin Restricción,Despejado,Buena,,
119975,MUNICIPALIDAD DE CORRIENTES,2021-10-30,8:00:00,CORRIENTES,18,CAPITAL,21,CORRIENTES,Urbana,Avenida,AV ARTIGAS,,BOLIVAR,,,,2,0,0,2,0,,,S/D,,,2,Recta,Intersección / cruce,,NO,,Asfalto,,Apto,Seca,,,,,,Si,Si,,Día,NO,Sin Restricción,Despejado,Buena,,Sin Semáforo
123443,MUNICIPALIDAD DE CORRIENTES,2021-10-30,13:10:00,CORRIENTES,18,CAPITAL,21,CORRIENTES,Urbana,Avenida,AV. 3 DE ABRIL,1598,SANTA FE,,,,2,0,0,2,0,Colisión entre vehículos,Colisión entre vehículos,S/D,,Lateral,2,Recta,Intersección / cruce,,NO,,Asfalto,,Apto,Seca,,,,,,Si,Si,No,Día,NO,Sin Restricción,Despejado,Buena,,Funciona
131707,MUNICIPALIDAD DE CORRIENTES,2021-10-30,13:30:00,CORRIENTES,18,CAPITAL,21,CORRIENTES,Urbana,Calle,ESPAÑA,,RIVADAVIA,,,,3,0,0,2,0,Colisión entre vehículos,Colisión entre vehículos,S/D,,,2,Recta,Intersección / cruce,,NO,,Hormigón,,Apto,,,,,,,,,,Día,NO,Sin Restricción,Despejado,Buena,,
121559,MUNICIPALIDAD DE CORRIENTES,2021-10-30,11:00:00,CORRIENTES,18,CAPITAL,21,CORRIENTES,Urbana,Avenida,AV INDEPENDENCIA,,LAS PIEDRAS,,,,1,0,1,2,0,Colisión entre vehículos,Colisión entre vehículos,S/D,,,2,Recta,Intersección / cruce,,NO,,Asfalto,,Apto,Mojada,,,,,,Si,,,Día,NO,Sin Restricción,Lluvia,Lluvia,,Funciona
129559,MUNICIPALIDAD DE CORRIENTES,2021-10-29,15:30:00,CORRIENTES,18,CAPITAL,21,CORRIENTES,Urbana,Calle,AV AYACUCHO,2400,,,,,1,1,0,2,0,Colisión entre vehículos,Colisión entre vehículos,S/D,,,2,Recta,Intersección / cruce,,NO,,Asfalto,,Apto,Seca,,Ninguna,,,,,,,Día,NO,Sin Restricción,Despejado,Buena,,
119980,MUNICIPALIDAD DE CORRIENTES,2021-10-29,10:10:00,CORRIENTES,18,CAPITAL,21,CORRIENTES,Urbana,Calle,TACUARI,2300,HAWAI,,,,2,0,0,2,0,Colisión entre vehículos,Colisión entre vehículos,S/D,,,2,Recta,Intersección / cruce,,NO,,Asfalto,,Apto,Seca,,,,,,,,,Día,NO,,Despejado,Buena,,Sin Semáforo
124192,Capital,2021-10-29,11:37:00,CORRIENTES,18,CAPITAL,21,CORRIENTES,Urbana,Avenida,Av Teniente Ibañez,500,Alberdi,,-2.747.487,-5.884.430,2,0,0,2,0,Colisión entre vehículos,Colisión entre vehículos,S/D,,,2,Recta,Intersección / cruce,,NO,,,,Apto,Seca,,,,,,,,,Día,NO,Sin Restricción,Despejado,Buena,,
128320,MUNICIPALIDAD DE CORRIENTES,2021-10-29,9:40:00,CORRIENTES,18,CAPITAL,21,CORRIENTES,Urbana,Ruta Nacional,12,1030,,,,,0,1,0,1,0,"Caída desde vehículo, Despiste",Despiste,Si,,,1,Recta,Rotonda,,NO,,Asfalto,,Apto,Seca,,Ninguna,,,,,,,Día,,Obra en Construcción,Despejado,Buena,,
106212,OBSERVATORIO VIAL,2021-10-28,13:30:00,CORRIENTES,18,CAPITAL,21,CORRIENTES,Urbana,Calle,PLACIDO MARTINEZ,367,,,-2.746.190,-5.883.652,1,1,0,2,0,Colisión entre vehículos,Colisión entre vehículos,S/D,,,2,Recta,Intersección / cruce,,NO,,Asfalto,,Apto,Seca,,Ninguna,,,,S/D,S/D,S/D,Día,NO,Sin Restricción,Despejado,Buena,,Sin Semáforo
119978,MUNICIPALIDAD DE CORRIENTES,2021-10-28,12:15:00,CORRIENTES,18,CAPITAL,21,CORRIENTES,Urbana,Calle,PARAGUAY,700,,,,,3,0,0,3,0,,,S/D,,,3,Recta,Intersección / cruce,,NO,,Asfalto,,Apto,Seca,,Ninguna,,,,S/D,S/D,S/D,Día,NO,Sin Restricción,Despejado,Buena,,
120713,MUNICIPALIDAD DE CORRIENTES,2021-10-28,23:28:00,CORRIENTES,18,CAPITAL,21,CORRIENTES,Urbana,Calle,TUCUMAN,500,,,,,0,2,0,1,0,Caída desde vehículo,Caída desde vehículo,S/D,,,1,Recta,Intersección / cruce,,NO,,Asfalto,,Baches,,,,,,,No,No,,Noche,SI,,Despejado,Buena,,Sin Semáforo
119962,MUNICIPALIDAD DE CORRIENTES,2021-10-28,17:00:00,CORRIENTES,18,CAPITAL,21,CORRIENTES,Urbana,Avenida,AV. MAIPU,4900,,,,,2,0,0,2,0,Colisión entre vehículos,Colisión entre vehículos,S/D,,Alcance,2,Recta,Intersección / cruce,,NO,,Asfalto,,Apto,Seca,,Cordón Divisorio,,,,No,No,No,Día,SI,Sin Restricción,Despejado,Buena,,Sin Semáforo
124142,MUNICIPALIDAD DE CORRIENTES,2021-10-27,10:30:00,CORRIENTES,18,CAPITAL,21,CORRIENTES,Urbana,Calle,SAN JUAN,1100,BOLIVAR,,,,2,0,0,2,0,Colisión entre vehículos,Colisión entre vehículos,S/D,,,2,Recta,Intersección / cruce,,NO,,Asfalto,,Apto,Seca,,,,,,,,,Día,NO,,Despejado,Buena,,
108436,OBSERVATORIO VIAL,2021-10-27,8:15:00,CORRIENTES,18,CAPITAL,21,CORRIENTES,Urbana,Avenida,AV LIBERTAD,6500,RUTA 12,,,,1,1,0,2,0,Colisión entre vehículos,Colisión entre vehículos,S/D,,Angulo,2,Recta,Intersección / cruce,,NO,,Hormigón,,Apto,Seca,,Cordón Divisorio,,,,S/D,S/D,S/D,Día,NO,Sin Restricción,Despejado,,,Sin Semáforo
114278,MUNICIPALIDAD DE CORRIENTES,2021-10-27,19:05:00,CORRIENTES,18,CAPITAL,21,CORRIENTES,Urbana,Avenida,AV. GOBERNADOR RUIZ,2365,,,,,2,1,0,2,0,Colisión entre vehículos,Colisión entre vehículos,S/D,,Angulo,2,Recta,Intersección / cruce,,NO,,Asfalto,,Apto,,,Cordón Divisorio,,,,No,No,No,Noche,SI,Sin Restricción,,,,Sin Semáforo
121671,MUNICIPALIDAD DE CORRIENTES,2021-10-27,10:45:00,CORRIENTES,18,CAPITAL,21,CORRIENTES,Urbana,Semiautopista/Autovía,AUTOVIA ISLAS MALVINAS,,LILA SOTO,,-2.757.037,-5.875.694,0,2,0,1,0,Despiste,Despiste,Si,,,1,Recta,Intersección / cruce,,,,Asfalto,,Apto,Seca,,,,,,No,No,No,Día,NO,Sin Restricción,Despejado,Buena,,Sin Semáforo
97580,OBSERVATORIO VIAL,2021-10-27,16:30:00,CORRIENTES,18,CAPITAL,21,CORRIENTES,Urbana,Avenida,AV FERRE,2100,BRASIL,,-2.747.698,-5.882.509,2,0,0,2,0,Colisión entre vehículos,Colisión entre vehículos,S/D,,,2,Recta,Intersección / cruce,,NO,,Hormigón,,Apto,Seca,,Ninguna,,,,Si,Si,No,Día,,Sin Restricción,Despejado,Buena,,Funciona
107648,OBSERVATORIO VIAL,2021-10-27,16:20:00,CORRIENTES,18,CAPITAL,21,CORRIENTES,Urbana,Avenida,AV MAIPU,3500,,,-2.750.376,-5.881.215,0,1,0,1,0,Colisión entre vehículos,Colisión entre vehículos,S/D,,,1,Recta,Intersección / cruce,,NO,,Asfalto,,Apto,Seca,,Ninguna,,,,S/D,S/D,S/D,Día,NO,Sin Restricción,Despejado,Buena,,Sin Semáforo
118307,CORRIENTES,2021-10-26,10:49:00,CORRIENTES,18,CAPITAL,21,CORRIENTES,Urbana,Avenida,AV LA PAZ,,HONDURAS,,,,1,2,0,2,0,Colisión entre vehículos,Colisión entre vehículos,S/D,,Angulo,2,Recta,Intersección / cruce,,NO,,Hormigón,,Apto,Seca,,Ninguna,,,,No,No,,Día,NO,Sin Restricción,Despejado,Buena,,Sin Semáforo
131002,MUNICIPALIDAD DE CORRIENTES,2021-10-26,10:55:00,CORRIENTES,18,CAPITAL,21,CORRIENTES,Urbana,Calle,CARTAGENA,,SUSSINI,,,,2,1,0,2,0,Colisión entre vehículos,Colisión entre vehículos,S/D,,,2,Recta,,,NO,,Asfalto,,Apto,,,Ninguna,,,,,,,Día,,,Despejado,Buena,,
106264,OBSERVATORIO VIAL,2021-10-26,9:25:00,CORRIENTES,18,CAPITAL,21,CORRIENTES,Urbana,Avenida,AV INDEPENDENCIA,4400,MEDRANO,,-2.748.140,-5.879.832,1,1,0,2,0,Colisión entre vehículos,Colisión entre vehículos,S/D,,,2,Recta,Intersección / cruce,,NO,,Asfalto,,Apto,Seca,,Cordón Divisorio,,,,Si,Si,No,Día,NO,Sin Restricción,Nublado,Buena,,Funciona
115163,CAPITAL,2021-10-26,17:20:00,CORRIENTES,18,CAPITAL,21,CORRIENTES,Urbana,Calle,CARTAGENA,3015,J.J.PASO,,-2.749.265,-5.881.354,0,3,0,2,0,Colisión entre vehículos,Colisión entre vehículos,S/D,,Angulo,2,Recta,Intersección / cruce,,NO,,Hormigón,,Apto,Seca,,Ninguna,,,,No,No,No,Día,NO,Sin Restricción,Despejado,Buena,,Sin Semáforo
105520,OBSERVATORIO VIAL,2021-10-26,0:25:00,CORRIENTES,18,CAPITAL,21,CORRIENTES,Urbana,Calle,MENDOZA,2200,MADARIAGA,,-2.748.301,-5.883.746,2,0,0,2,0,Colisión entre vehículos,Colisión entre vehículos,S/D,,,2,Recta,Intersección / cruce,,NO,,Asfalto,,Apto,Seca,,Ninguna,,,,S/D,S/D,S/D,Noche,SI,Sin Restricción,Despejado,Buena,,Sin Semáforo
130978,MUNICIPALIDAD DE CORRIENTES,2021-10-26,20:10:00,CORRIENTES,18,CAPITAL,21,CORRIENTES,Urbana,Calle,SAN MARTIN,,BRASIL,,-2.747.104,-5.882.432,2,1,0,2,0,,,S/D,,,2,Recta,Intersección / cruce,,NO,,Asfalto,,Apto,,,,,,,,,,Día,NO,Sin Restricción,Despejado,Buena,,
119983,MUNICIPALIDAD DE CORRIENTES,2021-10-25,11:23:00,CORRIENTES,18,CAPITAL,21,CORRIENTES,Urbana,Avenida,AV. INDEPENDENCIA,5200,SANCHEZ BUSTAMANTE,,,,3,0,0,2,0,Colisión entre vehículos,Colisión entre vehículos,S/D,,,2,Recta,Intersección / cruce,,NO,,Asfalto,,Apto,Seca,,Cordón Divisorio,,,,Si,Si,No,Día,NO,Sin Restricción,Despejado,Buena,,Funciona
124908,MUNICIPALIDAD DE CORRIENTES,2021-10-25,13:50:00,CORRIENTES,18,CAPITAL,21,CORRIENTES,Urbana,Avenida,AV. 3 DE ABRIL,,TUCUMAN,,,,1,1,0,2,0,Colisión entre vehículos,Colisión entre vehículos,S/D,,Angulo,2,Recta,Intersección / cruce,,NO,,Hormigón,,Apto,Seca,,Ninguna,,,,Si,Si,,Día,NO,Sin Restricción,Despejado,Buena,,Funciona
95915,OBSERVATORIO VIAL,2021-10-25,9:10:00,CORRIENTES,18,CAPITAL,21,CORRIENTES,Urbana,Calle,TUCUMAN,1400,MORENO,,-2.747.277,-5.884.206,1,1,0,2,0,Colisión entre vehículos,Colisión entre vehículos,S/D,,,2,Recta,Intersección / cruce,,NO,,Asfalto,,Apto,Seca,,Ninguna,,,,Si,No,No,Día,NO,Sin Restricción,Despejado,Buena,,Sin Semáforo
108435,OBSERVATORIO VIAL,2021-10-25,5:30:00,CORRIENTES,18,CAPITAL,21,CORRIENTES,Urbana,Avenida,AV PUJOL,1200,BAIBIENE,,,,1,1,0,2,0,Colisión entre vehículos,Colisión entre vehículos,S/D,,Frontal,2,Recta,Intersección / cruce,,NO,,Asfalto,,Apto,Mojada,,Ninguna,,,,S/D,S/D,S/D,Amanecer,SI,Sin Restricción,Lluvia,Lluvia,,Intermitente
131706,MUNICIPALIDAD DE CORRIENTES,2021-10-25,13:20:00,CORRIENTES,18,CAPITAL,21,CORRIENTES,Urbana,Calle,GUAYQUIRARÓ,3400,,,-2.751.217,-5.880.225,1,1,0,2,0,Colisión entre vehículos,Colisión entre vehículos,S/D,,Angulo,2,Recta,Intersección / cruce,,NO,,Hormigón,,Apto,,,,,,,,,,Día,NO,Sin Restricción,Despejado,Buena,,
122922,Capital,2021-10-25,17:50:00,CORRIENTES,18,CAPITAL,21,CORRIENTES,Urbana,Avenida,Av. Cartagena,3800,Calle 166,,-2.749.274,-5.880.745,1,2,0,2,0,Colisión entre vehículos,Colisión entre vehículos,S/D,,,2,Curva,Intersección / cruce,,NO,,Asfalto,,Apto,,,,,,,No,No,,Día,NO,Sin Restricción,Despejado,Buena,,
93050,OBSERVAROEIO VIAL,2021-10-25,11:00:00,CORRIENTES,18,CAPITAL,21,CORRIENTES,Urbana,Avenida,AV C.CORRENTINO,4000,RESOAGLI,,-2.748.693,-5.880.469,1,1,0,2,0,Colisión entre vehículos,Colisión entre vehículos,S/D,,Lateral,2,Recta,Intersección / cruce,,NO,,Asfalto,,Apto,Seca,,,,,,No,No,No,Día,,Sin Restricción,,Buena,,Sin Semáforo
108439,OBSERVATORIO VIAL,2021-10-23,20:30:00,CORRIENTES,18,CAPITAL,21,CORRIENTES,Urbana,Calle,CHACABUCO,2500,VIRASORO,,,,2,0,0,2,0,Colisión entre vehículos,Colisión entre vehículos,S/D,,,2,Recta,Intersección / cruce,,NO,,Asfalto,,Apto,Seca,,Ninguna,,,,S/D,S/D,S/D,Noche,SI,Sin Restricción,Despejado,Buena,,Sin Semáforo
119136,MUNICIPALIDAD DE CORRIENTES,2021-10-23,7:20:00,CORRIENTES,18,CAPITAL,21,CORRIENTES,Urbana,Avenida,AV. MAIPU,800,AUSTRALIA,,,,1,1,0,2,0,Colisión entre vehículos,Colisión entre vehículos,S/D,,,2,Recta,Intersección / cruce,,NO,,Asfalto,,Apto,,,,,,,,,,Día,NO,Sin Restricción,Despejado,Buena,,
108373,OBSERVATORIO VIAL,2021-10-23,10:33:00,CORRIENTES,18,CAPITAL,21,CORRIENTES,Urbana,Calle,BELGRANO,2100,PERU,,-4.000.000,-6.100.000,2,0,0,2,0,Colisión entre vehículos,Colisión entre vehículos,S/D,,,2,Recta,,RECTA,NO,,Asfalto,,Apto,Seca,,Ninguna,,,,S/D,S/D,S/D,Día,NO,Sin Restricción,Despejado,Buena,,Sin Semáforo
109641,OBSERVATORIO VIAL,2021-10-23,15:36:00,CORRIENTES,18,CAPITAL,21,CORRIENTES,Urbana,Avenida,AV. MAIPU,5500,RUTA 12,,-2.752.974,-5.876.647,1,1,0,1,1,Colisión entre vehículos,Colisión entre vehículos,S/D,,,2,Recta,Intersección / cruce,,NO,,,,Apto,Seca,,Ninguna,,,,No,No,No,Día,NO,Sin Restricción,Despejado,Buena,,Sin Semáforo
120714,MUNICIPALIDAD DE CORRIENTES,2021-10-22,9:40:00,CORRIENTES,18,CAPITAL,21,CORRIENTES,Urbana,Calle,LIBERTAD,,LAPRIDA,,,,0,2,0,1,1,Atropello a peatón/es,Atropello a peatón/es,S/D,,,2,Recta,Intersección / cruce,,,,Asfalto,,Apto,Seca,,Ninguna,,,,S/D,S/D,,Día,NO,Sin Restricción,Despejado,,,Funciona
107649,OBSERVATORIO VIAL,2021-10-22,3:10:00,CORRIENTES,18,CAPITAL,21,CORRIENTES,Urbana,Avenida,AV C. CORRENTINO,3135,,,-2.748.706,-5.881.432,1,0,0,1,0,Colisión entre vehículos,Colisión entre vehículos,S/D,,Alcance,1,Recta,,RECTA,NO,,Asfalto,,Apto,Seca,,Ninguna,,,,S/D,S/D,S/D,Noche,NO,Sin Restricción,Despejado,,,Sin Semáforo
107647,OBSERVATORIO VIAL,2021-10-22,18:00:00,CORRIENTES,18,CAPITAL,21,CORRIENTES,Urbana,Avenida,AV MAIPU,5800,RUTA 12,,-2.753.038,-5.876.196,2,0,0,1,0,"Atropello a animal/es, Colisión entre vehículos",Colisión entre vehículos,S/D,,,1,Recta,Intersección / cruce,,NO,,Asfalto,,Apto,Seca,,Ninguna,,,,S/D,S/D,S/D,Día,NO,Obra en Construcción,Despejado,Buena,,Sin Semáforo
108371,OBSERVATORIO VIAL,2021-10-22,20:15:00,CORRIENTES,18,CAPITAL,21,CORRIENTES,Urbana,Avenida,AV PAISANDU,3200,CALINGASTO,,,,1,1,0,2,0,Colisión entre vehículos,Colisión entre vehículos,S/D,,Angulo,2,Recta,Intersección / cruce,,NO,,Asfalto,,Apto,Seca,,Ninguna,,,,S/D,S/D,S/D,Día,SI,Sin Restricción,Despejado,Buena,,Sin Semáforo
91687,OBSERVATORIO VIAL,2021-10-21,10:40:00,CORRIENTES,18,CAPITAL,21,CORRIENTES,Urbana,Avenida,AV LIBERTAD,6100,RUTA NACIONAL Nº 12,,-2.746.133,-5.876.810,2,0,0,2,0,Choque,Choque,S/D,,,2,Recta,Intersección / cruce,,NO,,Asfalto,,Apto,Seca,,Ninguna,,,,Si,Si,No,Día,NO,Sin Restricción,Despejado,Buena,,Sin Semáforo
122854,Capital,2021-10-21,7:35:00,CORRIENTES,18,CAPITAL,21,CORRIENTES,Urbana,Avenida,Gdor Conte,2200,Av. Tte Ibañez,,-2.751.558,-5.875.626,2,1,0,2,0,Colisión entre vehículos,Colisión entre vehículos,S/D,,,2,Recta,Intersección / cruce,,NO,,Asfalto,,Apto,Seca,,,,,,,,,Día,NO,Sin Restricción,Despejado,Buena,,
119114,MUNICIPALIDAD DE CORRIENTES,2021-10-21,11:15:00,CORRIENTES,18,CAPITAL,21,CORRIENTES,Urbana,Avenida,AV. RAUL ALFONSIN,4300,RIO JURAMENTO,,,,1,0,0,1,0,"Caída desde vehículo, Colisión entre vehículos",Colisión entre vehículos,S/D,,,1,Recta,Intersección / cruce,,NO,,Hormigón,,Apto,Seca,,,,,,S/D,S/D,S/D,Día,NO,Sin Restricción,Despejado,Buena,,Sin Semáforo
130979,MUNICIPALIDAD DE CORRIENTES,2021-10-20,8:00:00,CORRIENTES,18,CAPITAL,21,CORRIENTES,Urbana,Calle,ROLON,2037,,,-2.746.215,-5.881.233,1,1,0,2,0,,,S/D,,,2,Recta,Intersección / cruce,,NO,,Asfalto,,Apto,Seca,,,,,,,,,Día,NO,Sin Restricción,Despejado,Buena,,
108446,OBSERVATORIO VIAL,2021-10-20,8:10:00,CORRIENTES,18,CAPITAL,21,CORRIENTES,Urbana,Avenida,AV MAIPU,1700,VALENTIN ACINA,,,,0,1,0,1,0,"Caída desde vehículo, Colisión entre vehículos",Colisión entre vehículos,S/D,,,1,Recta,Intersección / cruce,,NO,,Hormigón,,Apto,Seca,,Ninguna,,,,No,No,No,Día,NO,Sin Restricción,Despejado,Buena,,Intermitente
112215,OBSERVATORIO VIAL,2021-10-20,8:49:00,CORRIENTES,18,CAPITAL,21,CORRIENTES,Urbana,Ruta Nacional,12,1040,,,-2.744.552,-5.874.690,1,1,0,2,0,Colisión entre vehículos,Colisión entre vehículos,S/D,,,2,Recta,Intersección / cruce,,NO,,Asfalto,,Apto,Seca,,Ninguna,,,,Si,Si,No,Día,NO,Sin Restricción,Despejado,,,Sin Semáforo
108916,OBSERVATORIO VIAL,2021-10-20,7:40:00,CORRIENTES,18,CAPITAL,21,CORRIENTES,Urbana,Avenida,AV ARMENIA,4790,ONTIVEROS,,-2.746.692,-5.879.058,1,1,0,2,0,Colisión entre vehículos,Colisión entre vehículos,S/D,,Angulo,2,Recta,Intersección / cruce,,NO,,Asfalto,,Apto,Seca,,Ninguna,,,,Si,No,No,Amanecer,SI,Sin Restricción,Otro,Buena,,Funciona
96780,OBSERVATORIO VIAL,2021-10-19,1:05:00,CORRIENTES,18,CAPITAL,21,CORRIENTES,Urbana,Calle,BELGRANO,300,CHACO,,-2.747.125,-5.884.712,1,1,0,2,0,Colisión entre vehículos,Colisión entre vehículos,S/D,,Angulo,2,Recta,Intersección / cruce,,NO,,Asfalto,,Apto,Mojada,,Ninguna,,,,No,Si,No,Noche,SI,Siniestro Previo,Lluvia,Lluvia,,Sin Semáforo
124393,DIRECCIÒN DE SEGURIDAD VIAL,2021-10-19,18:55:00,CORRIENTES,18,CAPITAL,21,CORRIENTES,Urbana,Avenida,AV. MAIPU,,HONDURAS (MADARIAGA),,,,2,2,0,2,0,Colisión entre vehículos,Colisión entre vehículos,S/D,,Lateral,2,Recta,Intersección / cruce,,NO,,Asfalto,,Apto,Mojada,,Ninguna,,,,No,No,,Atardecer,NO,Sin Restricción,Despejado,Buena,,Sin Semáforo
108412,OBSERVATORIO VIAL,2021-10-18,20:30:00,CORRIENTES,18,CAPITAL,21,CORRIENTES,Urbana,Avenida,AV. R.R.ALFONSIN,3800,TACUARI,,,,2,0,0,2,0,Colisión entre vehículos,Colisión entre vehículos,S/D,,Angulo,2,Recta,Intersección / cruce,,NO,,Asfalto,,Apto,Seca,,Ninguna,,,,S/D,S/D,S/D,Noche,NO,Sin Restricción,Despejado,Buena,,Sin Semáforo
107990,OBSERVATORIO VIAL,2021-10-17,10:15:00,CORRIENTES,18,CAPITAL,21,CORRIENTES,Urbana,Avenida,AV MAIPU,1500,ASUNCION,,-2.749.420,-5.881.785,1,1,0,2,0,Colisión entre vehículos,Colisión entre vehículos,S/D,,,2,Recta,Intersección / cruce,,NO,,Asfalto,,Apto,Seca,,Ninguna,,,,Si,Si,No,Día,NO,Sin Restricción,Despejado,Buena,,Funciona
108347,OBSERVATORIO VIAL,2021-10-17,16:16:00,CORRIENTES,18,CAPITAL,21,CORRIENTES,Urbana,Avenida,AV 3 DE ABRIL,1300,CORDOBA,,-2.747.572,-5.883.535,0,2,0,2,0,Colisión entre vehículos,Colisión entre vehículos,S/D,,,2,Recta,Intersección / cruce,,NO,,Asfalto,,Apto,Seca,,Ninguna,,,,Si,Si,No,Día,NO,Sin Restricción,Despejado,Buena,,Funciona
119913,MUNICIPALIDAD DE CORRIENTES,2021-10-16,22:30:00,CORRIENTES,18,CAPITAL,21,CORRIENTES,,,IGARZABAL,4900,LELOIR,,,,1,1,0,2,0,Colisión entre vehículos,Colisión entre vehículos,S/D,,Angulo,2,Recta,Intersección / cruce,,NO,,Asfalto,,Apto,Seca,,,,,,,Si,,Noche,SI,,Despejado,,,
120726,MUNICIPALIDAD DE CORRIENTES,2021-10-16,9:00:00,CORRIENTES,18,CAPITAL,21,CORRIENTES,Urbana,Calle,LORETO,3100,,,,,2,0,0,2,0,Colisión entre vehículos,Colisión entre vehículos,S/D,,Alcance,2,Recta,,,NO,,Asfalto,,Apto,Seca,,,,,,No,No,No,Día,NO,,,Buena,,Sin Semáforo
95207,OBSERVATORIO VIAL,2021-10-15,13:15:00,CORRIENTES,18,CAPITAL,21,CORRIENTES,Urbana,Ruta Provincial,5,1 KM 1/2,,,-2.748.517,-5.877.496,1,1,0,2,0,Colisión entre vehículos,Colisión entre vehículos,S/D,,,2,Recta,Intersección / cruce,,NO,,Hormigón,,Apto,Seca,,Ninguna,,,,No,No,No,Día,NO,Sin Restricción,Despejado,Buena,,Sin Semáforo
120758,MUNICIPALIDAD DE CORRIENTES,2021-10-15,20:10:00,CORRIENTES,18,CAPITAL,21,CORRIENTES,Urbana,Calle,CAZADORES CORRENTINOS,4133,,,,,1,1,0,1,1,Atropello a peatón/es,Atropello a peatón/es,S/D,,,2,Recta,Intersección / cruce,,NO,,Asfalto,,Apto,Seca,,,,,,S/D,S/D,,Noche,SI,Sin Restricción,Despejado,Buena,,Sin Semáforo
131711,MUNICIPALIDAD DE CORRIENTES,2021-10-15,6:45:00,CORRIENTES,18,CAPITAL,21,CORRIENTES,Urbana,Calle,MEDRANO,,CARTAGENA,,,,0,1,0,1,0,Choque,Choque,S/D,,Columna,1,Recta,Intersección / cruce,,,,,,Apto,Seca,,Cordón Divisorio,,,,,,,Día,NO,Sin Restricción,Despejado,Buena,,
124172,MUNICIPALIDAD DE CORRIENTES,2021-10-15,0:10:00,CORRIENTES,18,,,,Urbana,Ruta Nacional,12,1028,PJE VERONA,,,,1,1,0,2,0,Colisión entre vehículos,Colisión entre vehículos,S/D,,Angulo,2,Recta,Intersección / cruce,,NO,,Asfalto,,Apto,,,Ninguna,,,,,,,Noche,SI,Obra en Construcción,Despejado,Buena,,
98254,OBSERVATORIO VIAL,2021-10-14,15:00:00,CORRIENTES,18,CAPITAL,21,CORRIENTES,Urbana,Calle,SAN MARTIN,2950,,,-2.747.207,-5.881.381,0,2,0,1,0,"Caída desde vehículo, Colisión entre vehículos",Colisión entre vehículos,S/D,,,1,Recta,Intersección / cruce,RECTA,NO,,Hormigón,,Apto,Seca,,Ninguna,,,,No,No,No,Día,NO,Sin Restricción,Despejado,,,Sin Semáforo
114276,MUNICIPALIDAD DE CORRIENTES,2021-10-14,19:00:00,CORRIENTES,18,CAPITAL,21,CORRIENTES,Urbana,Avenida,AV. CAZADORES CORRENTINOS,3900,,,,,0,3,0,2,0,Colisión entre vehículos,Colisión entre vehículos,S/D,,,2,Recta,Intersección / cruce,,NO,,Asfalto,,Apto,,,,,,,,,,Atardecer,NO,,Nublado,Buena,,
129558,MUNICIPALIDAD DE CORRIENTES,2021-10-14,6:55:00,CORRIENTES,18,CAPITAL,21,CORRIENTES,Urbana,Calle,VERONA,6000,RUTA 12,,,,0,2,0,2,0,Colisión entre vehículos,Colisión entre vehículos,S/D,,,2,Recta,,,NO,,Asfalto,,Apto,Seca,,,,,,,,,Día,NO,Sin Restricción,Despejado,Buena,,
118304,SEG VIAL,2021-10-14,10:04:00,CORRIENTES,18,CAPITAL,21,CORRIENTES,Urbana,Avenida,AV PATAGONIA,,BONASTRE,,,,0,1,0,2,0,Colisión entre vehículos,Colisión entre vehículos,S/D,,Alcance,2,Curva,Intersección / cruce,,NO,,Hormigón,,Apto,Seca,,,,,,No,No,No,Día,NO,Sin Restricción,Despejado,Buena,,Sin Semáforo
121586,MUNICIPALIDAD DE CORRIENTES,2021-10-14,22:30:00,CORRIENTES,18,CAPITAL,21,CORRIENTES,Urbana,Calle,ELIAS ABAD,,DR. CARRILLO,,,,2,0,0,2,0,Colisión entre vehículos,Colisión entre vehículos,S/D,,Angulo,2,,Intersección / cruce,,NO,,Asfalto,,Apto,Seca,,Ninguna,,,,No,No,No,Noche,SI,Sin Restricción,Despejado,Buena,,
98237,OBSERVATORIO VIAL,2021-10-13,7:10:00,CORRIENTES,18,CAPITAL,21,CORRIENTES,Urbana,Avenida,AV INDEPENDENCIA,5100,GODOY CRUZ,,-2.748.394,-5.878.970,3,0,0,3,0,Colisión entre vehículos,Colisión entre vehículos,S/D,,,3,Recta,Intersección / cruce,,NO,,Hormigón,,Apto,Seca,,Cordón Divisorio,,,,Si,Si,No,Día,NO,Sin Restricción,Despejado,Buena,,Funciona
119139,MUNICIPALIDAD DE CORRIENTES,2021-10-13,19:00:00,CORRIENTES,18,CAPITAL,21,CORRIENTES,Urbana,Avenida,AV. 3 DE abril,2500,ARTIGAS,,,,3,0,0,3,0,Colisión entre vehículos,Colisión entre vehículos,S/D,,Alcance,3,Recta,,,NO,,Asfalto,,Apto,Seca,,,,,,Si,Si,Si,Atardecer,SI,Sin Restricción,Despejado,Buena,,Funciona
124149,DIRECCIÓN GENERAL DE SEG VIAL,2021-10-13,12:20:00,CORRIENTES,18,CAPITAL,21,CORRIENTES,Urbana,Calle,CORDOBA,,RIVADAVIA,,,,2,0,0,2,0,Colisión entre vehículos,Colisión entre vehículos,S/D,,Angulo,2,Recta,,,NO,,Asfalto,,Apto,"Despejada, Seca",,Ninguna,,,,S/D,S/D,,Día,NO,Sin Restricción,Despejado,Buena,,
123423,MUNICIPALIDAD DE CORRIENTES,2021-10-12,17:00:00,CORRIENTES,18,CAPITAL,21,CORRIENTES,Urbana,Avenida,AV. 3 DE ABRIL,1500,SAN LORENZO,,,,2,0,0,2,0,Colisión entre vehículos,Colisión entre vehículos,S/D,,,2,Recta,,,NO,,Asfalto,,Apto,Seca,,,,,,Si,Si,,Día,NO,Sin Restricción,Despejado,Buena,,Funciona
123444,DIRECCIÓN DE SEGURIDAD VIAL,2021-10-12,6:10:00,CORRIENTES,18,CAPITAL,21,CORRIENTES,Urbana,Calle,SAN MARTIN,,MENDOZA,,-2.746.995,-5.883.585,2,0,0,2,0,Colisión entre vehículos,Colisión entre vehículos,S/D,,,2,Recta,,,NO,,Asfalto,,Apto,Seca,,,,,,Si,Si,,Amanecer,SI,Sin Restricción,Despejado,Buena,,Sin Semáforo
126975,MUNICIPALIDAD DE CORRIENTES,2021-10-12,8:25:00,CORRIENTES,18,CAPITAL,21,CORRIENTES,Urbana,Ruta Provincial,RUTA 5,1600,JOAQUIN ARQUERO,,,,3,1,0,2,0,Colisión entre vehículos,Colisión entre vehículos,S/D,,Angulo,2,Recta,Intersección / cruce,,NO,,Asfalto,,Apto,Seca,,Ninguna,,,,No,No,No,Día,NO,Sin Restricción,Despejado,Buena,,Sin Semáforo
107706,OBSERVATORIO VIAL,2021-10-12,19:30:00,CORRIENTES,18,CAPITAL,21,CORRIENTES,Urbana,Avenida,AV C. CORRENTINO,4700,AV MONTE CARLOS,,-2.748.817,-5.879.537,1,1,0,2,0,Colisión entre vehículos,Colisión entre vehículos,S/D,,,2,Recta,Intersección / cruce,,NO,,Asfalto,,Apto,Seca,,Ninguna,,,,S/D,S/D,S/D,Atardecer,NO,Sin Restricción,Despejado,Buena,,Sin Semáforo
115168,CAPITAL,2021-10-12,12:20:00,CORRIENTES,18,CAPITAL,21,CORRIENTES,Urbana,Avenida,AV. MAIPU,2600,,,,,1,1,0,2,0,Colisión entre vehículos,Colisión entre vehículos,S/D,,Angulo,2,Recta,Intersección / cruce,,NO,,Hormigón,,Apto,Seca,,Cordón Divisorio,,,,S/D,S/D,No,Día,SI,Sin Restricción,Despejado,Buena,,
119991,MUNICIPALIDAD DE CORRIENTES,2021-10-11,8:05:00,CORRIENTES,18,CAPITAL,21,CORRIENTES,Urbana,Calle,HIPOLITO IRIGOYEN,2002,PARAGUAY,,-2.746.959,-5.882.668,2,1,0,2,0,Colisión entre vehículos,Colisión entre vehículos,S/D,,Lateral,2,Recta,,,NO,,Asfalto,,Apto,Seca,,,,,,No,No,No,Día,NO,Sin Restricción,Despejado,Buena,,Sin Semáforo
130980,MUNICIPALIDAD DE CORRIENTES,2021-10-11,9:15:00,CORRIENTES,18,CAPITAL,21,CORRIENTES,Urbana,Calle,AV. MAIPU,1100,,,,,2,1,0,2,0,Colisión entre vehículos,Colisión entre vehículos,S/D,,,2,Recta,Intersección / cruce,,NO,,Asfalto,,Apto,Seca,,Ninguna,,,,,,,Día,NO,Sin Restricción,Despejado,Buena,,
105564,OBSRVATORIO VIAL,2021-10-10,0:33:00,CORRIENTES,18,CAPITAL,21,CORRIENTES,Urbana,Calle,MORENO,2200,ROCA,,-2.747.449,-5.882.349,1,1,0,2,0,Colisión entre vehículos,Colisión entre vehículos,S/D,,,2,Recta,Intersección / cruce,,NO,,Asfalto,,Apto,Seca,,Cordón Divisorio,,,,Si,Si,No,Noche,SI,Sin Restricción,Despejado,Buena,,Sin Semáforo
108381,OBSERVATORIO VIAL,2021-10-09,8:15:00,CORRIENTES,18,CAPITAL,21,CORRIENTES,Urbana,Avenida,AV COLON,3300,SOLIS,,,,1,1,0,2,0,Colisión entre vehículos,Colisión entre vehículos,S/D,,,2,Recta,Intersección / cruce,,NO,,Asfalto,,Apto,Seca,,Cordón Divisorio,,,,S/D,S/D,S/D,Día,NO,Sin Restricción,Despejado,Buena,,Sin Semáforo
128582,MUNICIPALIDAD DE CORRIENTES,2021-10-09,12:24:00,CORRIENTES,18,CAPITAL,21,CORRIENTES,Urbana,Calle,MEDRANO,3400,SUECIA,,,,2,0,0,2,0,Colisión entre vehículos,Colisión entre vehículos,S/D,,,2,Recta,Intersección / cruce,,NO,,Asfalto,,Apto,Seca,,,,,,,,,Día,NO,Sin Restricción,Despejado,Buena,,
105537,OBSERVATORIO VIAL,2021-10-09,12:00:00,CORRIENTES,18,CAPITAL,21,CORRIENTES,Urbana,Avenida,AV MAIPU,3200,LORETO,,-2.750.594,-5.881.106,1,0,0,1,0,"Caída desde vehículo, Colisión entre vehículos",Colisión entre vehículos,S/D,,,1,Recta,Intersección / cruce,,NO,,Asfalto,,Apto,Seca,,Ninguna,,,,S/D,S/D,S/D,Día,NO,Sin Restricción,Despejado,Buena,,Sin Semáforo
116015,OBSERVATORI VIAL,2021-10-08,0:47:00,CORRIENTES,18,CAPITAL,21,CORRIENTES,Urbana,Avenida,AV PUJOL,1900,PARAGUAY,,-2.746.370,-5.882.606,2,0,0,2,0,Colisión entre vehículos,Colisión entre vehículos,S/D,,Angulo,2,Recta,Intersección / cruce,,NO,,Asfalto,,Apto,Seca,,Cordón Divisorio,,,,Si,S/D,S/D,Noche,NO,Sin Restricción,Despejado,Buena,,Funciona
108348,OBSERVATORIO VIAL,2021-10-08,16:30:00,CORRIENTES,18,CAPITAL,21,CORRIENTES,Urbana,Avenida,AV MAIPU,3700,SANTA CATALINA,ROTONDA,-2.752.199,-5.879.975,2,1,0,2,0,Colisión entre vehículos,Colisión entre vehículos,S/D,,,2,Recta,Rotonda,,NO,,Hormigón,,Apto,Seca,,Cordón Divisorio,,,,S/D,S/D,S/D,Día,NO,Sin Restricción,Despejado,Buena,,Sin Semáforo
124911,MUNICIPALIDAD DE CORRIENTES,2021-10-07,21:00:00,CORRIENTES,18,CAPITAL,21,CORRIENTES,Urbana,Avenida,AV MAIPU,,ACONCAGUA,,,,0,1,0,1,0,Caída desde vehículo,Caída desde vehículo,S/D,,,1,Recta,Intersección / cruce,,,,Asfalto,,Apto,,,Cordón Divisorio,,,,Si,Si,,Noche,SI,Sin Restricción,Despejado,Buena,,Funciona
91682,OBSERVATORIO VIAL,2021-10-07,22:30:00,CORRIENTES,18,CAPITAL,21,CORRIENTES,Urbana,Avenida,AV INDEPENDENCIA,4200,LAS PIEDRAS,,-2.748.075,-5.880.050,1,1,0,2,0,Colisión entre vehículos,Colisión entre vehículos,S/D,,Alcance,2,Recta,Intersección / cruce,,NO,,Asfalto,,Apto,Seca,,Cordón Divisorio,,,,Si,Si,,Día,NO,Sin Restricción,Despejado,Buena,,Funciona
130323,MUNICIPALIDAD DE CORRIENTES,2021-10-07,12:34:00,CORRIENTES,18,CAPITAL,21,CORRIENTES,Urbana,Calle,SAN LUIS,600,YRIGOYEN,,,,2,0,0,2,0,Colisión entre vehículos,Colisión entre vehículos,S/D,,,2,Recta,Intersección / cruce,,NO,,Asfalto,,Apto,Seca,,Ninguna,,,,No,Si,No,Día,NO,Sin Restricción,Despejado,Buena,,Sin Semáforo
108447,OBSERVATORIO VIAL,2021-10-06,8:15:00,CORRIENTES,18,CAPITAL,21,CORRIENTES,Urbana,Calle,VARGAS GOMEZ,2500,LA MADRID,,,,1,1,0,2,0,Colisión entre vehículos,Colisión entre vehículos,S/D,,Angulo,2,Recta,Intersección / cruce,,NO,,Asfalto,,Apto,Seca,,Ninguna,,,,Si,No,No,Día,NO,Sin Restricción,Despejado,Buena,,Sin Semáforo
127951,MUNICIPALIDAD DE CORRIENTES,2021-10-06,11:37:00,CORRIENTES,18,CAPITAL,21,CORRIENTES,Urbana,Avenida,AV.3DE ABRIL,200,CHACO,,,,1,1,0,2,0,Colisión entre vehículos,Colisión entre vehículos,S/D,,Lateral,2,Recta,Intersección / cruce,,NO,,Hormigón,,,Seca,,,,,,Si,Si,,Día,NO,Sin Restricción,Despejado,Buena,,Funciona
113314,MUNICIPALIDAD DE CORRIENTES,2021-10-06,0:40:00,CORRIENTES,18,CAPITAL,21,CORRIENTES,Urbana,Avenida,JR FERNANDEZ,3091,AV ARMENIA,,,,1,1,0,2,0,Colisión entre vehículos,Colisión entre vehículos,S/D,,Angulo,2,Curva,Intersección / cruce,,NO,,Asfalto,,Apto,Seca,,Ninguna,,,,Si,Si,,Noche,,Sin Restricción,Despejado,Buena,,
119959,MUNICIPALIDAD DE CORRIENTES,2021-10-04,13:02:00,CORRIENTES,18,CAPITAL,21,CORRIENTES,Urbana,Calle,BRASIL,1200,BOLIVAR,,,,3,0,0,2,0,Colisión entre vehículos,Colisión entre vehículos,S/D,,Angulo,2,Recta,Intersección / cruce,,NO,,Asfalto,,Apto,Seca,,,,,,Si,Si,S/D,Día,NO,,Despejado,Buena,,Sin Semáforo
120757,MUNICIPALIDAD DE CORRIENTES,2021-10-04,16:30:00,CORRIENTES,18,CAPITAL,21,CORRIENTES,Urbana,Calle,CABO DE HORNOS,3799,,,,,1,0,1,1,1,Colisión entre vehículos,Colisión entre vehículos,S/D,,,2,Recta,Intersección / cruce,,NO,,Asfalto,,Apto,Seca,,,,,,S/D,S/D,S/D,Día,NO,Sin Restricción,Despejado,Buena,,Sin Semáforo
94683,OBSERVATORIO VIAL,2021-10-03,11:15:00,CORRIENTES,18,CAPITAL,21,CORRIENTES,Urbana,Avenida,AV FERRE,2670,,,-2.747.807,-5.881.899,2,0,0,2,0,Choque,Choque,S/D,,,2,Recta,,RECTA,NO,,Asfalto,,Baches,Mojada,,Cordón Divisorio,,,,Si,Si,No,Día,NO,Sin Restricción,Despejado,Buena,,Sin Semáforo
106216,OBSERVATORIO VIAL,2021-10-03,8:15:00,CORRIENTES,18,CAPITAL,21,CORRIENTES,Urbana,Calle,9 DE julio,1700,ESPAÑA,,-2.746.704,-5.882.910,1,1,0,2,0,Colisión entre vehículos,Colisión entre vehículos,S/D,,,2,Recta,Intersección / cruce,,NO,,Hormigón,,Apto,Seca,,Ninguna,,,,S/D,S/D,S/D,Día,NO,Sin Restricción,Lluvia,Lluvia,,Sin Semáforo
110351,OBSERVATORIO VIAL,2021-10-03,15:00:00,CORRIENTES,18,CAPITAL,21,CORRIENTES,Urbana,Calle,9 DE julio,1900,PARAGUAY,,-2.746.963,-5.882.679,1,1,0,2,0,Colisión entre vehículos,Colisión entre vehículos,S/D,,,2,Recta,Intersección / cruce,,NO,,Asfalto,,Apto,Seca,,Ninguna,,,,Si,Si,,Día,NO,Sin Restricción,Despejado,Buena,,Sin Semáforo
95902,OBSERVATORIO VIAL,2021-10-03,22:30:00,CORRIENTES,18,CAPITAL,21,CORRIENTES,Urbana,Avenida,AV MAIPU,6500,RUTA 12,,-2.752.601,-5.876.484,0,1,0,1,0,Colisión entre vehículos,Colisión entre vehículos,S/D,,,1,Recta,,RUTA,NO,,Asfalto,,En reparación,Seca,,Cordón Divisorio,,,,S/D,S/D,Si,Noche,NO,Obra en Construcción,Despejado,Buena,,Sin Semáforo
111124,OBSERVATORIO VIAL,2021-10-02,14:15:00,CORRIENTES,18,CAPITAL,21,CORRIENTES,Urbana,Avenida,AV CHACABUCO,2600,AV INDEPENDENCIA,,-2.747.863,-5.881.477,1,1,0,2,0,Colisión entre vehículos,Colisión entre vehículos,S/D,,,2,Recta,Intersección / cruce,,NO,,Asfalto,,Apto,Seca,,,,,,Si,Si,No,Día,SI,Sin Restricción,Despejado,Buena,,Sin Semáforo
126286,MUNICIPALIDAD DE CORRIENTES,2021-10-02,9:30:00,CORRIENTES,18,,,,Urbana,Ruta Nacional,12,1029,,,,,0,2,0,2,0,Colisión entre vehículos,Colisión entre vehículos,S/D,,,2,Recta,Intersección / cruce,,NO,,Asfalto,,Apto,Seca,,,,,,,,,Día,NO,Sin Restricción,Despejado,Buena,,
106226,OBSERVATORIO VIAL,2021-10-02,11:00:00,CORRIENTES,18,CAPITAL,21,CORRIENTES,Urbana,Avenida,AV FRONDIZI,3410,SUECIA,,-2.750.347,-5.879.762,0,1,0,1,0,"Caída desde vehículo, Colisión entre vehículos",Colisión entre vehículos,S/D,,,1,Recta,Intersección / cruce,,NO,,Asfalto,,Apto,Seca,,Ninguna,,,,No,No,No,Día,NO,Sin Restricción,Despejado,Buena,,Sin Semáforo
119134,DIRECCIÓN DE SEG VIAL,2021-10-01,12:50:00,CORRIENTES,18,CAPITAL,21,CORRIENTES,Urbana,Calle,AV. LAPRIDA,,OLIVOS,,,,1,1,0,2,0,Colisión entre vehículos,Colisión entre vehículos,S/D,,Angulo,2,Recta,Intersección / cruce,,NO,,Asfalto,,Apto,Seca,,,,,,S/D,S/D,S/D,Día,NO,Sin Restricción,Despejado,Buena,,Sin Semáforo
124883,Capital,2021-09-30,12:35:00,CORRIENTES,18,CAPITAL,21,CORRIENTES,Urbana,Avenida,Av Ferre,2210,Roca,,-2.747.749,-5.882.348,2,0,0,2,0,Colisión entre vehículos,Colisión entre vehículos,S/D,,,2,Recta,,,NO,,Asfalto,,Apto,,,,,,,,,,Día,NO,Sin Restricción,Despejado,Buena,,
127004,DIRECCIÓN DE SEGURIDAD VIAL,2021-09-29,9:10:00,CORRIENTES,18,CAPITAL,21,CORRIENTES,Urbana,Avenida,AV CAZADORES CORRENTINOS,,JUAN JOSE PASO,,,,1,1,0,2,0,Colisión entre vehículos,Colisión entre vehículos,S/D,,,2,Recta,Intersección / cruce,,NO,,Hormigón,,Apto,Seca,,,,,,,,,Día,NO,Sin Restricción,Despejado,Buena,,
106262,OBSERVATORIO VIAL,2021-09-29,19:30:00,CORRIENTES,18,CAPITAL,21,CORRIENTES,Urbana,Ruta Nacional,12,1023,,,-2.754.181,-5.875.320,1,1,0,2,0,Colisión entre vehículos,Colisión entre vehículos,S/D,,,2,Recta,,RECTA,NO,,Asfalto,,,Seca,,Ninguna,,,,S/D,S/D,S/D,Noche,SI,Sin Restricción,Despejado,Buena,,Sin Semáforo
118295,SEG VIAL,2021-09-27,13:50:00,CORRIENTES,18,CAPITAL,21,CORRIENTES,Urbana,Avenida,AV. FERRÉ,2060,,,,,3,0,0,2,0,Colisión entre vehículos,Colisión entre vehículos,S/D,,Alcance,2,Recta,,,NO,,Hormigón,,Apto,Seca,,,,,,Si,,,Día,NO,Sin Restricción,Despejado,Buena,,Funciona
105560,OBSERVATORIO VIAL,2021-09-27,6:20:00,CORRIENTES,18,CAPITAL,21,CORRIENTES,Urbana,Avenida,AV FERRE,1900,PARAGUAY,,-2.747.675,-5.882.747,0,1,0,1,0,"Caída desde vehículo, Colisión entre vehículos",Colisión entre vehículos,S/D,,,1,Recta,Intersección / cruce,,NO,,,,Apto,Seca,,Ninguna,,,,Si,Si,,Noche,SI,Sin Restricción,Despejado,Buena,,Funciona
120723,MUNICIPALIDAD DE CORRIENTES,2021-09-27,14:30:00,CORRIENTES,18,CAPITAL,21,CORRIENTES,Urbana,Calle,LAS HERAS,1400,SAN LORENZO,,,,1,1,0,2,0,Colisión entre vehículos,Colisión entre vehículos,S/D,,Angulo,2,Recta,Intersección / cruce,,NO,,Asfalto,,Apto,Seca,,,,,,,,,Día,SI,Sin Restricción,,Buena,,
122868,Capital,2021-09-26,11:00:00,CORRIENTES,18,CAPITAL,21,CORRIENTES,Urbana,Calle,Cordoba,1300,Belgrano,,-2.747.234,-5.883.500,2,0,0,2,0,Colisión entre vehículos,Colisión entre vehículos,S/D,,,2,Recta,Intersección / cruce,,NO,,Asfalto,,Apto,Seca,,,,,,,,,Día,NO,Sin Restricción,Nublado,Buena,,
100031,OBSERVATORIO VIAL,2021-09-26,16:20:00,CORRIENTES,18,CAPITAL,21,CORRIENTES,Urbana,Calle,ROCA,1500,,,-2.747.570,-5.882.354,2,0,0,2,0,Colisión entre vehículos,Colisión entre vehículos,S/D,,Angulo,2,Recta,Intersección / cruce,,NO,,Asfalto,,Apto,Seca,,Ninguna,,,,No,No,No,Día,NO,Sin Restricción,Despejado,Buena,,Funciona
111135,OBSERVATORIO VIAL,2021-09-25,17:45:00,CORRIENTES,18,CAPITAL,21,CORRIENTES,Urbana,Ruta Provincial,5,1,PACHECO,,-2.748.598,-5.877.076,1,1,0,2,0,Colisión entre vehículos,Colisión entre vehículos,S/D,,,2,Recta,Intersección / cruce,,NO,,Asfalto,,Apto,Seca,,Ninguna,,,,Si,Si,No,Atardecer,NO,Sin Restricción,Despejado,Buena,,Funciona
95899,OBSERVATORIO VIAL,2021-09-25,23:20:00,CORRIENTES,18,CAPITAL,21,CORRIENTES,Urbana,Avenida,AV CHACABUCO,3000,AV INDEPENDENCIA,,-2.747.844,-5.881.466,2,0,0,2,0,Colisión entre vehículos,Colisión entre vehículos,S/D,,Frontal,2,Recta,Intersección / cruce,,NO,,Asfalto,,Apto,Seca,,Cordón Divisorio,,,,Si,No,No,Noche,SI,Sin Restricción,Despejado,Buena,,Funciona
124403,DIRECCIÓN DE SEGURIDAD VIAL,2021-09-24,11:40:00,CORRIENTES,18,CAPITAL,21,CORRIENTES,Urbana,Avenida,AV. ARTIGAS,,BOLIVAR,,,,2,0,0,2,0,Colisión entre vehículos,Colisión entre vehículos,S/D,,,2,Recta,Intersección / cruce,,NO,,Asfalto,,Apto,Seca,,Ninguna,,,,Si,Si,,Día,NO,Sin Restricción,Despejado,Buena,,Sin Semáforo
130962,MUNICIPALIDAD DE CORRIENTES,2021-09-24,22:30:00,CORRIENTES,18,CAPITAL,21,CORRIENTES,Urbana,Calle,VARGAS GOMEZ,1701,LAVALLE,,-2.747.745,-5.883.404,1,1,0,2,0,Colisión entre vehículos,Colisión entre vehículos,S/D,,Lateral,2,Recta,Intersección / cruce,,NO,,Asfalto,,Apto,,,,,,,S/D,S/D,,Noche,SI,Sin Restricción,Despejado,Buena,,Sin Semáforo
115952,OBSERVATORIO VIAL,2021-09-24,20:00:00,CORRIENTES,18,CAPITAL,21,CORRIENTES,Urbana,Avenida,AV PUJOL,2400,JUNIN,,-2.746.919,-5.881.943,1,0,0,1,0,Choque,Choque,S/D,,Inmueble,1,Recta,Intersección / cruce,,NO,,Asfalto,,Apto,Seca,,Ninguna,,,,S/D,S/D,S/D,Noche,SI,Sin Restricción,Despejado,Buena,,Sin Semáforo
119987,MUNICIPALIDAD DE CORRIENTES,2021-09-24,20:05:00,CORRIENTES,18,CAPITAL,21,CORRIENTES,Urbana,Calle,CUBA,4942,,,,,1,1,0,2,0,Colisión entre vehículos,Colisión entre vehículos,S/D,,Alcance,2,Recta,Intersección / cruce,,NO,,Asfalto,,Apto,Seca,,,,,,Si,Si,Si,,SI,,Despejado,Buena,,Funciona
120712,MUNICIPALIDAD DE CORRIENTES,2021-09-24,18:15:00,CORRIENTES,18,CAPITAL,21,CORRIENTES,Urbana,Ruta Provincial,RUTA 5,2.5,,,,,1,1,0,2,0,Colisión entre vehículos,Colisión entre vehículos,S/D,,,2,Recta,,,NO,,Asfalto,,Apto,Seca,,Ninguna,,,,No,No,,Día,NO,Sin Restricción,Despejado,Buena,,Sin Semáforo
123430,DIRECCIÓN DE SEGURIDAD VIAL,2021-09-24,10:55:00,CORRIENTES,18,CAPITAL,21,CORRIENTES,Urbana,Calle,BOLIVAR,,BUENOS AIRES,,,,1,1,0,2,0,Colisión entre vehículos,Colisión entre vehículos,S/D,,,2,Recta,,,NO,,Asfalto,,Apto,Seca,,,,,,S/D,S/D,S/D,Día,NO,Sin Restricción,Despejado,Buena,,Sin Semáforo
129569,MUNICIPALIDAD DE CORRIENTES,2021-09-23,15:16:00,CORRIENTES,18,CAPITAL,21,CORRIENTES,Urbana,Ruta Nacional,12,1030,ROTONDA,,,,2,0,0,2,0,Colisión entre vehículos,Colisión entre vehículos,S/D,,Alcance,2,Recta,Intersección / cruce,,NO,,Asfalto,,Apto,Seca,,,,,,,,,Día,NO,Obra en Construcción,Despejado,Buena,,
119141,MUNICIPALIDAD DE CORRIENTES,2021-09-22,8:25:00,CORRIENTES,18,CAPITAL,21,CORRIENTES,Urbana,Avenida,AV. 3 DE ABRIL,799,BUENOS AIRES,,,,3,0,0,3,0,Colisión entre vehículos,Colisión entre vehículos,S/D,,,3,Recta,,,NO,,Asfalto,,Apto,Seca,,,,,,,,,Día,NO,,Despejado,Buena,,
126360,MUNICIPALIDAD DE CORRIENTES,2021-09-22,20:20:00,CORRIENTES,18,CAPITAL,21,CORRIENTES,Urbana,Semiautopista/Autovía,RUTA 12,,CUBA,,,,2,1,0,3,0,Colisión entre vehículos,Colisión entre vehículos,S/D,,,3,Recta,Intersección / cruce,,NO,,Asfalto,,Apto,Seca,,Ninguna,,,,No,No,No,Noche,NO,Desvío Provisorio,Despejado,,OSCURIDAD,Sin Semáforo
129562,MUNICIPALIDAD DE CORRIENTES,2021-09-21,19:42:00,CORRIENTES,18,CAPITAL,21,CORRIENTES,Urbana,Calle,SAN MARTIN,,BUENOS AIRES,,-2.747.013,-5.883.342,2,0,0,2,0,Colisión entre vehículos,Colisión entre vehículos,S/D,,Frontal,2,Recta,Intersección / cruce,,NO,,Asfalto,,Apto,Seca,,Ninguna,,,,,,,Día,NO,Sin Restricción,Despejado,Buena,,
119970,MUNICIPALIDAD DE CORRIENTES,2021-09-21,19:30:00,CORRIENTES,18,CAPITAL,21,CORRIENTES,Urbana,Avenida,AV. EL MAESTRO,,NAHUEL HUAPI,,,,2,0,0,2,0,Colisión entre vehículos,Colisión entre vehículos,S/D,,Angulo,2,Recta,,,NO,,Asfalto,,Apto,Seca,,,,,,No,No,No,Atardecer,NO,Sin Restricción,Despejado,Buena,,Sin Semáforo
113323,MUNICIPALIDAD DE CORRIENTES,2021-09-19,18:30:00,CORRIENTES,18,CAPITAL,21,CORRIENTES,Urbana,Avenida,AV. ARMENIA,3402,DPTO MERCEDES,,,,2,0,0,2,0,Colisión entre vehículos,Colisión entre vehículos,S/D,,Alcance,2,Curva,Intersección / cruce,,NO,,Hormigón,,Apto,Seca,,Cordón Divisorio,,,,,,,Atardecer,SI,Sin Restricción,Despejado,Buena,,
115320,CAPITAL,2021-09-19,11:05:00,CORRIENTES,18,CAPITAL,21,CORRIENTES,Urbana,Calle,JUJUY,,MORENO,,,,1,1,0,2,0,Colisión entre vehículos,Colisión entre vehículos,S/D,,Lateral,2,Recta,Intersección / cruce,,NO,,Asfalto,,Apto,Seca,,,,,,No,No,No,Día,NO,Sin Restricción,Despejado,Buena,,Sin Semáforo
105536,OBSERVATORIO VIAL,2021-09-19,10:40:00,CORRIENTES,18,CAPITAL,21,CORRIENTES,Urbana,Avenida,AV PEDRO FERRE,2200,ROCA,,-2.747.747,-5.882.371,1,1,0,2,0,Colisión entre vehículos,Colisión entre vehículos,S/D,,Alcance,2,Recta,Intersección / cruce,,NO,,Asfalto,,Apto,Seca,,Ninguna,,,,Si,Si,No,Día,NO,Sin Restricción,Despejado,Buena,,Funciona
118281,OBSERVATORIO VIAL,2021-09-19,23:30:00,CORRIENTES,18,CAPITAL,21,CORRIENTES,Urbana,Ruta Provincial,5,"2,5",,,,,1,0,0,1,0,Colisión entre vehículos,Colisión entre vehículos,S/D,,,1,Recta,,RUTA,NO,,Asfalto,,Apto,Seca,,Ninguna,,,,No,No,No,Día,NO,Sin Restricción,Despejado,Buena,,Sin Semáforo
122551,MUNICIPALIDAD DE CORRIENTES,2021-09-19,17:05:00,CORRIENTES,18,CAPITAL,21,CORRIENTES,Urbana,Calle,AV. CENTENARIO,3300,,,,,1,1,0,2,0,Colisión entre vehículos,Colisión entre vehículos,S/D,,,2,Recta,Intersección / cruce,,NO,,Asfalto,,Apto,Seca,,Ninguna,,,,Si,Si,,Día,NO,Sin Restricción,Despejado,Buena,,Funciona
126306,Capital,2021-09-19,15:07:00,CORRIENTES,18,CAPITAL,21,CORRIENTES,Urbana,Calle,Manantiales,2100,San Francisco de Asis,,-2.749.675,-5.881.799,1,1,0,1,1,Atropello a peatón/es,Atropello a peatón/es,S/D,,,2,Recta,,,,,,,Apto,Mojada,,,,,,,,,,SI,Sin Restricción,Nublado,Buena,,
108411,OBSERVATORIO VIAL,2021-09-19,12:40:00,CORRIENTES,18,CAPITAL,21,CORRIENTES,Urbana,Avenida,AV. R.R. ALFONSIN,4100,NIÑO JESUS,,,,1,1,0,2,0,Colisión entre vehículos,Colisión entre vehículos,S/D,,Angulo,2,Recta,Intersección / cruce,,NO,,Asfalto,,Apto,Despejada,,Ninguna,,,,S/D,S/D,S/D,Día,NO,Sin Restricción,Despejado,Buena,,Sin Semáforo
124167,DIRECCIÓN DE SEGURIDAD VIAL,2021-09-18,13:19:00,CORRIENTES,18,CAPITAL,21,CORRIENTES,Urbana,Avenida,AV.MAIPU,,MANANTIALES,,-2.749.627,-5.881.669,1,1,0,2,0,Colisión entre vehículos,Colisión entre vehículos,S/D,,,2,Recta,,,NO,,Asfalto,,Apto,Seca,,Ninguna,,,,S/D,S/D,,Día,NO,Sin Restricción,Despejado,Buena,,
95202,OBSERVATORIO VIAL,2021-09-18,1:54:00,CORRIENTES,18,CAPITAL,21,CORRIENTES,Urbana,Avenida,AV PUJOL,2200,9 DE julio,,-2.746.717,-5.882.186,1,1,0,1,0,Colisión entre vehículos,Colisión entre vehículos,S/D,,,1,Curva,Intersección / cruce,,NO,,Asfalto,,Apto,Seca,,Ninguna,,,,S/D,S/D,S/D,Día,NO,Sin Restricción,Despejado,Buena,,Sin Semáforo
115151,CAPITAL,2021-09-18,13:00:00,CORRIENTES,18,CAPITAL,21,CORRIENTES,Urbana,Calle,,1900,GRAL. VELAZCO,,-2.747.996,-5.883.302,2,0,0,2,0,Colisión entre vehículos,Colisión entre vehículos,S/D,,Angulo,2,Recta,,,NO,,Hormigón,,Apto,Seca,,Ninguna,,,,S/D,S/D,S/D,Día,SI,Sin Restricción,Despejado,Buena,,Sin Semáforo
119981,MUNICIPALIDAD DE CORRIENTES,2021-09-18,7:45:00,CORRIENTES,18,CAPITAL,21,CORRIENTES,Urbana,Calle,CAFAYATE,2900,JOSE HERNANDEZ,,-2.749.665,-5.882.213,1,1,0,2,0,Colisión entre vehículos,Colisión entre vehículos,S/D,,,2,Recta,Intersección / cruce,,NO,,Asfalto,,Apto,Seca,,,,,,S/D,S/D,S/D,Día,NO,Sin Restricción,Despejado,Buena,,Sin Semáforo
119133,MUNICIPALIDAD DE CORRIENTES,2021-09-17,12:45:00,CORRIENTES,18,CAPITAL,21,CORRIENTES,Urbana,Avenida,CAZADORES CORRENTINOS,5600,MILAN,,,,2,0,0,2,0,Colisión entre vehículos,Colisión entre vehículos,S/D,,,2,Recta,Intersección / cruce,,NO,,Asfalto,,Apto,Seca,,,,,,No,No,No,Día,NO,Sin Restricción,Despejado,Buena,,Funciona
110430,OBSERVATORIO VIAL,2021-09-16,17:00:00,CORRIENTES,18,CAPITAL,21,CORRIENTES,Urbana,Ruta Provincial,5,1/2,,,-2.748.612,-5.876.917,1,1,0,2,0,Colisión entre vehículos,Colisión entre vehículos,S/D,,,2,Recta,Intersección / cruce,,NO,,Asfalto,,,Seca,,Ninguna,,,,No,No,No,Día,NO,Sin Restricción,Despejado,Buena,,Sin Semáforo
120744,MUNICIPALIDAD DE CORRIENTES,2021-09-16,9:35:00,CORRIENTES,18,CAPITAL,21,CORRIENTES,Urbana,Avenida,RIO CHICO,,P.LANARI,,,,2,0,0,2,0,Colisión entre vehículos,Colisión entre vehículos,S/D,,Angulo,2,Recta,Intersección / cruce,,NO,,,,Apto,Seca,,,,,,S/D,S/D,S/D,Día,NO,Sin Restricción,Despejado,Buena,,Sin Semáforo
108410,OBSERVATORIO VIAL,2021-09-16,10:20:00,CORRIENTES,18,CAPITAL,21,CORRIENTES,Urbana,Calle,SAN FRANSISCO DE ASIS,47700,TURIN,,,,4,1,0,2,0,Colisión entre vehículos,Colisión entre vehículos,S/D,,Angulo,2,Recta,Intersección / cruce,,NO,,Asfalto,,Apto,Seca,,,,,,No,No,No,Día,NO,Sin Restricción,Despejado,Buena,,Sin Semáforo
118287,SEGURIDAD VIAL,2021-09-16,19:00:00,CORRIENTES,18,CAPITAL,21,CORRIENTES,Urbana,Calle,,,,,,,1,1,0,2,0,Colisión entre vehículos,Colisión entre vehículos,S/D,,Angulo,2,Recta,Intersección / cruce,,NO,,Tierra,,Apto,Seca,,Ninguna,,,,S/D,S/D,S/D,Día,NO,Sin Restricción,,Buena,,Sin Semáforo
124205,MUNICIPALIDAD DE CORRIENTES,2021-09-16,22:06:00,CORRIENTES,18,CAPITAL,21,CORRIENTES,Urbana,Calle,LAS PIEDRAS,1450,MORENO,,,,1,1,0,2,0,Colisión entre vehículos,Colisión entre vehículos,S/D,,Angulo,2,Recta,Intersección / cruce,,NO,,Asfalto,,Apto,Seca,,,,,,S/D,S/D,,Noche,SI,Sin Restricción,Despejado,Buena,,Sin Semáforo
106266,OBSERVATORIO VIAL,2021-09-15,1:20:00,CORRIENTES,18,CAPITAL,21,CORRIENTES,Urbana,Calle,CARTAGENA,3900,RESOAGLI,,-2.749.350,-5.880.585,0,1,0,1,0,"Colisión entre vehículos, Vuelco (solo 1 participante)",Colisión entre vehículos,S/D,,,1,Recta,Intersección / cruce,,NO,,,,Apto,Seca,,Cordón Divisorio,,,,S/D,S/D,S/D,Noche,SI,Sin Restricción,Despejado,Buena,,Sin Semáforo
108914,OBSERVATORIO VIAL,2021-09-15,13:30:00,CORRIENTES,18,CAPITAL,21,CORRIENTES,Urbana,Calle,EX VIAS,2700,,,-2.748.575,-5.882.246,1,1,0,2,0,Colisión entre vehículos,Colisión entre vehículos,S/D,,,2,Recta,Intersección / cruce,,NO,,Asfalto,,Apto,Seca,,Ninguna,,,,No,No,No,Día,NO,Sin Restricción,Despejado,Buena,,Sin Semáforo
129555,MUNICIPALIDAD DE CORRIENTES,2021-09-14,7:40:00,CORRIENTES,18,CAPITAL,21,CORRIENTES,Urbana,Calle,ASUNCIÓN,,AV MAIPÚ,,-2.751.558,-5.875.626,1,1,0,1,1,Atropello a peatón/es,Atropello a peatón/es,S/D,,,2,Recta,Intersección / cruce,,NO,,Asfalto,,Apto,Seca,,,,,,,,,Amanecer,NO,Sin Restricción,Despejado,Buena,,
106224,OBSERVATORIO VIAL,2021-09-14,14:05:00,CORRIENTES,18,CAPITAL,21,CORRIENTES,Urbana,Calle,AV LIBERTAD,5800,LAS VIOLETAS,,-2.746.287,-5.877.483,1,1,0,2,0,Colisión entre vehículos,Colisión entre vehículos,S/D,,,2,Recta,Intersección / cruce,,NO,,Hormigón,,Apto,Seca,,Cordón Divisorio,,,,No,No,No,Día,NO,Sin Restricción,Despejado,Buena,,Sin Semáforo
108421,OBSERVATORIO VIAL,2021-09-12,7:45:00,CORRIENTES,18,CAPITAL,21,CORRIENTES,Urbana,Ruta Nacional,12,6500,RIO CHICO,,,,2,0,0,2,0,Colisión entre vehículos,Colisión entre vehículos,S/D,,Angulo,2,Recta,Intersección / cruce,,NO,,Ripio,,Apto,Seca,,Barrera de Alto Impacto,,,,No,No,Si,Día,NO,Sin Restricción,Despejado,Buena,,Sin Semáforo
119946,DIRECCIÓN DE SEG VIAL,2021-09-11,16:00:00,CORRIENTES,18,CAPITAL,21,CORRIENTES,Urbana,Avenida,AV. CENTENARIO,,DARRAGUEIRA,,,,0,2,0,2,0,Colisión entre vehículos,Colisión entre vehículos,S/D,,,2,Recta,,,NO,,Asfalto,,Apto,Seca,,Ninguna,,,,S/D,S/D,S/D,Día,NO,Sin Restricción,Despejado,Buena,,Sin Semáforo
105517,OBSERVATORIO VIAL,2021-09-11,23:40:00,CORRIENTES,18,CAPITAL,21,CORRIENTES,Urbana,Calle,LAVALLE,2200,Y GDOR CONTTE,,-2.747.825,-5.882.378,2,0,0,2,0,Colisión entre vehículos,Colisión entre vehículos,S/D,,,2,Recta,Intersección / cruce,,NO,,Hormigón,,Apto,Seca,,Ninguna,,,,Si,No,No,Noche,SI,Sin Restricción,Despejado,Buena,,Sin Semáforo
95200,OBSERVATORIO VIAL,2021-09-11,8:15:00,CORRIENTES,18,CAPITAL,21,CORRIENTES,Urbana,Avenida,AV NINI FLORES,2000,RAMON TITO ARANDA,,-2.752.297,-5.880.081,2,0,0,2,0,Colisión entre vehículos,Colisión entre vehículos,S/D,,,2,Recta,Intersección / cruce,,NO,,Asfalto,,Apto,Seca,,Ninguna,,,,Si,Si,No,Día,NO,Sin Restricción,Despejado,Buena,,Sin Semáforo
124210,MUNICIPALIDAD DE CORRIENTES,2021-09-11,17:09:00,CORRIENTES,18,CAPITAL,21,CORRIENTES,Urbana,Avenida,AV. MAIPU,1600,NUESTRA SRA. DE LA ASUNCION,,,,1,2,0,2,0,Colisión entre vehículos,Colisión entre vehículos,S/D,,Angulo,2,Recta,Intersección / cruce,,NO,,Asfalto,,Apto,Seca,,,,,,Si,Si,Si,Día,NO,Sin Restricción,Despejado,Buena,,Funciona
122548,MUNICIPALIDAD DE CORRIENTES,2021-09-11,11:15:00,CORRIENTES,18,CAPITAL,21,CORRIENTES,Urbana,Ruta Nacional,12,1035,,,,,2,0,0,2,0,Colisión entre vehículos,Colisión entre vehículos,S/D,,,2,Recta,,,NO,,Asfalto,,Apto,Seca,,,,,,,,Si,Día,NO,Obra en Construcción,Despejado,Buena,,Sin Semáforo
124187,Capital,2021-09-11,16:45:00,CORRIENTES,18,CAPITAL,21,CORRIENTES,Urbana,Calle,Pellegrini,1200,Mendoza,,-2.746.544,-5.883.535,1,1,0,2,0,Colisión entre vehículos,Colisión entre vehículos,S/D,,,2,Recta,Intersección / cruce,,NO,,Asfalto,,Apto,Seca,,,,,,,,,Día,NO,,Despejado,Buena,,
106221,OBSERVATORIO VIAL,2021-09-11,8:50:00,CORRIENTES,18,CAPITAL,21,CORRIENTES,Urbana,Avenida,AV C. CORRENTINO,4000,NIÑO JESUS,,-2.748.707,-5.880.296,2,1,0,2,0,Colisión entre vehículos,Colisión entre vehículos,S/D,,,2,Recta,Intersección / cruce,,NO,,Asfalto,,Apto,Mojada,,Cordón Divisorio,,,,Si,S/D,S/D,Día,NO,Sin Restricción,Lluvia,Buena,,Sin Semáforo
108459,OBSERVATORIO VIAL,2021-09-11,11:45:00,CORRIENTES,18,CAPITAL,21,CORRIENTES,Urbana,Calle,CATTAMARCA,1300,JUNIN,,,,2,0,0,2,0,Colisión entre vehículos,Colisión entre vehículos,S/D,,,2,Recta,Intersección / cruce,,NO,,Asfalto,,Apto,Seca,,Ninguna,,,,Si,Si,No,Día,NO,Sin Restricción,Despejado,Buena,,Funciona
109644,OBSERVATORIO VIAL,2021-09-11,15:25:00,CORRIENTES,18,CAPITAL,21,CORRIENTES,Urbana,Avenida,AV MAIPU,2500,Caribe,,-2.749.872,-5.881.499,1,1,0,2,0,Colisión entre vehículos,Colisión entre vehículos,S/D,,Lateral,2,Recta,Intersección / cruce,,NO,,Asfalto,,Apto,Seca,,Ninguna,,,,Si,,,Día,NO,Sin Restricción,Despejado,Buena,,Funciona
128581,DIRECCIÓN DE SEGURIDAD VIAL,2021-09-11,11:10:00,CORRIENTES,18,CAPITAL,21,CORRIENTES,Urbana,Avenida,AV. INDEPENDENCIA,4867,,,,,0,1,0,1,0,Caída desde vehículo,Caída desde vehículo,S/D,,,1,Recta,Intersección / cruce,,NO,,Hormigón,,Apto,,,,,,,Si,Si,,Día,NO,Sin Restricción,Despejado,Buena,,Funciona
96785,OBSERVATORIO VIAL,2021-09-11,6:55:00,CORRIENTES,18,CAPITAL,21,CORRIENTES,Urbana,Avenida,AV MAIPU,6600,ROTONDA SANTA CATALINA,,-2.752.215,-5.879.973,0,1,0,1,0,"Caída desde vehículo, Colisión entre vehículos",Colisión entre vehículos,S/D,,,1,Curva,Rotonda,,NO,,Hormigón,,Apto,Seca,,Ninguna,,,,Si,Si,No,Día,NO,Sin Restricción,Despejado,Buena,,Sin Semáforo
124394,MUNICIPALIDAD DE CORRIENTES,2021-09-10,13:15:00,CORRIENTES,18,CAPITAL,21,CORRIENTES,Urbana,Avenida,AV. INDEPENDENCIA,3600,PIROVANO,,,,4,0,0,2,0,"Atropello a animal/es, Colisión entre vehículos",Colisión entre vehículos,S/D,,,2,Recta,,,NO,,Asfalto,,Apto,Seca,,,,,,Si,Si,No,Día,NO,Sin Restricción,Despejado,Buena,,Sin Semáforo
132609,MUNICIPALIDAD DE CORRIENTES,2021-09-10,10:40:00,CORRIENTES,18,CAPITAL,21,CORRIENTES,Urbana,Calle,ESPAÑA,1500,,,,,2,0,0,2,0,Colisión entre vehículos,Colisión entre vehículos,S/D,,,2,Recta,Intersección / cruce,,NO,,Asfalto,,Apto,Seca,,,,,,,,,Día,NO,Sin Restricción,Despejado,Buena,,
113307,DIRECCIÓN DE TRANSITO,2021-09-09,18:00:00,CORRIENTES,18,CAPITAL,21,CORRIENTES,Urbana,Avenida,Av Chacabuco,,Av. Ferré,,-4.000.000,-6.100.000,0,1,0,2,0,Colisión entre vehículos,Colisión entre vehículos,S/D,,Lateral,2,,Intersección / cruce,,NO,,Hormigón,,Apto,Seca,,Ninguna,,,,Si,,,Atardecer,,,Despejado,Buena,,Funciona
91691,OBSERVATORIO VIAL,2021-09-09,8:25:00,CORRIENTES,18,CAPITAL,21,CORRIENTES,Urbana,Avenida,AV LIBERTAD,6100,RUTA NACIONAL Nª 12,,-2.746.123,-5.876.791,1,0,0,1,0,"Atropello a animal/es, Colisión entre vehículos",Colisión entre vehículos,S/D,,,1,Recta,Intersección / cruce,,NO,,Asfalto,,Apto,Seca,,Barrera de Hormigón,,,,No,No,No,Día,NO,Sin Restricción,Despejado,Buena,,Sin Semáforo
106220,OBSERVATORIO VIAL,2021-09-09,6:50:00,CORRIENTES,18,CAPITAL,21,CORRIENTES,Urbana,Avenida,AV CHACABUCO,1200,BOLIVAR,,-2.747.327,-5.881.333,1,1,0,2,0,Colisión entre vehículos,Colisión entre vehículos,S/D,,,2,Recta,Intersección / cruce,,NO,,Asfalto,,Apto,"Despejada, Seca",,Cordón Divisorio,,,,No,No,No,Día,NO,Sin Restricción,Nublado,Buena,,Sin Semáforo
124909,MUNICIPALIDAD DE CORRIENTES,2021-09-09,17:10:00,CORRIENTES,18,CAPITAL,21,CORRIENTES,Urbana,Avenida,AV JUAN PUJOL,2018,,,,,1,1,0,1,0,Caída desde vehículo,Caída desde vehículo,S/D,,,1,Recta,,,NO,,Asfalto,,Apto,Seca,,,,,,Si,Si,,Día,NO,Sin Restricción,Despejado,Buena,,Sin Semáforo
134806,OBSERVATORIO VIAL,2021-09-09,7:15:00,CORRIENTES,18,CAPITAL,21,CORRIENTES,Urbana,Avenida,3 DE abril,11OO,,,,,0,1,0,1,0,Despiste,Despiste,Si,,,1,Recta,Intersección / cruce,,NO,,Hormigón,,Apto,Seca,,Cordón Divisorio,,,,Si,Si,No,Día,NO,Sin Restricción,Despejado,Buena,,Funciona
95209,OBSERVATORIO VIAL,2021-09-08,10:20:00,CORRIENTES,18,CAPITAL,21,CORRIENTES,Urbana,Avenida,AV PAYSANDU,2700,RAFAELA,,-2.749.750,-5.882.529,2,1,0,2,0,Colisión entre vehículos,Colisión entre vehículos,S/D,,Angulo,2,Recta,Intersección / cruce,,NO,,Asfalto,,Apto,Seca,,Ninguna,,,,S/D,S/D,S/D,Día,,Sin Restricción,Viento,,,Sin Semáforo
108367,OBSERVATORIO VIAL,2021-09-08,8:56:00,CORRIENTES,18,CAPITAL,21,CORRIENTES,Urbana,Calle,SAAVEDRA,2800,CARTAGENA,,-4.000.000,-6.100.000,1,2,0,2,0,Colisión entre vehículos,Colisión entre vehículos,S/D,,Angulo,2,Recta,Intersección / cruce,,NO,,Asfalto,,Apto,Seca,,Ninguna,,,,Si,No,No,Día,NO,Sin Restricción,Despejado,Buena,,Sin Semáforo
100033,OBSERVATORIO VIAL,2021-09-08,13:45:00,CORRIENTES,18,CAPITAL,21,CORRIENTES,Urbana,Avenida,INDEPENDENCIA,3000,CHACABUCO,,-2.747.849,-5.881.466,1,1,0,2,0,Colisión entre vehículos,Colisión entre vehículos,S/D,,Angulo,2,Recta,Intersección / cruce,,NO,,Asfalto,,Apto,Seca,,,,,,Si,Si,Si,Día,NO,Sin Restricción,Despejado,Buena,,Funciona
108372,OBSERVATORIO VIAL,2021-09-07,7:14:00,CORRIENTES,18,CAPITAL,21,CORRIENTES,Urbana,Avenida,AV CHACABUCO,1800,LAS HERAS,,,,2,0,0,2,0,Colisión entre vehículos,Colisión entre vehículos,S/D,,Alcance,2,Recta,Intersección / cruce,,NO,,Asfalto,,Apto,"Despejada, Seca",,Cordón Divisorio,,,,Si,No,No,Día,NO,Desvío Provisorio,Despejado,Buena,,Funciona
129553,MUNICIPALIDAD DE CORRIENTES,2021-09-07,13:00:00,CORRIENTES,18,CAPITAL,21,CORRIENTES,Urbana,Calle,LAVALLE,,MENDOZA,,-2.748.277,-5.882.355,1,1,0,2,0,Colisión entre vehículos,Colisión entre vehículos,S/D,,,2,Recta,Intersección / cruce,,NO,,Asfalto,,Apto,Seca,,,,,,,,,Día,NO,Sin Restricción,Despejado,Buena,,Sin Semáforo
121706,MUNICIPALIDAD DE CORRIENTES,2021-09-07,20:00:00,CORRIENTES,18,CAPITAL,21,CORRIENTES,Urbana,Avenida,AV. MEDRANO,1100,,,,,1,0,0,2,0,Colisión entre vehículos,Colisión entre vehículos,S/D,,Alcance,2,Recta,,SOBRE CALZADA,NO,,Asfalto,,Apto,Seca,,,,,,No,No,No,Noche,SI,Sin Restricción,Despejado,Buena,,Sin Semáforo
126283,MUNICIPALIDAD DE CORRIENTES,2021-09-06,8:50:00,CORRIENTES,18,CAPITAL,21,CORRIENTES,Urbana,Calle,ROCA,2100,SAN MARTIN,,,,0,1,0,1,0,Despiste,Despiste,Si,,,1,Recta,,,NO,,Asfalto,,Apto,Seca,,,,,,,,,Día,NO,Sin Restricción,Despejado,Buena,,
130973,MUNICIPALIDAD DE CORRIENTES,2021-09-05,15:00:00,CORRIENTES,18,CAPITAL,21,CORRIENTES,Urbana,Avenida,AV.CHACABUCO,1100,BOLIVAR,,,,1,1,0,2,0,Colisión entre vehículos,Colisión entre vehículos,S/D,,Angulo,2,Recta,Intersección / cruce,,NO,,Hormigón,,Apto,,,,,,,Si,Si,No,Día,NO,Sin Restricción,Despejado,Buena,,Sin Semáforo
126365,MUNICIPALIDAD DE CORRIENTES,2021-09-05,8:20:00,CORRIENTES,18,CAPITAL,21,CORRIENTES,Urbana,Avenida,MENDOZA,2150,PASAJE MITRE,,,,1,0,0,1,0,Colisión entre vehículos,Colisión entre vehículos,S/D,,,1,Recta,Intersección / cruce,,NO,,Asfalto,,Apto,Seca,,,,,,,,,Día,NO,Otro,Despejado,Buena,,
122920,Capital,2021-09-04,13:40:00,CORRIENTES,18,CAPITAL,21,CORRIENTES,Urbana,Calle,Paraguay,1900,Lavalle,,-2.747.782,-5.882.762,1,1,0,2,0,Colisión entre vehículos,Colisión entre vehículos,S/D,,Angulo,2,Recta,Intersección / cruce,,NO,,Asfalto,,Apto,Seca,,,,,,No,,,Día,NO,Sin Restricción,Despejado,Buena,,
98268,OBSERVATORIO VIAL,2021-09-03,23:00:00,CORRIENTES,18,CAPITAL,21,CORRIENTES,Urbana,Avenida,AV MAIPU,3400,RECONQUISTA,,-2.749.614,-5.881.654,2,2,0,2,0,,,S/D,,,2,Recta,Intersección / cruce,,NO,,Asfalto,,Apto,Seca,,Ninguna,,,,No,No,No,Noche,SI,Sin Restricción,Despejado,Buena,,Sin Semáforo
105921,OBSERVATORIO VIAL,2021-09-03,12:40:00,CORRIENTES,18,CAPITAL,21,CORRIENTES,Urbana,Calle,BOLIVAR,1700,ESPAÑA,,-2.747.158,-5.882.960,1,1,0,2,0,Colisión entre vehículos,Colisión entre vehículos,S/D,,Angulo,2,Recta,Intersección / cruce,,NO,,Asfalto,,Apto,Seca,,Ninguna,,,,S/D,S/D,S/D,Día,NO,Sin Restricción,Despejado,Buena,,Sin Semáforo
95910,OBSERVATORIO VIAL,2021-09-03,8:30:00,CORRIENTES,18,CAPITAL,21,CORRIENTES,Urbana,Avenida,AV MAIPU,6500,,,-2.753.095,-5.876.926,2,0,0,2,0,Colisión entre vehículos,Colisión entre vehículos,S/D,,Alcance,2,Recta,,RECTA,NO,,Asfalto,,Apto,Seca,,Ninguna,,,,No,No,No,Día,NO,Sin Restricción,Despejado,Buena,,Sin Semáforo
132606,MUNICIPALIDAD DE CORRIENTES,2021-09-03,7:20:00,CORRIENTES,18,CAPITAL,21,CORRIENTES,Urbana,Avenida,AV. FERRE,2100,,,,,2,0,0,2,0,Colisión entre vehículos,Colisión entre vehículos,S/D,,,2,Recta,Intersección / cruce,,NO,,Asfalto,,Apto,Seca,,Ninguna,,,,Si,Si,Si,Día,NO,Sin Restricción,Despejado,Buena,,Funciona
106272,OBSERVATORIO VIAL,2021-09-02,17:35:00,CORRIENTES,18,CAPITAL,21,CORRIENTES,Urbana,Avenida,AV. GDOR RUIZ,2300,GALLINO,,-2.746.662,-5.882.073,0,2,0,2,0,Choque,Choque,S/D,,,2,Recta,Intersección / cruce,,NO,,Asfalto,,Apto,Seca,,Cordón Divisorio,,,,Si,No,No,Atardecer,NO,Sin Restricción,Despejado,Buena,,Sin Semáforo
108917,OBSERVATORIO VIAL,2021-09-02,7:10:00,CORRIENTES,18,CAPITAL,21,CORRIENTES,Urbana,Avenida,AV MEDRANO,2800,SAN FRANCISCO DE ASIS,,-2.749.314,-5.879.926,1,1,0,1,0,"Choque, Colisión entre vehículos",Colisión entre vehículos,S/D,,Columna,1,Curva,Intersección / cruce,,NO,,Hormigón,,,Seca,,Cordón Divisorio,,,,Si,No,No,Día,NO,Sin Restricción,Despejado,Buena,,Sin Semáforo
118275,OBSERVATORIO VIAL,2021-09-01,11:40:00,CORRIENTES,18,CAPITAL,21,CORRIENTES,Urbana,Avenida,AV LIBERTAD,5500,,,,,1,1,0,2,0,Colisión entre vehículos,Colisión entre vehículos,S/D,,,2,Recta,Intersección / cruce,,NO,,Asfalto,,Apto,Seca,,Cordón Divisorio,,,,S/D,S/D,S/D,Día,NO,Sin Restricción,Despejado,Buena,,Sin Semáforo
119137,DIRECCIÓN DE SEG VIAL,2021-09-01,15:30:00,CORRIENTES,18,CAPITAL,21,CORRIENTES,Urbana,Calle,SAN FRANCISCO DE ASIS,,MILAN,,,,0,4,0,2,0,Colisión entre vehículos,Colisión entre vehículos,S/D,,,2,Recta,Intersección / cruce,,NO,,Asfalto,,Apto,Seca,,,,,,S/D,S/D,S/D,Día,NO,Sin Restricción,Despejado,Buena,,Sin Semáforo
118312,MUNICIPALIDAD DE CORRIENTES,2021-08-30,10:15:00,CORRIENTES,18,,,CORRIENTES,Urbana,Avenida,AV. FERRE,1600,,,,,2,0,0,2,0,Colisión entre vehículos,Colisión entre vehículos,S/D,,,2,Recta,Intersección / cruce,,NO,,Asfalto,,Apto,Seca,,,,,,,,,Día,NO,Sin Restricción,Despejado,Buena,,
95206,OBSERVATORIO VIAL,2021-08-30,9:10:00,CORRIENTES,18,CAPITAL,21,CORRIENTES,Urbana,Calle,PADRE BORGATTI,1300,,,-2.747.087,-5.885.099,1,1,0,2,0,Colisión entre vehículos,Colisión entre vehículos,S/D,,,2,Recta,Intersección / cruce,,NO,,Asfalto,,Apto,Seca,,Ninguna,,,,Si,Si,No,Día,NO,Sin Restricción,Despejado,Buena,,Sin Semáforo
122985,Capital,2021-08-30,18:20:00,CORRIENTES,18,CAPITAL,21,CORRIENTES,Urbana,Avenida,Cosquin,1700,Av Sarmiento,,-2.749.173,-5.878.516,1,1,0,2,0,Colisión entre vehículos,Colisión entre vehículos,S/D,,,2,Recta,Intersección / cruce,,NO,,Asfalto,,Apto,Seca,,Ninguna,,,,Si,,,Día,NO,,Despejado,Buena,,Sin Semáforo
119984,MUNICIPALIDAD DE CORRIENTES,2021-08-29,16:00:00,CORRIENTES,18,CAPITAL,21,CORRIENTES,Urbana,Calle,PIO 12,2099,LAMADRID,,,,1,1,0,2,0,Colisión entre vehículos,Colisión entre vehículos,S/D,,Angulo,2,Recta,Intersección / cruce,,NO,,Asfalto,,Apto,Seca,,,,,,No,No,No,Día,NO,Sin Restricción,Despejado,Buena,,Sin Semáforo
120743,MUNICIPALIDAD DE CORRIENTES,2021-08-29,14:20:00,CORRIENTES,18,CAPITAL,21,CORRIENTES,Urbana,Calle,LAS PIEDRAS,,RIO DE JANEIRO,,,,1,1,0,2,0,Colisión entre vehículos,Colisión entre vehículos,S/D,,Angulo,2,Recta,,,NO,,Asfalto,,Apto,Seca,,Ninguna,,,,S/D,S/D,S/D,Día,NO,Sin Restricción,Despejado,Buena,,Sin Semáforo
125023,MUNICIPALIDAD DE CORRIENTES,2021-08-28,12:35:00,CORRIENTES,18,CAPITAL,21,CORRIENTES,Urbana,Avenida,AV. INDEPENDENCIA,4800,,,,,2,0,0,2,0,Colisión entre vehículos,Colisión entre vehículos,S/D,,,2,Recta,Intersección / cruce,,NO,,Asfalto,,Apto,Seca,,,,,,Si,Si,No,Día,NO,Sin Restricción,Despejado,Buena,,Funciona
126370,MUNICIPALIDAD DE CORRIENTES,2021-08-28,6:45:00,CORRIENTES,18,CAPITAL,21,CORRIENTES,Urbana,Ruta Provincial,5,"1,2",FRENTE A PACHECO,,,,1,1,0,2,0,Colisión entre vehículos,Colisión entre vehículos,S/D,,,2,Recta,Intersección / cruce,,NO,,Asfalto,,Apto,Seca,,,,,,,,,Amanecer,NO,Sin Restricción,Despejado,Buena,,
131691,MUNICIPALIDAD DE CORRIENTES,2021-08-28,19:10:00,CORRIENTES,18,CAPITAL,21,CORRIENTES,Urbana,Avenida,INDEPENDENCIA,5500,,,,,1,1,0,2,0,Colisión entre vehículos,Colisión entre vehículos,S/D,,Alcance,2,Recta,,,NO,,Asfalto,,Apto,Seca,,,,,,,,,Atardecer,SI,,Despejado,Buena,,
131708,MUNICIPALIDAD DE CORRIENTES,2021-08-28,10:15:00,CORRIENTES,18,CAPITAL,21,CORRIENTES,Urbana,Avenida,AV. ARMENIA,4500,,,,,2,0,0,2,0,Colisión entre vehículos,Colisión entre vehículos,S/D,,,2,Recta,,,NO,,Hormigón,,Apto,Seca,,,,,,,,,Día,NO,Sin Restricción,Despejado,Buena,,
115141,CORRIENTES CAPITAL,2021-08-28,8:00:00,CORRIENTES,18,CAPITAL,21,CORRIENTES,Urbana,Calle,SAENZ,1500,,,,,1,1,0,2,0,Colisión entre vehículos,Colisión entre vehículos,S/D,,Angulo,2,Recta,Intersección / cruce,,NO,,Hormigón,,Apto,Seca,,Ninguna,,,,S/D,S/D,S/D,Día,SI,Sin Restricción,,Buena,,Sin Semáforo
124114,Capital,2021-08-28,10:20:00,CORRIENTES,18,CAPITAL,21,CORRIENTES,Urbana,Avenida,3 de abril,800,Buenos Aires,,-2.747.488,-5.884.110,2,0,0,2,0,Colisión entre vehículos,Colisión entre vehículos,S/D,,,2,Recta,Intersección / cruce,,NO,,Asfalto,,Apto,Seca,,,,,,,,,Día,NO,Sin Restricción,Despejado,Buena,,
132594,MUNICIPALIDAD DE CORRIENTES,2021-08-28,9:33:00,CORRIENTES,18,CAPITAL,21,CORRIENTES,Urbana,Avenida,CAZADORES CORRENTINOS,5058,,,,,0,1,0,1,0,Colisión entre vehículos,Colisión entre vehículos,S/D,,,1,Recta,,,NO,,Asfalto,,Apto,Despejada,,,,,,,,,Día,NO,Sin Restricción,Despejado,Buena,,
95898,OBSERVATORIO VIAL,2021-08-27,15:40:00,CORRIENTES,18,CAPITAL,21,CORRIENTES,Urbana,Avenida,AV. R.R.ALFONSIN,4400,,,-2.747.520,-5.879.703,3,1,0,2,0,Colisión entre vehículos,Colisión entre vehículos,S/D,,Angulo,2,Recta,Intersección / cruce,,NO,,Hormigón,,Apto,Seca,,Ninguna,,,,Si,No,No,Día,NO,,Nublado,Buena,,Sin Semáforo
121660,MUNICIPALIDAD DE CORRIENTES,2021-08-27,17:55:00,CORRIENTES,18,CAPITAL,21,CORRIENTES,Urbana,Avenida,AV. SARMIENTO,1700,,,,,1,0,0,2,0,Colisión entre vehículos,Colisión entre vehículos,S/D,,,2,Recta,,,NO,,Asfalto,,Apto,Seca,,,,,,Si,Si,No,Día,NO,,Despejado,Buena,,Sin Semáforo
128324,CAPITAL,2021-08-26,0:30:00,CORRIENTES,18,CAPITAL,21,CORRIENTES,Urbana,Calle,AREQUIPA,,RIO NEGRO,,,,1,1,0,2,0,Colisión entre vehículos,Colisión entre vehículos,S/D,,Angulo,2,Recta,Intersección / cruce,,NO,,Hormigón,,Apto,Seca,,,,,,,,,Noche,SI,Sin Restricción,Despejado,Buena,,
105562,OBSERVATORIO VIAL,2021-08-25,12:10:00,CORRIENTES,18,CAPITAL,21,CORRIENTES,Urbana,Ruta Provincial,RUTA Nª 5,KM 5700,,,-2.748.994,-5.875.757,1,1,0,1,1,"Atropello a peatón/es, Colisión entre vehículos",Colisión entre vehículos,S/D,,,2,Recta,Intersección / cruce,,NO,,Asfalto,,Apto,Seca,,Ninguna,,,,S/D,S/D,S/D,Día,NO,Sin Restricción,Despejado,Buena,,
104758,OBSERVATORIO VIAL,2021-08-24,6:00:00,CORRIENTES,18,CAPITAL,21,CORRIENTES,Urbana,Calle,CATAMARCA,700,PELLEGRINI,,-2.746.571,-5.883.280,2,0,0,2,0,Colisión entre vehículos,Colisión entre vehículos,S/D,,,2,Recta,Intersección / cruce,,NO,,Asfalto,,Apto,Seca,,Ninguna,,,,Si,No,No,Amanecer,SI,Sin Restricción,Despejado,Buena,,Funciona
107645,OBSERVATORIO VIAL,2021-08-24,9:20:00,CORRIENTES,18,CAPITAL,21,CORRIENTES,Urbana,Calle,LA RIOJA,1100,BOLIVAR,,-2.747.078,-5.883.843,2,0,0,2,0,Colisión entre vehículos,Colisión entre vehículos,S/D,,Angulo,2,Recta,Intersección / cruce,,NO,,Asfalto,,Apto,Seca,,Ninguna,,,,Si,Si,No,Día,NO,Sin Restricción,Despejado,Buena,,Sin Semáforo
109640,OBSERVATORIO VIAL,2021-08-23,13:48:00,CORRIENTES,18,CAPITAL,21,CORRIENTES,Urbana,Calle,SUIZA,3300,,,-2.747.614,-5.881.069,1,1,0,2,0,Colisión entre vehículos,Colisión entre vehículos,S/D,,Angulo,2,Recta,Intersección / cruce,,NO,,Asfalto,,Apto,Seca,,Ninguna,,,,Si,No,No,Día,NO,Sin Restricción,Despejado,Buena,,Sin Semáforo
118298,MUNICIPALIDAD DE CORRIENTES,2021-08-23,17:10:00,CORRIENTES,18,,,CORRIENTES,Urbana,Avenida,AV. PUJOL,800,PERU,,,,1,0,0,1,0,,,S/D,SUBIO A LA PLAYA Y DERRIBO DOS CARTELES SEÑALIZADORES,,1,Curva,,,NO,,Asfalto,,Apto,,,,,,,,,,Día,SI,,Despejado,Buena,,
128326,MUNICIPALIDAD DE CORRIENTES,2021-08-22,7:30:00,CORRIENTES,18,CAPITAL,21,CORRIENTES,Urbana,Avenida,AV. CHACABUCO,1799,,,,,1,1,0,1,1,Atropello a peatón/es,Atropello a peatón/es,S/D,,,2,Recta,Intersección / cruce,,NO,,Asfalto,,Apto,Seca,,,,,,,,,Día,NO,Sin Restricción,Despejado,Buena,,
115146,CAPITAL,2021-08-22,6:40:00,CORRIENTES,18,CAPITAL,21,CORRIENTES,Urbana,Calle,CATAMARCA,700,C.PELLEGRINI,,-2.746.572,-5.883.287,0,1,0,1,0,Despiste,Despiste,Si,,,1,Recta,Intersección / cruce,,NO,,Asfalto,,Apto,Seca,,Ninguna,,,,S/D,,,Día,SI,Sin Restricción,Despejado,Buena,,Funciona
131007,MUNICIPALIDAD DE CORRIENTES,2021-08-22,16:00:00,CORRIENTES,18,,,,Urbana,Avenida,AV.ARTIGAS,1600,AV. FERRE,,,,2,0,0,2,0,Colisión entre vehículos,Colisión entre vehículos,S/D,,Angulo,2,Recta,Intersección / cruce,,NO,,Hormigón,,Apto,,,,,,,,,,Día,,,Despejado,Buena,,
108443,OBSERVATORIO VIAL,2021-08-21,6:10:00,CORRIENTES,18,CAPITAL,21,CORRIENTES,Urbana,Calle,RIOJA,600,PELLEGRINI,,-2.746.521,-5.883.780,0,1,0,1,0,"Caída desde vehículo, Colisión entre vehículos",Colisión entre vehículos,S/D,,,1,Recta,Intersección / cruce,,NO,,Hormigón,,Apto,Despejada,,Ninguna,,,,Si,,No,Amanecer,SI,Sin Restricción,Despejado,Buena,,Funciona
123016,Capital,2021-08-21,11:55:00,CORRIENTES,18,CAPITAL,21,CORRIENTES,Urbana,Calle,Rivadavia,1900,paraguay,,-2.747.527,-5.882.741,1,1,0,2,0,Colisión entre vehículos,Colisión entre vehículos,S/D,,,2,Recta,Intersección / cruce,,NO,,Asfalto,,Apto,Seca,,,,,,,,,Día,NO,Sin Restricción,Despejado,Buena,,
96768,OBSERVATORIO VIAL,2021-08-20,11:00:00,CORRIENTES,18,CAPITAL,21,CORRIENTES,Urbana,Avenida,AV MAIPU,3100,TILCARA,,-2.750.211,-5.881.272,2,1,0,2,0,Colisión entre vehículos,Colisión entre vehículos,S/D,,,2,Recta,Intersección / cruce,,NO,,Asfalto,,Apto,Seca,,Cordón Divisorio,,,,Si,Si,No,Día,NO,Sin Restricción,Despejado,Buena,,Funciona
106263,OBSERVATORIO VIAL,2021-08-20,7:15:00,CORRIENTES,18,CAPITAL,21,CORRIENTES,Urbana,Avenida,AV. ARMENIA,4800,MONTEAGUDO,,-2.746.683,-5.879.081,1,1,0,2,0,Colisión entre vehículos,Colisión entre vehículos,S/D,,,2,Recta,Intersección / cruce,,NO,,Asfalto,,Apto,Seca,,Ninguna,,,,S/D,S/D,S/D,Amanecer,SI,Sin Restricción,Despejado,Buena,,Sin Semáforo
122925,Capital,2021-08-20,17:40:00,CORRIENTES,18,CAPITAL,21,CORRIENTES,Urbana,Avenida,Av Cartagena,3200,Juan José Paso,,-2.749.263,-5.881.359,1,1,0,2,0,Colisión entre vehículos,Colisión entre vehículos,S/D,,Angulo,2,Recta,Intersección / cruce,,NO,,Asfalto,,Apto,Seca,,,,,,No,No,No,Día,NO,Sin Restricción,Despejado,Buena,,Sin Semáforo
123003,Capital,2021-08-20,20:23:00,CORRIENTES,18,CAPITAL,21,CORRIENTES,Urbana,Avenida,Av Maipu,1800,Beltran,,-2.747.985,-5.882.853,1,1,0,2,0,Colisión entre vehículos,Colisión entre vehículos,S/D,,Angulo,2,Recta,Intersección / cruce,,NO,,Asfalto,,Apto,Seca,,Ninguna,,,,Si,Si,,Noche,SI,Sin Restricción,Despejado,Buena,,Sin Semáforo
126987,MUNICIPALIDAD DE CORRIENTES,2021-08-20,8:15:00,CORRIENTES,18,CAPITAL,21,CORRIENTES,Urbana,Calle,SARMIENTO,4000,RAFARLA,,,,2,0,0,2,0,Colisión entre vehículos,Colisión entre vehículos,S/D,,,2,Recta,Intersección / cruce,,NO,,Asfalto,,Apto,Seca,,Ninguna,,,,,,,Día,NO,,Despejado,Buena,,
132568,MUNICIPALIDAD DE CORRIENTES,2021-08-20,15:50:00,CORRIENTES,18,CAPITAL,21,CORRIENTES,Urbana,Avenida,AV.3 DE ABRIL,,ENTRE RIOS,,,,1,1,0,2,0,Colisión entre vehículos,Colisión entre vehículos,S/D,,,2,Recta,Intersección / cruce,,NO,,Asfalto,,Apto,Seca,,Cordón Divisorio,,,,Si,,,Día,NO,Sin Restricción,Despejado,Buena,,Funciona
119914,DIRECCIÓN DE SEG VIAL,2021-08-19,18:50:00,CORRIENTES,18,CAPITAL,21,CORRIENTES,Urbana,Calle,AV. CHACABUCO,,GENERAL PAZ,,-2.748.097,-5.881.525,1,1,0,2,,Colisión entre vehículos,Colisión entre vehículos,S/D,,Angulo,2,Recta,Intersección / cruce,,NO,,Hormigón,,Apto,Con material suelto,,Ninguna,,,,Si,,,Atardecer,NO,Obra en Construcción,Despejado,Buena,,Funciona
120711,MUNICIPALIDAD DE CORRIENTES,2021-08-19,15:30:00,CORRIENTES,18,CAPITAL,21,CORRIENTES,Urbana,Avenida,AV ARMENIA,,PEDERNERA,,,,1,1,0,2,0,Colisión entre vehículos,Colisión entre vehículos,S/D,,Angulo,2,Recta,,,NO,,Asfalto,,Apto,Seca,,Ninguna,,,,S/D,S/D,S/D,Día,NO,Sin Restricción,Despejado,Buena,,Sin Semáforo
119129,DIRECCIÓN DE SEG VIAL,2021-08-17,10:20:00,CORRIENTES,18,CAPITAL,21,CORRIENTES,Urbana,Avenida,AV.MAIPU,500,,,,,1,1,0,2,0,Colisión entre vehículos,Colisión entre vehículos,S/D,,Angulo,2,Recta,Intersección / cruce,,,,Asfalto,,Apto,Seca,,,,,,Si,Si,,Día,NO,,Despejado,Buena,,Funciona
124124,Capital,2021-08-17,23:01:00,CORRIENTES,18,CAPITAL,21,CORRIENTES,Urbana,Avenida,Av Cartagena,3900,Resoagli,,-2.749.354,-5.880.582,1,1,0,2,0,Colisión entre vehículos,Colisión entre vehículos,S/D,,Angulo,2,Recta,Intersección / cruce,,NO,,,,Apto,Seca,,,,,,,,,Noche,SI,Sin Restricción,Despejado,Buena,,
93064,OBSERVATORIO VIAL,2021-08-17,11:15:00,CORRIENTES,18,CAPITAL,21,CORRIENTES,Urbana,Avenida,AV PEDRO FERRE,2200,ROCA,,-2.747.720,-5.882.372,2,0,0,2,0,Colisión entre vehículos,Colisión entre vehículos,S/D,,,2,Recta,Intersección / cruce,,NO,,Hormigón,,Apto,"Despejada, Seca",,Cordón Divisorio,,,,Si,Si,No,Día,NO,Sin Restricción,Despejado,Buena,,Funciona
118306,MUNICIPALIDAD DE CORRIENTES,2021-08-16,18:12:00,CORRIENTES,18,,,CORRIENTES,Urbana,Calle,,1283,,,,,2,0,0,2,0,Colisión entre vehículos,Colisión entre vehículos,S/D,,,2,Recta,,,,,Asfalto,,Apto,Seca,,,,,,,,,Día,SI,Sin Restricción,Despejado,Buena,,
129575,MUNICIPALIDAD DE CORRIENTES,2021-08-15,19:10:00,CORRIENTES,18,CAPITAL,21,CORRIENTES,Urbana,Avenida,AV. ARMENIA,3700,,,,,4,0,0,4,0,Colisión entre vehículos,Colisión entre vehículos,S/D,,Alcance,4,Recta,Intersección / cruce,,NO,,Asfalto,,Apto,Seca,,,,,,Si,Si,,Atardecer,NO,Sin Restricción,Despejado,Buena,,Sin Semáforo
131698,MUNICIPALIDAD DE CORRIENTES,2021-08-14,13:59:00,CORRIENTES,18,CAPITAL,21,CORRIENTES,Urbana,Avenida,INDPENDENCIA,3400,MEDRANO,,,,2,0,0,2,0,Colisión entre vehículos,Colisión entre vehículos,S/D,,Angulo,2,Recta,Intersección / cruce,,NO,,Asfalto,,Apto,Seca,,Ninguna,,,,Si,Si,Si,Día,NO,Sin Restricción,Despejado,Buena,,Funciona
108423,OBSERVATORIO VIAL,2021-08-12,22:15:00,CORRIENTES,18,CAPITAL,21,CORRIENTES,Urbana,Calle,SAN MARTIN,1300,CORDOBA,,,,1,1,0,2,0,Colisión entre vehículos,Colisión entre vehículos,S/D,,Angulo,2,Recta,Intersección / cruce,,NO,,Hormigón,,Apto,Seca,,Ninguna,,,,Si,Si,No,Noche,SI,Sin Restricción,Despejado,Buena,,Sin Semáforo
124190,Capital,2021-08-12,22:35:00,CORRIENTES,18,CAPITAL,21,CORRIENTES,Urbana,Avenida,Av Cazadores Correntinos,4300,Las Piedras,,-2.748.730,-5.880.141,2,0,0,2,0,Colisión entre vehículos,Colisión entre vehículos,S/D,,Angulo,2,Recta,,,NO,,,,Apto,Seca,,Cordón Divisorio,,,,,,,,SI,Sin Restricción,Despejado,Buena,,
106269,OBSERVATORIO VIAL,2021-08-12,15:30:00,CORRIENTES,18,CAPITAL,21,CORRIENTES,Urbana,Avenida,AV ALFONSIN,3900,RESOAGLI,,-2.747.351,-5.880.342,1,1,0,2,0,Colisión entre vehículos,Colisión entre vehículos,S/D,,,2,Recta,Intersección / cruce,,NO,,Asfalto,,Apto,Seca,,Cordón Divisorio,,,,S/D,S/D,S/D,Día,NO,Sin Restricción,Despejado,Buena,,Sin Semáforo
118292,SEGURIDAD VIAL,2021-08-12,11:00:00,CORRIENTES,18,CAPITAL,21,CORRIENTES,Urbana,Calle,AV.ARMENIA,,ARZAGA,,,,1,1,0,2,0,Colisión entre vehículos,Colisión entre vehículos,S/D,,,2,Recta,Intersección / cruce,,NO,,Asfalto,,Apto,Seca,,Ninguna,,,,Si,Si,No,Día,NO,Sin Restricción,Despejado,Buena,,Sin Semáforo
113319,MUNICIPALIDAD DE CORRIENTES,2021-08-12,7:56:00,CORRIENTES,18,CAPITAL,21,CORRIENTES,Urbana,Ruta Nacional,12,1035,,,,,1,1,0,2,0,Colisión entre vehículos,Colisión entre vehículos,S/D,,Lateral,2,Recta,Intersección / cruce,,NO,,Asfalto,,Apto,"Despejada, Seca",,Ninguna,,,,No,No,No,Día,NO,Sin Restricción,Despejado,Buena,,Sin Semáforo
95914,OBSERVATORIO VIAL,2021-08-11,18:30:00,CORRIENTES,18,CAPITAL,21,CORRIENTES,Urbana,Calle,LISANDRO SEGOVIA,1800,NECOCHEA,,-2.747.964,-5.883.563,2,0,0,2,0,Colisión entre vehículos,Colisión entre vehículos,S/D,,,2,Recta,Intersección / cruce,,NO,,Asfalto,,Apto,Seca,,Ninguna,,,,S/D,S/D,S/D,Día,NO,Sin Restricción,Despejado,Buena,,Sin Semáforo
108368,OBSERVATORIO VIAL,2021-08-10,9:15:00,CORRIENTES,18,CAPITAL,21,CORRIENTES,Urbana,Avenida,AV ARTIGAS,1022,,,-4.000.000,-6.100.000,2,0,0,2,0,Colisión entre vehículos,Colisión entre vehículos,S/D,,Angulo,2,Recta,Intersección / cruce,,NO,,Asfalto,,Apto,Seca,,Ninguna,,,,S/D,S/D,S/D,Día,NO,Sin Restricción,Despejado,Buena,,Sin Semáforo
119120,MUNICIPALIDAD DE CORRIENTES,2021-08-10,12:30:00,CORRIENTES,18,CAPITAL,21,CORRIENTES,Urbana,Calle,MONTEAGUDO,499,CAPILLA DEL MONTE,,,,1,1,0,2,0,Colisión entre vehículos,Colisión entre vehículos,S/D,,,2,Recta,Intersección / cruce,,NO,,Tierra,,Apto,Seca,,,,,,,,,Día,NO,Sin Restricción,Despejado,,,
130969,MUNICIPALIDAD DE CORRIENTES,2021-08-09,12:41:00,CORRIENTES,18,CAPITAL,21,CORRIENTES,Urbana,Calle,BELGRANO,1600,,,,,1,2,0,2,0,Colisión entre vehículos,Colisión entre vehículos,S/D,,,2,Recta,Intersección / cruce,,NO,,Hormigón,,Apto,Seca,,Ninguna,,,,,,,Día,NO,Sin Restricción,Despejado,Buena,,
98256,OBSERVATORIO VIAL,2021-08-09,14:15:00,CORRIENTES,18,CAPITAL,21,CORRIENTES,Urbana,Avenida,PAYSANDU,3500,COSQUIN,,-2.749.474,-5.882.475,2,1,0,2,0,Colisión entre vehículos,Colisión entre vehículos,S/D,,,2,Recta,Intersección / cruce,,NO,,Hormigón,,Apto,Seca,,Ninguna,,,,S/D,S/D,S/D,Día,NO,Sin Restricción,Despejado,Buena,,Sin Semáforo
105533,OBSERVATORIO VIAL,2021-08-09,0:30:00,CORRIENTES,18,CAPITAL,21,CORRIENTES,Urbana,Avenida,AV IV CENTENARIO,1600,GUTEMBERG,,,,2,0,0,2,0,Colisión entre vehículos,Colisión entre vehículos,S/D,,,2,Curva,Intersección / cruce,,NO,,Hormigón,,Apto,Seca,,Ninguna,,,,Si,S/D,S/D,Noche,SI,Sin Restricción,Despejado,Buena,,Sin Semáforo
123410,MUNICIPALIDAD DE CORRIENTES,2021-08-08,11:45:00,CORRIENTES,18,CAPITAL,21,CORRIENTES,Urbana,Calle,RUTA 12,,CUBA,,,,1,1,0,2,0,Colisión entre vehículos,Colisión entre vehículos,S/D,,,2,Recta,Intersección / cruce,,NO,,Asfalto,,Apto,Seca,,,,,,,,,Día,NO,Sin Restricción,Despejado,Buena,,Sin Semáforo
95187,OBSERVATORIO VIAL,2021-08-07,6:45:00,CORRIENTES,18,CAPITAL,21,CORRIENTES,Urbana,Avenida,AV MAIUPU,1800,FRAGATA LA ARGENTINA,,-2.749.483,-5.881.745,1,1,0,2,0,Colisión entre vehículos,Colisión entre vehículos,S/D,,Alcance,2,Recta,Intersección / cruce,,NO,,Asfalto,,Apto,Seca,,Ninguna,,,,No,No,No,Día,NO,Sin Restricción,Despejado,Buena,,Sin Semáforo
131699,MUNICIPALIDAD DE CORRIENTES,2021-08-07,12:05:00,CORRIENTES,18,CAPITAL,21,CORRIENTES,Urbana,Avenida,INDEPENDENCIA,3600,GUEMES,,,,3,0,0,3,0,Colisión entre vehículos,Colisión entre vehículos,S/D,,,3,Recta,Intersección / cruce,,NO,,Asfalto,,Apto,Seca,,Ninguna,,,,Si,Si,Si,Día,NO,Sin Restricción,Despejado,Buena,,Funciona
95210,OBSERVATORIO VIAL,2021-08-07,11:15:00,CORRIENTES,18,CAPITAL,21,CORRIENTES,Urbana,Calle,9DE JULIO,1140,MENDOZA,CORDOBA,-2.746.660,-5.883.490,1,1,0,2,0,Colisión entre vehículos,Colisión entre vehículos,S/D,,Lateral,2,Recta,,RECTA,NO,,Asfalto,,Apto,Seca,,Ninguna,,,,Si,Si,No,Día,NO,Sin Restricción,Despejado,Buena,,Sin Semáforo
118283,OBSERVATORIO VIAL,2021-08-07,12:20:00,CORRIENTES,18,CAPITAL,21,CORRIENTES,Urbana,Avenida,AV FRONDIZI,3400,SAN MARTIN,,,,1,2,0,2,0,Colisión entre vehículos,Colisión entre vehículos,S/D,,,2,Recta,Intersección / cruce,,NO,,Asfalto,,Apto,Seca,,Ninguna,,,,S/D,S/D,S/D,Día,NO,Sin Restricción,Despejado,Buena,,Sin Semáforo
126983,MUNICIPALIDAD DE CORRIENTES,2021-08-06,8:10:00,CORRIENTES,18,CAPITAL,21,CORRIENTES,Urbana,Calle,GUTEMBERG,1900,NECOCHEA,,,,3,0,0,2,0,Colisión entre vehículos,Colisión entre vehículos,S/D,,Angulo,2,Recta,Intersección / cruce,,NO,,Asfalto,,Apto,Seca,,Otro,,,,S/D,S/D,S/D,Día,NO,Sin Restricción,Despejado,Buena,,Sin Semáforo
118291,MUNICIPALIDAD DE CORRIENTES,2021-08-04,21:40:00,CORRIENTES,18,CAPITAL,21,CORRIENTES,Urbana,Avenida,AV. CHACABUCO,1499,FERRE,PASAJE SARMIENTO,,,3,1,0,3,0,Colisión entre vehículos,Colisión entre vehículos,S/D,,Multiple,3,Recta,,SOBRE AVENIDA,NO,,Hormigón,,Apto,Seca,,Cordón Divisorio,,,,,Si,,Noche,SI,,Despejado,Buena,,Funciona
118294,SEG VIAL,2021-08-04,23:30:00,CORRIENTES,18,CAPITAL,21,CORRIENTES,Urbana,Avenida,AV FERRÉ,,AV.ARTIGAS,,,,2,0,0,2,0,Colisión entre vehículos,Colisión entre vehículos,S/D,,Lateral,2,Recta,Intersección / cruce,,NO,,Asfalto,,Apto,Seca,,,,,,Si,Si,Si,Noche,SI,Sin Restricción,Despejado,Buena,,Funciona
110428,OBSERVATORIO VIAL,2021-08-04,9:30:00,CORRIENTES,18,CAPITAL,21,CORRIENTES,Urbana,Ruta Provincial,5,1 1/2,ARTURO ILIA,,-2.748.990,-5.875.754,2,1,0,2,0,Colisión entre vehículos,Colisión entre vehículos,S/D,,,2,Recta,Intersección / cruce,,NO,,Asfalto,,Apto,Despejada,,Ninguna,,,,No,No,Si,Día,NO,Sin Restricción,Despejado,Buena,,Sin Semáforo
126300,Capital,2021-08-04,11:00:00,CORRIENTES,18,CAPITAL,21,CORRIENTES,Urbana,Calle,9 de julio,700,Tucumán,,-2.746.609,-5.884.153,1,0,0,1,0,Despiste,Despiste,Si,,,1,Recta,,,NO,,Asfalto,,Apto,Mojada,,,,,,,,,Día,NO,Sin Restricción,,Lluvia,,
98764,OBSERVATORIO VIAL,2021-08-04,13:10:00,CORRIENTES,18,CAPITAL,21,CORRIENTES,Urbana,Avenida,AV FERRE,2200,ROCA,,-2.747.715,-5.882.369,2,0,0,2,0,Colisión entre vehículos,Colisión entre vehículos,S/D,,Alcance,2,Recta,Intersección / cruce,,NO,,Asfalto,,,Seca,,Ninguna,,,,Si,No,No,Día,,Sin Restricción,Despejado,Buena,,Funciona
119123,DIRECCIÓN DE ED VIAL,2021-08-03,12:00:00,CORRIENTES,18,CAPITAL,21,CORRIENTES,Urbana,Calle,,,FACUNDO,,,,2,1,0,2,0,Colisión entre vehículos,Colisión entre vehículos,S/D,,Angulo,2,Recta,Intersección / cruce,,NO,,Asfalto,,Apto,Mojada,,Ninguna,,,,S/D,S/D,S/D,Día,NO,Sin Restricción,Lluvia,Buena,,Sin Semáforo
114292,MUNICIPALIDAD DE CORRIENTES,2021-08-02,17:50:00,CORRIENTES,18,CAPITAL,21,CORRIENTES,Urbana,Calle,MEXICO,,GDOR MARTINEZ,,-2.746.950,-5.881.441,0,2,0,2,0,Colisión entre vehículos,Colisión entre vehículos,S/D,,Lateral,2,Recta,Intersección / cruce,,NO,,Hormigón,,Apto,Seca,,Ninguna,,,,S/D,S/D,S/D,Día,NO,Sin Restricción,Despejado,Buena,,Sin Semáforo
106268,OBSERVATORIO VIAL,2021-08-02,14:20:00,CORRIENTES,18,CAPITAL,21,CORRIENTES,Urbana,Calle,NIÑO JESUS,1900,LAS HERAS,,-2.748.489,-5.880.259,1,2,0,2,0,Colisión entre vehículos,Colisión entre vehículos,S/D,,,2,Recta,Intersección / cruce,,NO,,Tierra,,Apto,Seca,,Ninguna,,,,S/D,S/D,S/D,Día,SI,Sin Restricción,Despejado,Buena,,Sin Semáforo
125021,MUNICIPALIDAD DE CORRIENTES,2021-08-02,12:50:00,CORRIENTES,18,CAPITAL,21,CORRIENTES,Urbana,Avenida,3 DE abril,600,TUCUMAN,,,,3,1,0,3,0,Colisión entre vehículos,Colisión entre vehículos,S/D,,,3,Recta,,,NO,,Asfalto,,Apto,Seca,,,,,,Si,Si,Si,Día,NO,Sin Restricción,Despejado,Buena,,Funciona
115143,CORRIENTES CAPITAL,2021-08-01,8:10:00,CORRIENTES,18,CAPITAL,21,CORRIENTES,Urbana,Avenida,AV MAIPÚ,847,CAZADORES CTINOS,,-2.748.648,-5.882.311,1,1,0,2,0,Colisión entre vehículos,Colisión entre vehículos,S/D,,Angulo,2,Recta,Intersección / cruce,,NO,,Asfalto,,Apto,Seca,,,,,,Si,,,Día,SI,Sin Restricción,Despejado,Buena,,Funciona
95911,OBSERVATORIO VIAL,2021-07-31,15:15:00,CORRIENTES,18,CAPITAL,21,CORRIENTES,Urbana,Avenida,AV 3 DE ABRIL,600,ALBERDI,,-2.747.485,-5.884.434,2,0,0,2,0,Colisión entre vehículos,Colisión entre vehículos,S/D,,,2,Recta,Intersección / cruce,,NO,,Hormigón,,Apto,Seca,,Ninguna,,,,Si,No,No,Día,NO,Sin Restricción,Despejado,,,Sin Semáforo
123440,MUNICIPALIDAD DE CORRIENTES,2021-07-31,11:05:00,CORRIENTES,18,CAPITAL,21,CORRIENTES,Urbana,Avenida,AV. 3 DE ABRIL,600,SAN LUIS,,,,2,0,0,2,0,Colisión entre vehículos,Colisión entre vehículos,S/D,,,2,Recta,Intersección / cruce,,NO,,Asfalto,,Apto,Seca,,,,,,Si,Si,Si,Día,NO,Sin Restricción,Despejado,Buena,,Funciona
119956,MUNICIPALIDAD DE CORRIENTES,2021-07-30,9:20:00,CORRIENTES,18,CAPITAL,21,CORRIENTES,Urbana,Avenida,AV FERRE,,ROCA,,,,3,0,0,3,0,Colisión entre vehículos,Colisión entre vehículos,S/D,,Multiple,3,Recta,,,NO,,Asfalto,,Apto,Seca,,Ninguna,,,,Si,Si,S/D,Día,NO,Sin Restricción,Despejado,,,Funciona
122556,DIRECCIÓN DE SEGURIDAD VIAL,2021-07-29,5:10:00,CORRIENTES,18,CAPITAL,21,CORRIENTES,Urbana,Ruta Provincial,5,1000,,,,,1,1,0,2,0,,,S/D,,,2,Recta,Fuera de calzada,,NO,,Asfalto,,Apto,Seca,,,,,,No,No,No,Noche,NO,Sin Restricción,Despejado,Buena,,
123442,MUNICIPALIDAD DE CORRIENTES,2021-07-28,11:50:00,CORRIENTES,18,CAPITAL,21,CORRIENTES,Urbana,Avenida,MAIPU,2400,VALPARAISO,,,,1,1,0,2,0,Colisión entre vehículos,Colisión entre vehículos,S/D,,,2,Recta,Intersección / cruce,,NO,,Asfalto,,Apto,Seca,,,,,,,,,Día,NO,,Despejado,Buena,,
118308,MUNICIPALIDAD DE CORRIENTES,2021-07-28,13:15:00,CORRIENTES,18,,,CORRIENTES,Urbana,Avenida,AV. MAIPU,4800,,,,,1,1,0,2,0,Colisión entre vehículos,Colisión entre vehículos,S/D,,,2,Curva,Intersección / cruce,,NO,,Asfalto,,Apto,Seca,,,,,,Si,Si,S/D,Día,NO,Sin Restricción,Despejado,,,Sin Semáforo
119944,DIRECCIÓN GENERAL DE SEG VIAL,2021-07-27,8:40:00,CORRIENTES,18,CAPITAL,21,CORRIENTES,Urbana,Ruta Provincial,Nº 5,,,,,,4,2,0,2,0,Colisión entre vehículos,Colisión entre vehículos,S/D,,,2,Recta,Intersección / cruce,,,,Asfalto,,Apto,,,Ninguna,,,,S/D,S/D,S/D,Día,NO,Sin Restricción,"Despejado, Viento",Buena,,Sin Semáforo
116016,OBSERVATORIO VIAL,2021-07-25,21:10:00,CORRIENTES,18,CAPITAL,21,CORRIENTES,Urbana,Avenida,AV INDEPENDENCIA,4300,RIO JURAMENTO,,-2.748.141,-5.879.934,0,1,0,1,0,Colisión entre vehículos,Colisión entre vehículos,S/D,,,1,Recta,Intersección / cruce,,NO,,Asfalto,,Apto,Seca,,Ninguna,,,,S/D,S/D,S/D,Noche,NO,Sin Restricción,Despejado,,,Sin Semáforo
106219,OBSERVATORIO VIAL,2021-07-24,22:42:00,CORRIENTES,18,CAPITAL,21,CORRIENTES,Urbana,Avenida,AV C.CORRENTINO,3000,AV CHACABUCO,,-2.748.676,-5.881.618,2,0,0,2,0,Colisión entre vehículos,Colisión entre vehículos,S/D,,,2,Recta,Intersección / cruce,,NO,,Asfalto,,Apto,Seca,,Ninguna,,,,Si,,,Noche,SI,Sin Restricción,Despejado,Buena,,Funciona
91690,OBSERVATORIO VIAL,2021-07-24,7:50:00,CORRIENTES,18,CAPITAL,21,CORRIENTES,Urbana,Avenida,AV INDEPENDENCIA,5500,ROTONDA DE LA VIRGEN DE ITATI,,-2.748.435,-5.878.327,1,1,0,2,0,Colisión entre vehículos,Colisión entre vehículos,S/D,,Angulo,2,Curva,Rotonda,,NO,,Asfalto,,Apto,Seca,,,,,,S/D,S/D,S/D,Día,NO,Sin Restricción,Despejado,Buena,,Sin Semáforo
124203,DIRECCIÓN DE SEG VIAL,2021-07-19,11:54:00,CORRIENTES,18,CAPITAL,21,CORRIENTES,Urbana,Avenida,AV. FERRE,,CHILE,,,,3,0,0,3,0,Colisión entre vehículos,Colisión entre vehículos,S/D,,"Alcance, Multiple",3,Recta,Intersección / cruce,,NO,,Hormigón,,Apto,Seca,,,,,,Si,Si,No,Día,NO,Sin Restricción,Despejado,Buena,,Funciona
124391,MUNICIPALIDAD DE CORRIENTES,2021-07-19,10:20:00,CORRIENTES,18,CAPITAL,21,CORRIENTES,Urbana,Calle,QUINTANA,1400,,,,,2,1,0,2,0,Colisión entre vehículos,Colisión entre vehículos,S/D,,,2,Recta,Intersección / cruce,,NO,,Asfalto,,Apto,Seca,,,,,,,,,Día,NO,,Despejado,Buena,,
132603,MUNICIPALIDAD DE CORRIENTES,2021-07-19,11:00:00,CORRIENTES,18,CAPITAL,21,CORRIENTES,Urbana,Calle,CATAMARCA,1100,,,,,1,1,0,2,0,Colisión entre vehículos,Colisión entre vehículos,S/D,,,2,Recta,Intersección / cruce,,NO,,Asfalto,,Apto,Seca,,,,,,,,,Día,NO,Sin Restricción,Despejado,Buena,,
127022,MUNICIPALIDAD DE CORRIENTES,2021-07-19,11:50:00,CORRIENTES,18,CAPITAL,21,CORRIENTES,Urbana,Avenida,AV 3 DE ABRIL,,SALTA,,,,3,2,0,3,0,Colisión entre vehículos,Colisión entre vehículos,S/D,,Alcance,3,Recta,,,NO,,Asfalto,,Apto,,,Ninguna,,,,Si,Si,No,Día,,Sin Restricción,Despejado,Buena,,Funciona
132597,MUNICIPALIDAD DE CORRIENTES,2021-07-17,10:28:00,CORRIENTES,18,CAPITAL,21,CORRIENTES,Urbana,Calle,J.R. VIDAL,1700,CABILDO,,,,2,1,0,2,0,Colisión entre vehículos,Colisión entre vehículos,S/D,,Angulo,2,Recta,Intersección / cruce,,NO,,Asfalto,,Apto,Seca,,,,,,No,No,No,Día,NO,Sin Restricción,Despejado,Buena,,Sin Semáforo
114280,MUNICIPALIDAD DE CORRIENTES,2021-07-17,22:15:00,CORRIENTES,18,CAPITAL,21,CORRIENTES,Urbana,Avenida,AV. MAIPU,1502,ASUNCION,,,,1,2,0,2,0,Colisión entre vehículos,Colisión entre vehículos,S/D,,,2,Recta,Intersección / cruce,,NO,,Asfalto,,Apto,Seca,,,,,,,,,Noche,SI,,Despejado,Buena,,
118290,SEG VIAL,2021-07-16,2:00:00,CORRIENTES,18,CAPITAL,21,CORRIENTES,Urbana,Calle,NECOCHEA,,ELIAS ABAD,,,,2,0,0,2,0,Colisión entre vehículos,Colisión entre vehículos,S/D,,Lateral,2,Recta,Intersección / cruce,,NO,,Hormigón,,Apto,Seca,,Ninguna,,,,No,No,No,Noche,SI,Sin Restricción,Despejado,Buena,,Sin Semáforo
119973,MUNICIPALIDAD DE CORRIENTES,2021-07-15,11:10:00,CORRIENTES,18,CAPITAL,21,CORRIENTES,Urbana,Avenida,,,CATAMARCA,,,,2,0,0,2,0,Colisión entre vehículos,Colisión entre vehículos,S/D,,,2,Recta,,,NO,,Asfalto,,Apto,Seca,,,,,,S/D,S/D,S/D,Día,NO,Sin Restricción,Despejado,Buena,,
126354,MUNICIPALIDAD DE CORRIENTES,2021-07-14,18:30:00,CORRIENTES,18,CAPITAL,21,CORRIENTES,Urbana,Avenida,SAN LORENZO,,AV. TENIENTE IBAÑEZ,,,,2,0,0,2,0,Colisión entre vehículos,Colisión entre vehículos,S/D,,,2,Recta,Intersección / cruce,,NO,,,,Apto,Mojada,,Ninguna,,,,S/D,S/D,S/D,,NO,Sin Restricción,Lluvia,Buena,,Sin Semáforo
96770,OBSERVATORIO VIAL,2021-07-14,13:32:00,CORRIENTES,18,CAPITAL,21,CORRIENTES,Urbana,Avenida,AV MAIPU,820,,,-2.748.196,-5.882.685,1,1,0,2,0,Colisión entre vehículos,Colisión entre vehículos,S/D,,,2,Recta,Intersección / cruce,,NO,,Asfalto,,Apto,Seca,,Ninguna,,,,Si,No,No,Día,NO,,,,,Sin Semáforo
108413,OBSERVATORIO VIAL,2021-07-13,17:40:00,CORRIENTES,18,CAPITAL,21,CORRIENTES,Urbana,Avenida,AV RIO CHICO,4500,UNNE,,-2.746.144,-5.878.488,1,2,0,2,0,Colisión entre vehículos,Colisión entre vehículos,S/D,,,2,Recta,Intersección / cruce,,NO,,Hormigón,,Apto,Seca,,Cordón Divisorio,,,,S/D,S/D,S/D,Atardecer,NO,Sin Restricción,Despejado,Buena,,Sin Semáforo
98266,OBSERVATORIO VIAL,2021-07-13,20:30:00,CORRIENTES,18,CAPITAL,21,CORRIENTES,Urbana,Avenida,AV MAIPU,6000,,,-2.753.274,-5.877.248,2,1,0,2,0,Colisión entre vehículos,Colisión entre vehículos,S/D,,,2,Recta,Intersección / cruce,,NO,,Asfalto,,Apto,Seca,,Ninguna,,,,S/D,S/D,S/D,Noche,SI,Sin Restricción,Despejado,Buena,,Sin Semáforo
111117,OBSERVATORIO VIAL,2021-07-11,23:50:00,CORRIENTES,18,CAPITAL,21,CORRIENTES,Urbana,Ruta Nacional,12,1,AV INDEPENDENCIA,AV.C.CORRENTINO,-2.748.594,-5.878.167,0,1,0,1,0,Colisión entre vehículos,Colisión entre vehículos,S/D,,,1,Recta,,RECTA,NO,,Asfalto,,"Ahuellamiento, En reparación",Seca,,Ninguna,,,,No,No,Si,Noche,NO,Sin Restricción,Despejado,Buena,,Sin Semáforo
122563,MUNICIPALIDAD DE CORRIENTES,2021-07-10,13:56:00,CORRIENTES,18,CAPITAL,21,CORRIENTES,Urbana,Calle,AV. MAIPÚ,1400,,,,,1,1,0,2,0,Colisión entre vehículos,Colisión entre vehículos,S/D,,Rozamiento,2,Curva,Intersección / cruce,,NO,,Asfalto,,Apto,Seca,,Ninguna,,,,Si,,,Día,NO,Sin Restricción,Despejado,Buena,,Sin Semáforo
124127,Capital,2021-07-09,19:50:00,CORRIENTES,18,CAPITAL,21,CORRIENTES,Urbana,Avenida,Av Pujol,400,Jujuy,,-2.746.287,-5.882.729,1,1,0,2,0,Colisión entre vehículos,Colisión entre vehículos,S/D,,Angulo,2,Recta,Intersección / cruce,,NO,,Asfalto,,Apto,Seca,,,,,,,,,,NO,Sin Restricción,Despejado,Buena,,Funciona
110429,OBSERVATORIO VIAL,2021-07-09,11:07:00,CORRIENTES,18,CAPITAL,21,CORRIENTES,Urbana,Calle,ROCA,1551,,,-2.747.646,-5.882.353,1,1,0,1,0,"Caída desde vehículo, Colisión entre vehículos",Colisión entre vehículos,S/D,,,1,Recta,Intersección / cruce,,NO,,Asfalto,,Apto,Despejada,,Ninguna,,,,Si,Si,No,Día,NO,Sin Restricción,Despejado,Buena,,Sin Semáforo
126974,MUNICIPALIDAD DE CORRIENTES,2021-07-07,22:15:00,CORRIENTES,18,CAPITAL,21,CORRIENTES,Urbana,Calle,RIVADAVIA,1600,PARAGUAY,,,,1,0,0,1,0,Caída desde vehículo,Caída desde vehículo,S/D,,,1,Recta,Intersección / cruce,,,,Asfalto,,Apto,Seca,,,,,,S/D,S/D,,Noche,SI,Sin Restricción,Despejado,Buena,,Sin Semáforo
120719,MUNICIPALIDAD DE CORRIENTES,2021-07-06,11:45:00,CORRIENTES,18,CAPITAL,21,CORRIENTES,Urbana,Avenida,ARMENIA,,URUNDAY,,,,1,1,0,2,0,Colisión entre vehículos,Colisión entre vehículos,S/D,,Angulo,2,Recta,Intersección / cruce,,NO,,Asfalto,,Apto,Seca,,Ninguna,,,,Si,No,No,Día,NO,Sin Restricción,Despejado,Buena,,Sin Semáforo
120762,MUNICIPALIDAD DE CORRIENTES,2021-07-06,20:00:00,CORRIENTES,18,CAPITAL,21,CORRIENTES,Urbana,Calle,FERRE,2500,,,,,2,0,0,2,0,Colisión entre vehículos,Colisión entre vehículos,S/D,,,2,Recta,Intersección / cruce,,NO,,Asfalto,,Apto,Seca,,,,,,Si,Si,Si,Noche,SI,Sin Restricción,Despejado,Buena,,Funciona
124133,MUNICIPALIDAD DE CORRIENTES,2021-07-04,9:45:00,CORRIENTES,18,CAPITAL,21,CORRIENTES,Urbana,Avenida,AV. CENTENARIO,4100,,,,,2,0,0,2,0,Colisión entre vehículos,Colisión entre vehículos,S/D,,,2,Recta,Intersección / cruce,,NO,,Asfalto,,Apto,Seca,,,,,,,,,Día,NO,Sin Restricción,,Buena,,
130967,MUNICIPALIDAD DE CORRIENTES,2021-07-03,11:40:00,CORRIENTES,18,CAPITAL,21,CORRIENTES,Urbana,Calle,ESPAÑA,,BOLIVAR,,,,1,1,0,2,0,Colisión entre vehículos,Colisión entre vehículos,S/D,,Angulo,2,Recta,Intersección / cruce,,,,Asfalto,,Apto,Seca,,,,,,No,No,,Día,NO,Sin Restricción,Despejado,Buena,,Sin Semáforo
119961,MUNICIPALIDAD DE CORRIENTES,2021-07-02,13:30:00,CORRIENTES,18,CAPITAL,21,CORRIENTES,Urbana,Calle,REPUBLICA DOMINICANA,3300,SUIZA,,,,2,0,0,2,0,Colisión entre vehículos,Colisión entre vehículos,S/D,,Angulo,2,Recta,Intersección / cruce,,NO,,Asfalto,,Apto,Seca,,,,,,Si,No,No,Día,NO,,Despejado,,,Sin Semáforo
120759,MUNICIPALIDAD DE CORRIENTES,2021-07-02,19:55:00,CORRIENTES,18,CAPITAL,21,CORRIENTES,Urbana,Calle,RAUL ALFONSIN,4133,,,,,2,0,0,2,0,Colisión entre vehículos,Colisión entre vehículos,S/D,,,2,Recta,Intersección / cruce,,NO,,Asfalto,,Apto,Seca,,,,,,No,No,No,Noche,SI,Sin Restricción,Despejado,Buena,,Sin Semáforo
115972,OBSERVATORIO VIAL,2021-07-01,8:00:00,CORRIENTES,18,CAPITAL,21,CORRIENTES,Urbana,Avenida,AV CHACABUCO,1300,ALTE BRON,,-2.747.443,-5.881.366,1,1,0,2,0,Colisión entre vehículos,Colisión entre vehículos,S/D,,,2,Recta,Intersección / cruce,,NO,,Asfalto,,Apto,Seca,,Ninguna,,,,S/D,S/D,S/D,Día,NO,Sin Restricción,Despejado,Buena,,Sin Semáforo
121657,MUNICIPALIDAD DE CORRIENTES,2021-07-01,2:30:00,CORRIENTES,18,CAPITAL,21,CORRIENTES,Urbana,Calle,SANTIAGO DEL ESTERO,350,JUNCAL,,,,1,1,0,2,0,Colisión entre vehículos,Colisión entre vehículos,S/D,,,2,Recta,Intersección / cruce,,NO,,Asfalto,,Apto,Seca,,,,,,,,,Noche,SI,,Despejado,Buena,,
131729,MUNICIPALIDAD DE CORRIENTES,2021-06-30,5:25:00,CORRIENTES,18,CAPITAL,21,CORRIENTES,Urbana,Ruta Provincial,5,0.4,,,,,1,0,0,1,0,Colisión entre vehículos,Colisión entre vehículos,S/D,,,1,Recta,,,NO,,Asfalto,,Apto,Seca,,Ninguna,,,,,,,Amanecer,NO,Sin Restricción,Despejado,Buena,,
106275,OBSERVATORIO VIAL,2021-06-30,15:25:00,CORRIENTES,18,CAPITAL,21,CORRIENTES,Urbana,Calle,SAN JUAN,1800,GRAL PAZ,,-2.747.816,-5.883.818,1,1,0,2,0,Colisión entre vehículos,Colisión entre vehículos,S/D,,Lateral,2,Recta,Intersección / cruce,,NO,,Asfalto,,Apto,Seca,,Ninguna,,,,S/D,S/D,S/D,Día,NO,Sin Restricción,Despejado,Buena,,Sin Semáforo
106278,OBSERVATORIO VIAL,2021-06-30,18:05:00,CORRIENTES,18,CAPITAL,21,CORRIENTES,Urbana,Avenida,AV PUJOL,1700,ROLON,,-2.746.138,-5.882.913,2,0,0,2,0,Colisión entre vehículos,Colisión entre vehículos,S/D,,,2,Recta,Intersección / cruce,,NO,,Asfalto,,Apto,Seca,,Ninguna,,,,S/D,S/D,S/D,Día,NO,Sin Restricción,Despejado,Buena,,Sin Semáforo
127014,MUNICIPALIDAD DE CORRIENTES,2021-06-29,11:15:00,CORRIENTES,18,CAPITAL,21,CORRIENTES,Urbana,Calle,BRASIL,1200,,,,,3,0,0,3,0,Colisión entre vehículos,Colisión entre vehículos,S/D,,Alcance,3,Recta,,,NO,,Asfalto,,Apto,Seca,,,,,,Si,No,No,Día,NO,Sin Restricción,Despejado,Buena,,Sin Semáforo
106281,OBSERVATORIO VIAL,2021-06-28,14:00:00,CORRIENTES,18,CAPITAL,21,CORRIENTES,Urbana,Calle,AZCUENAGA,2800,,,-2.750.315,-5.880.275,1,1,0,2,0,Colisión entre vehículos,Colisión entre vehículos,S/D,,,2,Recta,Intersección / cruce,RECTA,NO,,Asfalto,,Apto,Seca,,Ninguna,,,,S/D,S/D,S/D,Día,NO,Sin Restricción,Despejado,Buena,,Sin Semáforo
108451,OBSERVATORIO VIAL,2021-06-27,20:40:00,CORRIENTES,18,CAPITAL,21,CORRIENTES,Urbana,Calle,CORDOBA,1100,JUNIN,,,,1,1,0,2,0,Colisión entre vehículos,Colisión entre vehículos,S/D,,,2,Recta,Intersección / cruce,,NO,,Asfalto,,Apto,Seca,,Ninguna,,,,S/D,S/D,S/D,Noche,NO,Sin Restricción,Despejado,Buena,,Sin Semáforo
113311,MUNICIPALIDAD DE CORRIENTES,2021-06-27,6:45:00,CORRIENTES,18,CAPITAL,21,CORRIENTES,Urbana,Calle,CARTAGENA,3091,RECONQUISTA,,,,0,1,1,2,0,Colisión entre vehículos,Colisión entre vehículos,S/D,,Frontal,2,Recta,Intersección / cruce,,NO,,Asfalto,,Apto,"Despejada, Seca",,Ninguna,,,,No,No,No,Noche,,Sin Restricción,Despejado,Buena,,Sin Semáforo
120725,MUNICIPALIDAD DE CORRIENTES,2021-06-25,8:45:00,CORRIENTES,18,CAPITAL,21,CORRIENTES,Urbana,Calle,ESPAÑA,1533,,,,,1,1,0,2,0,Colisión entre vehículos,Colisión entre vehículos,S/D,,Angulo,2,Recta,Intersección / cruce,,NO,,Asfalto,,Apto,Seca,,,,,,No,No,No,Día,NO,Sin Restricción,Despejado,Buena,,Sin Semáforo
113324,MUNICIPALIDAD DE CORRIENTES,2021-06-25,20:00:00,CORRIENTES,18,CAPITAL,21,CORRIENTES,,Avenida,Maipú,3260,TILCARA,,,,2,0,0,2,0,Colisión entre vehículos,Colisión entre vehículos,S/D,,Alcance,2,Recta,,,NO,,Asfalto,,Apto,"Despejada, Seca",,Cordón Divisorio,,,,Si,No,No,Noche,SI,Sin Restricción,,,,Funciona
105519,OBSERVATORIO  VIAL,2021-06-25,0:30:00,CORRIENTES,18,CAPITAL,21,CORRIENTES,Urbana,Calle,LARREA,4500,SUSINI,,-2.749.149,-5.880.112,1,1,0,2,0,Colisión entre vehículos,Colisión entre vehículos,S/D,,,2,Recta,Intersección / cruce,,NO,,Hormigón,,Apto,Seca,,Ninguna,,,,Si,No,No,Noche,SI,Sin Restricción,Despejado,Buena,,Sin Semáforo
105910,OBSERVATORIO VIAL,2021-06-24,19:00:00,CORRIENTES,18,CAPITAL,21,CORRIENTES,Urbana,Avenida,AV C. CORRENTINO,3700,GUEMES,,-2.748.655,-5.880.830,0,2,0,2,0,Colisión entre vehículos,Colisión entre vehículos,S/D,,,2,Recta,Fuera de calzada,,NO,,Hormigón,,Apto,Seca,,Ninguna,,,,Si,Si,S/D,Noche,SI,Sin Restricción,Despejado,Buena,,Funciona
112229,OBSERVATORIO VIAL,2021-06-24,9:32:00,CORRIENTES,18,CAPITAL,21,CORRIENTES,Urbana,Calle,ROCA,2200,MORENO,,-2.747.455,-5.882.345,2,1,0,3,0,Colisión entre vehículos,Colisión entre vehículos,S/D,,,3,Recta,Intersección / cruce,,NO,,Asfalto,,Apto,Seca,,Ninguna,,,,Si,Si,No,Día,NO,Sin Restricción,Despejado,Buena,,Sin Semáforo
123409,MUNICIPALIDAD DE CORRIENTES,2021-06-23,23:18:00,CORRIENTES,18,CAPITAL,21,CORRIENTES,Urbana,Calle,MENDOZA,,BELGRANO,,,,2,0,0,2,0,Colisión entre vehículos,Colisión entre vehículos,S/D,,Angulo,2,Recta,Intersección / cruce,,NO,,Asfalto,,Apto,Seca,,,,,,Si,Si,,Día,SI,Sin Restricción,Despejado,Buena,,Sin Semáforo
124907,DIRECCIÓN DE SEGURIDAD VIAL,2021-06-23,10:00:00,CORRIENTES,18,CAPITAL,21,CORRIENTES,Urbana,Calle,COLOMBIA,,ALMIRANTE BROWN,,,,1,1,0,2,0,Colisión entre vehículos,Colisión entre vehículos,S/D,,Angulo,2,Recta,Intersección / cruce,,NO,,Hormigón,,Apto,Seca,,,,,,Si,No,No,Día,NO,Sin Restricción,Despejado,Buena,,Sin Semáforo
108415,OBSERVATORIO VIAL,2021-06-21,11:10:00,CORRIENTES,18,CAPITAL,21,CORRIENTES,Urbana,Avenida,AV C. CORRENTINO,3900,PIROVANO,,,,1,1,0,2,0,Colisión entre vehículos,Colisión entre vehículos,S/D,,,2,Recta,Intersección / cruce,,NO,,Hormigón,,Apto,Seca,,Cordón Divisorio,,,,No,No,No,Día,NO,Sin Restricción,Despejado,Buena,,Sin Semáforo
111120,OBSERVATORIO VIAL,2021-06-20,8:31:00,CORRIENTES,18,CAPITAL,21,CORRIENTES,Urbana,Avenida,AV IEBERA,2200,PAISANDU,,-2.749.936,-5.882.569,1,0,0,1,0,Colisión entre vehículos,Colisión entre vehículos,S/D,,,1,Recta,Intersección / cruce,,NO,,Asfalto,,Apto,Seca,,Ninguna,,,,S/D,S/D,S/D,Día,NO,Sin Restricción,Despejado,Buena,,Sin Semáforo
113315,MUNICIPALIDAD DE CORRIENTES,2021-06-19,14:15:00,CORRIENTES,18,CAPITAL,21,CORRIENTES,Urbana,Avenida,Av. Laprida,1200,P. Uriarte,,,,2,1,0,2,0,Colisión entre vehículos,Colisión entre vehículos,S/D,,,2,Recta,Intersección / cruce,,NO,,Asfalto,,Apto,Seca,,Cordón Divisorio,,,,,,,Día,NO,Sin Restricción,Despejado,Buena,,
123424,MUNICIPALIDAD DE CORRIENTES,2021-06-18,10:50:00,CORRIENTES,18,CAPITAL,21,CORRIENTES,Urbana,Avenida,AV. INDEPENDENCIA,3400,CASTELLI,,,,2,0,0,2,0,Colisión entre vehículos,Colisión entre vehículos,S/D,,,2,Recta,,,NO,,Asfalto,,Apto,Seca,,,,,,Si,Si,Si,Día,NO,Sin Restricción,Despejado,Buena,,Funciona
104760,OBSERVATORIO VIAL,2021-06-17,8:00:00,CORRIENTES,18,CAPITAL,21,CORRIENTES,Urbana,Avenida,AV MAIPU,600,TENIENTE IBAÑES,,-2.748.307,-5.882.582,3,0,0,2,0,Colisión entre vehículos,Colisión entre vehículos,S/D,,,2,Recta,Intersección / cruce,,NO,,Asfalto,,Apto,Seca,,Ninguna,,,,Si,Si,No,Día,NO,Sin Restricción,Despejado,,,Funciona
115244,CAPITAL,2021-06-16,9:15:00,CORRIENTES,18,CAPITAL,21,CORRIENTES,Urbana,Calle,IRIGOYEN,2200,ITUZAINGÓ,,-2.747.040,-5.881.902,2,0,0,2,0,Colisión entre vehículos,Colisión entre vehículos,S/D,,Lateral,2,Recta,Intersección / cruce,,NO,,Asfalto,,Apto,Seca,,,,,,No,No,No,Día,NO,Sin Restricción,Despejado,Buena,,Sin Semáforo
118297,MUNICIPALIDAD DE CORRIENTES,2021-06-15,16:45:00,CORRIENTES,18,CAPITAL,21,CORRIENTES,Urbana,Calle,KEPLER,5450,,,,,1,1,0,2,0,Atropello a animal/es,Atropello a animal/es,S/D,,,2,Recta,Intersección / cruce,,NO,,Tierra,,Apto,Seca,,,,,,,,,Día,NO,,,,,
127008,CORRIENTES CAPITAL,2021-06-15,12:50:00,CORRIENTES,18,CAPITAL,21,CORRIENTES,Urbana,Avenida,AV. TENIENTE IBAÑEZ,,CORDOBA,,,,2,0,0,2,0,Colisión entre vehículos,Colisión entre vehículos,S/D,,,2,Recta,Intersección / cruce,,NO,,Hormigón,,Apto,,,Ninguna,,,,,,,Día,NO,,Despejado,Buena,,
106241,OBSERVATORIO VIAL,2021-06-15,16:00:00,CORRIENTES,18,CAPITAL,21,CORRIENTES,Urbana,Avenida,AV MAIPU,1900,LAS CUEVAS,,-2.748.945,-5.882.093,2,0,0,2,0,Colisión entre vehículos,Colisión entre vehículos,S/D,,,2,Recta,Intersección / cruce,,NO,,Asfalto,,Apto,Seca,,Ninguna,,,,S/D,S/D,S/D,Atardecer,NO,Sin Restricción,Despejado,Buena,,Sin Semáforo
121561,MUNICIPALIDAD DE CORRIENTES,2021-06-14,8:30:00,CORRIENTES,18,CAPITAL,21,CORRIENTES,Urbana,Calle,JUJUY,1301,RIVADAVIA,,,,1,1,0,2,0,Choque,Choque,S/D,,,2,Recta,Intersección / cruce,,NO,,Asfalto,,Apto,Seca,,,,,,,,,Día,NO,Sin Restricción,Despejado,Buena,,
98259,OBSERVATORIO VIAL,2021-06-14,8:40:00,CORRIENTES,18,CAPITAL,21,CORRIENTES,Urbana,Ruta Nacional,12,3 1/2,FRENTE RAOSA,,-2.750.250,-5.877.450,1,1,0,2,0,Colisión entre vehículos,Colisión entre vehículos,S/D,,,2,Recta,Intersección / cruce,,NO,,Hormigón,,Apto,Seca,,Ninguna,,,,No,No,No,Día,NO,Sin Restricción,Despejado,Buena,,Sin Semáforo
131731,MUNICIPALIDAD DE CORRIENTES,2021-06-14,8:08:00,CORRIENTES,18,CAPITAL,21,CORRIENTES,Urbana,Avenida,ARMENIA,3200,FELIX DE AZARA,,,,2,0,0,2,0,Colisión entre vehículos,Colisión entre vehículos,S/D,,Alcance,2,Recta,Intersección / cruce,,NO,,Asfalto,,Apto,Seca,,Ninguna,,,,Si,Si,No,Día,NO,Sin Restricción,Despejado,Buena,,Funciona
93054,OBSERVATORIO VIAL,2021-06-14,22:00:00,CORRIENTES,18,CAPITAL,21,CORRIENTES,Urbana,Calle,AV C.CORRENTINO,3000,AV CHACABUCO,,-2.748.664,-5.881.631,2,1,0,2,0,Colisión entre vehículos,Colisión entre vehículos,S/D,,,2,Curva,Intersección / cruce,,NO,,Asfalto,,Apto,Seca,,Cordón Divisorio,,,,Si,No,No,Noche,SI,Sin Restricción,Despejado,Buena,,Funciona
106261,OBSERVATORIO VIAL,2021-06-14,9:30:00,CORRIENTES,18,CAPITAL,21,CORRIENTES,Urbana,Avenida,AV LAS HERAS,2800,CHILE,,-2.748.270,-5.881.797,2,1,0,3,0,Colisión entre vehículos,Colisión entre vehículos,S/D,,,3,Recta,Intersección / cruce,,NO,,Asfalto,,Apto,Seca,,Cordón Divisorio,,,,No,No,No,Día,NO,Sin Restricción,Despejado,Buena,,Sin Semáforo
110372,OBSERVATORIO VIAL,2021-06-14,8:13:00,CORRIENTES,18,CAPITAL,21,CORRIENTES,Urbana,Avenida,AV ARMENIA,4700,QUINQUELA MARTIN,,-2.746.727,-5.879.192,2,1,0,2,0,Colisión entre vehículos,Colisión entre vehículos,S/D,,,2,Recta,Intersección / cruce,,NO,,Asfalto,,,Seca,,Ninguna,,,,S/D,S/D,S/D,Día,SI,Sin Restricción,Despejado,Buena,,Sin Semáforo
128639,MUNICIPALIDAD DE CORRIENTES,2021-06-14,6:30:00,CORRIENTES,18,CAPITAL,21,CORRIENTES,Urbana,Avenida,AV. CHACABUCO,1900,NECOCHEA,,,,2,0,0,2,0,Colisión entre vehículos,Colisión entre vehículos,S/D,,,2,Recta,Intersección / cruce,,NO,,Asfalto,,Apto,Seca,,,,,,Si,,,Día,NO,Sin Restricción,Despejado,Buena,,Funciona
129560,MUNICIPALIDAD DE CORRIENTES,2021-06-12,8:57:00,CORRIENTES,18,CAPITAL,21,CORRIENTES,Urbana,Calle,IRIGOYEN,990,BRASIL,,-2.746.982,-5.882.539,2,0,0,2,0,Colisión entre vehículos,Colisión entre vehículos,S/D,,,2,Recta,,,NO,,Asfalto,,Apto,Seca,,Ninguna,,,,,,,Día,,Sin Restricción,Despejado,Buena,,
98274,OBSERVATORIO VIAL,2021-06-12,17:45:00,CORRIENTES,18,CAPITAL,21,CORRIENTES,Urbana,Avenida,AV ARMENIA,2950,CHACABUCO,,-2.746.750,-5.881.187,1,2,0,2,0,Colisión entre vehículos,Colisión entre vehículos,S/D,,Angulo,2,Recta,Intersección / cruce,,NO,,Asfalto,,Apto,Seca,,Ninguna,,,,Si,No,No,Día,NO,Sin Restricción,Despejado,Buena,,
105914,OBSERVATORIO VIAL,2021-06-11,8:20:00,CORRIENTES,18,CAPITAL,21,CORRIENTES,Urbana,Calle,HIPOLITO YRIGOYEN,1800,,,-2.746.949,-5.882.802,1,1,0,2,0,Colisión entre vehículos,Colisión entre vehículos,S/D,,,2,Recta,,RECTA,NO,,Asfalto,,Apto,Seca,,Ninguna,,,,Si,Si,No,Día,NO,Sin Restricción,Despejado,Buena,,Sin Semáforo
106270,OBSERVATORIO VIAL,2021-06-10,11:15:00,CORRIENTES,18,CAPITAL,21,CORRIENTES,Urbana,Avenida,AV ARTIGAS,1600,AV FERRE,,-2.747.772,-5.881.976,1,1,0,2,0,Colisión entre vehículos,Colisión entre vehículos,S/D,,Lateral,2,Recta,Intersección / cruce,,NO,,Hormigón,,Apto,Seca,,Vegetación,,,,Si,Si,No,Día,NO,Sin Restricción,Despejado,Buena,,Funciona
128599,MUNICIPALIDAD DE CORRIENTES,2021-06-10,7:40:00,CORRIENTES,18,CAPITAL,21,CORRIENTES,Urbana,Calle,BOLIVAR,24002,VELEZ SARFIELD,,,,2,0,0,2,0,Colisión entre vehículos,Colisión entre vehículos,S/D,,,2,Recta,Intersección / cruce,,NO,,Asfalto,,Apto,Seca,,,,,,,,,Día,NO,Sin Restricción,Despejado,Buena,,
119992,MUNICIPALIDAD DE CORRIENTES,2021-06-10,11:50:00,CORRIENTES,18,CAPITAL,21,CORRIENTES,Urbana,Calle,CATAMARCA,1313,,,,,2,0,0,2,0,Colisión entre vehículos,Colisión entre vehículos,S/D,,Angulo,2,Recta,Intersección / cruce,,NO,,Asfalto,,Apto,Seca,,,,,,S/D,S/D,S/D,Día,NO,,Despejado,Buena,,Sin Semáforo
114271,MUNICIPALIDAD DE CORRIENTES,2021-06-10,11:25:00,CORRIENTES,18,CAPITAL,21,CORRIENTES,Urbana,Calle,Rioja,1514,Rivadavia,,-2.747.422,-5.883.879,2,0,0,2,0,Colisión entre vehículos,Colisión entre vehículos,S/D,,Angulo,2,Recta,Intersección / cruce,,,,Asfalto,,Apto,Seca,,,,,,,,,,NO,,Despejado,Buena,,
118302,MUNICIPALIDAD DE CORRIENTES,2021-06-09,7:25:00,CORRIENTES,18,,,CORRIENTES,Urbana,Avenida,AV. MAIPU,5610,,,,,0,1,0,1,0,"Caída desde vehículo, Colisión entre vehículos",Colisión entre vehículos,S/D,,,1,Recta,,,NO,,Asfalto,,Apto,Seca,,,,,,Si,Si,No,Día,NO,,Despejado,Buena,,Sin Semáforo
127013,CORRIENTES CAPITAL,2021-06-09,17:16:00,CORRIENTES,18,CAPITAL,21,CORRIENTES,Urbana,Avenida,AV. MAIPÙ,,HONDURAS,,,,1,1,0,2,0,Colisión entre vehículos,Colisión entre vehículos,S/D,,Angulo,2,Recta,Intersección / cruce,,NO,,Asfalto,,Apto,Seca,,Ninguna,,,,Si,S/D,S/D,Día,NO,Sin Restricción,Despejado,Buena,,Funciona
108442,OBSERVATORIO VIAL,2021-06-08,13:00:00,CORRIENTES,18,CAPITAL,21,CORRIENTES,Urbana,Ruta Provincial,RUTA Nª5 PROVINCIAL,1050,CALLE 115,Bª SAMELA,,,1,1,0,2,0,Colisión entre vehículos,Colisión entre vehículos,S/D,,,2,Curva,Intersección / cruce,,NO,,Asfalto,,Apto,Seca,,Ninguna,,,,S/D,S/D,S/D,Día,NO,Sin Restricción,Despejado,Buena,,Sin Semáforo
124886,Capital,2021-06-08,10:10:00,CORRIENTES,18,CAPITAL,21,CORRIENTES,Urbana,Avenida,Tacuari,3700,Cartagena,,-2.749.291,-5.880.874,1,1,0,2,0,Colisión entre vehículos,Colisión entre vehículos,S/D,,,2,Recta,,,NO,,Asfalto,,Apto,Despejada,,,,,,,No,No,Día,NO,Sin Restricción,Despejado,,,Sin Semáforo
130983,MUNICIPALIDAD DE CORRIENTES,2021-06-08,12:20:00,CORRIENTES,18,CAPITAL,21,CORRIENTES,Urbana,Calle,CASTELLI,,LUIS BRAILE,,,,2,0,0,2,0,Colisión entre vehículos,Colisión entre vehículos,S/D,,Angulo,2,Recta,,,NO,,Asfalto,,Apto,Seca,,,,,,,,,Día,NO,Sin Restricción,Despejado,Buena,,
111119,OBSERVATORIO VIAL,2021-06-07,14:40:00,CORRIENTES,18,CAPITAL,21,CORRIENTES,Urbana,Calle,CARTAGENA,3200,SAAVEDRA,,-2.749.243,-5.881.459,1,1,0,2,0,Colisión entre vehículos,Colisión entre vehículos,S/D,,,2,Recta,Intersección / cruce,,NO,,Asfalto,,Apto,Seca,,Ninguna,,,,No,No,No,Día,SI,Sin Restricción,Despejado,Buena,,Sin Semáforo
124121,Capital,2021-06-07,11:34:00,CORRIENTES,18,CAPITAL,21,CORRIENTES,Urbana,Avenida,Av Cazadorres Correntinos,3100,Reconquista,,-2.748.689,-5.881.479,1,0,0,1,0,"Atropello a animal/es, Colisión entre vehículos",Colisión entre vehículos,S/D,,,1,Recta,,,NO,,,,Apto,,,,,,,,,,Día,NO,,Despejado,,,
127007,MUNICIPALIDAD DE CORRIENTES,2021-06-06,8:42:00,CORRIENTES,18,CAPITAL,21,CORRIENTES,Urbana,Calle,BUENOS AIRES,1354,,,,,2,0,0,2,0,Colisión entre vehículos,Colisión entre vehículos,S/D,,,2,Recta,,,NO,,Asfalto,,Apto,Seca,,,,,,,,,Día,NO,Sin Restricción,Despejado,Buena,,
106267,OBSERVATORIO VIAL,2021-06-06,11:00:00,CORRIENTES,18,CAPITAL,21,CORRIENTES,Urbana,Avenida,AV PUJOL,1800,JUJUY,,-2.746.289,-5.882.725,2,0,0,2,0,Colisión entre vehículos,Colisión entre vehículos,S/D,,,2,Recta,Intersección / cruce,,NO,,Asfalto,,Apto,Seca,,Ninguna,,,,Si,Si,No,Día,NO,Sin Restricción,Despejado,Buena,,Funciona
120760,MUNICIPALIDAD DE CORRIENTES,2021-06-06,17:02:00,CORRIENTES,18,CAPITAL,21,CORRIENTES,Urbana,Calle,ROCA,1096,,,,,2,0,0,2,0,Colisión entre vehículos,Colisión entre vehículos,S/D,,Angulo,2,Recta,Intersección / cruce,,NO,,Asfalto,,Apto,Seca,,,,,,,Si,,Día,NO,Sin Restricción,Despejado,Buena,,
119115,MUNICIPALIDAD DE CORRIENTES,2021-06-05,13:10:00,CORRIENTES,18,CAPITAL,21,CORRIENTES,Urbana,Avenida,AV. MAIPU,2800,,,,,2,1,0,1,1,"Atropello a peatón/es, Caída desde vehículo, Choque",Choque,S/D,,,2,Recta,Intersección / cruce,,NO,,Asfalto,,Apto,Seca,,,,,,Si,Si,,Día,NO,Sin Restricción,Despejado,Buena,,Funciona
107678,OBSERVATORIO VIAL,2021-06-04,10:40:00,CORRIENTES,18,CAPITAL,21,CORRIENTES,Urbana,Calle,BENJAMIN DE LA VEGA,1650,RAMON CASTILLO,,-2.747.513,-5.884.699,2,0,0,2,0,Colisión entre vehículos,Colisión entre vehículos,S/D,,,2,Recta,Intersección / cruce,,NO,,Asfalto,,Apto,Seca,,Ninguna,,,,Si,Si,S/D,Día,NO,Sin Restricción,Despejado,Buena,,Sin Semáforo
120710,MUNICIPALIDAD DE CORRIENTES,2021-06-04,15:15:00,CORRIENTES,18,CAPITAL,21,CORRIENTES,Urbana,Calle,SAN MARTIN,,ITUZAINGÓ,,,,1,0,0,1,0,Caída desde vehículo,Caída desde vehículo,S/D,,,1,Recta,Intersección / cruce,,NO,,Asfalto,,Apto,Seca,,,,,,No,No,No,,NO,Sin Restricción,Despejado,Buena,,Sin Semáforo
131720,MUNICIPALIDAD DE CORRIENTES,2021-06-04,20:28:00,CORRIENTES,18,CAPITAL,21,CORRIENTES,Urbana,Avenida,AV.MAIPU,,NECOCHEA,,,,2,0,0,2,0,Colisión entre vehículos,Colisión entre vehículos,S/D,,Alcance,2,Recta,Intersección / cruce,,NO,,Asfalto,,Apto,Seca,,Cordón Divisorio,,,,,,,Atardecer,SI,Sin Restricción,Despejado,Buena,,
127006,DIRECCIÓN DE SEGURIDAD VIAL,2021-06-04,11:34:00,CORRIENTES,18,CAPITAL,21,CORRIENTES,Urbana,Avenida,AV. ARMENIA,,RECONQUISTA,,,,2,0,0,2,0,Colisión entre vehículos,Colisión entre vehículos,S/D,,,2,Recta,,,NO,,Asfalto,,Apto,Seca,,Ninguna,,,,,,,Día,NO,Sin Restricción,Despejado,Buena,,
93026,OBSERVATPORIO VIAL,2021-06-03,12:48:00,CORRIENTES,18,CAPITAL,21,CORRIENTES,Urbana,Avenida,AV ARTIGAS,1200,BOLIVAR,,-2.747.269,-5.881.901,1,1,0,2,0,Colisión entre vehículos,Colisión entre vehículos,S/D,,Angulo,2,Recta,Intersección / cruce,,NO,,Asfalto,,Apto,Seca,,Ninguna,,,,No,Si,No,Día,NO,Sin Restricción,,Buena,,Sin Semáforo
107681,OBSERVATORIO VIAL,2021-06-03,18:15:00,CORRIENTES,18,CAPITAL,21,CORRIENTES,Urbana,Avenida,AV MAIPU,3200,,,-2.751.383,-5.880.720,1,1,0,2,0,Colisión entre vehículos,Colisión entre vehículos,S/D,,,2,Recta,Intersección / cruce,,NO,,Hormigón,,Apto,Seca,,,,,,S/D,S/D,,Atardecer,SI,Sin Restricción,Despejado,Buena,,Intermitente
108418,OBSERVATORIO VIAL,2021-06-03,18:30:00,CORRIENTES,18,CAPITAL,21,CORRIENTES,Urbana,Calle,JUJUY,1100,BOLIVAR,,,,1,1,0,2,0,Colisión entre vehículos,Colisión entre vehículos,S/D,,,2,Recta,Intersección / cruce,,NO,,Asfalto,,Apto,Seca,,Ninguna,,,,S/D,S/D,S/D,Día,NO,Sin Restricción,Despejado,Buena,,Sin Semáforo
118286,SEGURIDAD VIAL,2021-06-02,18:30:00,CORRIENTES,18,CAPITAL,21,,Urbana,Calle,PJE HERRERA,,GUEMEZ,,,,2,0,0,2,0,Colisión entre vehículos,Colisión entre vehículos,S/D,,Angulo,2,Recta,Intersección / cruce,,NO,,Asfalto,,Apto,Seca,,Ninguna,,,,S/D,S/D,S/D,,NO,Sin Restricción,Despejado,Buena,,Sin Semáforo
119974,MUNICIPALIDAD DE CORRIENTES,2021-06-02,12:15:00,CORRIENTES,18,CAPITAL,21,CORRIENTES,Urbana,Avenida,,,MORENO,,,,1,1,0,2,0,Colisión entre vehículos,Colisión entre vehículos,S/D,,,2,Recta,Intersección / cruce,,NO,,Asfalto,,Apto,Seca,,,,,,,Si,,Día,NO,Sin Restricción,,Buena,,Sin Semáforo
119958,MUNICIPALIDAD DE CORRIENTES,2021-06-01,12:10:00,CORRIENTES,18,CAPITAL,21,CORRIENTES,Urbana,Ruta Provincial,5,3,,,,,3,0,0,3,0,Colisión entre vehículos,Colisión entre vehículos,S/D,,,3,Recta,Intersección / cruce,,NO,,Asfalto,,Apto,Seca,,,,,,Si,Si,Si,Día,NO,Sin Restricción,Despejado,Buena,,Sin Semáforo
106214,OBSERVATORIO VIAL,2021-06-01,23:33:00,CORRIENTES,18,CAPITAL,21,CORRIENTES,Urbana,Avenida,AV ARTIGAS,1100,SAN MARTIN,,-2.747.154,-5.881.868,2,0,0,2,0,Colisión entre vehículos,Colisión entre vehículos,S/D,,,2,Recta,Intersección / cruce,,NO,,Asfalto,,Apto,Seca,,Ninguna,,,,Si,No,No,Noche,SI,Sin Restricción,Despejado,Buena,,Funciona
119138,MUNICIPALIDAD DE CORRIENTES,2021-06-01,12:29:00,CORRIENTES,18,CAPITAL,21,CORRIENTES,Urbana,Avenida,AV. ARMENIA,4200,CRISTO OBRERO,,,,1,1,0,2,0,,,S/D,,,2,Recta,Intersección / cruce,,NO,,Asfalto,,Apto,Seca,,,,,,S/D,S/D,,Día,NO,Sin Restricción,Despejado,Buena,,Sin Semáforo
119964,MUNICIPALIDAD DE CORRIENTES,2021-05-31,21:00:00,CORRIENTES,18,CAPITAL,21,CORRIENTES,Urbana,Avenida,PAMPIN,370,PJE JUNCAL,,,,1,1,0,2,0,Colisión entre vehículos,Colisión entre vehículos,S/D,,Angulo,2,Recta,Intersección / cruce,,NO,,Asfalto,,Apto,Seca,,,,,,S/D,S/D,S/D,Día,NO,Sin Restricción,Despejado,Buena,,Sin Semáforo
126985,MUNICIPALIDAD DE CORRIENTES,2021-05-29,0:45:00,CORRIENTES,18,CAPITAL,21,CORRIENTES,Urbana,Avenida,AV MAIPU,1500,ASUNCION,,,,0,2,0,2,0,Colisión entre vehículos,Colisión entre vehículos,S/D,,,2,Recta,Intersección / cruce,,NO,,Asfalto,,Apto,Seca,,Barrera de Hormigón,,,,,,,Noche,SI,Otro,Despejado,Buena,,
132570,MUNICIPALIDAD DE CORRIENTES,2021-05-29,15:20:00,CORRIENTES,18,CAPITAL,21,CORRIENTES,Urbana,Avenida,AV 3 DE ABIL,,CORDOBA,,,,2,0,0,2,0,Colisión entre vehículos,Colisión entre vehículos,S/D,,,2,Recta,Intersección / cruce,,NO,,Asfalto,,Apto,,,,,,,Si,,,Día,NO,Sin Restricción,Despejado,Buena,,Funciona
93029,OBSERVATORIO VIAL,2021-05-29,21:00:00,CORRIENTES,18,CAPITAL,21,CORRIENTES,Urbana,Ruta Provincial,5,KM 1,,,-2.748.501,-5.877.683,1,1,0,2,0,Colisión entre vehículos,Colisión entre vehículos,S/D,,Angulo,2,Recta,,RUTA,NO,,Asfalto,,Apto,Seca,,Otro,,,,S/D,S/D,S/D,Noche,SI,Otro,Despejado,Buena,,Funciona
108886,O.V.,2021-05-29,5:30:00,CORRIENTES,18,CAPITAL,21,CORRIENTES,Urbana,Avenida,AV. INDEPENDENCIA,5445,,,-2.748.398,-5.878.437,2,0,0,2,0,Colisión entre vehículos,Colisión entre vehículos,S/D,,Rozamiento,2,Recta,Rotonda,,NO,,Hormigón,,Apto,,,Cordón Divisorio,,,,Si,S/D,S/D,Noche,SI,Sin Restricción,Despejado,Buena,,Funciona
95908,OBSERVATORIO VIAL,2021-05-27,13:05:00,CORRIENTES,18,CAPITAL,21,CORRIENTES,Urbana,Calle,BOLIVAR,2700,COLOMBIA,,-2.747.287,-5.881.727,0,2,0,2,0,Colisión entre vehículos,Colisión entre vehículos,S/D,,,2,Recta,Intersección / cruce,,NO,,Hormigón,,Apto,Seca,,Ninguna,,,,Si,No,No,Día,NO,Sin Restricción,Despejado,Buena,,Sin Semáforo
118296,MUNICIPALIDAD DE CORRIENTES,2021-05-26,18:30:00,CORRIENTES,18,CAPITAL,21,CORRIENTES,Urbana,Calle,PERU,800,,,-2.747.054,-5.882.175,1,2,0,2,0,Colisión entre vehículos,Colisión entre vehículos,S/D,,Angulo,2,,Intersección / cruce,,NO,,Hormigón,,Apto,Seca,,Ninguna,,,,,,,Día,NO,Sin Restricción,Despejado,Buena,,Sin Semáforo
113316,MUNICIPALIDAD DE CORRIENTES,2021-05-26,7:33:00,CORRIENTES,18,,,SANTA ANA,Rural,Ruta Nacional,12,2,,,,,3,2,0,2,0,Colisión entre vehículos,Colisión entre vehículos,S/D,,Angulo,2,Recta,,,NO,,Asfalto,,Apto,Seca,,Ninguna,,,,No,No,No,Amanecer,NO,Sin Restricción,Despejado,Buena,,Sin Semáforo
126363,MUNICIPALIDAD DE CORRIENTES,2021-05-23,14:31:00,CORRIENTES,18,CAPITAL,21,CORRIENTES,Urbana,Avenida,ESTADO DE ISRRAEL,,CHACABUCO,,,,0,4,0,2,0,Colisión entre vehículos,Colisión entre vehículos,S/D,,Angulo,2,Recta,Intersección / cruce,,NO,,Hormigón,,,Seca,,Ninguna,,,,No,No,No,Día,NO,Sin Restricción,Despejado,Buena,,Sin Semáforo
129574,MUNICIPALIDAD DE CORRIENTES,2021-05-22,10:40:00,CORRIENTES,18,CAPITAL,21,CORRIENTES,Urbana,Avenida,AV. CENTENARIO,,RIO JURAMENTO,,-2.747.508,-5.879.827,2,0,0,2,0,Colisión entre vehículos,Colisión entre vehículos,S/D,,,2,Recta,Intersección / cruce,,NO,,Asfalto,,Apto,Seca,,Ninguna,,,,,,,Día,NO,Sin Restricción,Despejado,Buena,,
119985,MUNICIPALIDAD DE CORRIENTES,2021-05-21,18:30:00,CORRIENTES,18,CAPITAL,21,CORRIENTES,Urbana,Ruta Nacional,12,1031,,,,,3,0,0,3,0,Colisión entre vehículos,Colisión entre vehículos,S/D,,Alcance,3,Recta,Intersección / cruce,,NO,,Asfalto,,Apto,Seca,,,,,,Si,,,Día,NO,,Despejado,Buena,,Sin Semáforo
119990,MUNICIPALIDAD DE CORRIENTES,2021-05-21,10:30:00,CORRIENTES,18,CAPITAL,21,CORRIENTES,Urbana,Calle,Medrano,3600,CUBA,,-2.750.462,-5.879.771,2,0,0,2,0,Colisión entre vehículos,Colisión entre vehículos,S/D,,Lateral,2,Recta,,,NO,,Asfalto,,Apto,Seca,,,,,,S/D,S/D,S/D,Día,SI,,Despejado,Buena,,Funciona
122555,MUNICIPALIDAD DE CORRIENTES,2021-05-21,12:40:00,CORRIENTES,18,CAPITAL,21,CORRIENTES,Urbana,Calle,PLACIDO MARTINEZ,998,RIOJA,,,,3,1,0,3,0,Colisión entre vehículos,Colisión entre vehículos,S/D,,,3,Recta,Intersección / cruce,,NO,,Asfalto,,Apto,Seca,,,,,,Si,Si,Si,Día,NO,,Despejado,Buena,,Funciona
130999,MUNICIPALIDAD DE CORRIENTES,2021-05-20,9:00:00,CORRIENTES,18,CAPITAL,21,CORRIENTES,Urbana,Calle,MENDOZA,,RIVADAVIA,,,,1,1,0,2,0,Colisión entre vehículos,Colisión entre vehículos,S/D,,,2,Recta,Intersección / cruce,,NO,,Asfalto,,Apto,,,,,,,,,,Día,NO,Sin Restricción,Lluvia,Lluvia,,
93015,OBSERVATORIO VIAL,2021-05-20,13:10:00,CORRIENTES,18,CAPITAL,21,CORRIENTES,Urbana,Calle,LA RIOJA,1000,BELGRANO,,-2.747.194,-5.883.857,1,1,0,2,0,Colisión entre vehículos,Colisión entre vehículos,S/D,,,2,Recta,Intersección / cruce,,NO,,Asfalto,,Apto,Seca,,Cordón Divisorio,,,,Si,Si,No,Día,NO,Sin Restricción,Despejado,Buena,,Sin Semáforo
131710,MUNICIPALIDAD DE CORRIENTES,2021-05-20,6:25:00,CORRIENTES,18,CAPITAL,21,CORRIENTES,Urbana,Avenida,AV.JUAN PUJOL,2200,ROCA,,,,5,0,0,2,0,Choque,Choque,S/D,,,2,Curva,Rotonda,,NO,,Asfalto,,Apto,Seca,,Cordón Divisorio,,,,,,,Día,NO,Sin Restricción,Despejado,Buena,,
95912,OBSERVATORIO VIAL,2021-05-19,17:45:00,CORRIENTES,18,CAPITAL,21,CORRIENTES,Urbana,Calle,GRAL PAZ,3600,GUEMES,,-2.748.204,-5.880.803,1,2,0,2,0,Colisión entre vehículos,Colisión entre vehículos,S/D,,Angulo,2,Recta,Intersección / cruce,,NO,,Hormigón,,Apto,Seca,,Ninguna,,,,Si,S/D,S/D,Día,NO,Sin Restricción,Despejado,Buena,,Sin Semáforo
110491,OBSERVATORIO VIAL,2021-05-19,6:15:00,CORRIENTES,18,CAPITAL,21,CORRIENTES,Urbana,Avenida,AV INDEPEMDENCIA,3700,TACUARI,,-2.747.936,-5.880.636,0,1,0,1,0,"Caída desde vehículo, Colisión entre vehículos",Colisión entre vehículos,S/D,,,1,Recta,Intersección / cruce,,NO,,Hormigón,,Apto,Seca,,Ninguna,,,,Si,Si,No,Noche,SI,Sin Restricción,Despejado,Buena,,Funciona
108414,OBSERVATORIO VIAL,2021-05-19,10:35:00,CORRIENTES,18,CAPITAL,21,CORRIENTES,Urbana,Calle,TACUARI,1900,LAVALLE,,,,2,1,0,2,0,Colisión entre vehículos,Colisión entre vehículos,S/D,,,2,Recta,Intersección / cruce,,NO,,Hormigón,,Apto,Seca,,Ninguna,,,,No,No,No,Día,NO,Sin Restricción,Despejado,Buena,,Sin Semáforo
132567,MUNICIPALIDAD DE CORRIENTES,2021-05-19,22:51:00,CORRIENTES,18,CAPITAL,21,CORRIENTES,Urbana,Avenida,AV. MAIPÚ,1000,,,,,2,0,0,2,0,Colisión entre vehículos,Colisión entre vehículos,S/D,,Angulo,2,Recta,Intersección / cruce,,NO,,Asfalto,,Apto,"Despejada, Seca",,Ninguna,,,,,,,Noche,SI,Sin Restricción,Despejado,Buena,,
119943,DIRECCIÓN DE SEG VIAL,2021-05-19,3:50:00,CORRIENTES,18,CAPITAL,21,CORRIENTES,Urbana,Avenida,AV. INDEPENDENCIA,,GODOY CRUZ,,,,0,0,1,1,0,Caída desde vehículo,Caída desde vehículo,S/D,,,1,Recta,Intersección / cruce,,NO,,,,Apto,Seca,,,,,,S/D,S/D,S/D,,SI,Sin Restricción,Despejado,Buena,,
107650,OBSERVATORIO VIAL,2021-05-16,12:20:00,CORRIENTES,18,CAPITAL,21,CORRIENTES,Urbana,Calle,ESPAÑA,1500,RIVADAVIA,,-2.747.495,-5.883.003,1,0,0,1,0,"Colisión entre vehículos, Despiste",Colisión entre vehículos,Si,,,1,Recta,Intersección / cruce,,NO,,Asfalto,,Apto,Seca,,Ninguna,,,,Si,S/D,,Día,NO,Sin Restricción,Despejado,Buena,,Sin Semáforo
119982,MUNICIPALIDAD DE CORRIENTES,2021-05-15,20:15:00,CORRIENTES,18,CAPITAL,21,CORRIENTES,Urbana,Avenida,AV. ALTA GRACIA,2800,LOS ATACAMAS,,,,1,1,0,2,0,Colisión entre vehículos,Colisión entre vehículos,S/D,,,2,Recta,Intersección / cruce,,NO,,Asfalto,,Apto,Seca,,,,,,S/D,S/D,S/D,Noche,SI,,Despejado,Buena,,Sin Semáforo
130985,MUNICIPALIDAD DE CORRIENTES,2021-05-14,19:00:00,CORRIENTES,18,CAPITAL,21,CORRIENTES,Urbana,Calle,CARTAGENA,3650,TACUARÍ,,,,0,2,0,2,0,Colisión entre vehículos,Colisión entre vehículos,S/D,,,2,Recta,Intersección / cruce,,NO,,Asfalto,,Apto,Seca,,Ninguna,,,,S/D,S/D,,Día,,Sin Restricción,Despejado,Buena,,
110363,OBSERVATORIO VIAL,2021-05-14,15:07:00,CORRIENTES,18,CAPITAL,21,CORRIENTES,Urbana,Calle,9 DE julio,1700,ESPAÑA,,-2.746.705,-5.882.912,1,1,0,2,0,Colisión entre vehículos,Colisión entre vehículos,S/D,,,2,Recta,Intersección / cruce,,NO,,Asfalto,,Apto,Seca,,Ninguna,,,,Si,Si,No,Día,NO,Sin Restricción,Despejado,Buena,,Sin Semáforo
119989,MUNICIPALIDAD DE CORRIENTES,2021-05-14,18:00:00,CORRIENTES,18,,,,Urbana,Ruta Nacional,12,1034,AV. LIBERTAD,,,,1,0,1,2,0,Colisión entre vehículos,Colisión entre vehículos,S/D,,Alcance,2,Recta,Intersección / cruce,,NO,,Asfalto,,Apto,Seca,,Ninguna,,,,Si,Si,Si,Día,NO,Sin Restricción,Despejado,Buena,,Sin Semáforo
112206,OBSERVATORIO VIAL,2021-05-13,7:44:00,CORRIENTES,18,CAPITAL,21,CORRIENTES,Urbana,Calle,SUIZA,3300,REPUBLICA DOMINICANA,,-2.747.619,-5.881.070,1,2,0,2,0,,,S/D,,,2,Recta,Intersección / cruce,,NO,,Asfalto,,Apto,Seca,,,,,,Si,No,No,Día,NO,Sin Restricción,Despejado,,,Sin Semáforo
115140,CORRIENTES CAPITAL,2021-05-13,13:30:00,CORRIENTES,18,CAPITAL,21,CORRIENTES,Urbana,Avenida,AV. 3 DE ABRIL,3400,CASTELLI,,-2.747.914,-5.880.985,3,0,0,3,0,Colisión entre vehículos,Colisión entre vehículos,S/D,,Alcance,3,Recta,Intersección / cruce,,NO,,Hormigón,,Apto,Seca,,Cordón Divisorio,,,,Si,Si,,Día,SI,Sin Restricción,,,,Funciona
118311,MUNICIPALIDAD DE CORRIENTES,2021-05-12,12:30:00,CORRIENTES,18,,,CORRIENTES,Urbana,Avenida,AV. ALTA GRACIA,2400,,,,,1,1,0,2,0,Colisión entre vehículos,Colisión entre vehículos,S/D,,,2,Recta,Intersección / cruce,,NO,,Asfalto,,Apto,Seca,,,,,,,,,Día,NO,Sin Restricción,Despejado,Buena,,
125024,MUNICIPALIDAD DE CORRIENTES,2021-05-12,18:30:00,CORRIENTES,18,CAPITAL,21,CORRIENTES,Urbana,Calle,J.R. FERNADNEZ,470,CAPILLA DEL MONTE,,,,1,1,0,2,0,Colisión entre vehículos,Colisión entre vehículos,S/D,,,2,Recta,,,NO,,Asfalto,,Apto,,,,,,,S/D,S/D,,Día,NO,Sin Restricción,Despejado,Buena,,
106225,OBSERVATORIO VIAL,2021-05-12,9:20:00,CORRIENTES,18,CAPITAL,21,CORRIENTES,Urbana,Calle,TACUARI,1680,,,-2.748.011,-5.880.640,1,0,0,1,0,"Caída desde vehículo, Colisión entre vehículos",Colisión entre vehículos,S/D,,,1,Recta,Intersección / cruce,,NO,,Asfalto,,Apto,Seca,,Ninguna,,,,Si,Si,No,Día,NO,Sin Restricción,Despejado,Buena,,Sin Semáforo
122552,DIRECCIÓN DE SEGURIDAD VIAL,2021-05-12,1:20:00,CORRIENTES,18,CAPITAL,21,CORRIENTES,Urbana,Avenida,AV. CENTENARIO,,RESOAGLI,,-2.748.754,-5.872.507,1,1,0,2,0,Colisión entre vehículos,Colisión entre vehículos,S/D,,,2,Recta,,,NO,,Asfalto,,Apto,Seca,,,,,,S/D,S/D,S/D,Noche,SI,Sin Restricción,Despejado,Buena,,
108419,OBSERVATORIO VIAL,2021-05-11,6:30:00,CORRIENTES,18,CAPITAL,21,CORRIENTES,Urbana,Avenida,AV CHACABUCO,1900,LAS HERAS,,,,0,1,0,1,0,"Atropello a animal/es, Colisión entre vehículos",Colisión entre vehículos,S/D,,,1,Recta,Intersección / cruce,,NO,,Asfalto,,Apto,Seca,,Cordón Divisorio,,,,S/D,S/D,S/D,Amanecer,SI,Sin Restricción,Despejado,Buena,,Sin Semáforo
126368,MUNICIPALIDAD DE CORRIENTES,2021-05-10,18:10:00,CORRIENTES,18,,,,Urbana,Calle,9 DE julio,1700,JUJUY,,,,3,0,0,2,0,Colisión entre vehículos,Colisión entre vehículos,S/D,,,2,Recta,Intersección / cruce,,NO,,Asfalto,,Apto,,,,,,,,,,Día,NO,Sin Restricción,Despejado,Buena,,
106280,OBSERVATORIO VIAL,2021-05-10,22:40:00,CORRIENTES,18,CAPITAL,21,CORRIENTES,Urbana,Avenida,AV INDEPENDENCIA,3300,J.J.PASO (DOMINICANA),,-2.747.887,-5.881.162,1,1,0,2,0,Colisión entre vehículos,Colisión entre vehículos,S/D,,,2,Recta,Intersección / cruce,,NO,,Asfalto,,Apto,Seca,,Cordón Divisorio,,,,Si,Si,No,Noche,SI,Sin Restricción,Despejado,Buena,,Funciona
112190,OBSERVATORIO VIAL,2021-05-09,12:30:00,CORRIENTES,18,CAPITAL,21,CORRIENTES,Urbana,Ruta Nacional,12,1062,,,-2.751.193,-5.876.930,1,1,0,2,0,Colisión entre vehículos,Colisión entre vehículos,S/D,,,2,Recta,Intersección / cruce,,NO,,Asfalto,,Apto,Seca,,Ninguna,,,,No,No,No,Día,NO,Sin Restricción,Despejado,Buena,,
113321,MUNICIPALIDAD DE CORRIENTES,2021-05-07,14:30:00,CORRIENTES,18,CAPITAL,21,CORRIENTES,Urbana,Calle,San Lorenzo,1271,Belgrano,,,,2,0,0,2,0,Colisión entre vehículos,Colisión entre vehículos,S/D,,,2,Recta,Intersección / cruce,,NO,,Asfalto,,Apto,Seca,,Ninguna,,,,,,,Día,NO,,Despejado,Buena,,
131000,MUNICIPALIDAD DE CORRIENTES,2021-05-07,11:20:00,CORRIENTES,18,CAPITAL,21,CORRIENTES,Urbana,Calle,SALTA,,SAN JUAN,,,,2,0,0,2,0,Colisión entre vehículos,Colisión entre vehículos,S/D,,,2,Recta,,,NO,,Asfalto,,Apto,,,Ninguna,,,,,,,Día,NO,Sin Restricción,Despejado,Buena,,
96776,OBSERVATORIO VIAL,2021-05-07,23:30:00,CORRIENTES,18,CAPITAL,21,CORRIENTES,Urbana,Avenida,AV INDEPENDENCIA,5200,SANCHEZ DE BUSTAMANTE,BANDA SUR,-2.748.404,-5.878.829,2,1,0,2,0,Colisión entre vehículos,Colisión entre vehículos,S/D,,,2,Recta,Intersección / cruce,,NO,,Hormigón,,Apto,Seca,,Cordón Divisorio,,,,Si,Si,No,Noche,SI,Sin Restricción,Despejado,Buena,,Funciona
106217,OBSERVATORIO VIAL,2021-05-06,10:48:00,CORRIENTES,18,CAPITAL,21,CORRIENTES,Urbana,Avenida,AV MAIPU,2777,,,-2.750.464,-5.881.172,1,1,0,2,0,Colisión entre vehículos,Colisión entre vehículos,S/D,,,2,Recta,Intersección / cruce,,NO,,Asfalto,,Apto,Mojada,,,,,,No,No,No,Día,NO,Sin Restricción,Despejado,Buena,,Sin Semáforo
104757,OBSERVATORIO VIAL,2021-05-04,19:45:00,CORRIENTES,18,CAPITAL,21,CORRIENTES,Urbana,Avenida,AV MAIPU,3060,,,-2.751.374,-5.880.720,1,2,0,2,0,Colisión entre vehículos,Colisión entre vehículos,S/D,,,2,Recta,Intersección / cruce,,NO,,Asfalto,,Apto,,,Ninguna,,,,S/D,S/D,S/D,Noche,SI,Sin Restricción,Despejado,Buena,,Sin Semáforo
106218,OBSERVATORIO VIAL,2021-05-03,17:15:00,CORRIENTES,18,CAPITAL,21,CORRIENTES,Urbana,Calle,GENERAL PAZ,3600,GUEMEZ,,-2.748.208,-5.880.804,2,1,0,2,0,Colisión entre vehículos,Colisión entre vehículos,S/D,,,2,Recta,Intersección / cruce,,NO,,Hormigón,,,Seca,,Ninguna,,,,S/D,S/D,S/D,Día,NO,Sin Restricción,Nublado,Buena,,Sin Semáforo
118288,SEGURIDAD VIAL,2021-05-02,19:15:00,CORRIENTES,18,CAPITAL,21,CORRIENTES,Urbana,Calle,W.DOMINGUEZ,,PITAGORAS,,,,0,1,0,1,0,Despiste,Despiste,Si,,,1,Recta,,,NO,,Hormigón,,Apto,Seca,,Cordón Divisorio,,,,S/D,S/D,S/D,Día,NO,Sin Restricción,Despejado,,,Sin Semáforo
127952,MUNICIPALIDAD DE CORRIENTES,2021-05-01,14:25:00,CORRIENTES,18,CAPITAL,21,CORRIENTES,Urbana,Calle,H IROGOYEN,2100,ROCA,,,,1,2,0,3,0,Colisión entre vehículos,Colisión entre vehículos,S/D,,Alcance,3,Recta,Intersección / cruce,,NO,,Hormigón,,Apto,Seca,,,,,,S/D,S/D,S/D,Día,NO,Sin Restricción,Despejado,Buena,,Sin Semáforo
129577,MUNICIPALIDAD DE CORRIENTES,2021-05-01,20:19:00,CORRIENTES,18,CAPITAL,21,CORRIENTES,Urbana,Calle,CARTAGENA,,GUEMES,,,,2,0,0,2,0,Colisión entre vehículos,Colisión entre vehículos,S/D,,,2,Recta,Intersección / cruce,,NO,,,,Apto,Seca,,,,,,,,,Día,NO,Sin Restricción,,Buena,,
120748,MUNICIPALIDAD DE CORRIENTES,2021-04-28,18:45:00,CORRIENTES,18,CAPITAL,21,CORRIENTES,Urbana,Avenida,AV. CHACABUCO,,ESTADO DE ISRAEL,,,,2,1,0,3,0,,,S/D,,,3,Recta,Intersección / cruce,,NO,,Asfalto,,Apto,Seca,,Ninguna,,,,Si,Si,No,Día,NO,Sin Restricción,Despejado,,,Sin Semáforo
106213,OBSERVATORIO VIAL,2021-04-26,17:00:00,CORRIENTES,18,CAPITAL,21,CORRIENTES,Urbana,Calle,CATAMARCA,1100,SAN  MARTIN,,-2.747.017,-5.883.333,2,0,0,2,0,Choque,Choque,S/D,,,2,Recta,Intersección / cruce,,NO,,Asfalto,,Apto,Seca,,Ninguna,,,,Si,,,Día,NO,Sin Restricción,Despejado,Buena,,Sin Semáforo
122799,Cpaital,2021-04-26,22:55:00,CORRIENTES,18,CAPITAL,21,CORRIENTES,Urbana,Avenida,Av.Independencia,4200,Las Piedras,,-2.748.402,-5.878.406,1,1,0,2,0,Colisión entre vehículos,Colisión entre vehículos,S/D,,Angulo,2,Recta,Intersección / cruce,,NO,,Hormigón,,Apto,Seca,,Cordón Divisorio,,,,Si,Si,,Noche,SI,Sin Restricción,Despejado,Buena,,Funciona
129572,MUNICIPALIDAD DE CORRIENTES,2021-04-24,9:07:00,CORRIENTES,18,CAPITAL,21,CORRIENTES,Urbana,Calle,AV. 3DE ABRIL,600,ALBERDI,,-2.747.500,-5.884.432,1,0,0,1,0,Caída desde vehículo,Caída desde vehículo,S/D,,,1,Recta,Intersección / cruce,,NO,,Asfalto,,Apto,Seca,,Ninguna,,,,,,,Día,NO,,Despejado,Buena,,
123431,MUNICIPALIDAD DE CORRIENTES,2021-04-23,1:45:00,CORRIENTES,18,CAPITAL,21,CORRIENTES,Urbana,Avenida,AV. ARMENIA,4100,LOS TILOS,,,,2,0,0,2,0,Colisión entre vehículos,Colisión entre vehículos,S/D,,Alcance,2,Curva,,,NO,,Asfalto,,Apto,Seca,,,,,,,,,Noche,SI,,Despejado,Buena,,
108450,OBSERVATORIO VIAL,2021-04-22,22:35:00,CORRIENTES,18,CAPITAL,21,CORRIENTES,Urbana,Avenida,AV C. CORRENTINO,5800,AV MONTE CARLOS,,,,1,1,0,2,0,Colisión entre vehículos,Colisión entre vehículos,S/D,,Angulo,2,Recta,Intersección / cruce,,NO,,Hormigón,,Apto,,,Cordón Divisorio,,,,Si,No,No,Noche,SI,Sin Restricción,Despejado,Buena,,Funciona
119122,MUNICIPALIDAD DE CORRIENTES,2021-04-22,16:30:00,CORRIENTES,18,CAPITAL,21,CORRIENTES,Urbana,Avenida,ROTONDA DE LA VIRGEN,5000,RUTA 12,,,,2,0,0,2,0,Colisión entre vehículos,Colisión entre vehículos,S/D,,,2,Curva,Rotonda,,NO,,Asfalto,,Apto,Seca,,,,,,,,,Día,NO,Sin Restricción,Despejado,Buena,,
105565,OBSERVATORIO VIAL,2021-04-22,22:50:00,CORRIENTES,18,CAPITAL,21,CORRIENTES,Urbana,Avenida,AV SARMIENTO,1680,LAVALLE,,-2.747.770,-5.883.027,2,0,0,2,0,Colisión entre vehículos,Colisión entre vehículos,S/D,,,2,Recta,,1/2 CUADRA,NO,,Asfalto,,Apto,Seca,,Ninguna,,,,S/D,S/D,S/D,Noche,SI,Sin Restricción,Despejado,Buena,,Sin Semáforo
126265,Capital,2021-04-22,8:00:00,CORRIENTES,18,CAPITAL,21,CORRIENTES,Urbana,Avenida,Avenida Ferre,2576,Chile,,-2.747.822,-5.881.745,3,0,0,2,0,Colisión entre vehículos,Colisión entre vehículos,S/D,,Alcance,2,Recta,Intersección / cruce,,NO,,Asfalto,,Apto,,,Cordón Divisorio,,,,S/D,S/D,S/D,Día,NO,Sin Restricción,Despejado,Buena,,
132602,MUNICIPALIDAD DE CORRIENTES,2021-04-22,9:50:00,CORRIENTES,18,CAPITAL,21,CORRIENTES,Urbana,Avenida,AV. INDEPENDENCIA,2300,TACUARI,,,,,1,0,1,0,Atropello a animal/es,Atropello a animal/es,S/D,,,1,Recta,Intersección / cruce,,NO,,Asfalto,,Apto,Seca,,Barrera de Hormigón,,,,Si,Si,Si,Día,NO,Sin Restricción,Despejado,Buena,,Funciona
107646,OBSERVATORIO VIAL,2021-04-21,8:10:00,CORRIENTES,18,CAPITAL,21,CORRIENTES,Urbana,Calle,BELGRANO,1100,SAN JUAN,,-2.747.202,-5.883.719,1,1,0,2,0,Colisión entre vehículos,Colisión entre vehículos,S/D,,,2,Recta,Intersección / cruce,,NO,,Asfalto,,Apto,Seca,,Ninguna,,,,S/D,S/D,S/D,Día,NO,Sin Restricción,Despejado,Buena,,Sin Semáforo
108374,OBSERVATORIO VIAL,2021-04-21,11:40:00,CORRIENTES,18,CAPITAL,21,CORRIENTES,Urbana,Ruta Provincial,5,1,AV INDEPENDENCIA,ROTONDA,,,2,0,0,2,0,Colisión entre vehículos,Colisión entre vehículos,S/D,,Lateral,2,Curva,Rotonda,,NO,,Hormigón,,Apto,Seca,,Ninguna,,,,S/D,S/D,S/D,Día,NO,Sin Restricción,Despejado,Buena,,Sin Semáforo
124117,Capital,2021-04-21,9:30:00,CORRIENTES,18,CAPITAL,21,CORRIENTES,Urbana,Avenida,Av Maipu,800,Madariaga,,-2.748.515,-5.882.423,0,1,0,1,0,Caída desde vehículo,Caída desde vehículo,S/D,,,1,Recta,Intersección / cruce,,NO,,Asfalto,,Apto,Seca,,,,,,,,,Día,NO,,Despejado,Buena,,
105569,OBSERVATORIO VIAL,2021-04-21,11:30:00,CORRIENTES,18,CAPITAL,21,CORRIENTES,Urbana,Avenida,AV IV CENTENARIO,1200,PATAGONIA,,-2.749.081,-5.883.801,0,2,0,2,0,Colisión entre vehículos,Colisión entre vehículos,S/D,,Angulo,2,Recta,Intersección / cruce,,NO,,Hormigón,,Apto,Seca,,Ninguna,,,,S/D,S/D,S/D,Día,NO,Sin Restricción,Despejado,Buena,,Sin Semáforo
93065,OBSERVATORIO VIAL,2021-04-20,12:10:00,CORRIENTES,18,CAPITAL,21,CORRIENTES,Urbana,Avenida,AV CHACABUCO,1400,MORENO,,-2.747.551,-5.881.405,2,3,0,2,0,Colisión entre vehículos,Colisión entre vehículos,S/D,,Angulo,2,Recta,Intersección / cruce,,NO,,Hormigón,,Apto,Seca,,Ninguna,,,,Si,No,No,Día,NO,Sin Restricción,Nublado,Buena,,Funciona
110432,OBSERVATORIO VIAL,2021-04-20,8:32:00,CORRIENTES,18,CAPITAL,21,CORRIENTES,Urbana,Avenida,AV CUBA,6000,RUTA 12,,-2.750.461,-5.877.376,1,1,0,2,0,Colisión entre vehículos,Colisión entre vehículos,S/D,,,2,Recta,Intersección / cruce,,NO,,Asfalto,,Apto,Seca,,Ninguna,,,,No,No,No,Día,NO,Sin Restricción,Despejado,Buena,,Sin Semáforo
114274,MUNICIPALIDAD DE CORRIENTES,2021-04-17,12:50:00,CORRIENTES,18,CAPITAL,21,CORRIENTES,Urbana,Calle,AV. RAUL ALFONSIN,4043,LOS TILOS,,,,2,0,0,2,0,Colisión entre vehículos,Colisión entre vehículos,S/D,,,2,Curva,Intersección / cruce,,,,Asfalto,,Apto,Seca,,,,,,,,,Día,,,Despejado,Buena,,
122996,Capital,2021-04-17,10:05:00,CORRIENTES,18,CAPITAL,21,CORRIENTES,Urbana,Avenida,Av Maipu,1500,Asunción,,-2.749.116,-5.881.981,1,1,0,2,0,Colisión entre vehículos,Colisión entre vehículos,S/D,,,2,,Intersección / cruce,,NO,,Asfalto,,Apto,Seca,,Ninguna,,,,Si,Si,,Día,NO,Sin Restricción,Despejado,Buena,,Funciona
93024,OBSERVATORIO VIAL,2021-04-16,22:45:00,CORRIENTES,18,CAPITAL,21,CORRIENTES,Urbana,Ruta Provincial,5,"2,5",,,-2.748.800,-5.876.359,1,2,0,3,0,Colisión entre vehículos,Colisión entre vehículos,S/D,,,3,Recta,Intersección / cruce,,NO,,Asfalto,,Apto,,,Ninguna,,,,S/D,S/D,S/D,Noche,SI,Sin Restricción,Despejado,,,Sin Semáforo
98270,OBSERVATORIO VIAL,2021-04-16,22:25:00,CORRIENTES,18,CAPITAL,21,CORRIENTES,Urbana,Avenida,AV C.CORRENTINO,3700,TACUARI,,-2.748.640,-5.880.726,2,1,0,2,0,Colisión entre vehículos,Colisión entre vehículos,S/D,,,2,Recta,Intersección / cruce,,NO,,Hormigón,,Apto,Seca,,Ninguna,,,,Si,No,No,Noche,SI,Sin Restricción,Despejado,Buena,,Funciona
129576,MUNICIPALIDAD DE CORRIENTES,2021-04-14,15:55:00,CORRIENTES,18,CAPITAL,21,CORRIENTES,Urbana,Avenida,AV CAZADORES CORRENTINOS,3900,RESOAGLI,,,,2,0,0,2,0,Colisión entre vehículos,Colisión entre vehículos,S/D,,,2,Recta,Intersección / cruce,,NO,,Asfalto,,Apto,Seca,,Ninguna,,,,,,,Día,NO,Sin Restricción,Despejado,Buena,,
124191,Capital,2021-04-14,1:18:00,CORRIENTES,18,CAPITAL,21,CORRIENTES,Urbana,Avenida,Av 3 de Abril,1700,Sta Fe,,-2.747.626,-5.883.138,2,0,0,2,0,Colisión entre vehículos,Colisión entre vehículos,S/D,,Angulo,2,Recta,Intersección / cruce,,NO,,,,Apto,Seca,,,,,,,,,Noche,SI,Sin Restricción,Despejado,Buena,,
98255,OBSERVATORIO VIAL,2021-04-13,16:00:00,CORRIENTES,18,CAPITAL,21,CORRIENTES,Urbana,Avenida,AV PUJOL,2450,JUNIN,,-2.746.917,-5.881.956,2,0,0,2,0,Colisión entre vehículos,Colisión entre vehículos,S/D,,,2,Recta,Intersección / cruce,,NO,,Hormigón,,Apto,Seca,,Ninguna,,,,Si,Si,No,Día,NO,Sin Restricción,Despejado,Buena,,Sin Semáforo
105559,ONSERVATORIO VIAL,2021-04-13,20:05:00,CORRIENTES,18,CAPITAL,21,CORRIENTES,Urbana,Avenida,AV 3 DE ABRIL,220,ATIENZA,,-2.747.395,-5.884.943,3,0,0,3,0,Colisión entre vehículos,Colisión entre vehículos,S/D,,,3,Recta,Intersección / cruce,,NO,,Hormigón,,Apto,Seca,,Ninguna,,,,S/D,S/D,S/D,Noche,SI,Sin Restricción,Despejado,Buena,,Sin Semáforo
107687,OBSERVATORIO VIAL,2021-04-12,17:45:00,CORRIENTES,18,CAPITAL,21,CORRIENTES,Urbana,Calle,NECOCHEA,800,TUCUMAN,,-2.747.872,-5.884.216,1,1,0,2,0,Colisión entre vehículos,Colisión entre vehículos,S/D,,,2,Recta,Intersección / cruce,,NO,,Asfalto,,Apto,Seca,,Ninguna,,,,S/D,S/D,S/D,Día,SI,Sin Restricción,Despejado,Buena,,Sin Semáforo
126356,MUNICIPALIDAD DE CORRIENTES,2021-04-12,14:45:00,CORRIENTES,18,CAPITAL,21,CORRIENTES,Urbana,Avenida,AV. FERRÉ,,CHILE,,,,1,1,0,2,0,Colisión entre vehículos,Colisión entre vehículos,S/D,,Angulo,2,Recta,Intersección / cruce,,NO,,Asfalto,,Apto,Seca,,Ninguna,,,,,,,Día,NO,Sin Restricción,Despejado,Buena,,
98276,OBSERVATORIO VIAL,2021-04-12,1:30:00,CORRIENTES,18,CAPITAL,21,CORRIENTES,Urbana,Avenida,AV CHACABUCO,2000,LAS HERAS,,-2.748.303,-5.881.563,1,1,0,2,0,Colisión entre vehículos,Colisión entre vehículos,S/D,,Lateral,2,Recta,Intersección / cruce,,NO,,Hormigón,,Apto,Seca,,Cordón Divisorio,,,,Si,No,No,Noche,SI,Sin Restricción,Despejado,Buena,,Intermitente
119131,MUNICIPALIDAD DE CORRIENTES,2021-04-11,12:10:00,CORRIENTES,18,CAPITAL,21,CORRIENTES,Urbana,Avenida,AV. CENTENARIO,5000,GORRETI,,,,0,1,0,1,0,"Caída desde vehículo, Colisión entre vehículos",Colisión entre vehículos,S/D,,,1,Recta,,,NO,,Asfalto,,Apto,Seca,,,,,,Si,Si,No,Día,SI,Sin Restricción,Despejado,Buena,,Sin Semáforo
114269,MUNICIPALIDAD DE CORRIENTES,2021-04-09,9:45:00,CORRIENTES,18,CAPITAL,21,CORRIENTES,,,C. PELLEGRINI,,ESPAÑA,,-2.746.603,-5.882.900,1,1,0,2,0,Colisión entre vehículos,Colisión entre vehículos,S/D,,Angulo,2,Recta,Intersección / cruce,,NO,,Asfalto,,Apto,Seca,,,,,,S/D,S/D,S/D,Día,SI,Sin Restricción,Despejado,Buena,,Sin Semáforo
116011,OBSERVATORIO VIAL,2021-04-09,10:00:00,CORRIENTES,18,CAPITAL,21,CORRIENTES,Urbana,Avenida,AV INDEPENDENCIA,5000,,,-2.748.340,-5.879.132,0,1,0,1,0,Colisión entre vehículos,Colisión entre vehículos,S/D,,,1,Recta,Intersección / cruce,,NO,,Asfalto,,Apto,Seca,,Ninguna,,,,S/D,S/D,S/D,Día,SI,Sin Restricción,Despejado,Buena,,Sin Semáforo
118310,MUNICIPALIDAD DE CORRIENTES,2021-04-08,19:00:00,CORRIENTES,18,,,CORRIENTES,Urbana,Ruta Provincial,RUTA 5,KILOMETRO 2,,,,,2,0,0,2,0,Colisión entre vehículos,Colisión entre vehículos,S/D,,,2,Recta,Intersección / cruce,,NO,,Asfalto,,Apto,Seca,,,,,,,,,Día,NO,Sin Restricción,Despejado,Buena,,
131006,MUNICIPALIDAD DE CORRIENTES,2021-04-08,14:20:00,CORRIENTES,18,CAPITAL,21,CORRIENTES,Urbana,Avenida,AV. CAZADORES CORRENTINOS,,RUTA 12,,,,1,1,0,2,0,Colisión entre vehículos,Colisión entre vehículos,S/D,,,2,Recta,Intersección / cruce,,NO,,Asfalto,,Apto,Seca,,,,,,,,,,NO,Sin Restricción,Despejado,Buena,,
107709,OBSERVATORIO VIAL,2021-04-07,11:40:00,CORRIENTES,18,CAPITAL,21,CORRIENTES,Urbana,Avenida,AV RIO CHICO,4800,VALENTIN GOMEZ,,-2.746.090,-5.878.777,0,1,0,1,0,Despiste,Despiste,Si,,,1,Recta,Intersección / cruce,,NO,,Asfalto,,Apto,Despejada,,Otro,,,,S/D,S/D,S/D,Día,NO,Sin Restricción,Despejado,Buena,,Intermitente
126266,capital,2021-04-07,18:13:00,CORRIENTES,18,CAPITAL,21,CORRIENTES,Urbana,Calle,Reconquista,3100,Cartagena,,-2.749.226,-5.881.572,1,1,0,2,0,Colisión entre vehículos,Colisión entre vehículos,S/D,,Angulo,2,Recta,Intersección / cruce,,NO,,Ripio,,,Seca,,Ninguna,,,,,,,Día,NO,,Despejado,Buena,,
109642,OBSERVATORIO VIAL,2021-04-07,10:45:00,CORRIENTES,18,CAPITAL,21,CORRIENTES,Urbana,Avenida,INDEPENDENCIA,2900,BANDA NORTE,,-2.747.820,-5.881.576,1,1,0,1,1,Colisión entre vehículos,Colisión entre vehículos,S/D,,,2,Recta,,,NO,,Hormigón,,Apto,Seca,,Ninguna,,,,Si,Si,No,Día,NO,Sin Restricción,Despejado,Buena,,Funciona
108912,OBSERVATORIO VIAL,2021-04-07,12:00:00,CORRIENTES,18,CAPITAL,21,CORRIENTES,Urbana,Avenida,AV ARTIGAS,1200,ESTADO DE ISRAEL,,-2.747.268,-5.881.893,2,0,0,2,0,Colisión entre vehículos,Colisión entre vehículos,S/D,,Alcance,2,Recta,Intersección / cruce,,NO,,Asfalto,,Apto,Seca,,Ninguna,,,,Si,Si,No,Día,NO,Sin Restricción,Despejado,Buena,,Sin Semáforo
105568,OBSERVATORIO VIAL,2021-04-07,0:30:00,CORRIENTES,18,CAPITAL,21,CORRIENTES,Urbana,Calle,SALTA,700,PELLEGRINI,,-2.746.513,-5.883.898,1,1,0,2,0,Colisión entre vehículos,Colisión entre vehículos,S/D,,Angulo,2,Recta,Intersección / cruce,,NO,,Asfalto,,Apto,Seca,,Ninguna,,,,S/D,S/D,S/D,Noche,SI,Sin Restricción,Despejado,Buena,,Sin Semáforo
124207,DIRECCIÓN DE SEGURIDAD VIAL,2021-04-05,22:28:00,CORRIENTES,18,CAPITAL,21,CORRIENTES,Urbana,Calle,ESTADOS UNIDOS,829,,,-2.746.924,-5.881.329,3,0,0,2,0,Colisión entre vehículos,Colisión entre vehículos,S/D,,Lateral,2,Recta,Intersección / cruce,,NO,,Hormigón,,Apto,Seca,,Ninguna,,,,No,No,,Noche,SI,Sin Restricción,Despejado,Buena,,Sin Semáforo
98239,OBSERVATORIO VIAL,2021-04-04,17:21:00,CORRIENTES,18,CAPITAL,21,CORRIENTES,Urbana,Avenida,AV C.CORRENTINOS,4200,LAS PIEDRAS,,-2.748.726,-5.880.140,1,1,0,2,0,Colisión entre vehículos,Colisión entre vehículos,S/D,,,2,Recta,Intersección / cruce,,NO,,Hormigón,,Apto,Seca,,Ninguna,,,,Si,No,No,Día,NO,Sin Restricción,Despejado,Buena,,Funciona
106277,OBSERVATORIO VIAL,2021-04-04,17:20:00,CORRIENTES,18,CAPITAL,21,CORRIENTES,Urbana,Avenida,AV 3 DE ABRIL,1700,ESPAÑA,,-2.747.638,-5.883.014,1,2,0,2,0,Colisión entre vehículos,Colisión entre vehículos,S/D,,,2,Recta,Intersección / cruce,,NO,,Asfalto,,Apto,Seca,,Ninguna,,,,Si,Si,No,Día,NO,Sin Restricción,Despejado,Buena,,Funciona
96778,OBSERVATORIO VIAL,2021-04-03,1:00:00,CORRIENTES,18,CAPITAL,21,CORRIENTES,Urbana,Avenida,AV ARMENIA,2800,MEXICO,,-2.746.774,-5.881.401,2,0,0,2,0,Colisión entre vehículos,Colisión entre vehículos,S/D,,,2,Recta,Intersección / cruce,,NO,,Asfalto,,Apto,Mojada,,Cordón Divisorio,,,,Si,Si,No,Noche,NO,Sin Restricción,Lluvia,Lluvia,,Sin Semáforo
120763,MUNICIPALIDAD DE CORRIENTES,2021-04-03,20:00:00,CORRIENTES,18,CAPITAL,21,CORRIENTES,Urbana,Calle,RENACIMIENTO,2556,,,,,1,0,0,1,0,Vuelco (solo 1 participante),Vuelco (solo 1 participante),S/D,,,1,Recta,Intersección / cruce,,NO,,Asfalto,,Apto,Seca,,,,,,S/D,S/D,S/D,Noche,SI,,Despejado,Buena,,Sin Semáforo
122835,Capital,2021-04-03,7:15:00,CORRIENTES,18,CAPITAL,21,CORRIENTES,Urbana,Calle,,1000,Brasil,,-2.746.858,-5.883.811,1,1,0,2,0,Colisión entre vehículos,Colisión entre vehículos,S/D,,,2,Recta,Intersección / cruce,,NO,,Asfalto,,Apto,Seca,,Ninguna,,,,S/D,S/D,S/D,Día,NO,Sin Restricción,Despejado,Buena,,
124147,MUNICIPALIDAD DE CORRIENTES,2021-04-01,18:15:00,CORRIENTES,18,CAPITAL,21,CORRIENTES,Urbana,Calle,SAN JUAN,600,9 DE julio,,,,1,1,0,2,0,Colisión entre vehículos,Colisión entre vehículos,S/D,,,2,Recta,,,NO,,Asfalto,,Apto,Seca,,,,,,Si,,,Día,NO,Sin Restricción,Despejado,Buena,,
132574,MUNICIPALIDAD DE CORRIENTES,2021-03-31,8:30:00,CORRIENTES,18,CAPITAL,21,CORRIENTES,Urbana,Avenida,AV. RAUL ALFONSIN,3700,,,,,2,1,0,2,0,,,S/D,,,2,,,,,,,,Apto,Seca,,,,,,,,,,NO,,Despejado,Buena,,
132605,MUNICIPALIDAD DE CORRIENTES,2021-03-26,22:49:00,CORRIENTES,18,CAPITAL,21,CORRIENTES,Urbana,Calle,CHACABUCO,3400,EX VIA,,,,1,1,0,2,0,Colisión entre vehículos,Colisión entre vehículos,S/D,,,2,Recta,Intersección / cruce,,NO,,Asfalto,,Apto,Seca,,Ninguna,,,,,,,Noche,SI,Sin Restricción,Despejado,Buena,,
106265,OBSERVATORIO VIAL,2021-03-25,3:27:00,CORRIENTES,18,CAPITAL,21,CORRIENTES,Urbana,Avenida,AV INDEPENDENCIA,3100,RECONQUISTA,,-2.747.882,-5.881.353,0,1,0,1,0,"Caída desde vehículo, Colisión entre vehículos",Colisión entre vehículos,S/D,,,1,Recta,Intersección / cruce,,NO,,Hormigón,,Apto,Seca,,Cordón Divisorio,,,,Si,No,No,Noche,SI,Sin Restricción,Despejado,Buena,,Sin Semáforo
119949,DIRECCIÓN DE SEG VIAL,2021-03-23,15:30:00,CORRIENTES,18,CAPITAL,21,CORRIENTES,Urbana,Avenida,MEDRANO,1164,,,,,0,1,1,1,0,Despiste,Despiste,Si,,,1,Recta,,,NO,,Asfalto,,Apto,Seca,,,,,,No,No,No,Noche,SI,Sin Restricción,Despejado,Buena,,Sin Semáforo
122564,MUNICIPALIDAD DE CORRIENTES,2021-03-20,9:05:00,CORRIENTES,18,CAPITAL,21,CORRIENTES,Urbana,Avenida,AV.CAZADORES CORRENTINOS,,RECONQUISTA,,,,2,0,0,2,0,Colisión entre vehículos,Colisión entre vehículos,S/D,,Angulo,2,Recta,Intersección / cruce,,NO,,Asfalto,,Apto,Seca,,Ninguna,,,,,No,No,Día,NO,Sin Restricción,Despejado,Buena,,Sin Semáforo
123445,MUNICIPALIDAD DE CORRIENTES,2021-03-20,19:30:00,CORRIENTES,18,CAPITAL,21,CORRIENTES,Urbana,Avenida,ALTA GRACIA,2800,ATACAMAS,,,,1,1,0,2,0,Colisión entre vehículos,Colisión entre vehículos,S/D,,,2,Recta,Intersección / cruce,,NO,,Asfalto,,Apto,Seca,,,,,,S/D,S/D,S/D,Atardecer,SI,Sin Restricción,Despejado,Buena,,Sin Semáforo
106273,OBSERVATORIO VIAL,2021-03-19,12:05:00,CORRIENTES,18,CAPITAL,21,CORRIENTES,Urbana,Avenida,AV. R.R.ALFONSIN,3400,,,-2.747.226,-5.880.815,1,1,0,2,0,Colisión entre vehículos,Colisión entre vehículos,S/D,,Angulo,2,Recta,,SALIDA DEL SHOPING,NO,,Hormigón,,Apto,Seca,,Ninguna,,,,Si,Si,No,Día,NO,Sin Restricción,Despejado,Buena,,Funciona
120715,MUNICIPALIDAD DE CORRIENTES,2021-03-18,16:30:00,CORRIENTES,18,CAPITAL,21,CORRIENTES,Urbana,Avenida,AV.3 DE ABRIL,,ESPAÑA,,,,2,0,0,2,0,Colisión entre vehículos,Colisión entre vehículos,S/D,,Alcance,2,Recta,Intersección / cruce,,NO,,Asfalto,,Apto,Seca,,Ninguna,,,,,,,Día,NO,Sin Restricción,Despejado,Buena,,Funciona
123437,DIRECCIÓN DE SEG VIAL,2021-03-17,11:40:00,CORRIENTES,18,CAPITAL,21,CORRIENTES,Urbana,Calle,MAIPÚ,,FRAGATA HERCULES,,,,2,0,0,2,0,Colisión entre vehículos,Colisión entre vehículos,S/D,,,2,Recta,Intersección / cruce,,NO,,Asfalto,,Apto,Seca,,,,,,Si,Si,,Día,NO,Sin Restricción,Despejado,Buena,,Funciona
93063,OBSERVATORIO VIAL,2021-03-17,9:50:00,CORRIENTES,18,CAPITAL,21,CORRIENTES,Urbana,Avenida,AV 3 DE ABRIL,1400,CATAMARCA,,-2.747.593,-5.883.393,2,0,0,2,0,Colisión entre vehículos,Colisión entre vehículos,S/D,,,2,Recta,Intersección / cruce,,NO,,Asfalto,,Apto,,,Cordón Divisorio,,,,Si,Si,No,Día,NO,Sin Restricción,Nublado,Buena,,Funciona
108369,OBSERVATORIO VIAL,2021-03-17,15:30:00,CORRIENTES,18,CAPITAL,21,CORRIENTES,Urbana,Calle,PARAGUAY,1600,LAVALLE,,,,2,0,0,2,0,Colisión entre vehículos,Colisión entre vehículos,S/D,,Alcance,2,Recta,Intersección / cruce,,NO,,Asfalto,,Apto,Seca,,Ninguna,,,,S/D,S/D,S/D,Noche,NO,Sin Restricción,Despejado,Buena,,Sin Semáforo
108454,OBSERVATORIO VIAL,2021-03-16,13:20:00,CORRIENTES,18,CAPITAL,21,CORRIENTES,Urbana,Ruta Provincial,RUTA NACIONAL Nª 12,6500,AVLIBERTAD,,,,2,0,0,2,0,Colisión entre vehículos,Colisión entre vehículos,S/D,,,2,Recta,Intersección / cruce,,NO,,Hormigón,,Apto,Seca,,Ninguna,,,,S/D,S/D,S/D,Día,NO,Sin Restricción,Despejado,Buena,,Sin Semáforo
131713,MUNICIPALIDAD DE CORRIENTES,2021-03-15,12:00:00,CORRIENTES,18,CAPITAL,21,CORRIENTES,Urbana,Calle,RIOJA,,SAN MARTIN,,,,2,0,0,2,0,Colisión entre vehículos,Colisión entre vehículos,S/D,,Angulo,2,Recta,Intersección / cruce,,,,Asfalto,,Apto,,,Ninguna,,,,,,,Día,NO,Sin Restricción,Despejado,Buena,,
98272,OBSERVATORIO VIAL,2021-03-14,12:58:00,CORRIENTES,18,CAPITAL,21,CORRIENTES,Urbana,Avenida,AV MAIPU,6500,RUTA 12,,-2.753.049,-5.876.187,1,1,0,2,0,Colisión entre vehículos,Colisión entre vehículos,S/D,,Alcance,2,Recta,Intersección / cruce,,NO,,Asfalto,,Apto,Seca,,Ninguna,,,,Si,No,No,Día,NO,Sin Restricción,Despejado,Buena,,Sin Semáforo
98765,OBSERVATORIO VIAL,2021-03-13,11:50:00,CORRIENTES,18,CAPITAL,21,CORRIENTES,Urbana,Avenida,GOBERNADOR RUIZ,2780,MEXICO,,-2.746.749,-5.881.437,1,1,0,2,0,Colisión entre vehículos,Colisión entre vehículos,S/D,,Angulo,2,Recta,Intersección / cruce,,NO,,Asfalto,,Apto,Seca,,Ninguna,,,,Si,No,No,Día,NO,Sin Restricción,Despejado,Buena,,Sin Semáforo
104765,OBSERVATORIO VIAL,2021-03-13,10:20:00,CORRIENTES,18,CAPITAL,21,CORRIENTES,Urbana,Avenida,AV FERRE,2200,ROCA,,-2.747.716,-5.882.364,1,1,0,2,0,Colisión entre vehículos,Colisión entre vehículos,S/D,,,2,Recta,Intersección / cruce,,NO,,Asfalto,,Apto,Seca,,Ninguna,,,,Si,Si,No,Día,,Sin Restricción,Despejado,Buena,,Funciona
108438,OBSERVATORIO VIAL,2021-03-13,10:40:00,CORRIENTES,18,CAPITAL,21,CORRIENTES,Urbana,Calle,BUIDOBRO,2300,3 DE febrero,,-2.748.427,-5.882.007,0,1,0,1,0,"Caída desde vehículo, Colisión entre vehículos",Colisión entre vehículos,S/D,,,1,Recta,Intersección / cruce,,NO,,Asfalto,,Apto,Despejada,,Barrera de Hormigón,,,,S/D,S/D,S/D,Día,NO,Sin Restricción,Despejado,Buena,,Sin Semáforo
123425,MUNICIPALIDAD DE CORRIENTES,2021-03-13,0:10:00,CORRIENTES,18,CAPITAL,21,CORRIENTES,Urbana,Calle,SARMIENTO,2600,USUAHIA,,,,1,1,0,2,0,Colisión entre vehículos,Colisión entre vehículos,S/D,,Alcance,2,Recta,Intersección / cruce,,NO,,Asfalto,,Apto,Seca,,,,,,Si,Si,S/D,Noche,NO,Sin Restricción,Despejado,Buena,,Sin Semáforo
132577,MUNICIPALIDAD DE CORRIENTES,2021-03-12,19:55:00,CORRIENTES,18,CAPITAL,21,CORRIENTES,Urbana,Calle,LAVALLE,,ALBERDI,,,,2,0,0,2,0,Colisión entre vehículos,Colisión entre vehículos,S/D,,Angulo,2,Recta,Intersección / cruce,,NO,,Asfalto,,Apto,Seca,,,,,,S/D,S/D,S/D,Atardecer,NO,Sin Restricción,Despejado,Buena,,Sin Semáforo
120741,MUNICIPALIDAD DE CORRIENTES,2021-03-11,17:55:00,CORRIENTES,18,CAPITAL,21,CORRIENTES,Urbana,Avenida,INDEPENDENCIA,3300,,,,,4,0,0,4,0,Colisión entre vehículos,Colisión entre vehículos,S/D,,Alcance,4,Recta,,,NO,,Asfalto,,Apto,Seca,,,,,,Si,Si,,Día,NO,Sin Restricción,Despejado,Buena,,Funciona
128318,MUNICIPALIDAD DE CORRIENTES,2021-03-10,8:42:00,CORRIENTES,18,CAPITAL,21,CORRIENTES,Urbana,Calle,LAS HERAS,2275,ROCA,,,,2,0,0,2,0,Colisión entre vehículos,Colisión entre vehículos,S/D,,,2,Recta,Intersección / cruce,,NO,,Asfalto,,Apto,Seca,,,,,,,,,Día,NO,Sin Restricción,Despejado,Buena,,
104763,OBSERVATORIO VIAL,2021-03-08,15:10:00,CORRIENTES,18,CAPITAL,21,CORRIENTES,Urbana,Calle,SALTA,1400,M.MORENO,RIVADAVIA,-2.747.302,-5.883.949,0,3,0,2,0,Colisión entre vehículos,Colisión entre vehículos,S/D,,,2,Recta,Intersección / cruce,,NO,,Asfalto,,Apto,Seca,,Ninguna,,,,Si,No,No,Día,SI,Sin Restricción,Despejado,Buena,,Sin Semáforo
106260,OBSERVATORIO VIAL,2021-03-08,8:45:00,CORRIENTES,18,CAPITAL,21,CORRIENTES,Urbana,Avenida,AV SANTA ROSA,2000,LAS HERAS,,-2.748.241,-5.882.046,1,1,0,2,0,Colisión entre vehículos,Colisión entre vehículos,S/D,,,2,Recta,Intersección / cruce,,NO,,Asfalto,,Apto,Seca,,Ninguna,,,,S/D,S/D,S/D,Día,NO,Sin Restricción,Despejado,Buena,,Sin Semáforo
110442,OBSERVATORIO VIAL,2021-03-06,11:50:00,CORRIENTES,18,CAPITAL,21,CORRIENTES,Urbana,Calle,PARAGUAY,1900,BELGRANO,,-2.747.304,-5.882.708,1,2,0,2,0,Colisión entre vehículos,Colisión entre vehículos,S/D,,,2,Recta,Intersección / cruce,,NO,,Asfalto,,Apto,Despejada,,Ninguna,,,,S/D,S/D,S/D,Día,NO,Sin Restricción,Despejado,Buena,,Sin Semáforo
118305,CORRIENTES,2021-03-06,20:55:00,CORRIENTES,18,CAPITAL,21,CORRIENTES,Urbana,Avenida,AV FERRE,,AV ARTIGAS,,,,0,2,0,1,1,Atropello a peatón/es,Atropello a peatón/es,S/D,,,2,Recta,Intersección / cruce,,NO,,Asfalto,,Apto,Seca,,Ninguna,,,,Si,Si,,Día,NO,Sin Restricción,Despejado,Buena,,Funciona
112233,OBSERVATORIO VIAL,2021-03-05,6:10:00,CORRIENTES,18,CAPITAL,21,CORRIENTES,Urbana,Calle,CARTAGENA,3100,RECONQUISTA,,,,1,1,1,2,0,Colisión entre vehículos,Colisión entre vehículos,S/D,,,2,Recta,Intersección / cruce,,NO,,Hormigón,,Apto,Seca,,Ninguna,,,,No,No,No,Amanecer,NO,Sin Restricción,Despejado,Buena,,Sin Semáforo
124120,Capital,2021-03-05,8:10:00,CORRIENTES,18,CAPITAL,21,CORRIENTES,Urbana,Avenida,Av 3 de Abril,700,Tucuman,,-2.747.487,-5.884.219,2,0,0,2,0,Colisión entre vehículos,Colisión entre vehículos,S/D,,,2,Recta,Intersección / cruce,,NO,,Asfalto,,Apto,,,,,,,,,,Día,NO,Sin Restricción,Despejado,,,
96777,OBSERVATORIO VIAL,2021-03-04,12:30:00,CORRIENTES,18,CAPITAL,21,CORRIENTES,Urbana,Calle,ALTE BROWN,2700,COLOMBIA,,-2.747.398,-5.881.751,2,0,0,2,0,Colisión entre vehículos,Colisión entre vehículos,S/D,,Alcance,2,Recta,Intersección / cruce,,NO,,Asfalto,,Apto,Despejada,,Ninguna,,,,S/D,S/D,S/D,Día,NO,Sin Restricción,Despejado,Buena,,Sin Semáforo
115154,CAPITAL,2021-03-04,12:40:00,CORRIENTES,18,CAPITAL,21,CORRIENTES,Urbana,Calle,,2666,COLOMBIA,,-2.747.173,-5.881.699,1,1,0,2,0,Colisión entre vehículos,Colisión entre vehículos,S/D,,Angulo,2,Recta,Intersección / cruce,,NO,,Hormigón,,Apto,Seca,,Ninguna,,,,No,No,No,Día,SI,Sin Restricción,Despejado,Buena,,Sin Semáforo
105566,OBSERVATORIO VIAL,2021-03-03,17:10:00,CORRIENTES,18,CAPITAL,21,CORRIENTES,Urbana,Avenida,AV 3 DE ABRIL,830,BUENOS AIRES,,-2.747.496,-5.884.116,3,0,0,2,0,Colisión entre vehículos,Colisión entre vehículos,S/D,,,2,Recta,Intersección / cruce,,NO,,Asfalto,,Apto,Seca,,Ninguna,,,,Si,Si,No,Día,NO,Sin Restricción,Despejado,Buena,,Funciona
119142,DIRECCIÓN DE SEG VIAL,2021-02-27,10:00:00,CORRIENTES,18,CAPITAL,21,CORRIENTES,Urbana,Calle,AV.ARTIGAS,,SAN MARTIN,,,,2,0,0,2,0,Colisión entre vehículos,Colisión entre vehículos,S/D,,Alcance,2,Recta,Intersección / cruce,,NO,,Asfalto,,Apto,Seca,,Ninguna,,,,Si,Si,,Día,NO,Sin Restricción,Despejado,Buena,,Funciona
109646,OBSERVATORIO VIAL,2021-02-27,22:18:00,CORRIENTES,18,CAPITAL,21,CORRIENTES,Urbana,Calle,AV MAIPU,1300,,,-2.748.871,-5.882.152,1,1,0,2,0,Colisión entre vehículos,Colisión entre vehículos,S/D,,,2,Recta,Intersección / cruce,,NO,,Asfalto,,Apto,Seca,,Ninguna,,,,S/D,S/D,S/D,Noche,SI,Sin Restricción,Despejado,Buena,,Sin Semáforo
110385,OBSERVATORIO VIAL,2021-02-27,10:05:00,CORRIENTES,18,CAPITAL,21,CORRIENTES,Urbana,Calle,PIO XII,1200,EX VIA,,-2.747.645,-5.883.651,1,1,0,2,0,Colisión entre vehículos,Colisión entre vehículos,S/D,,,2,Recta,Intersección / cruce,,NO,,Asfalto,,Apto,Seca,,Ninguna,,,,No,No,No,Día,NO,Sin Restricción,Despejado,Buena,,Sin Semáforo
124198,DIRECCIÓN GENERAL DE SEGURIDAD VIAL,2021-02-26,22:23:00,CORRIENTES,18,CAPITAL,21,CORRIENTES,Urbana,Calle,milan,,xxxx,,,,1,1,0,2,0,Colisión entre vehículos,Colisión entre vehículos,S/D,,Alcance,2,Recta,Intersección / cruce,,NO,,Asfalto,,Apto,Seca,,,,,,No,No,,Noche,SI,Sin Restricción,Despejado,Buena,,Sin Semáforo
126972,MUNICIPALIDAD DE CORRIENTES,2021-02-25,19:15:00,CORRIENTES,18,CAPITAL,21,CORRIENTES,Urbana,Calle,PARAGUAY,1300,BELGRANO,,,,2,0,0,2,0,Colisión entre vehículos,Colisión entre vehículos,S/D,,Lateral,2,Recta,Intersección / cruce,,NO,,Asfalto,,Apto,Seca,,Ninguna,,,,S/D,,S/D,Día,NO,Sin Restricción,Despejado,Buena,,Sin Semáforo
129557,MUNICIPALIDAD DE CORRIENTES,2021-02-25,17:20:00,CORRIENTES,18,CAPITAL,21,CORRIENTES,Urbana,Avenida,AV. MAIPU,6500,,,,,1,1,0,2,0,Colisión entre vehículos,Colisión entre vehículos,S/D,,,2,Recta,,,NO,,Asfalto,,Apto,Seca,,Ninguna,,,,,,,Día,NO,Sin Restricción,Despejado,Buena,,
106215,OBSERVATORIO VIAL,2021-02-25,7:50:00,CORRIENTES,18,CAPITAL,21,CORRIENTES,Urbana,Calle,9 DE julio,1700,ESPAÑA,,-2.746.708,-5.882.905,1,1,0,2,0,Colisión entre vehículos,Colisión entre vehículos,S/D,,,2,Recta,Intersección / cruce,,NO,,Asfalto,,Apto,Seca,,Ninguna,,,,Si,Si,No,Día,NO,Sin Restricción,Despejado,Buena,,Sin Semáforo
119116,DIRECCIÓN DE SEG VIAL,2021-02-25,7:15:00,CORRIENTES,18,CAPITAL,21,CORRIENTES,Urbana,Avenida,,,RIO JURAMENTO,,,,1,1,0,2,0,Colisión entre vehículos,Colisión entre vehículos,S/D,,Angulo,2,Recta,,,NO,,Asfalto,,Apto,Seca,,,,,,S/D,S/D,S/D,Amanecer,NO,Sin Restricción,Despejado,Buena,,Sin Semáforo
108455,OBSERVATORIO VIAL,2021-02-24,17:30:00,CORRIENTES,18,CAPITAL,21,CORRIENTES,Urbana,Avenida,AV CARTAGENA,4700,AV MEDRANO,,,,1,2,0,2,0,Colisión entre vehículos,Colisión entre vehículos,S/D,,,2,Curva,Intersección / cruce,,NO,,Asfalto,,Apto,Seca,,Ninguna,,,,S/D,S/D,S/D,Atardecer,NO,Sin Restricción,Despejado,Buena,,Sin Semáforo
129556,MUNICIPALIDAD DE CORRIENTES,2021-02-22,8:31:00,CORRIENTES,18,CAPITAL,21,CORRIENTES,Urbana,Avenida,INDEPENDENCIA,31273,,,,,3,0,0,3,0,Colisión entre vehículos,Colisión entre vehículos,S/D,,,3,Recta,Intersección / cruce,,NO,,Asfalto,,Apto,Seca,,,,,,Si,Si,Si,Día,NO,Sin Restricción,Despejado,Buena,,Funciona
108461,OBSERVATORIO VIAL,2021-02-22,12:40:00,CORRIENTES,18,CAPITAL,21,CORRIENTES,Urbana,Avenida,AV PATAGONIA,1700,BONASTRE,,,,1,1,0,2,0,Colisión entre vehículos,Colisión entre vehículos,S/D,,Angulo,2,Curva,Intersección / cruce,,NO,,Asfalto,,Apto,Seca,,Cordón Divisorio,,,,Si,Si,No,Día,NO,Sin Restricción,Despejado,Buena,,Sin Semáforo
113318,MUNICIPALIDAD DE CORRIENTES,2021-02-21,12:40:00,CORRIENTES,18,CAPITAL,21,CORRIENTES,,Calle,AV. CUBA,,TURÍN,,,,1,1,0,2,0,Colisión entre vehículos,Colisión entre vehículos,S/D,,Angulo,2,Recta,Intersección / cruce,,NO,,,,Apto,Seca,,Ninguna,,,,Si,No,No,Día,NO,Sin Restricción,Despejado,Buena,,Sin Semáforo
120750,MUNICIPALIDAD DE CORRIENTES,2021-02-21,15:49:00,CORRIENTES,18,CAPITAL,21,CORRIENTES,Urbana,Calle,DARRAGUEIRA,2070,,,,,1,0,0,4,0,Colisión entre vehículos,Colisión entre vehículos,S/D,,"Alcance, Multiple",4,Recta,,,NO,,Asfalto,,Apto,Seca,,,,,,Si,No,No,Día,NO,Sin Restricción,Despejado,Buena,,Sin Semáforo
111139,OBSERVATORIO VIAL,2021-02-21,19:50:00,CORRIENTES,18,CAPITAL,21,CORRIENTES,Urbana,Calle,LAVALLE,1400,CATAMARCA,,-2.747.745,-5.883.402,2,0,0,2,0,Colisión entre vehículos,Colisión entre vehículos,S/D,,,2,Recta,Intersección / cruce,,NO,,Asfalto,,Apto,Seca,,Ninguna,,,,Si,Si,No,Noche,NO,Sin Restricción,,Buena,,Sin Semáforo
122562,MUNICIPALIDAD DE CORRIENTES,2021-02-21,6:50:00,CORRIENTES,18,CAPITAL,21,CORRIENTES,Urbana,Avenida,AV. ARMENIA,4400,,,,,2,0,0,2,0,Colisión entre vehículos,Colisión entre vehículos,S/D,,,2,Recta,Intersección / cruce,,NO,,Asfalto,,Apto,Seca,,Ninguna,,,,,,,Día,NO,Sin Restricción,Despejado,Buena,,
111118,OBSERVATORIO VIAL,2021-02-21,0:30:00,CORRIENTES,18,CAPITAL,21,CORRIENTES,Urbana,Calle,LA PIEDRAS,900,CARACAS,,-2.747.249,-5.880.085,2,0,0,2,0,Colisión entre vehículos,Colisión entre vehículos,S/D,,,2,Recta,Intersección / cruce,,NO,,Hormigón,,Apto,Seca,,Ninguna,,,,No,No,No,Noche,NO,Sin Restricción,Despejado,Buena,,Sin Semáforo
124193,capital,2021-02-20,12:23:00,CORRIENTES,18,CAPITAL,21,CORRIENTES,Urbana,Avenida,Av Ferre,2100,Brasil,,-2.747.698,-5.882.505,2,0,0,2,0,Colisión entre vehículos,Colisión entre vehículos,S/D,,,2,Recta,,,NO,,Asfalto,,Apto,Seca,,,,,,,,,Día,NO,Sin Restricción,Despejado,Buena,,
126973,MUNICIPALIDAD DE CORRIENTES,2021-02-20,16:50:00,CORRIENTES,18,CAPITAL,21,CORRIENTES,Urbana,Avenida,TACUARÍ,,AV. INDEPENDENCIA,,-2.751.476,-5.875.405,2,0,0,2,0,Colisión entre vehículos,Colisión entre vehículos,S/D,,Alcance,2,Recta,Intersección / cruce,,NO,,Hormigón,,Apto,Seca,,Ninguna,,,,Si,Si,,Día,NO,,Despejado,Buena,,Funciona
95916,OBSERVATORIO VIAL,2021-02-20,11:00:00,CORRIENTES,18,CAPITAL,21,CORRIENTES,Urbana,Avenida,AV MAIPU,350,NECOCHEA,,-2.747.940,-5.882.890,1,1,0,2,0,Colisión entre vehículos,Colisión entre vehículos,S/D,,,2,Recta,Intersección / cruce,,NO,,Hormigón,,,,,,,,,Si,Si,No,Día,,,,,,Sin Semáforo
106227,OBSERVATORIO VIAL,2021-02-20,8:40:00,CORRIENTES,18,CAPITAL,21,CORRIENTES,Urbana,Calle,ESPAÑA,1400,RIVADAVIA,,-2.747.504,-5.883.000,1,2,0,2,0,Colisión entre vehículos,Colisión entre vehículos,S/D,,,2,Recta,Intersección / cruce,,NO,,Asfalto,,Apto,Seca,,Ninguna,,,,Si,No,No,Día,,Sin Restricción,Despejado,Buena,,Sin Semáforo
115945,OBSERVATORIO VIAL,2021-02-19,23:45:00,CORRIENTES,18,CAPITAL,21,CORRIENTES,Urbana,Avenida,AV. ARMENIA,2600,COLOMBIA,,-2.746.741,-5.881.609,1,1,0,2,0,Colisión entre vehículos,Colisión entre vehículos,S/D,,,2,Recta,Intersección / cruce,,NO,,Asfalto,,Apto,Seca,,Ninguna,,,,S/D,S/D,S/D,Noche,SI,Sin Restricción,Despejado,Buena,,Sin Semáforo
120749,MUNICIPALIDAD DE CORRIENTES,2021-02-18,16:55:00,CORRIENTES,18,CAPITAL,21,CORRIENTES,Urbana,Avenida,AV. FERRE,,PARAGUAY,,,,2,0,0,2,0,Colisión entre vehículos,Colisión entre vehículos,S/D,,,2,Recta,Intersección / cruce,,NO,,Asfalto,,Apto,Seca,,,,,,Si,Si,Si,Día,NO,Sin Restricción,Despejado,Buena,,
110431,OBSERVATORIO VIAL,2021-02-17,11:30:00,CORRIENTES,18,CAPITAL,21,CORRIENTES,Urbana,Avenida,AV CUBA,6500,MILAN,,-2.750.518,-5.878.757,2,0,0,2,0,Colisión entre vehículos,Colisión entre vehículos,S/D,,,2,Recta,Intersección / cruce,,NO,,Adoquín,,Apto,Seca,,Ninguna,,,,Si,S/D,S/D,Día,NO,Sin Restricción,Despejado,Buena,,Sin Semáforo
119976,MUNICIPALIDAD DE CORRIENTES,2021-02-17,2:00:00,CORRIENTES,18,CAPITAL,21,CORRIENTES,Urbana,,AV. PUJOL,,VELESARFIELD,,,,2,0,0,2,0,Colisión entre vehículos,Colisión entre vehículos,S/D,,Angulo,2,Recta,Intersección / cruce,,NO,,Asfalto,,Apto,Seca,,,,,,Si,Si,,Noche,SI,Sin Restricción,Despejado,Buena,,Funciona
108462,OBSERVATORIO VIAL,2021-02-17,11:45:00,CORRIENTES,18,CAPITAL,21,CORRIENTES,Urbana,Avenida,AV ALTA GRACIA,2400,,,,,1,1,0,2,0,Colisión entre vehículos,Colisión entre vehículos,S/D,,,2,Recta,Intersección / cruce,,NO,,Asfalto,,Apto,Seca,,Ninguna,,,,S/D,S/D,S/D,Día,NO,Sin Restricción,Despejado,Buena,,Sin Semáforo
97578,OBSERVATORIO VIAL,2021-02-16,9:20:00,CORRIENTES,18,CAPITAL,21,CORRIENTES,Urbana,Calle,PELLEGRINI,1842,,,-2.746.619,-5.882.723,1,1,0,2,0,Colisión entre vehículos,Colisión entre vehículos,S/D,,,2,Recta,,RECTA,NO,,Asfalto,,Apto,Seca,,Ninguna,,,,No,No,No,Día,NO,Sin Restricción,Despejado,Buena,,Sin Semáforo
107679,OBSERVATORIO VIAL,2021-02-15,8:00:00,CORRIENTES,18,CAPITAL,21,CORRIENTES,Urbana,Calle,SAN LUIS,1200,BOLIVAR,,-2.747.032,-5.884.325,1,1,0,2,0,Colisión entre vehículos,Colisión entre vehículos,S/D,,,2,Recta,Intersección / cruce,,NO,,Asfalto,,Apto,Seca,,Ninguna,,,,S/D,S/D,S/D,Día,NO,Sin Restricción,Despejado,Buena,,Sin Semáforo
114277,MUNICIPALIDAD DE CORRIENTES,2021-02-14,8:50:00,CORRIENTES,18,CAPITAL,21,CORRIENTES,Urbana,Avenida,ARMENIA,4200,LUGONES,,,,2,0,0,2,0,Colisión entre vehículos,Colisión entre vehículos,S/D,,,2,Recta,Intersección / cruce,,NO,,Asfalto,,Apto,,,,,,,Si,Si,S/D,Día,NO,Sin Restricción,Despejado,Buena,,Sin Semáforo
121564,MUNICIPALIDAD DE CORRIENTES,2021-02-13,16:45:00,CORRIENTES,18,CAPITAL,21,CORRIENTES,Urbana,Avenida,AV MAIPÚ,,PAULA ALBARRACÍN,,,,1,1,0,2,0,Colisión entre vehículos,Colisión entre vehículos,S/D,,,2,Curva,Intersección / cruce,,NO,,Asfalto,,Apto,Seca,,Ninguna,,,,Si,,,Día,NO,Sin Restricción,Despejado,Buena,,
119132,DIRECCIÓN DE SEG VIAL,2021-02-12,18:45:00,CORRIENTES,18,CAPITAL,21,,Urbana,Calle,AV. 3 DE ABRIL,,GDOR.TORRENTE,,,,2,0,0,2,0,Colisión entre vehículos,Colisión entre vehículos,S/D,,Angulo,2,Recta,Intersección / cruce,,NO,,Asfalto,,Apto,Seca,,Ninguna,,,,Si,,,Día,NO,Sin Restricción,Despejado,Buena,,Funciona
119144,MUNICIPALIDAD DE CORRIENTES,2021-02-10,12:55:00,CORRIENTES,18,CAPITAL,21,CORRIENTES,Urbana,Calle,YRIGOYEN,2289,PERU,,,,1,1,0,2,0,Colisión entre vehículos,Colisión entre vehículos,S/D,,,2,Recta,,,NO,,Asfalto,,Apto,Seca,,,,,,,,,Día,NO,Sin Restricción,Despejado,Buena,,
128638,MUNICIPALIDAD DE CORRIENTES,2021-02-10,0:20:00,CORRIENTES,18,CAPITAL,21,CORRIENTES,Urbana,Avenida,AV. RAUL  ALFONSIN,5000,,,,,2,1,0,2,0,Colisión entre vehículos,Colisión entre vehículos,S/D,,,2,Recta,Intersección / cruce,,NO,,Asfalto,,Apto,Seca,,Ninguna,,,,,,,Noche,SI,Sin Restricción,Despejado,Buena,,
122553,DIRECCIÓN DE SEGURIDAD VIAL,2021-02-10,8:15:00,CORRIENTES,18,CAPITAL,21,CORRIENTES,Urbana,Avenida,AV. JUAN DE VERA,,AV GOBERNADOR RUIZ,,,,1,1,0,2,0,Colisión entre vehículos,Colisión entre vehículos,S/D,,Lateral,2,Recta,Rotonda,,NO,,Asfalto,,Apto,"Despejada, Seca",,,,,,Si,Si,,Día,NO,Sin Restricción,Despejado,Buena,,Sin Semáforo
122883,Capital,2021-02-10,12:00:00,CORRIENTES,18,CAPITAL,21,CORRIENTES,Urbana,Avenida,Heroes Civiles,1000,3 de abril,,-2.747.542,-5.883.908,1,1,0,2,0,Colisión entre vehículos,Colisión entre vehículos,S/D,,Angulo,2,Recta,Intersección / cruce,,NO,,Asfalto,,Apto,Despejada,,Cordón Divisorio,,,,S/D,S/D,S/D,Día,NO,Sin Restricción,Despejado,Buena,,Funciona
132569,MUNICIPALIDAD DE CORRIENTES,2021-02-09,20:30:00,CORRIENTES,18,CAPITAL,21,CORRIENTES,Urbana,Calle,CARTAGENA,,RESOAGLI,,,,0,4,0,1,0,Caída desde vehículo,Caída desde vehículo,S/D,,,1,Recta,,,NO,,,,Apto,Seca,,,,,,,,,,NO,,,Buena,,
96775,OBSERVATORIO VIAL,2021-02-09,17:50:00,CORRIENTES,18,CAPITAL,21,CORRIENTES,Urbana,Avenida,AV R.R.ALFONSIN,3800,RESOAGLI,,-2.747.353,-5.880.347,2,1,0,2,0,Colisión entre vehículos,Colisión entre vehículos,S/D,,,2,Recta,Intersección / cruce,,NO,,Hormigón,,Apto,Seca,,Cordón Divisorio,,,,Si,Si,No,Atardecer,NO,Sin Restricción,Despejado,Buena,,Sin Semáforo
95903,OBSERVATORIO VIAL,2021-02-08,7:20:00,CORRIENTES,18,CAPITAL,21,CORRIENTES,Urbana,Ruta Nacional,12,1038,FRENTE CAPILLA SANTA MARAVILLA DE JESUS,,-2.743.206,-5.872.907,2,0,2,2,0,Colisión entre vehículos,Colisión entre vehículos,S/D,,,2,Recta,,"RECTA , RUTA",NO,,Hormigón,,Apto,Seca,,,,,,Si,No,No,Día,NO,Sin Restricción,Despejado,Buena,,Sin Semáforo
119118,DIRECCIÓN DE SEG VIAL,2021-02-08,10:30:00,CORRIENTES,18,,,,Urbana,Calle,TENIENTE IBAÑEZ,,ELIAS ABAD,,,,1,1,0,2,0,Colisión entre vehículos,Colisión entre vehículos,S/D,,,2,Recta,Intersección / cruce,,NO,,Hormigón,,Apto,,,,,,,Si,,,Día,NO,Sin Restricción,Despejado,Buena,,Sin Semáforo
124884,Capital,2021-02-08,8:34:00,CORRIENTES,18,CAPITAL,21,CORRIENTES,Urbana,Avenida,Cazadores Correntinos,3425,Castelli,,-2.748.723,-5.881.090,1,1,0,1,1,Atropello a peatón/es,Atropello a peatón/es,S/D,,,2,Recta,,,NO,,Asfalto,,Apto,Seca,,,,,,,,,Día,NO,Sin Restricción,Despejado,Buena,,
118279,OBSERVATORIO VIAL,2021-02-06,10:40:00,CORRIENTES,18,CAPITAL,21,CORRIENTES,Urbana,Avenida,AV ARMENIA,4200,Y LOS TILOS,,-2.746.918,-5.880.037,2,0,0,2,0,Colisión entre vehículos,Colisión entre vehículos,S/D,,,2,Recta,Intersección / cruce,,NO,,Asfalto,,Apto,Seca,,Ninguna,,,,S/D,S/D,S/D,Día,,Sin Restricción,Despejado,Buena,,Sin Semáforo
118282,OBSERVATORIO VIAL,2021-02-06,3:53:00,CORRIENTES,18,CAPITAL,21,CORRIENTES,Urbana,Calle,IGARZABAL,212,,,-2.750.700,-5.883.174,1,0,0,1,0,Colisión entre vehículos,Colisión entre vehículos,S/D,,,1,Recta,Fuera de calzada,,NO,,Tierra,,Apto,Seca,,Ninguna,,,,No,No,No,Noche,SI,Sin Restricción,Despejado,Buena,,Sin Semáforo
107688,OBSERVATORIO VIAL,2021-02-05,22:42:00,CORRIENTES,18,CAPITAL,21,CORRIENTES,Urbana,Calle,LAS PIEDRAS,2300,,,-2.748.843,-5.880.178,2,0,0,2,0,Colisión entre vehículos,Colisión entre vehículos,S/D,,Alcance,2,Recta,Intersección / cruce,,NO,,Asfalto,,Apto,Seca,,Ninguna,,,,S/D,S/D,S/D,Noche,SI,Sin Restricción,Despejado,Buena,,Sin Semáforo
93583,OBSERVATORIO VIAL,2021-02-04,12:34:00,CORRIENTES,18,CAPITAL,21,CORRIENTES,Urbana,Calle,MARIO PAYES,2000,Bª MOLINA PUNTA,,-2.754.530,-5.879.038,0,1,0,1,0,"Caída desde vehículo, Colisión entre vehículos",Colisión entre vehículos,S/D,,,1,Recta,Intersección / cruce,,NO,,Ripio,,Apto,Despejada,,Ninguna,,,,No,No,No,Día,NO,Sin Restricción,Despejado,Buena,,Sin Semáforo
112232,OBSERVATORIO VIAL,2021-02-03,11:59:00,CORRIENTES,18,CAPITAL,21,CORRIENTES,Urbana,Calle,GUTNISKY,1800,GARAY,,-2.749.769,-5.883.857,0,2,0,1,1,"Atropello a peatón/es, Colisión entre vehículos",Colisión entre vehículos,S/D,,,2,Recta,Intersección / cruce,,NO,,Asfalto,,Apto,Despejada,,Ninguna,,,,No,No,No,Día,NO,Sin Restricción,Despejado,Buena,,Sin Semáforo
94681,OBSERVATORIO VIAL,2021-02-03,8:44:00,CORRIENTES,18,CAPITAL,21,CORRIENTES,Urbana,Calle,CORDOBA,1300,BELGRANO,,-2.747.227,-5.883.495,2,0,0,2,0,Colisión entre vehículos,Colisión entre vehículos,S/D,,Alcance,2,Recta,Intersección / cruce,,NO,,Hormigón,,Apto,Mojada,,Ninguna,,,,Si,Si,No,Día,NO,Sin Restricción,Despejado,Buena,,Sin Semáforo
107992,OBSERVATORIO VIAL,2021-01-31,13:05:00,CORRIENTES,18,CAPITAL,21,CORRIENTES,Urbana,Calle,SANCHEZ DE BUSTAMANTE,1400,AGUSTIN MAZA,,-2.748.101,-5.878.769,2,0,0,2,0,"Colisión entre vehículos, Vuelco (solo 1 participante)",Colisión entre vehículos,S/D,,,2,Curva,Intersección / cruce,,NO,,Tierra,,Apto,Seca,,Ninguna,,,,No,No,No,Día,,Sin Restricción,Despejado,Buena,,Sin Semáforo
114267,MUNICIPALIDAD DE CORRIENTES,2021-01-30,18:30:00,CORRIENTES,18,CAPITAL,21,CORRIENTES,Urbana,Calle,Tacuarí,1700,Lavalle,,-2.748.142,-5.880.661,1,1,0,2,0,Colisión entre vehículos,Colisión entre vehículos,S/D,,Lateral,2,Recta,Intersección / cruce,,NO,,Hormigón,,Apto,"Despejada, Seca",,Cordón Divisorio,,,,S/D,S/D,S/D,Día,SI,Sin Restricción,Despejado,Buena,,Sin Semáforo
108913,OBSERVATORIO VIAL,2021-01-28,10:10:00,CORRIENTES,18,CAPITAL,21,CORRIENTES,Urbana,Calle,V. GOMEZ,2100,LA MADRID,,-2.748.217,-5.883.465,2,1,0,2,0,Colisión entre vehículos,Colisión entre vehículos,S/D,,,2,Recta,Intersección / cruce,,NO,,Hormigón,,Apto,Seca,,Ninguna,,,,Si,Si,No,Día,NO,Sin Restricción,Despejado,Buena,,Sin Semáforo
111127,OBSERVATORIO VIAL,2021-01-27,14:00:00,CORRIENTES,18,CAPITAL,21,CORRIENTES,Urbana,Avenida,AV LIBERTAD,5800,LAS VIOLETAS,,-2.746.288,-5.877.484,1,1,0,1,1,Colisión entre vehículos,Colisión entre vehículos,S/D,,,2,Recta,Intersección / cruce,,NO,,Asfalto,,Apto,Seca,,Ninguna,,,,S/D,S/D,S/D,Día,NO,Sin Restricción,Despejado,Buena,,Sin Semáforo
93585,OBSERVATORIO VIAL,2021-01-25,20:30:00,CORRIENTES,18,CAPITAL,21,CORRIENTES,Urbana,Avenida,AV FERRE,2000,URUGUAY,BRASIL,-2.747.687,-5.882.630,3,0,0,3,0,Colisión entre vehículos,Colisión entre vehículos,S/D,,,3,Recta,Intersección / cruce,,NO,,Asfalto,,Apto,Seca,,Cordón Divisorio,,,,Si,Si,No,Noche,SI,Sin Restricción,Despejado,Buena,,Funciona
98275,OBSERVATORIO VIAL,2021-01-24,15:35:00,CORRIENTES,18,CAPITAL,21,CORRIENTES,Urbana,Avenida,AV.C. CORRENTINOS,2200,LAS PIEDRAS,,-2.748.723,-5.880.141,6,2,0,2,0,Colisión entre vehículos,Colisión entre vehículos,S/D,,,2,Recta,,,NO,,Hormigón,,Apto,Seca,,Cordón Divisorio,,,,Si,No,No,Día,NO,Sin Restricción,Despejado,Buena,,Funciona
105561,OBSERVATORIO VIAL,2021-01-23,9:00:00,CORRIENTES,18,CAPITAL,21,CORRIENTES,Urbana,Avenida,AV LIBERTAD,5300,MADERO,,-2.746.544,-5.878.515,2,1,0,3,0,Colisión entre vehículos,Colisión entre vehículos,S/D,,Alcance,3,Recta,Intersección / cruce,,NO,,Hormigón,,Apto,Seca,,Cordón Divisorio,,,,Si,Si,S/D,Día,NO,Sin Restricción,Despejado,Buena,,Sin Semáforo
125022,MUNICIPALIDAD DE CORRIENTES,2021-01-22,9:45:00,CORRIENTES,18,CAPITAL,21,CORRIENTES,Urbana,Calle,SAN MARTIN,1100,MENDOZA,,,,2,0,0,2,0,Colisión entre vehículos,Colisión entre vehículos,S/D,,,2,Recta,Intersección / cruce,,NO,,Asfalto,,Apto,Seca,,,,,,,,,Día,NO,Sin Restricción,Despejado,Buena,,
98235,OBSERVATORIO VIAL,2021-01-22,1:50:00,CORRIENTES,18,CAPITAL,21,CORRIENTES,Urbana,Ruta Provincial,RUTA PROVINCIAL Nª 5,2 1/2,DR GABRE,,-2.748.996,-5.875.750,0,1,0,1,0,"Caída desde vehículo, Colisión entre vehículos",Colisión entre vehículos,S/D,,,1,Recta,Intersección / cruce,,NO,,Asfalto,,Apto,Seca,,Cordón Divisorio,,,,S/D,S/D,S/D,Noche,SI,Sin Restricción,Despejado,Buena,,Sin Semáforo
105567,OBSERVATORIO VIAL,2021-01-19,20:15:00,CORRIENTES,18,CAPITAL,21,CORRIENTES,Urbana,Avenida,AV TTE IBAÑEZ,1300,LISANDRO SEGOVIA,,-2.748.551,-5.883.644,0,2,0,2,0,Colisión entre vehículos,Colisión entre vehículos,S/D,,,2,Recta,Intersección / cruce,,NO,,Asfalto,,Apto,Seca,,Cordón Divisorio,,,,No,No,No,Noche,SI,Sin Restricción,Despejado,Buena,,Sin Semáforo
95904,OBSERVATORIO VIAL,2021-01-19,15:50:00,CORRIENTES,18,CAPITAL,21,CORRIENTES,Urbana,Ruta Provincial,5,"4,5",,,-2.749.197,-5.874.677,2,2,0,2,0,Colisión entre vehículos,Colisión entre vehículos,S/D,,,2,Recta,,RUTA,NO,,Asfalto,,Apto,Seca,,Ninguna,,,,S/D,S/D,S/D,Día,NO,Sin Restricción,Despejado,Buena,,Sin Semáforo
96788,OBSERVATORIO VIAL,2021-01-18,9:20:00,CORRIENTES,18,CAPITAL,21,CORRIENTES,Urbana,Calle,LAS PIEDRAS,1700,LA VALLE,,-2.748.282,-5.880.061,2,0,0,2,0,Colisión entre vehículos,Colisión entre vehículos,S/D,,,2,Recta,Intersección / cruce,,NO,,Hormigón,,Apto,,,Ninguna,,,,Si,Si,No,Día,NO,Sin Restricción,Despejado,Buena,,Sin Semáforo
100017,DIRECCION GENERAL DE EDUCACION VVIAL,2021-01-17,9:55:00,CORRIENTES,18,CAPITAL,21,,Urbana,Avenida,ARTIGAS,1100,ESTADO DE ISRAEL,,-2.747.275,-5.881.889,2,1,0,2,0,Colisión entre vehículos,Colisión entre vehículos,S/D,,Angulo,2,Recta,Intersección / cruce,,NO,,Asfalto,,Apto,Seca,,Ninguna,,,,No,No,No,Día,NO,Sin Restricción,Despejado,Buena,,Sin Semáforo
113322,MUNICIPALIDAD DE CORRIENTES,2021-01-17,13:05:00,CORRIENTES,18,CAPITAL,21,CORRIENTES,Urbana,Calle,CARTAGENA,3012,INGLATERRA,,,,1,2,0,2,0,Colisión entre vehículos,Colisión entre vehículos,S/D,,,2,Recta,Intersección / cruce,,NO,,Hormigón,,Apto,Seca,,Vegetación,,,,Si,Si,No,Día,NO,Sin Restricción,Despejado,Buena,,Sin Semáforo
121582,MUNICIPALIDAD DE CORRIENTES,2021-01-15,2:30:00,CORRIENTES,18,CAPITAL,21,CORRIENTES,Urbana,Avenida,AV. NICOLAS AVELLANEDA,,LAS PIEDRAS,,,,2,1,0,2,0,Colisión entre vehículos,Colisión entre vehículos,S/D,,Angulo,2,Recta,Intersección / cruce,,NO,,Asfalto,,Apto,,,Ninguna,,,,Si,,,Noche,SI,Sin Restricción,Nublado,Buena,,Intermitente
129573,MUNICIPALIDAD DE CORRIENTES,2021-01-14,11:37:00,CORRIENTES,18,CAPITAL,21,CORRIENTES,Urbana,Calle,AV.INDEPENDENCIA,5700,,,-2.748.402,-5.878.406,0,1,0,1,0,Caída desde vehículo,Caída desde vehículo,S/D,,,1,Recta,,,NO,,Asfalto,,Apto,Seca,,,,,,,,,Día,NO,Sin Restricción,Despejado,Buena,,
108420,OBSERVATORIO VIAL,2021-01-14,7:30:00,CORRIENTES,18,CAPITAL,21,CORRIENTES,Urbana,Ruta Nacional,12,6500,RIO CHICO,,,,1,1,0,2,0,Colisión entre vehículos,Colisión entre vehículos,S/D,,Angulo,2,Recta,Intersección / cruce,,NO,,Asfalto,,Apto,Seca,,Guardarraíl,,,,No,No,No,Día,NO,Sin Restricción,Despejado,Buena,,Sin Semáforo
95186,OBSERVATORIO VIAL,2021-01-12,17:30:00,CORRIENTES,18,CAPITAL,21,CORRIENTES,Urbana,Avenida,AV MEDRANO,4300,LORETO,,-2.750.593,-5.879.769,2,1,0,2,0,Colisión entre vehículos,Colisión entre vehículos,S/D,,,2,Recta,Intersección / cruce,,NO,,Hormigón,,Apto,"Despejada, Seca",,,,,,No,No,No,Día,NO,Sin Restricción,Despejado,Buena,,Sin Semáforo
124204,DIRECCION DE SEGURIDAD VIAL,2021-01-10,20:35:00,CORRIENTES,18,CAPITAL,21,CORRIENTES,Urbana,Avenida,AV. FERRE,2200,ROCA,,,,2,0,0,2,0,Colisión entre vehículos,Colisión entre vehículos,S/D,,Alcance,2,Recta,,,NO,,Hormigón,,Apto,Seca,,,,,,Si,Si,,Noche,SI,Sin Restricción,Despejado,Buena,,Funciona
132601,MUNICIPALIDAD DE CORRIENTES,2021-01-09,8:40:00,CORRIENTES,18,CAPITAL,21,CORRIENTES,Urbana,Avenida,AV. INDEPENDENCIA,4200,,,,,1,1,0,2,0,Colisión entre vehículos,Colisión entre vehículos,S/D,,,2,Recta,Intersección / cruce,,NO,,Asfalto,,Apto,Seca,,,,,,Si,Si,Si,Día,NO,,Despejado,Buena,,Funciona
108416,OBSERVATORIO VIAL,2021-01-07,21:36:00,CORRIENTES,18,CAPITAL,21,CORRIENTES,Urbana,Calle,SAN MARTIN,1200,ESPAÑA,,,,1,2,0,2,0,Colisión entre vehículos,Colisión entre vehículos,S/D,,,2,Recta,Intersección / cruce,,NO,,Hormigón,,Apto,Seca,,Barrera de Hormigón,,,,No,No,No,Noche,NO,Sin Restricción,Lluvia,Lluvia,,Sin Semáforo
105919,OBSERVATORIO VIAL,2021-01-04,11:00:00,CORRIENTES,18,CAPITAL,21,CORRIENTES,Urbana,Calle,GENERAL PAZ,37,,,-2.747.608,-5.885.330,1,0,0,1,0,Colisión entre vehículos,Colisión entre vehículos,S/D,,,1,Recta,Fuera de calzada,,NO,,Asfalto,,Apto,Seca,,Ninguna,,,,S/D,S/D,S/D,Día,NO,Sin Restricción,Despejado,Buena,,Sin Semáforo
108880,O.V.,2021-01-02,22:00:00,CORRIENTES,18,CAPITAL,21,CORRIENTES,Urbana,Avenida,AV.ARMENIA,4790,,,-2.746.691,-5.879.038,2,0,0,2,0,Colisión entre vehículos,Colisión entre vehículos,S/D,,Angulo,2,Recta,,RECTA,NO,,Asfalto,,Apto,Seca,,Ninguna,,,,S/D,S/D,S/D,Noche,NO,Sin Restricción,Despejado,Buena,,Funciona
119957,MUNICIPALIDAD DE CORRIENTES,2021-01-01,10:50:00,CORRIENTES,18,CAPITAL,21,CORRIENTES,Urbana,Avenida,AV. FERRE,2300,ROCA,,,,2,0,0,2,0,Colisión entre vehículos,Colisión entre vehículos,S/D,,,2,Recta,Intersección / cruce,,NO,,Asfalto,,Apto,Seca,,,,,,Si,,,Día,NO,Sin Restricción,Despejado,Buena,,Funciona