id_feu,unidad_regional,siniestro_fecha,siniestro_hora,provincia,id_provincia,departamento,id_departamento,localidad,zona_ocurrencia,via_publica,nombre_via,altura_km,entre_calle_1,entre_calle_2,latitud,longitud,ilesos,heridos,fallecidos,vehiculos,peatones,tipo_siniestro_multiple,tipo_siniestro_unico,despiste_previo,tipo_siniestro_otro,tipo_colision,cantidad_de_involucrados,trazado_via,configuracion_de_la_via,configuracion_de_la_via_otro_tipo,pendiente_declive,cono_de_vision,material_de_la_calzada,material_de_la_calzada_otro,estado_de_la_calzada,estado_fisico_ambiental,estado_de_conservacion_otro,division_fisica_de_la_via,division_fisica_de_la_via_otro,barreras_de_seguridad,banquinas,senalizacion_carteleria,senalizacion_horizontal,senalizacion_transitoria,luminosidad,luz_artificial,transito_restringido,estado_ambiental,visibilidad,visibilidad_otro,semaforo
55290,OBSERVATORIO VIAL,2019-12-31,12:05:00,CORRIENTES,18,CAPITAL,21,CORRIENTES,Urbana,Ruta Nacional,12,5900,AVENIDA RAUL ALFONSIN,,-2.747.829,-5.878.329,1,1,0,2,0,Colisión entre vehículos,Colisión entre vehículos,S/D,,Angulo,2,Recta,Intersección / cruce,,NO,,Asfalto,,Apto,Seca,,Otro,,,,No,No,No,Día,NO,Sin Restricción,Despejado,Buena,,Sin Semáforo
49529,OBSERVATORIO VIL,2019-12-30,19:00:00,CORRIENTES,18,CAPITAL,21,CORRIENTES,Urbana,Avenida,AV FRRE,1650,AV MAIPU,,-2.747.665,-5.883.088,1,2,0,2,0,Colisión entre vehículos,Colisión entre vehículos,S/D,,Rozamiento,2,Recta,Intersección / cruce,,NO,,Hormigón,,Apto,Seca,,,,,,Si,No,No,Noche,NO,,Despejado,Buena,,Sin Semáforo
58985,OBSERVATORIO VIAL,2019-12-30,7:00:00,CORRIENTES,18,CAPITAL,21,CORRIENTES,Urbana,Calle,ESPAÑA,1700,BELGRANO,,-2.747.278,-5.882.972,1,1,0,2,0,Colisión entre vehículos,Colisión entre vehículos,S/D,,Alcance,2,Recta,Intersección / cruce,,NO,,Hormigón,,Apto,Seca,,Ninguna,,,,No,No,No,Día,NO,Sin Restricción,Despejado,Buena,,Sin Semáforo
49556,OBSERVATORIO VIAL,2019-12-30,15:00:00,CORRIENTES,18,CAPITAL,21,CORRIENTES,Urbana,Avenida,AVENIDA 3 DE ABRIL,1400,CATAMARCA,,-2.747.610,-5.883.394,2,1,0,1,1,"Atropello a peatón/es, Colisión entre vehículos",Colisión entre vehículos,S/D,,,2,Recta,Intersección / cruce,,,,Hormigón,,Apto,Seca,,Cordón Divisorio,,,,Si,Si,No,Día,NO,Sin Restricción,Nublado,Buena,,Funciona
49594,OBSERVATORIO VIAL,2019-12-30,19:50:00,CORRIENTES,18,CAPITAL,21,CORRIENTES,Urbana,Avenida,AVENIDA ARMENIA,4700,,,-2.746.772,-5.879.368,2,1,0,2,0,Colisión entre vehículos,Colisión entre vehículos,S/D,,Alcance,2,Recta,Intersección / cruce,,NO,,Hormigón,,Apto,Seca,,Ninguna,,,,Si,No,No,Noche,SI,,Despejado,Buena,,Sin Semáforo
68871,CORRIENTES,2019-12-27,22:30:00,CORRIENTES,18,CAPITAL,21,CORRIENTES,Urbana,Ruta Nacional,12,6.500,AV. LIBERTAD,,-2.746.144,-5.876.849,0,1,0,1,0,Despiste,Despiste,Si,,,1,Recta,,,NO,,Hormigón,,Apto,Despejada,,Ninguna,,,,No,,,Noche,NO,Sin Restricción,Nublado,Buena,,Sin Semáforo
49349,OBSERVATORIO VIAL,2019-12-26,9:30:00,CORRIENTES,18,CAPITAL,21,CORRIENTES,Urbana,Calle,RIVADAVIA,1500,SAN LORENZO,,-2.747.484,-5.883.262,3,0,0,2,0,Colisión entre vehículos,Colisión entre vehículos,S/D,,Rozamiento,2,Recta,Intersección / cruce,,NO,,Hormigón,,Apto,,,,,,,Si,,,Día,NO,Sin Restricción,Despejado,Buena,,Sin Semáforo
49533,OBSERVATORIO VIAL,2019-12-24,7:20:00,CORRIENTES,18,CAPITAL,21,CORRIENTES,Urbana,Avenida,AVENIDA TTE IBAÑEZ,2400,REVIDATTI,,-2.748.488,-5.884.241,2,0,0,2,0,Colisión entre vehículos,Colisión entre vehículos,S/D,,Angulo,2,Recta,Intersección / cruce,,NO,,Hormigón,,Apto,Mojada,,,,,,Si,Si,No,Día,NO,Sin Restricción,Lluvia,Lluvia,,Sin Semáforo
49274,OBSERVATORIO VIAL,2019-12-23,9:20:00,CORRIENTES,18,CAPITAL,21,CORRIENTES,Urbana,Calle,9 DE julio,1100,CORDOBA,,-2.746.643,-5.883.666,3,0,0,3,0,Colisión entre vehículos,Colisión entre vehículos,S/D,,"Alcance, Multiple",3,Recta,Intersección / cruce,,NO,,Hormigón,,Apto,Seca,,Ninguna,,,,Si,Si,No,Día,NO,Sin Restricción,Despejado,Buena,,Funciona
58494,OBSERVATORIO VIAL,2019-12-20,7:35:00,CORRIENTES,18,CAPITAL,21,CORRIENTES,Urbana,Avenida,TRES DE ABRIL,1601,MENDOZA,,-2.747.577,-5.883.650,1,1,0,1,1,Atropello a peatón/es,Atropello a peatón/es,S/D,,,2,Recta,Intersección / cruce,,NO,,Hormigón,,Apto,Seca,,Ninguna,,,,Si,Si,No,Día,NO,Sin Restricción,Despejado,Buena,,Funciona
49409,OBSERVATORIO VIAL,2019-12-20,10:15:00,CORRIENTES,18,CAPITAL,21,CORRIENTES,Urbana,Calle,LA RIOJA,1000,BELGRANO,,-2.747.193,-5.883.853,2,1,0,2,0,Colisión entre vehículos,Colisión entre vehículos,S/D,,Angulo,2,Recta,Intersección / cruce,,NO,,Asfalto,,Apto,Seca,,Ninguna,,,,Si,,,Día,NO,Sin Restricción,Nublado,Buena,,Sin Semáforo
54490,OBSERVATORIO VIAL,2019-12-19,11:30:00,CORRIENTES,18,CAPITAL,21,CORRIENTES,Urbana,Calle,GARL PAZ,2600,SANTA ROSA,,-2.748.010,-5.882.018,1,1,0,2,0,Colisión entre vehículos,Colisión entre vehículos,S/D,,Angulo,2,Recta,Intersección / cruce,,NO,,Hormigón,,Apto,Seca,,,,,,No,No,No,Día,NO,,Despejado,Buena,,Sin Semáforo
54956,OVSERVAORIO VIAL,2019-12-18,12:05:00,CORRIENTES,18,CAPITAL,21,CORRIENTES,Urbana,Calle,CATAMARCA,1200,BELGRANO,,-2.747.172,-5.883.352,1,1,0,1,1,Atropello a peatón/es,Atropello a peatón/es,S/D,,,2,Recta,Intersección / cruce,,NO,,Asfalto,,Apto,Seca,,Ninguna,,,,Si,Si,No,Día,NO,Sin Restricción,Despejado,Buena,,Sin Semáforo
49544,OBSERVATORIO VIAL,2019-12-17,9:30:00,CORRIENTES,18,CAPITAL,21,CORRIENTES,Urbana,Avenida,AV J DE VERA,1500,SAN LORENZO,,-2.746.131,-5.883.101,1,1,0,2,0,Colisión entre vehículos,Colisión entre vehículos,S/D,,Angulo,2,Recta,Intersección / cruce,,NO,,Asfalto,,Apto,Seca,,,,,,Si,Si,No,Día,NO,Sin Restricción,Despejado,Buena,,Sin Semáforo
49324,OBSERVATORIO VIAL,2019-12-16,16:20:00,CORRIENTES,18,CAPITAL,21,CORRIENTES,Urbana,Avenida,AVENIDA 3 DE ABRIL,1700,JUJUY,,-2.747.685,-5.882.880,2,1,0,2,0,Colisión entre vehículos,Colisión entre vehículos,S/D,,Angulo,2,Recta,Intersección / cruce,,NO,,Hormigón,,Apto,Seca,,Ninguna,,,,Si,Si,No,Día,NO,Sin Restricción,Despejado,Buena,,Funciona
49579,OBSERVATORIO VIAL,2019-12-16,14:55:00,CORRIENTES,18,CAPITAL,21,CORRIENTES,Urbana,Ruta Nacional,12,1032,LUCIA SOTO,,-2.745.901,-5.876.484,2,0,0,2,0,Colisión entre vehículos,Colisión entre vehículos,S/D,,Angulo,2,Recta,,,NO,,Tierra,,Apto,Seca,,Ninguna,,,,No,No,No,Día,NO,Sin Restricción,Despejado,Buena,,Sin Semáforo
62906,OBSERVATORIO VIAL,2019-12-14,16:03:00,CORRIENTES,18,CAPITAL,21,CORRIENTES,Urbana,Avenida,AV MAIPU,800,VALPARAISO,,-2.748.468,-5.882.443,1,2,0,2,0,Colisión entre vehículos,Colisión entre vehículos,S/D,,,2,Recta,Intersección / cruce,,NO,,Hormigón,,Apto,"Despejada, Seca",,Cordón Divisorio,,,,No,No,No,Día,NO,Sin Restricción,Despejado,Buena,,Sin Semáforo
56136,OBSERVATORIO VIAL,2019-12-14,16:05:00,CORRIENTES,18,CAPITAL,21,CORRIENTES,Urbana,Avenida,PIROVANO,3100,MEDRANO,,-2.749.263,-5.879.951,2,0,0,2,0,Colisión entre vehículos,Colisión entre vehículos,S/D,,Lateral,2,Recta,Intersección / cruce,,NO,,Asfalto,,Apto,Seca,,Ninguna,,,,S/D,S/D,S/D,Día,NO,,Despejado,Buena,,Sin Semáforo
49370,OBSERVATORIO VIAL,2019-12-13,7:45:00,CORRIENTES,18,CAPITAL,21,CORRIENTES,Urbana,Avenida,AV TENIENTE IBANEZ,1200,MENDOZA,,-2.748.535,-5.883.770,2,1,0,2,0,Colisión entre vehículos,Colisión entre vehículos,S/D,,Angulo,2,Recta,Intersección / cruce,,NO,,Hormigón,,Apto,Seca,,Vegetación,,,,S/D,S/D,S/D,Día,NO,,Despejado,Buena,,Sin Semáforo
53796,OBSERVATORIO VIAL,2019-12-12,8:50:00,CORRIENTES,18,CAPITAL,21,CORRIENTES,Urbana,Calle,GUTEMBERG,1700,GRAL PAZ,,-2.747.888,-5.883.170,2,0,0,2,0,Colisión entre vehículos,Colisión entre vehículos,S/D,,Frontal,2,Recta,Intersección / cruce,,NO,,Hormigón,,Apto,Mojada,,Ninguna,,,,Si,No,No,Día,NO,Sin Restricción,Lluvia,Lluvia,,Sin Semáforo
49259,OBSERVATORIO VIAL,2019-12-12,2:00:00,CORRIENTES,18,CAPITAL,21,CORRIENTES,Urbana,Ruta Nacional,12,1028,VERONA,,-2.749.615,-5.877.733,1,0,1,2,0,"Choque, Colisión entre vehículos",Colisión entre vehículos,S/D,,"En calzada, Frontal",2,Recta,Intersección / cruce,,NO,,Asfalto,,Apto,Seca,,Ninguna,,,,No,No,No,Noche,SI,Sin Restricción,Nublado,Buena,,Sin Semáforo
49477,OBSERVATORIO VIAL,2019-12-11,15:30:00,CORRIENTES,18,CAPITAL,21,CORRIENTES,Urbana,Avenida,AVENIDA SARMIENTO,2000,LAMADRID,,-2.748.242,-5.883.076,2,0,0,2,0,Colisión entre vehículos,Colisión entre vehículos,S/D,,Angulo,2,Recta,Intersección / cruce,,NO,,Hormigón,,Apto,,,,,,,Si,No,No,Día,NO,Sin Restricción,Despejado,Buena,,Sin Semáforo
49280,OBSERVATORIO VIAL,2019-12-10,12:30:00,CORRIENTES,18,CAPITAL,21,CORRIENTES,Urbana,Calle,SAN MARTIN,1700,,,-2.747.050,-5.882.951,1,1,0,2,0,"Choque, Colisión entre vehículos",Colisión entre vehículos,S/D,,"Alcance, En banquina",2,Recta,Intersección / cruce,,NO,,Asfalto,,Apto,Seca,,Barrera de Hormigón,,,,No,No,No,Día,NO,Sin Restricción,Despejado,Buena,,Sin Semáforo
49423,OBSERVATORIO VIAL,2019-12-10,12:40:00,CORRIENTES,18,CAPITAL,21,CORRIENTES,Urbana,Calle,URUGUAY,1050,,,-2.747.035,-5.882.556,1,0,0,1,0,"Choque, Colisión entre vehículos",Colisión entre vehículos,S/D,,"Arbol, Frontal",1,Recta,,,NO,,Hormigón,,Apto,Seca,,Ninguna,,,,No,S/D,S/D,Día,NO,Sin Restricción,Despejado,Buena,,Sin Semáforo
49598,OBSERVATORIO VIAL,2019-12-10,9:10:00,CORRIENTES,18,CAPITAL,21,CORRIENTES,Urbana,Avenida,AV ASUNCION,2600,EX VIA,,-2.749.066,-5.881.854,1,1,0,2,0,"Atropello a animal/es, Colisión entre vehículos",Colisión entre vehículos,S/D,,,2,Recta,Intersección / cruce,,NO,,Tierra,,Apto,Seca,,Ninguna,,,,No,No,No,Día,NO,Sin Restricción,Despejado,Buena,,Sin Semáforo
49446,OBSERVATORIO VIAL,2019-12-10,0:10:00,CORRIENTES,18,CAPITAL,21,CORRIENTES,Urbana,Calle,REPUBLICA DOMINICANA,1300,SUIZA,,-2.747.683,-5.881.080,2,0,0,2,0,Colisión entre vehículos,Colisión entre vehículos,S/D,,Angulo,2,Recta,Intersección / cruce,,NO,,Hormigón,,Apto,Seca,,Ninguna,,,,Si,,,Noche,SI,Sin Restricción,Despejado,Buena,,Sin Semáforo
49393,OBSERVATORIO VIAL,2019-12-09,15:30:00,CORRIENTES,18,CAPITAL,21,CORRIENTES,Urbana,Avenida,AVENIDA MONTECARLO,4300,RIO DE JANEIRO,,-2.749.508,-5.879.647,2,0,0,2,0,Colisión entre vehículos,Colisión entre vehículos,S/D,,Angulo,2,Recta,Intersección / cruce,,NO,,Asfalto,,Apto,"Despejada, Seca",,Cordón Divisorio,,,,Si,No,No,Día,NO,,Despejado,Buena,,Sin Semáforo
57094,OBSERVATORIO VIAL,2019-12-09,8:50:00,CORRIENTES,18,CAPITAL,21,CORRIENTES,Urbana,Calle,CATAMARCA,1400,RIVADAVIA,,-2.747.469,-5.883.385,1,1,0,2,0,Colisión entre vehículos,Colisión entre vehículos,S/D,,Angulo,2,Recta,Intersección / cruce,,,,Asfalto,,Apto,Seca,,Ninguna,,,,Si,No,No,Día,NO,Sin Restricción,Despejado,Buena,,Sin Semáforo
64843,OBSERVATORIO VIAL,2019-12-09,10:45:00,CORRIENTES,18,CAPITAL,21,CORRIENTES,Urbana,Calle,ESPAÑA,1698,JUNIN,,-2.746.831,-5.882.926,1,1,0,2,0,Colisión entre vehículos,Colisión entre vehículos,S/D,,Alcance,2,Recta,Intersección / cruce,,SI,,Asfalto,,Apto,Seca,,Ninguna,,,,Si,Si,No,Día,NO,Sin Restricción,Despejado,Buena,,Funciona
49498,OBSERVATORIO VIAL,2019-12-09,6:00:00,CORRIENTES,18,CAPITAL,21,CORRIENTES,Urbana,Avenida,AV MAIPU,1000,,,-2.748.698,-5.882.282,0,1,0,1,0,"Caída desde vehículo, Despiste",Despiste,Si,,,1,Recta,Intersección / cruce,,NO,,Asfalto,,Apto,Mojada,,Ninguna,,,,No,No,No,Amanecer,SI,Sin Restricción,Lluvia,Buena,,Sin Semáforo
62904,OBSERVATORIO VIAL,2019-12-08,4:00:00,CORRIENTES,18,CAPITAL,21,CORRIENTES,Urbana,Avenida,AV INDEPENDENCIA,4400,MEDRANO,,-2.748.170,-5.879.839,2,0,0,2,0,Colisión entre vehículos,Colisión entre vehículos,S/D,,,2,Recta,Intersección / cruce,,NO,,Hormigón,,Apto,Seca,,Cordón Divisorio,,,,Si,,,Noche,SI,Sin Restricción,,Buena,,Funciona
62908,OBSERVATORIO VIAL,2019-12-06,7:30:00,CORRIENTES,18,CAPITAL,21,CORRIENTES,Urbana,Avenida,AV CHACABUCO,1500,,,-2.747.677,-5.881.418,2,0,0,2,0,Colisión entre vehículos,Colisión entre vehículos,S/D,,,2,Recta,,,NO,,Hormigón,,,Seca,,Ninguna,,,,No,No,No,Día,NO,Sin Restricción,Despejado,,,
49260,OBSERVATORIO VIAL,2019-12-05,11:10:00,CORRIENTES,18,CAPITAL,21,CORRIENTES,Urbana,Avenida,AV MEDRANO,3200,CARTAGENA,,-2.749.635,-5.880.030,1,1,0,2,0,Colisión entre vehículos,Colisión entre vehículos,S/D,,,2,Curva,Intersección / cruce,,NO,,Asfalto,,Apto,Mojada,,Ninguna,,,,S/D,S/D,S/D,Día,NO,Sin Restricción,Despejado,Buena,,Sin Semáforo
62850,OBSERVATORIO VIAL,2019-12-05,5:50:00,CORRIENTES,18,CAPITAL,21,CORRIENTES,Urbana,Calle,BUENOS AIRES,1334,,,-2.747.228,-5.884.094,1,0,0,1,0,Choque,Choque,S/D,,Otro,1,Recta,,,NO,,Asfalto,,Apto,,,Ninguna,,,,No,No,No,Amanecer,SI,Sin Restricción,Despejado,Buena,,
54748,OBSERVATORIO VIAL,2019-12-05,17:40:00,CORRIENTES,18,CAPITAL,21,CORRIENTES,Urbana,Ruta Provincial,5,"0,5",AVENIDA INDEPENDENCIA,,-2.748.421,-5.878.106,1,1,0,2,0,Colisión entre vehículos,Colisión entre vehículos,S/D,,Lateral,2,Curva,Intersección / cruce,,NO,,Hormigón,,Apto,Seca,,Ninguna,,,,No,No,No,Día,,Sin Restricción,Despejado,Buena,,Sin Semáforo
49443,OBSERVATORIO VIAL,2019-12-04,6:20:00,CORRIENTES,18,CAPITAL,21,CORRIENTES,Urbana,Ruta Nacional,12,1035,,,-2.744.798,-5.875.051,0,1,0,1,0,Caída desde vehículo,Caída desde vehículo,S/D,,,1,Recta,Intersección / cruce,,NO,,Ripio,,Baches,Seca,,Ninguna,,,,No,No,No,Amanecer,NO,,Despejado,Buena,,Sin Semáforo
49389,OBSERVATORIO VIAL,2019-12-04,17:00:00,CORRIENTES,18,CAPITAL,21,CORRIENTES,Urbana,Avenida,AVENIDA JUAN RAMON VIDAL,2600,CARTAGENA,,-2.749.213,-5.881.702,1,0,0,1,0,Caída desde vehículo,Caída desde vehículo,S/D,,,1,Recta,,,NO,,Hormigón,,Apto,Seca,,Cordón Divisorio,,,,Si,No,No,Día,NO,Sin Restricción,Despejado,Buena,,Sin Semáforo
68790,OBA VIAL,2019-12-04,9:00:00,CORRIENTES,18,CAPITAL,21,CORRIENTES,Urbana,Avenida,ARMENIA,3500,SAEN,,-2.746.824,-5.881.225,2,1,0,3,0,Colisión entre vehículos,Colisión entre vehículos,S/D,,Alcance,3,Recta,Intersección / cruce,,SI,,Hormigón,,Apto,Seca,,Cordón Divisorio,,,,S/D,S/D,S/D,Día,,Sin Restricción,Despejado,Buena,,Funciona
49314,CORRIENTES,2019-12-04,23:15:00,CORRIENTES,18,CAPITAL,21,CORRIENTES,Urbana,Avenida,MAIPU,8000,,,-2.751.558,-5.875.626,1,1,0,2,0,Colisión entre vehículos,Colisión entre vehículos,S/D,,Angulo,2,Recta,,,NO,,Asfalto,,Apto,Seca,,Guardarraíl,,,,No,,,Noche,,,Despejado,Buena,,
49523,OBSERVATORIO VIAL,2019-12-03,8:00:00,CORRIENTES,18,CAPITAL,21,CORRIENTES,Urbana,Calle,BUENOS AIRES,920,,,-2.746.754,-5.884.058,1,2,0,2,0,Colisión entre vehículos,Colisión entre vehículos,S/D,,Alcance,2,Recta,,MITAD DE CUADRA,,,Asfalto,,Apto,Seca,,Ninguna,,,,S/D,S/D,S/D,Día,NO,,Despejado,Buena,,Sin Semáforo
62286,OBSERVATORIO VIAL,2019-12-03,17:45:00,CORRIENTES,18,CAPITAL,21,CORRIENTES,Rural,Ruta Nacional,12,5999,PRESIDENTE GRAL. DE PERON,,-2.749.046,-5.877.973,2,0,0,2,0,Colisión entre vehículos,Colisión entre vehículos,S/D,,Angulo,2,Recta,Intersección / cruce,,NO,,Asfalto,,Apto,Seca,,Ninguna,,,,Si,Si,No,Día,NO,,Despejado,Buena,,Funciona
49264,OBSERVATORIO VIAL,2019-12-03,7:00:00,CORRIENTES,18,CAPITAL,21,CORRIENTES,Urbana,Avenida,AV RAUL ALFONSIN,4500,,,-2.747.553,-5.879.560,1,1,0,2,0,Colisión entre vehículos,Colisión entre vehículos,S/D,,Alcance,2,Recta,Intersección / cruce,,NO,,Asfalto,,Apto,"Despejada, Seca",,,,,,S/D,S/D,S/D,Día,NO,Sin Restricción,Nublado,Buena,,Sin Semáforo
49613,OBSERVATORIO VIAL,2019-12-03,9:15:00,CORRIENTES,18,CAPITAL,21,CORRIENTES,Urbana,Avenida,AVENIDA MAIPU,1180,LA PAZ,,-2.748.433,-5.882.494,2,0,0,2,0,Colisión entre vehículos,Colisión entre vehículos,S/D,,Alcance,2,Recta,Intersección / cruce,,NO,,Asfalto,,Apto,Seca,,Ninguna,,,,Si,Si,No,Día,NO,Sin Restricción,Despejado,Buena,,Funciona
53642,OBSERVATORIO  VIAL,2019-12-02,5:00:00,CORRIENTES,18,CAPITAL,21,CORRIENTES,Urbana,Calle,ELIAS ABAD,2100,LA MADRID,,-2.748.024,-5.884.902,2,0,0,2,0,Colisión entre vehículos,Colisión entre vehículos,S/D,,Alcance,2,Recta,Intersección / cruce,,NO,,Hormigón,,Apto,Seca,,Ninguna,,,,No,No,No,Amanecer,SI,Sin Restricción,Nublado,Niebla/Neblina,,Sin Semáforo
67484,OBSERVATORIO VIAL,2019-12-02,11:40:00,CORRIENTES,18,CAPITAL,21,CORRIENTES,Urbana,Calle,ESPAÑA,1240,,,-2.747.217,-5.882.968,1,1,0,2,0,Colisión entre vehículos,Colisión entre vehículos,S/D,,,2,Recta,,,NO,,Asfalto,,Apto,Seca,,Ninguna,,,,No,No,No,Día,NO,Sin Restricción,Nublado,Buena,,Sin Semáforo
49225,OBSERVATORIO VIAL,2019-12-02,17:40:00,CORRIENTES,18,CAPITAL,21,CORRIENTES,Urbana,Calle,BELGRANO,2400,VELESARSFIELD,,-2.747.367,-5.882.075,2,0,0,2,0,"Choque, Colisión entre vehículos",Colisión entre vehículos,S/D,,"Frontal, Otro",2,Recta,Intersección / cruce,,NO,,Hormigón,,Apto,Seca,,Ninguna,,,,No,No,No,Día,NO,Sin Restricción,Nublado,Buena,,Sin Semáforo
49229,OBSERVATORIO VIAL,2019-12-01,13:17:00,CORRIENTES,18,CAPITAL,21,CORRIENTES,Urbana,Avenida,AYACUCHO,2750,,,-2.747.055,-5.881.774,1,1,0,2,0,Colisión entre vehículos,Colisión entre vehículos,S/D,,Angulo,2,Recta,,,NO,,Asfalto,,Apto,Seca,,Ninguna,,,,No,No,No,Día,NO,Sin Restricción,Despejado,Buena,,Sin Semáforo
49419,OBSERVATORIO VIAL,2019-11-29,18:00:00,CORRIENTES,18,CAPITAL,21,CORRIENTES,Urbana,Calle,BRASIL,2100,BELGRANO,,-2.747.329,-5.882.460,1,1,0,2,0,Colisión entre vehículos,Colisión entre vehículos,S/D,,,2,Recta,Intersección / cruce,,NO,,Hormigón,,Apto,"Despejada, Seca",,Ninguna,,,,No,No,No,Día,NO,Sin Restricción,Despejado,Buena,,Sin Semáforo
49475,OBSERVATORIO VIAL,2019-11-28,15:50:00,CORRIENTES,18,CAPITAL,21,CORRIENTES,Urbana,Calle,REPUBLICA DOMINICANA,1400,PASAJE CHAVEZ,,-2.747.593,-5.881.070,2,0,0,2,0,Colisión entre vehículos,Colisión entre vehículos,S/D,,Angulo,2,Recta,,,NO,,Hormigón,,Apto,Seca,,Ninguna,,,,No,No,No,Día,NO,,Nublado,,,Sin Semáforo
49364,OBSERVATORIO VIAL,2019-11-27,12:30:00,CORRIENTES,18,CAPITAL,21,CORRIENTES,Urbana,Calle,PLACIDO MARTINEZ,2300,PERU,,-2.746.314,-5.882.061,4,1,0,2,0,Colisión entre vehículos,Colisión entre vehículos,S/D,,Angulo,2,Recta,Intersección / cruce,,NO,,Hormigón,,Apto,Seca,,,,,,No,No,No,Día,NO,Sin Restricción,Despejado,Buena,,Sin Semáforo
49577,OBSERVATORIO VIAL,2019-11-26,14:30:00,CORRIENTES,18,CAPITAL,21,CORRIENTES,Urbana,Avenida,AVENIDA MAIPU,700,AVENIDA TTE IBAÑEZ,,-2.748.318,-5.882.574,1,1,0,2,0,Colisión entre vehículos,Colisión entre vehículos,S/D,,Angulo,2,Recta,Intersección / cruce,,NO,,Hormigón,,Apto,Seca,,Ninguna,,,,Si,No,No,Día,NO,Sin Restricción,Nublado,Buena,,Funciona
49256,OBSERVATORIO VIAL,2019-11-24,10:30:00,CORRIENTES,18,CAPITAL,21,CORRIENTES,Urbana,Avenida,AV. MAIPU,4660,GUAYQUIRARÓ,,-2.751.370,-5.880.728,2,0,0,2,0,Colisión entre vehículos,Colisión entre vehículos,S/D,,Frontal,2,Recta,,,NO,,Asfalto,,Apto,Seca,,,,,,No,No,No,Día,NO,,Despejado,Buena,,Funciona
49281,OBSERVATORIO VIAL,2019-11-24,7:00:00,CORRIENTES,18,CAPITAL,21,CORRIENTES,Urbana,Avenida,AV MAIPU,6600,INGRESO A SANTA CATALINA,,-2.752.186,-5.879.982,0,1,0,1,0,"Caída desde vehículo, Vuelco (solo 1 participante)",Vuelco (solo 1 participante),S/D,,,1,Recta,Rotonda,,NO,,Hormigón,,Apto,Mojada,,Ninguna,,,,No,No,No,,NO,Sin Restricción,Granizo,Lluvia,,Sin Semáforo
49295,OBSERVATORIO VIAL,2019-11-24,12:20:00,CORRIENTES,18,CAPITAL,21,CORRIENTES,Urbana,Avenida,Libertad,5000,JR FERNANDEZ,,-2.746.669,-5.879.003,1,1,0,2,0,Colisión entre vehículos,Colisión entre vehículos,S/D,,Angulo,2,Recta,Intersección / cruce,,NO,,Asfalto,,Apto,"Despejada, Seca",,Cordón Divisorio,,,,S/D,S/D,S/D,Día,NO,,Despejado,Buena,,Funciona
49408,OBSERVATORIO VIAL,2019-11-22,10:15:00,CORRIENTES,18,CAPITAL,21,CORRIENTES,Urbana,Calle,LA RIOJA,1000,BELGRANO,,-2.747.193,-5.883.853,2,1,0,2,0,Colisión entre vehículos,Colisión entre vehículos,S/D,,Angulo,2,Recta,Intersección / cruce,,NO,,Asfalto,,Apto,Seca,,Ninguna,,,,Si,,,Día,NO,Sin Restricción,Nublado,Buena,,Sin Semáforo
54497,OBSERVATORIO VIAL,2019-11-22,13:10:00,CORRIENTES,18,CAPITAL,21,CORRIENTES,Urbana,Avenida,AV CHACABUCO,2095,,,-2.748.226,-5.881.553,1,1,0,2,0,Colisión entre vehículos,Colisión entre vehículos,S/D,,,2,Recta,Intersección / cruce,,NO,,Hormigón,,Apto,Seca,,,,,,No,No,No,Día,NO,Sin Restricción,Despejado,Buena,,Sin Semáforo
54617,OBSERVATORIO VIAL,2019-11-22,16:35:00,CORRIENTES,18,CAPITAL,21,CORRIENTES,Urbana,Avenida,AV. PEDRO FERRE,1900,,,-2.747.714,-5.882.745,5,0,0,5,0,Colisión entre vehículos,Colisión entre vehículos,S/D,,Alcance,5,Recta,,,NO,,Hormigón,,Apto,Seca,,Ninguna,,,,Si,No,No,Día,NO,Sin Restricción,Despejado,Buena,,Funciona
56125,OBSERVATORIO VIAL,2019-11-21,15:15:00,CORRIENTES,18,CAPITAL,21,CORRIENTES,Urbana,Calle,FRANCIA,3400,ALBERTI,,-2.748.821,-5.881.033,1,1,0,2,0,Colisión entre vehículos,Colisión entre vehículos,S/D,,Angulo,2,Recta,Intersección / cruce,,NO,,Tierra,,Apto,"Despejada, Seca",,Ninguna,,,,No,No,No,Día,NO,Sin Restricción,Despejado,Buena,,Sin Semáforo
56777,OBSERVATORIO VIAL,2019-11-21,12:08:00,CORRIENTES,18,CAPITAL,21,CORRIENTES,Urbana,Calle,BELGRANO,1600,SANTA FE,,-2.747.265,-5.883.100,1,1,0,2,0,Colisión entre vehículos,Colisión entre vehículos,S/D,,,2,Recta,Intersección / cruce,,NO,,Asfalto,,Apto,Seca,,Ninguna,,,,Si,Si,No,Día,NO,Sin Restricción,Despejado,Buena,,Funciona
49290,OBSERVATORIO VIAL,2019-11-21,17:20:00,CORRIENTES,18,CAPITAL,21,CORRIENTES,Urbana,Calle,SAN MARTIN,1100,SAN JUAN,,-2.746.978,-5.883.700,1,1,0,2,0,"Caída desde vehículo, Colisión entre vehículos",Colisión entre vehículos,S/D,,,2,Recta,Intersección / cruce,,NO,,,,Apto,Seca,,Ninguna,,,,No,No,No,Día,NO,Sin Restricción,Despejado,Buena,,Sin Semáforo
56626,OBSERVATORIO VIAL,2019-11-19,1:20:00,CORRIENTES,18,CAPITAL,21,CORRIENTES,Urbana,Avenida,AVENIDA J. R. VIDAL,2100,ALBERTI,,-2.748.749,-5.881.651,1,1,0,2,0,Colisión entre vehículos,Colisión entre vehículos,S/D,,Frontal,2,Recta,Intersección / cruce,,NO,,Asfalto,,Apto,Mojada,,Ninguna,,,,S/D,S/D,S/D,Noche,SI,Sin Restricción,Lluvia,Buena,,Sin Semáforo
53865,OBSERVATORIO VIAL,2019-11-19,22:30:00,CORRIENTES,18,CAPITAL,21,CORRIENTES,Urbana,Avenida,AV MAIPU,2100,VALPARAISO,,-2.749.723,-5.881.596,1,2,0,2,0,Colisión entre vehículos,Colisión entre vehículos,S/D,,Angulo,2,Recta,Intersección / cruce,,,,Hormigón,,Apto,Seca,,,,,,Si,Si,No,Noche,SI,Sin Restricción,Despejado,Buena,,Sin Semáforo
49292,OBSERVATORIO VIAL,2019-11-19,20:20:00,CORRIENTES,18,CAPITAL,21,CORRIENTES,Urbana,Avenida,AV SARMIENTO,1800,SANTA CRUZ,,-2.748.999,-5.883.083,2,0,0,2,0,Colisión entre vehículos,Colisión entre vehículos,S/D,,,2,Recta,Intersección / cruce,,NO,,Asfalto,,Apto,Seca,,Cordón Divisorio,,,,Si,Si,No,Noche,SI,Sin Restricción,Nublado,Buena,,Funciona
49263,OBSERVATORIO VIAL,2019-11-18,18:30:00,CORRIENTES,18,CAPITAL,21,CORRIENTES,Urbana,Avenida,AV MAIPU,3000,,,-2.750.024,-5.881.377,0,1,0,1,0,"Atropello a animal/es, Colisión entre vehículos",Colisión entre vehículos,S/D,,Alcance,1,Recta,Intersección / cruce,,NO,,Asfalto,,Apto,Seca,,Ninguna,,,,No,No,No,Día,NO,Sin Restricción,Despejado,Buena,,Sin Semáforo
49602,OBSERVATORIO VIAL,2019-11-18,11:30:00,CORRIENTES,18,CAPITAL,21,CORRIENTES,Urbana,Calle,GENERAL PAZ,300,ELIAS ABAD,,-2.747.672,-5.884.848,2,0,0,2,0,Colisión entre vehículos,Colisión entre vehículos,S/D,,,2,Recta,Intersección / cruce,,NO,,Asfalto,,Apto,Seca,,Ninguna,,,,S/D,S/D,S/D,,NO,Sin Restricción,Despejado,Buena,,Sin Semáforo
49262,OBSERVATORIO VIAL,2019-11-17,20:40:00,CORRIENTES,18,CAPITAL,21,CORRIENTES,Urbana,Calle,TUCUMAN,1200,,,-2.747.043,-5.884.187,0,2,0,2,0,Colisión entre vehículos,Colisión entre vehículos,S/D,,Rozamiento,2,Recta,Intersección / cruce,,NO,,Asfalto,,Apto,Seca,,Ninguna,,,,No,No,No,Noche,SI,Sin Restricción,Nublado,Buena,,Sin Semáforo
49425,OBSERVATORIO VIAL,2019-11-16,11:15:00,CORRIENTES,18,CAPITAL,21,CORRIENTES,Urbana,Calle,QUINTANA,1400,CATAMARCA,,-2.746.342,-5.883.260,1,1,0,2,0,Colisión entre vehículos,Colisión entre vehículos,S/D,,Angulo,2,Recta,Intersección / cruce,,NO,,Asfalto,,Apto,Seca,,Ninguna,,,,Si,No,No,Día,NO,Sin Restricción,Despejado,Buena,,Sin Semáforo
49546,OBSERVATORIO VIAL,2019-11-14,15:50:00,CORRIENTES,18,CAPITAL,21,CORRIENTES,Urbana,Ruta Nacional,12,6000,AV J.D.PERON,,-2.749.033,-5.877.974,2,0,0,2,0,Colisión entre vehículos,Colisión entre vehículos,S/D,,Angulo,2,Recta,Intersección / cruce,,NO,,Hormigón,,Apto,Seca,,Ninguna,,,,No,No,,Día,NO,Sin Restricción,Despejado,Buena,,Sin Semáforo
68846,CORRIENTES,2019-11-13,7:50:00,CORRIENTES,18,CAPITAL,21,CORRIENTES,Urbana,Avenida,AV. LIBERTAD,5500,,,,,3,0,0,3,0,Colisión entre vehículos,Colisión entre vehículos,S/D,,,3,Recta,,,,,Hormigón,,Apto,Seca,,Cordón Divisorio,,,,Si,Si,S/D,Día,NO,,Despejado,,,Sin Semáforo
49308,OBSERVATORIO VIAL,2019-11-12,17:20:00,CORRIENTES,18,CAPITAL,21,CORRIENTES,Urbana,Avenida,AV FERRE,2100,BRASIL,,-2.747.714,-5.882.507,6,2,0,3,0,Colisión entre vehículos,Colisión entre vehículos,S/D,,Alcance,3,Recta,Intersección / cruce,,NO,,Hormigón,,Apto,"Despejada, Seca",,Cordón Divisorio,,,,Si,No,No,Día,NO,Sin Restricción,Despejado,Buena,,Funciona
49440,OBSERVATORIO VIAL,2019-11-12,13:30:00,CORRIENTES,18,CAPITAL,21,CORRIENTES,Urbana,Calle,CRESPO,2200,LELOIR,,-2.749.414,-5.882.926,0,2,0,1,0,Atropello a animal/es,Atropello a animal/es,S/D,,,1,Recta,Intersección / cruce,,NO,,Asfalto,,Apto,Seca,,Ninguna,,,,Si,S/D,S/D,Día,NO,Sin Restricción,Despejado,Buena,,Sin Semáforo
49607,OBSERVATORIO VIAL,2019-11-12,7:45:00,CORRIENTES,18,CAPITAL,21,CORRIENTES,Urbana,Calle,BOLIVAR,1500,SAN LORENZO,,-2.747.136,-5.883.216,2,1,0,2,0,Colisión entre vehículos,Colisión entre vehículos,S/D,,Frontal,2,Recta,Intersección / cruce,,NO,,Asfalto,,Apto,Seca,,Ninguna,,,,Si,Si,No,Día,NO,Sin Restricción,Despejado,Buena,,Sin Semáforo
65541,OBSERVATORIO VIAL,2019-11-11,15:00:00,CORRIENTES,18,CAPITAL,21,CORRIENTES,Urbana,Avenida,GOBERNADOR PUJOL,5000,VELEZ SARSFIERLD,,-2.746.853,-5.882.015,3,0,0,2,0,,,S/D,,,2,Recta,Intersección / cruce,,NO,,Hormigón,,Apto,Seca,,,,,,No,No,No,Día,NO,Sin Restricción,Despejado,Buena,,Sin Semáforo
67698,OBSERVATORIO VILA,2019-11-11,9:00:00,CORRIENTES,18,CAPITAL,21,CORRIENTES,Urbana,Avenida,AV ARMENIA,3074,ESTADOS UNIDOS,,-2.746.751,-5.881.248,0,1,0,1,0,Despiste,Despiste,Si,,,1,Recta,Intersección / cruce,,NO,,Asfalto,,Apto,,,Cordón Divisorio,,,,S/D,S/D,S/D,Día,,Sin Restricción,Despejado,Buena,,Funciona
49338,OBSERVATORIO VIAL,2019-11-10,7:36:00,CORRIENTES,18,CAPITAL,21,CORRIENTES,Urbana,Avenida,AVENIDA CAZADORES CORRENTINOS,3600,JUAN JOSE CASTELLI,,-2.748.728,-5.881.129,0,0,1,1,0,Caída desde vehículo,Caída desde vehículo,S/D,,,1,Curva,Intersección / cruce,,NO,,Asfalto,,Apto,Seca,,Ninguna,,,,S/D,S/D,S/D,Día,SI,,,Buena,,Sin Semáforo
68794,CORRIENTES,2019-11-10,10:00:00,CORRIENTES,18,CAPITAL,21,CORRIENTES,Urbana,Avenida,AV 3 DE ABRIL,800,,,,,0,1,0,1,0,Caída desde vehículo,Caída desde vehículo,S/D,,,1,Recta,Intersección / cruce,,NO,,Asfalto,,Apto,Despejada,,Cordón Divisorio,,,,Si,Si,,Día,NO,Sin Restricción,Despejado,Buena,,Funciona
49323,OBSERVATORIO VIAL,2019-11-10,4:46:00,CORRIENTES,18,CAPITAL,21,CORRIENTES,Urbana,Avenida,AVENIDA ARMENIA,4100,NIÑO JESUS,,-2.746.906,-5.879.945,0,1,0,1,0,Caída desde vehículo,Caída desde vehículo,S/D,,,1,Recta,Intersección / cruce,,NO,,Hormigón,,Apto,Seca,CON ARENILLA,,,,,Si,,,Noche,SI,Sin Restricción,Despejado,Buena,,Sin Semáforo
62911,OBSERVATORIO VIAL,2019-11-07,17:10:00,CORRIENTES,18,CAPITAL,21,CORRIENTES,Urbana,Avenida,INDEPENDENCIA,3390,,,-2.747.920,-5.880.980,1,1,0,2,0,Colisión entre vehículos,Colisión entre vehículos,S/D,,,2,Recta,,,NO,,Hormigón,,Apto,Seca,,Cordón Divisorio,,,,Si,Si,No,Día,NO,Sin Restricción,Despejado,Buena,,Funciona
64845,OBSERVATORIO VIAL,2019-11-06,11:10:00,CORRIENTES,18,CAPITAL,21,CORRIENTES,Rural,Ruta Nacional,12,1029,,,-2.749.274,-5.877.870,0,1,0,1,0,"Caída desde vehículo, Despiste",Despiste,Si,,,1,Recta,,,NO,,Asfalto,,Apto,Seca,,Ninguna,,,,No,No,No,Día,NO,Sin Restricción,Despejado,Buena,,Sin Semáforo
53769,OBSERVATORIO VIAL,2019-11-04,18:15:00,CORRIENTES,18,CAPITAL,21,CORRIENTES,Urbana,Avenida,AV. RAUL ALFONSIN,5054,GORRITI,,-2.747.654,-5.878.925,4,0,0,3,0,Colisión entre vehículos,Colisión entre vehículos,S/D,,Alcance,3,Recta,Intersección / cruce,,NO,,Hormigón,,Apto,"Despejada, Seca",,Cordón Divisorio,,,,Si,No,No,Día,NO,Sin Restricción,Despejado,Buena,,Sin Semáforo
64872,OBSERVATORIO VIAL,2019-11-04,8:00:00,CORRIENTES,18,CAPITAL,21,CORRIENTES,Urbana,Calle,SAN JUAN,1098,BELGRANO,,-2.747.205,-5.883.720,2,0,0,2,0,Colisión entre vehículos,Colisión entre vehículos,S/D,,Alcance,2,Recta,Intersección / cruce,,,,Asfalto,,Apto,Seca,,,,,,Si,Si,,Día,NO,Sin Restricción,,,,Sin Semáforo
68838,CORRIENTES,2019-11-04,12:45:00,CORRIENTES,18,CAPITAL,21,CORRIENTES,Urbana,Calle,MILAN,3692,,,,,1,1,0,2,0,Colisión entre vehículos,Colisión entre vehículos,S/D,,,2,Recta,Intersección / cruce,,NO,,Asfalto,,Apto,Seca,,Ninguna,,,,,,,Día,NO,Sin Restricción,Despejado,Buena,,
49525,0BSERVATORIO VIAL,2019-11-01,23:00:00,CORRIENTES,18,CAPITAL,21,CORRIENTES,Urbana,Avenida,AVENIDA GDOR RUIZ,2800,COLOMBIA,,-2.746.743,-5.881.606,1,1,0,2,0,Colisión entre vehículos,Colisión entre vehículos,S/D,,Rozamiento,2,Recta,Intersección / cruce,,NO,,Hormigón,,Apto,Seca,,Ninguna,,,,Si,No,No,Noche,SI,Sin Restricción,Despejado,Buena,,Sin Semáforo
52574,OBSERVATORIO VIAL,2019-11-01,21:30:00,CORRIENTES,18,CAPITAL,21,CORRIENTES,Urbana,Calle,LOS TEHUELCHES,3000,LOS MATACOS,,-2.750.458,-5.881.703,1,0,0,1,0,"Despiste, Vuelco (solo 1 participante)",Vuelco (solo 1 participante),Si,,,1,Recta,Intersección / cruce,,NO,,Tierra,,Apto,Seca,,Ninguna,,,,S/D,S/D,S/D,Noche,SI,Sin Restricción,Despejado,Buena,,Sin Semáforo
55234,OBSERVATORIO VIAL,2019-10-31,17:50:00,CORRIENTES,18,CAPITAL,21,CORRIENTES,Urbana,Avenida,AVENIDA J. R. VIDAL,2000,LAS HERAS,,-2.748.311,-5.881.565,2,0,0,2,0,Colisión entre vehículos,Colisión entre vehículos,S/D,,Alcance,2,Recta,Intersección / cruce,,NO,,Hormigón,,Apto,Seca,,Cordón Divisorio,,,,No,No,No,Día,NO,Sin Restricción,Despejado,Buena,,Funciona
64177,Observatorio vial,2019-10-30,13:40:00,CORRIENTES,18,CAPITAL,21,CORRIENTES,Urbana,Avenida,EPDRO FERRE,2399,VELEZ SARFIELD,,-2.747.765,-5.882.127,2,0,0,2,0,Colisión entre vehículos,Colisión entre vehículos,S/D,,,2,Recta,Intersección / cruce,,NO,,Hormigón,,Apto,Despejada,,Ninguna,,,,Si,Si,No,Día,NO,Sin Restricción,Despejado,Buena,,Funciona
49342,OBSERVATORIO VIAL,2019-10-30,19:59:00,CORRIENTES,18,CAPITAL,21,CORRIENTES,Urbana,Calle,SAN MARTIN,1367,,,-2.746.995,-5.883.382,3,0,0,2,0,Colisión entre vehículos,Colisión entre vehículos,S/D,,Alcance,2,Recta,Intersección / cruce,,NO,,Asfalto,,Apto,Seca,,Ninguna,,,,,,,Día,NO,Sin Restricción,Nublado,Buena,,Sin Semáforo
53664,OBSERVATORIO VIAL,2019-10-30,18:30:00,CORRIENTES,18,,,CORRIENTES,Urbana,Calle,LAVALLE,1700,DR. GUASTAVINO,,-2.747.702,-5.883.663,1,1,0,2,0,Colisión entre vehículos,Colisión entre vehículos,S/D,,Angulo,2,Recta,Intersección / cruce,,NO,,Hormigón,,Apto,Seca,,,,,,No,No,No,Noche,NO,Sin Restricción,Nublado,Buena,,Sin Semáforo
68839,OBS VIAL,2019-10-30,2:20:00,CORRIENTES,18,CAPITAL,21,CORRIENTES,Urbana,Calle,MENDONZA,1.900,NECCOCHEA,,-2.746.921,-5.883.063,2,0,0,2,0,Colisión entre vehículos,Colisión entre vehículos,S/D,,Angulo,2,Recta,Intersección / cruce,,,,Asfalto,,Apto,Mojada,,Ninguna,,,,Si,,,Noche,SI,Sin Restricción,Lluvia,Lluvia,,Sin Semáforo
49400,OBSERVATORIO VIAL,2019-10-29,7:50:00,CORRIENTES,18,CAPITAL,21,CORRIENTES,Urbana,Calle,EX VIA,4600,LORETO,,-2.750.591,-5.880.490,1,2,0,2,0,Colisión entre vehículos,Colisión entre vehículos,S/D,,Angulo,2,Curva,Intersección / cruce,,NO,,Hormigón,,Apto,"Despejada, Seca",,,,,,S/D,S/D,S/D,Día,NO,Sin Restricción,Despejado,Buena,,Sin Semáforo
67479,OBSERVATORIO VIAL,2019-10-28,20:00:00,CORRIENTES,18,CAPITAL,21,CORRIENTES,Urbana,Calle,BOLIVAR,1700,ESPAÑA,,-2.747.162,-5.882.959,1,1,0,2,0,Colisión entre vehículos,Colisión entre vehículos,S/D,,,2,Recta,Intersección / cruce,,NO,,Hormigón,,Apto,Seca,,,,,,Si,No,No,Noche,SI,Sin Restricción,Despejado,,,Sin Semáforo
49374,OBSERVATORIO VIAL,2019-10-28,7:00:00,CORRIENTES,18,CAPITAL,21,CORRIENTES,Urbana,Avenida,AV MAIPU,2300,CARIBE,,-2.749.892,-5.881.469,2,0,0,2,0,"Choque, Colisión entre vehículos",Colisión entre vehículos,S/D,,"Alcance, En calzada",2,Recta,Intersección / cruce,,NO,,Asfalto,,,Seca,,Ninguna,,,,No,No,No,Amanecer,NO,Sin Restricción,Despejado,Buena,,Funciona
54113,OBSERVATORIO VIAL,2019-10-28,8:05:00,CORRIENTES,18,CAPITAL,21,CORRIENTES,Urbana,Calle,GRAL PAZ,1700,ELIAS ABAD,,-2.747.671,-5.884.848,1,1,0,2,0,Colisión entre vehículos,Colisión entre vehículos,S/D,,Frontal,2,Recta,Intersección / cruce,,NO,,Hormigón,,Apto,Seca,,Ninguna,,,,Si,No,No,Día,NO,Sin Restricción,Despejado,Buena,,Sin Semáforo
49403,OBSERVATORIO VIAL,2019-10-26,14:40:00,CORRIENTES,18,CAPITAL,21,CORRIENTES,Urbana,Avenida,AVENIDA 3 DE ABRIL,500,TUCUMAN,,-2.747.485,-5.884.230,1,1,0,2,0,"Choque, Colisión entre vehículos",Colisión entre vehículos,S/D,,"En calzada, Rozamiento",2,Recta,Intersección / cruce,,NO,,Hormigón,,Apto,Seca,,Cordón Divisorio,,,,Si,,,Día,NO,,Despejado,Buena,,Funciona
56773,OBSERVATORIO VIAL,2019-10-26,10:30:00,CORRIENTES,18,CAPITAL,21,CORRIENTES,Urbana,Avenida,AV R.ALFONSIN,5100,SANCHEZ DE  BUSTAMANTE,,-2.747.675,-5.878.789,1,1,0,2,0,Colisión entre vehículos,Colisión entre vehículos,S/D,,,2,Recta,Intersección / cruce,,NO,,Asfalto,,Apto,Seca,,Ninguna,,,,Si,Si,No,Día,NO,Sin Restricción,Despejado,Buena,,Sin Semáforo
56615,OBSERVATORIO VIAL,2019-10-25,7:00:00,CORRIENTES,18,CAPITAL,21,CORRIENTES,Urbana,Calle,SAN MARTIN,600,SAN LUIS,,-2.746.921,-5.884.307,1,0,0,2,0,Choque,Choque,S/D,,En calzada,2,Recta,Intersección / cruce,,NO,,Asfalto,,Apto,Seca,,Ninguna,,,,Si,Si,No,Día,,Sin Restricción,Despejado,Buena,,Sin Semáforo
49205,OBSERVATORIO VIAL,2019-10-25,19:50:00,CORRIENTES,18,CAPITAL,21,CORRIENTES,Urbana,Avenida,AV 3 DE ABRIL,100,BORGATTI,,-2.747.373,-5.885.124,2,0,0,2,0,"Choque, Colisión entre vehículos",Colisión entre vehículos,S/D,,"Alcance, En calzada",2,Recta,Intersección / cruce,,NO,,Hormigón,,Apto,,,Ninguna,,,,Si,Si,No,Noche,NO,Congestionamiento,Nublado,Buena,,Sin Semáforo
53766,OBSERVAORIO VIAL,2019-10-23,11:10:00,CORRIENTES,18,CAPITAL,21,CORRIENTES,Urbana,Avenida,AVENIDA CHACABUCO,1300,BELGRANO,,-2.747.428,-5.881.363,2,0,0,2,0,Colisión entre vehículos,Colisión entre vehículos,S/D,,Alcance,2,Recta,Intersección / cruce,,NO,,Hormigón,,Apto,Mojada,,Ninguna,,,,No,No,No,Día,NO,Sin Restricción,Nublado,,,Sin Semáforo
49228,OBSERVATORIO VIAL,2019-10-23,10:33:00,CORRIENTES,18,CAPITAL,21,CORRIENTES,Urbana,Calle,BAIBIENE,1961,PARAGUAY,,-2.746.300,-5.882.527,1,0,0,1,0,Vuelco (solo 1 participante),Vuelco (solo 1 participante),S/D,,,1,Recta,,,NO,,Hormigón,,Apto,Despejada,,Ninguna,,,,No,No,No,Día,NO,Sin Restricción,Despejado,Buena,,Sin Semáforo
49255,OBSERVATORIO VIAL,2019-10-23,11:00:00,CORRIENTES,18,CAPITAL,21,CORRIENTES,Urbana,Calle,LAVALLE,2100,,,-2.747.818,-5.882.520,2,0,0,2,0,Colisión entre vehículos,Colisión entre vehículos,S/D,,,2,Recta,,,NO,,Hormigón,,Apto,Seca,,Ninguna,,,,No,No,No,Día,NO,Sin Restricción,Despejado,Buena,,Sin Semáforo
49583,OBSERVATORIO VIAL,2019-10-22,17:55:00,CORRIENTES,18,CAPITAL,21,CORRIENTES,Urbana,Calle,NTRA SRA ASUNCION,1700,JOSE HERNANDEZ,,-2.749.221,-5.882.265,2,0,0,2,0,Colisión entre vehículos,Colisión entre vehículos,S/D,,Alcance,2,Recta,Intersección / cruce,,NO,,Hormigón,,Apto,Seca,,Ninguna,,,,No,No,No,,NO,Sin Restricción,Despejado,Buena,,Sin Semáforo
49230,OBSERVATORIO VIAL,2019-10-22,15:00:00,CORRIENTES,18,CAPITAL,21,CORRIENTES,Urbana,Avenida,RAUL ALFONSIN,4700,SAENZ,,-2.747.617,-5.879.246,3,1,0,3,0,Colisión entre vehículos,Colisión entre vehículos,S/D,,,3,Recta,Intersección / cruce,,NO,,Hormigón,,Apto,Seca,,Ninguna,,,,No,No,No,,NO,Sin Restricción,Despejado,Buena,,Sin Semáforo
49574,OBSERVATORIO VIAL,2019-10-21,22:10:00,CORRIENTES,18,CAPITAL,21,CORRIENTES,Urbana,Avenida,AVENIDA INDEPENDENCIA,4200,LAS PIEDRAS,,-2.748.079,-5.880.050,0,2,0,2,0,Colisión entre vehículos,Colisión entre vehículos,S/D,,Angulo,2,Recta,Intersección / cruce,,NO,,Hormigón,,Apto,Seca,,,,,,Si,Si,No,Noche,SI,Sin Restricción,Despejado,Buena,,Funciona
61386,OBSERVATORIO VIAL,2019-10-21,8:45:00,CORRIENTES,18,CAPITAL,21,CORRIENTES,Urbana,Calle,PARAGUAY,1900,FERRE,,-2.747.683,-5.882.750,2,0,0,2,0,Colisión entre vehículos,Colisión entre vehículos,S/D,,,2,Recta,Intersección / cruce,,NO,,Hormigón,,Apto,Seca,,Ninguna,,,,Si,No,No,,NO,Sin Restricción,Despejado,Buena,,Funciona
49320,OBSERVATORIO VIAL,2019-10-21,7:45:00,CORRIENTES,18,CAPITAL,21,CORRIENTES,Urbana,Calle,MORENO,2300,PERU,VELEZ SARSFIELD,-2.747.466,-5.882.209,1,1,0,2,0,Colisión entre vehículos,Colisión entre vehículos,S/D,,Rozamiento,2,Recta,Intersección / cruce,,,,Hormigón,,Apto,Seca,,Ninguna,,,,Si,Si,,Día,,,Despejado,Buena,,Sin Semáforo
49596,OBSERVATORIO VIAL,2019-10-21,3:00:00,CORRIENTES,18,CAPITAL,21,CORRIENTES,Urbana,Avenida,AV RAUL ALFONSIN,4600,,,-2.747.563,-5.879.445,1,2,0,2,0,Colisión entre vehículos,Colisión entre vehículos,S/D,,Alcance,2,Recta,Intersección / cruce,,NO,,Asfalto,,Apto,Seca,,,,,,No,No,No,Noche,SI,,Despejado,,,Sin Semáforo
49560,OBSERVATORIO VIAL,2019-10-21,15:45:00,CORRIENTES,18,CAPITAL,21,CORRIENTES,Urbana,Calle,IRIGOYEN,2100,BRASIL,,-2.746.986,-5.882.417,3,0,0,2,0,Colisión entre vehículos,Colisión entre vehículos,S/D,,Angulo,2,Recta,Intersección / cruce,,NO,,Hormigón,,Apto,Seca,,Ninguna,,,,No,No,No,Día,NO,Sin Restricción,Despejado,Buena,,Sin Semáforo
54586,OBSERVATORIO VIAL,2019-10-20,9:35:00,CORRIENTES,18,CAPITAL,21,CORRIENTES,Urbana,Calle,JUJUY,800,JUNIN,,-2.746.843,-5.882.790,1,1,0,2,0,Colisión entre vehículos,Colisión entre vehículos,S/D,,Alcance,2,Recta,Intersección / cruce,,NO,,Hormigón,,Apto,Seca,,Ninguna,,,,Si,No,No,Día,NO,Sin Restricción,Despejado,Buena,,Sin Semáforo
53662,OBSERVATORIO VIAL,2019-10-19,0:30:00,CORRIENTES,18,CAPITAL,21,CORRIENTES,Urbana,Calle,GUASTAVINO,1900,NECOCHEA,,-2.747.857,-5.884.349,1,0,0,2,0,Choque,Choque,S/D,,En calzada,2,Recta,Intersección / cruce,,,,Hormigón,,Apto,Seca,,Ninguna,,,,No,No,No,Noche,SI,Sin Restricción,Nublado,Buena,,No Funciona
54979,OBSERVATORIO VIAL,2019-10-19,18:10:00,CORRIENTES,18,CAPITAL,21,CORRIENTES,Urbana,Avenida,AVENIDA PATAGONIA,1600,AREQUIPA,,-2.748.985,-5.883.290,2,0,0,2,0,Colisión entre vehículos,Colisión entre vehículos,S/D,,Angulo,2,Recta,Intersección / cruce,,NO,,Hormigón,,Apto,Seca,,Ninguna,,,,No,No,No,Día,NO,,Despejado,Buena,,Sin Semáforo
49449,OBSERVATORIO VIAL,2019-10-19,15:10:00,CORRIENTES,18,CAPITAL,21,CORRIENTES,Urbana,Avenida,AVENIDA MAIPU,2700,,,-2.750.199,-5.881.325,0,2,0,2,0,Colisión entre vehículos,Colisión entre vehículos,S/D,,Angulo,2,Recta,Intersección / cruce,,NO,,Hormigón,,Apto,Seca,,Ninguna,,,,No,No,No,Día,NO,Sin Restricción,Despejado,Buena,,Sin Semáforo
49543,OBSERVATORIO VIAL,2019-10-17,20:45:00,CORRIENTES,18,CAPITAL,21,CORRIENTES,Urbana,Avenida,AV PUJOL,2400,VELEZ SARSFIELD,,-2.746.847,-5.882.012,1,1,0,2,0,Colisión entre vehículos,Colisión entre vehículos,S/D,,Angulo,2,Recta,Intersección / cruce,,NO,,Hormigón,,Apto,Seca,,,,,,Si,No,No,Noche,SI,Sin Restricción,Despejado,Buena,,Sin Semáforo
58475,OBSERVATORIO  VIAL,2019-10-17,8:05:00,CORRIENTES,18,CAPITAL,21,CORRIENTES,Urbana,Ruta Nacional,12,1029,,,-2.749.221,-5.877.895,1,1,0,2,0,Colisión entre vehículos,Colisión entre vehículos,S/D,,Lateral,2,Recta,Intersección / cruce,,NO,,Asfalto,,Apto,Seca,,Cordón Divisorio,,,,No,No,No,Día,NO,Sin Restricción,Despejado,Buena,,Sin Semáforo
49222,OBSERVATORIO VIAL,2019-10-16,8:05:00,CORRIENTES,18,CAPITAL,21,CORRIENTES,Urbana,Avenida,AV 3 DE ABRIL,1100,SAN JUAN,,-2.747.542,-5.883.752,2,0,0,2,0,Colisión entre vehículos,Colisión entre vehículos,S/D,,,2,Recta,Intersección / cruce,,NO,,,,Apto,Mojada,,Cordón Divisorio,,,,Si,Si,No,Día,NO,Sin Restricción,Lluvia,Lluvia,,Funciona
49592,OBSERVATORIO VIAL,2019-10-16,17:50:00,CORRIENTES,18,CAPITAL,21,CORRIENTES,Urbana,Calle,TTE CUNDON,1500,VELAZCO,,-2.748.638,-5.883.424,1,0,0,1,0,Vuelco (solo 1 participante),Vuelco (solo 1 participante),S/D,,,1,Curva,Intersección / cruce,,NO,,Asfalto,,Baches,Seca,,Ninguna,,,,S/D,S/D,S/D,Atardecer,NO,Sin Restricción,Nublado,Buena,,Sin Semáforo
62706,OBSERVATORIO VIAL,2019-10-16,22:35:00,CORRIENTES,18,CAPITAL,21,CORRIENTES,Urbana,Calle,LA VALLE,3840,,,-2.748.170,-5.880.516,1,1,0,2,0,Colisión entre vehículos,Colisión entre vehículos,S/D,,,2,Recta,Intersección / cruce,,NO,,Tierra,,Apto,Seca,,Ninguna,,,,No,No,No,Noche,SI,Sin Restricción,Despejado,Buena,OSCURO,Sin Semáforo
49309,OBSERVATORIO VIAL,2019-10-16,10:40:00,CORRIENTES,18,CAPITAL,21,CORRIENTES,Urbana,Avenida,AV CHACABUCO,2200,MADARIAGA,,-2.748.509,-5.881.607,1,2,0,2,0,"Caída desde vehículo, Choque, Colisión entre vehículos",Colisión entre vehículos,S/D,,"Alcance, En calzada",2,Recta,Intersección / cruce,,NO,,Asfalto,,Apto,Seca,,Cordón Divisorio,,,,S/D,S/D,S/D,Día,NO,Sin Restricción,Despejado,Buena,,Sin Semáforo
49363,OBSERVATORIO VIAL,2019-10-16,8:10:00,CORRIENTES,18,CAPITAL,21,CORRIENTES,Urbana,Calle,CARTAGENA,3100,RECONQUISTA,,-2.749.244,-5.881.574,1,1,0,2,0,Colisión entre vehículos,Colisión entre vehículos,S/D,,Angulo,2,Recta,Intersección / cruce,,NO,,Hormigón,,Apto,Seca,,,,,,No,No,,Día,NO,Sin Restricción,Despejado,Buena,,Sin Semáforo
67508,OBSERVATORIO VIAL,2019-10-16,8:00:00,CORRIENTES,18,CAPITAL,21,CORRIENTES,Urbana,Calle,GRAL PAZ,3700,TACUARI,,-2.748.224,-5.880.673,0,1,0,1,0,"Caída desde vehículo, Despiste",Despiste,Si,,,1,Recta,Intersección / cruce,,NO,,Hormigón,,Apto,Seca,,Barrera de Hormigón,,,,No,No,No,Día,NO,Sin Restricción,Despejado,Buena,,Sin Semáforo
49392,OBSERVATORIO VIAL,2019-10-16,13:08:00,CORRIENTES,18,CAPITAL,21,CORRIENTES,Urbana,Calle,CIRILO BLANCO,2975,TURIN,,-2.749.925,-5.878.501,1,2,0,2,0,,,S/D,,,2,Recta,Intersección / cruce,,NO,,Hormigón,,Apto,Seca,,Ninguna,,,,No,No,No,Día,NO,Sin Restricción,Despejado,Buena,,Sin Semáforo
49547,OBSERVATORIO VIAL,2019-10-15,1:40:00,CORRIENTES,18,CAPITAL,21,CORRIENTES,Urbana,Avenida,AV POMAR,700,,,-2.747.018,-5.880.565,1,0,0,1,0,"Choque, Colisión entre vehículos",Colisión entre vehículos,S/D,CHOQUE CONTRA ALUMBRADO PUBLICO,"Columna, Frontal",1,Recta,Fuera de calzada,,NO,,Hormigón,,Apto,"Despejada, Seca",,,,,,Si,S/D,S/D,Noche,SI,Sin Restricción,,Buena,,No Funciona
49611,OBSERVATORIO VIAL,2019-10-15,1:30:00,CORRIENTES,18,CAPITAL,21,CORRIENTES,Urbana,Calle,GUEMES,1300,SUIZA,,-2.747.705,-5.880.715,1,1,0,2,0,Colisión entre vehículos,Colisión entre vehículos,S/D,,Alcance,2,Recta,Intersección / cruce,,NO,,Hormigón,,Apto,Seca,,Ninguna,,,,Si,No,No,Noche,SI,,Nublado,Buena,,Sin Semáforo
54456,OBSERVATORIO VIAL,2019-10-15,8:50:00,CORRIENTES,18,CAPITAL,21,CORRIENTES,Urbana,Avenida,AV MAIPU,2500,,,-2.749.715,-5.881.598,2,0,0,2,0,Colisión entre vehículos,Colisión entre vehículos,S/D,,,2,Recta,Intersección / cruce,,NO,,Asfalto,,Apto,"Despejada, Seca",,Ninguna,,,,Si,No,No,Día,NO,,Despejado,Buena,,Sin Semáforo
67515,OBSERVATORIO VIAL,2019-10-13,8:15:00,CORRIENTES,18,CAPITAL,21,CORRIENTES,Urbana,Avenida,AV C ORRENTINOS,3900,RESOAGLI,,-2.748.671,-5.880.510,1,1,0,2,0,Colisión entre vehículos,Colisión entre vehículos,S/D,,,2,Recta,Intersección / cruce,,NO,,Asfalto,,Apto,"Despejada, Seca",,Ninguna,,,,S/D,S/D,S/D,Día,NO,Sin Restricción,Despejado,Buena,,Sin Semáforo
49261,OBSERVATORIO VIAL,2019-10-13,19:02:00,CORRIENTES,18,CAPITAL,21,CORRIENTES,Urbana,Avenida,AV CAZADORES CORRENTINO,3400,CASTELLI,FRANCIA,-2.748.715,-5.881.102,1,1,0,2,0,Colisión entre vehículos,Colisión entre vehículos,S/D,,,2,Recta,Intersección / cruce,,NO,,Asfalto,,Apto,Seca,,Ninguna,,,,S/D,S/D,S/D,Atardecer,NO,Sin Restricción,Despejado,Buena,,Sin Semáforo
49346,OBSERVATORIO VIAL,2019-10-12,17:40:00,CORRIENTES,18,CAPITAL,21,CORRIENTES,Urbana,Avenida,AVENIDA 3 DE ABRIL,1300,CORDOBA,,-2.747.594,-5.883.536,2,1,0,2,0,Colisión entre vehículos,Colisión entre vehículos,S/D,,Angulo,2,Recta,Intersección / cruce,,NO,,Hormigón,,Apto,Seca,,Cordón Divisorio,,,,Si,Si,No,Día,NO,Sin Restricción,Nublado,Buena,,Funciona
49495,OBSERVATORIO VIAL,2019-10-11,6:00:00,CORRIENTES,18,CAPITAL,21,CORRIENTES,Urbana,Avenida,AV ARMENIA,2985,AV CHACABUCO,,-2.746.746,-5.881.184,0,2,0,2,0,Colisión entre vehículos,Colisión entre vehículos,S/D,,Angulo,2,Recta,Intersección / cruce,,NO,,Asfalto,,Apto,Seca,,Ninguna,,,,Si,Si,No,Atardecer,SI,Sin Restricción,Despejado,,,Funciona
49512,OBSERVATORIO VIAL,2019-10-11,8:15:00,CORRIENTES,18,CAPITAL,21,CORRIENTES,Urbana,Avenida,AV TENIENTE IBAÑEZ,1400,VARGAS GOMEZ,,-2.748.566,-5.883.523,1,1,0,2,0,Colisión entre vehículos,Colisión entre vehículos,S/D,,Frontal,2,Recta,Intersección / cruce,,NO,,Asfalto,,Apto,Seca,,Ninguna,,,,No,No,No,Día,NO,Sin Restricción,Despejado,Buena,,Sin Semáforo
49284,OBSERVATORIO VIAL,2019-10-11,22:30:00,CORRIENTES,18,CAPITAL,21,CORRIENTES,Urbana,Avenida,AV CHACABUCO,2000,GRAL PAZ,,-2.748.099,-5.881.518,1,1,0,2,0,Colisión entre vehículos,Colisión entre vehículos,S/D,,Angulo,2,Recta,Intersección / cruce,,NO,,Hormigón,,Apto,Seca,,Cordón Divisorio,,,,Si,Si,Si,Noche,SI,,Despejado,Buena,,Funciona
54492,OBSERVATORIO VIAL,2019-10-10,10:30:00,CORRIENTES,18,CAPITAL,21,CORRIENTES,Urbana,Calle,MADARIAGA,798,,,-2.748.234,-5.884.275,1,1,0,2,0,"Colisión entre vehículos, Despiste",Colisión entre vehículos,Si,,,2,Recta,Intersección / cruce,,NO,,Hormigón,,Apto,Seca,,Cordón Divisorio,,,,No,No,No,Día,NO,,Despejado,Buena,,Sin Semáforo
62884,OBSERVATORIO VIAL,2019-10-10,15:15:00,CORRIENTES,18,CAPITAL,21,CORRIENTES,Urbana,Avenida,PTE. JUAN D. PERON,4698,MEDRANO,,-2.748.817,-5.879.522,2,1,0,2,0,Colisión entre vehículos,Colisión entre vehículos,S/D,,Angulo,2,Recta,Intersección / cruce,,NO,,,,,,,Ninguna,,,,Si,No,No,,NO,Sin Restricción,Despejado,Buena,,Funciona
67705,OBSERVATORIO VIAL,2019-10-10,7:05:00,CORRIENTES,18,CAPITAL,21,CORRIENTES,Urbana,Avenida,AV TTE IBAÑEZ,1092,,,-2.748.526,-5.883.993,1,0,0,1,0,Colisión entre vehículos,Colisión entre vehículos,S/D,,Frontal,1,Recta,Intersección / cruce,,NO,,Hormigón,,Apto,Seca,,Ninguna,,,,Si,S/D,S/D,Día,NO,Sin Restricción,Despejado,Buena,,Sin Semáforo
49359,OBSERVATORIO VIAL,2019-10-09,4:20:00,CORRIENTES,18,CAPITAL,21,CORRIENTES,Urbana,Avenida,AVENIDA CAZADORES CORRENTINOS,5500,GROUSSAC,,-2.748.966,-5.878.778,0,1,0,1,0,Caída desde vehículo,Caída desde vehículo,S/D,,,1,Recta,Intersección / cruce,,NO,,Asfalto,,Apto,Seca,,Ninguna,,,,,,,Amanecer,SI,,Despejado,Buena,,
49484,OBSERVATORIO VIAL,2019-10-09,8:40:00,CORRIENTES,18,CAPITAL,21,CORRIENTES,Urbana,Avenida,AV ARMENIA,3800,,,-2.746.799,-5.880.428,2,0,0,2,0,Colisión entre vehículos,Colisión entre vehículos,S/D,,,2,Recta,Intersección / cruce,,NO,,Asfalto,,Apto,Mojada,,Ninguna,,,,S/D,S/D,S/D,Día,NO,Sin Restricción,Lluvia,Buena,,Sin Semáforo
49494,OBSERVATORIO VIAL,2019-10-08,11:45:00,CORRIENTES,18,CAPITAL,21,CORRIENTES,Urbana,Calle,LAVALLE,1700,ELIAS ABAD,,-2.747.557,-5.884.831,1,2,0,2,0,Colisión entre vehículos,Colisión entre vehículos,S/D,,Rozamiento,2,Recta,Intersección / cruce,,NO,,Hormigón,,Apto,Seca,,Ninguna,,,,Si,No,No,Día,NO,Sin Restricción,Despejado,Buena,,Sin Semáforo
67707,OBSERVATORIO VIAL,2019-10-08,6:50:00,CORRIENTES,18,CAPITAL,21,CORRIENTES,Urbana,Avenida,AV MAIPU,1500,SANTA CATALINA,,-2.749.156,-5.881.971,0,2,0,2,0,Colisión entre vehículos,Colisión entre vehículos,S/D,,Angulo,2,Recta,Intersección / cruce,,NO,,Asfalto,,Apto,Seca,,Ninguna,,,,S/D,S/D,S/D,Día,NO,Sin Restricción,Despejado,Buena,,Sin Semáforo
49581,OBSERVATORIO VIAL,2019-10-08,9:15:00,CORRIENTES,18,CAPITAL,21,CORRIENTES,Urbana,Calle,GUEMES,1700,GRAL PAZ,,-2.748.193,-5.880.801,1,1,0,2,0,Colisión entre vehículos,Colisión entre vehículos,S/D,,Angulo,2,Recta,Intersección / cruce,,NO,,Hormigón,,Apto,Seca,,Ninguna,,,,Si,No,No,Día,NO,Sin Restricción,Despejado,Buena,,Sin Semáforo
49416,OBSERVATORIO VIAL,2019-10-08,9:20:00,CORRIENTES,18,CAPITAL,21,CORRIENTES,Urbana,Avenida,AVENIDA GOBERNADOR RUIZ,2600,PLAYA MIRAMAR,,-2.746.724,-5.881.736,0,2,0,2,0,Colisión entre vehículos,Colisión entre vehículos,S/D,,Rozamiento,2,Curva,Intersección / cruce,,NO,,Asfalto,,Apto,"Despejada, Seca",,Cordón Divisorio,,,,Si,Si,No,Día,NO,Sin Restricción,Despejado,Buena,,Sin Semáforo
49395,OBSERVATORIO VIAL,2019-10-06,13:00:00,CORRIENTES,18,CAPITAL,21,CORRIENTES,Urbana,Avenida,AV CAZADORES CORRENTINO,4000,OBISPO NIELLA,,-2.748.685,-5.880.391,1,1,0,2,0,Colisión entre vehículos,Colisión entre vehículos,S/D,,Alcance,2,Recta,Intersección / cruce,,NO,,Asfalto,,Apto,Seca,,Ninguna,,,,No,No,Si,Día,SI,Sin Restricción,Despejado,Buena,,Sin Semáforo
54496,OBSERVATORIO VIAL,2019-10-06,20:00:00,CORRIENTES,18,CAPITAL,21,CORRIENTES,Urbana,Avenida,AV ALTA GRACIA,3000,,,-2.750.786,-5.881.202,2,0,0,2,0,Colisión entre vehículos,Colisión entre vehículos,S/D,,,2,Recta,Intersección / cruce,,NO,,Hormigón,,Apto,Seca,,Ninguna,,,,S/D,S/D,S/D,Noche,SI,Sin Restricción,Despejado,Buena,,Sin Semáforo
49387,OBSERVATORIO VIAL,2019-10-06,14:40:00,CORRIENTES,18,CAPITAL,21,CORRIENTES,Urbana,Calle,COLOMBIA,1000,SAN MARTIN,,-2.747.172,-5.881.698,1,1,0,2,0,Colisión entre vehículos,Colisión entre vehículos,S/D,,Angulo,2,Recta,Intersección / cruce,,NO,,Asfalto,,Apto,"Despejada, Seca",,Ninguna,,,,Si,No,No,Día,NO,,Despejado,,,Sin Semáforo
49444,OBSERVATORIO VIAL,2019-10-05,8:00:00,CORRIENTES,18,CAPITAL,21,CORRIENTES,Urbana,Avenida,AVENIDA MAIPU,2500,ACONCAGUA,,-2.749.822,-5.881.528,1,1,0,2,0,Colisión entre vehículos,Colisión entre vehículos,S/D,,Alcance,2,Recta,Intersección / cruce,,NO,,Asfalto,,Apto,Seca,,Vegetación,,,,Si,,No,Día,NO,Sin Restricción,Nublado,Buena,,Funciona
49328,OBSERVATORIO VIAL,2019-10-04,17:30:00,CORRIENTES,18,CAPITAL,21,CORRIENTES,Urbana,Avenida,AVENIDA INDEPENDENCIA,3200,JUAN JOSE PASO,,-2.747.906,-5.881.123,2,0,0,2,0,Colisión entre vehículos,Colisión entre vehículos,S/D,,Alcance,2,Recta,Intersección / cruce,,NO,,Hormigón,,Apto,Seca,,Ninguna,,,,S/D,S/D,S/D,Día,NO,Sin Restricción,Despejado,Buena,,Funciona
49237,OBSERVATORIO VIAL,2019-10-03,11:30:00,CORRIENTES,18,CAPITAL,21,CORRIENTES,Urbana,Avenida,AV. TRES DE ABRIL,400,MISIONES,,-2.747.444,-5.884.617,0,2,0,2,0,Colisión entre vehículos,Colisión entre vehículos,S/D,,,2,Recta,Intersección / cruce,,NO,,Hormigón,,Apto,Seca,,Cordón Divisorio,,,,Si,Si,No,Día,NO,Sin Restricción,"Despejado, Viento",Buena,,Funciona
55782,OBSERVATORIO VIAL,2019-10-03,10:40:00,CORRIENTES,18,CAPITAL,21,CORRIENTES,Urbana,Calle,LA RIOJA,1000,SAN MARTIN,,-2.746.964,-5.883.830,1,1,0,2,0,Colisión entre vehículos,Colisión entre vehículos,S/D,,Angulo,2,Recta,Intersección / cruce,,NO,,Asfalto,,Apto,Seca,,Ninguna,,,,Si,Si,No,Día,NO,Sin Restricción,Despejado,Buena,,Sin Semáforo
58523,OBSERVATORIO VIAL,2019-10-02,11:25:00,CORRIENTES,18,CAPITAL,21,CORRIENTES,Urbana,Avenida,ARMENIA,3900,,,-2.746.885,-5.880.171,1,1,0,2,0,Colisión entre vehículos,Colisión entre vehículos,S/D,,Alcance,2,Recta,,,NO,,Asfalto,,Apto,Seca,,Ninguna,,,,S/D,S/D,S/D,Día,NO,Sin Restricción,Despejado,Buena,,Sin Semáforo
67704,OBSERVATORIO VIAL,2019-10-02,13:50:00,CORRIENTES,18,CAPITAL,21,CORRIENTES,Urbana,Avenida,AV RAFAELA,1800,BONASTRE,,-2.749.666,-5.883.059,1,1,0,2,0,Colisión entre vehículos,Colisión entre vehículos,S/D,,Angulo,2,Recta,Intersección / cruce,,NO,,Asfalto,,Apto,Seca,,Ninguna,,,,S/D,S/D,S/D,Día,NO,Sin Restricción,Despejado,Buena,,Sin Semáforo
68738,Observatorio Vial,2019-09-30,2:30:00,CORRIENTES,18,CAPITAL,21,CORRIENTES,Urbana,Calle,Santa fe,600,Quintana,Pdo. Martinez,-2.746.419,-5.883.003,2,0,0,2,0,Colisión entre vehículos,Colisión entre vehículos,S/D,,Angulo,2,Recta,,Mitad de cuadra,NO,,Asfalto,,Apto,Seca,,,,,,No,No,No,Noche,SI,Sin Restricción,Despejado,Buena,,Sin Semáforo
49388,OBSERVATORIO VIAL,2019-09-30,13:20:00,CORRIENTES,18,CAPITAL,21,CORRIENTES,Urbana,Avenida,AVENIDA 3 DE ABRIL,1000,RIOJA,,-2.747.538,-5.883.890,1,1,0,2,0,Colisión entre vehículos,Colisión entre vehículos,S/D,,Angulo,2,Recta,Intersección / cruce,,NO,,Asfalto,,Apto,Seca,,Cordón Divisorio,,,,Si,Si,No,Día,NO,Sin Restricción,Despejado,Buena,,Funciona
57117,OBSERVATORIO VIAL,2019-09-29,1:30:00,CORRIENTES,18,CAPITAL,21,CORRIENTES,Urbana,Avenida,AVENIDA CAZADORES CORRENTINOS,4400,MEDRANO,,-2.748.768,-5.879.939,1,2,0,2,0,Colisión entre vehículos,Colisión entre vehículos,S/D,,Lateral,2,Recta,Intersección / cruce,,NO,,Hormigón,,Apto,Seca,,Cordón Divisorio,,,,Si,No,No,Noche,SI,Sin Restricción,Despejado,Buena,,Funciona
52269,OBSERVATORIO VIAL,2019-09-29,9:20:00,CORRIENTES,18,CAPITAL,21,CORRIENTES,Urbana,Calle,LA RIOJA,1200,BOLIVAR,,-2.747.078,-5.883.839,2,0,0,2,0,Colisión entre vehículos,Colisión entre vehículos,S/D,,Alcance,2,Recta,Intersección / cruce,,NO,,Asfalto,,Apto,"Despejada, Seca",,Ninguna,,,,Si,Si,No,Día,,Sin Restricción,Despejado,Buena,,Sin Semáforo
53931,OBSERVATORIO VIAL,2019-09-28,11:38:00,CORRIENTES,18,CAPITAL,21,CORRIENTES,Urbana,Avenida,3 DE abril,1400,CATAMARCA,,-2.747.626,-5.883.389,1,1,0,2,0,Colisión entre vehículos,Colisión entre vehículos,S/D,,,2,Recta,,,NO,,Hormigón,,Apto,Despejada,,,,,,Si,Si,No,,NO,Sin Restricción,,,,Funciona
49474,OBSERVATORIO VIAL,2019-09-27,11:45:00,CORRIENTES,18,CAPITAL,21,CORRIENTES,Urbana,Calle,CATAMARCA,1400,BELGRANO,,-2.747.233,-5.883.357,2,0,0,2,0,Colisión entre vehículos,Colisión entre vehículos,S/D,,Angulo,2,Recta,,,NO,,Hormigón,,Apto,Seca,,Ninguna,,,,Si,Si,No,Día,NO,Sin Restricción,Despejado,Buena,,Sin Semáforo
49615,OBSERVATORIO VIAL,2019-09-27,23:40:00,CORRIENTES,18,CAPITAL,21,CORRIENTES,Urbana,Calle,GUTEMBERG,1700,GRAL PAZ,,-2.747.894,-5.883.170,1,1,0,2,0,Colisión entre vehículos,Colisión entre vehículos,S/D,,Rozamiento,2,Recta,Intersección / cruce,,,,Asfalto,,Apto,Seca,,Ninguna,,,,S/D,S/D,S/D,Noche,SI,,Despejado,,,Sin Semáforo
68433,Observatorio Vial,2019-09-27,13:00:00,CORRIENTES,18,CAPITAL,21,CORRIENTES,Urbana,Avenida,Plumerillo,1700,,,-2.747.887,-5.882.933,1,1,0,2,0,"Colisión entre vehículos, Vuelco (solo 1 participante)",Colisión entre vehículos,S/D,,Angulo,2,Recta,Intersección / cruce,,NO,,Asfalto,,Apto,Seca,,Cordón Divisorio,,,,Si,,,,NO,,Despejado,Buena,,Sin Semáforo
49214,OBSERVATORIO VIAL,2019-09-27,10:15:00,CORRIENTES,18,CAPITAL,21,CORRIENTES,Urbana,Calle,AYACUCHO,2340,,,-2.747.015,-5.882.118,2,0,0,2,0,Colisión entre vehículos,Colisión entre vehículos,S/D,,Frontal,2,Recta,,RECTA,NO,,Hormigón,,Apto,Seca,,Ninguna,,,,Si,Si,No,Día,NO,Sin Restricción,Nublado,Buena,,Sin Semáforo
53854,OBSERVATORIO VIAL,2019-09-26,19:00:00,CORRIENTES,18,CAPITAL,21,CORRIENTES,Urbana,Avenida,AV PEDRO FERRE,2000,,,-2.747.714,-5.882.629,2,0,0,2,0,Colisión entre vehículos,Colisión entre vehículos,S/D,,Lateral,2,Recta,Intersección / cruce,,NO,,Asfalto,,Apto,,,Ninguna,,,,No,No,No,Noche,SI,Sin Restricción,Despejado,Buena,,Sin Semáforo
53852,OBSERVATORIO VIAL,2019-09-26,20:15:00,CORRIENTES,18,CAPITAL,21,CORRIENTES,Urbana,Calle,MEDRANO,1100,ESTADO DE ISRAEL,,-2.747.606,-5.879.737,1,1,0,2,0,Colisión entre vehículos,Colisión entre vehículos,S/D,,,2,Recta,Intersección / cruce,,NO,,Hormigón,,Apto,Seca,,Ninguna,,,,No,No,No,Noche,,Sin Restricción,Lluvia,Lluvia,,Sin Semáforo
62898,OBSERVATORIO VIAL,2019-09-24,14:30:00,CORRIENTES,18,CAPITAL,21,CORRIENTES,Urbana,Calle,JUJUY,1101,SAN MARTIN,,-2.747.063,-5.882.817,2,0,0,2,0,Colisión entre vehículos,Colisión entre vehículos,S/D,,Angulo,2,Recta,Intersección / cruce,,NO,,Asfalto,,,Seca,,Ninguna,,,,No,No,No,Día,NO,Sin Restricción,Nublado,Buena,,Sin Semáforo
49232,OBSERVATORIO VIAL,2019-09-23,18:30:00,CORRIENTES,18,CAPITAL,21,CORRIENTES,Urbana,Calle,ALMIRANTE BROWN,2700,COLOMBIA,,-2.747.399,-5.881.747,2,0,0,2,0,Colisión entre vehículos,Colisión entre vehículos,S/D,,,2,Recta,Intersección / cruce,,NO,,Hormigón,,Apto,Seca,,Ninguna,,,,No,No,No,Día,,Sin Restricción,Despejado,Buena,,Sin Semáforo
64839,OBSERVATORIO  VIAL,2019-09-22,13:20:00,CORRIENTES,18,CAPITAL,21,CORRIENTES,Urbana,Calle,25 DE mayo,1630,SANTA FE,ESPAÑA,-2.746.498,-5.882.964,1,1,0,2,0,Colisión entre vehículos,Colisión entre vehículos,S/D,,Alcance,2,Recta,,,NO,,Asfalto,,Apto,Seca,,Ninguna,,,,No,No,S/D,Día,NO,Sin Restricción,Despejado,Buena,,Sin Semáforo
49481,OBSERVATORIO VIAL,2019-09-21,19:35:00,CORRIENTES,18,CAPITAL,21,CORRIENTES,Urbana,Calle,MENDOZA,2200,LAMADRID,,-2.748.181,-5.883.728,2,0,0,2,0,Colisión entre vehículos,Colisión entre vehículos,S/D,,,2,Recta,Intersección / cruce,,NO,,Asfalto,,Apto,Seca,,Ninguna,,,,No,No,No,Atardecer,SI,Sin Restricción,Lluvia,,,Sin Semáforo
49302,OBSERVATORIO VIAL,2019-09-21,14:35:00,CORRIENTES,18,CAPITAL,21,CORRIENTES,Urbana,Avenida,RAUL ALFONSIN,4200,LAS PIEDRAS,,-2.747.458,-5.879.948,2,1,0,2,0,Colisión entre vehículos,Colisión entre vehículos,S/D,,Angulo,2,Recta,Intersección / cruce,,NO,,Hormigón,,Apto,Seca,,Cordón Divisorio,,,,Si,No,No,Día,NO,Sin Restricción,Despejado,Buena,,Sin Semáforo
49548,OBSERVATORIO VIAL,2019-09-20,20:30:00,CORRIENTES,18,CAPITAL,21,CORRIENTES,Urbana,Avenida,MAIPU,KILOMETRO 6,,,-2.751.432,-5.880.672,1,2,0,3,0,Colisión entre vehículos,Colisión entre vehículos,S/D,,Alcance,3,Recta,Intersección / cruce,,NO,,Asfalto,,Apto,Despejada,,Cordón Divisorio,,,,S/D,S/D,S/D,Noche,SI,Sin Restricción,Lluvia,Lluvia,,Sin Semáforo
49378,OBSERVATORIO VIAL,2019-09-20,9:45:00,CORRIENTES,18,CAPITAL,21,CORRIENTES,Urbana,Calle,ESPAÑA,1700,BOLIVAR,,-2.747.166,-5.882.963,2,0,0,2,0,Colisión entre vehículos,Colisión entre vehículos,S/D,,Angulo,2,Recta,Intersección / cruce,,NO,,Asfalto,,Apto,Seca,,Ninguna,,,,S/D,S/D,S/D,Día,NO,Sin Restricción,Despejado,Buena,,Sin Semáforo
49422,OBSERVATORIO VIAL,2019-09-20,5:40:00,CORRIENTES,18,CAPITAL,21,CORRIENTES,Urbana,Avenida,AVENIDA CENTENARIO,3800,TACUARI,,-2.747.298,-5.880.531,0,3,0,1,0,Caída desde vehículo,Caída desde vehículo,S/D,,,1,Recta,Intersección / cruce,,NO,,Asfalto,,Apto,Seca,,Cordón Divisorio,,,,Si,S/D,S/D,Amanecer,SI,,Despejado,Buena,,Funciona
49437,OBSERVATORIO VIAL,2019-09-20,14:25:00,CORRIENTES,18,CAPITAL,21,CORRIENTES,Urbana,Avenida,RAFAELA,2000,ESTRADA,,-2.749.632,-5.883.241,2,0,0,2,0,Colisión entre vehículos,Colisión entre vehículos,S/D,,,2,Recta,Intersección / cruce,,NO,,Asfalto,,Apto,"Despejada, Seca",,Ninguna,,,,No,No,No,Día,NO,Sin Restricción,Despejado,Buena,,Sin Semáforo
53679,OBSERVATORIO VIAL,2019-09-20,6:00:00,CORRIENTES,18,CAPITAL,21,CORRIENTES,Urbana,Calle,MISIONES,2798,LAS HERAS,,-2.748.279,-5.881.805,0,2,0,2,0,"Colisión entre vehículos, Despiste",Colisión entre vehículos,Si,,Angulo,2,Recta,Intersección / cruce,,NO,,Hormigón,,Apto,Seca,,Ninguna,,,,No,No,No,Amanecer,SI,Sin Restricción,Nublado,Buena,,Sin Semáforo
49508,OBSERVATORIO VIAL,2019-09-18,1:15:00,CORRIENTES,18,CAPITAL,21,CORRIENTES,Urbana,Avenida,AV IV CENTENARIO,3100,MAGALLANES,,-2.749.259,-5.883.807,1,1,0,2,0,Colisión entre vehículos,Colisión entre vehículos,S/D,,Alcance,2,Recta,Intersección / cruce,,NO,,Hormigón,,Apto,Mojada,,Ninguna,,,,S/D,S/D,S/D,Noche,SI,Sin Restricción,Lluvia,Lluvia,,Sin Semáforo
62910,OBSERVATORIO  VIAL,2019-09-17,19:20:00,CORRIENTES,18,CAPITAL,21,CORRIENTES,Urbana,Avenida,INDEPENDENCIA,3020,RECONQUISTA,,-2.747.862,-5.881.346,1,1,0,1,1,Atropello a peatón/es,Atropello a peatón/es,S/D,,,2,Recta,Intersección / cruce,,,,Hormigón,,Apto,Seca,,Ninguna,,,,No,No,No,Día,NO,,Despejado,Buena,,Sin Semáforo
67493,OBSERVATORIO VIAL,2019-09-17,11:30:00,CORRIENTES,18,CAPITAL,21,CORRIENTES,Urbana,Avenida,AV LAPRIDA,5000,CARACAS,,-2.747.561,-5.878.842,0,3,0,1,0,Caída desde vehículo,Caída desde vehículo,S/D,,,1,Recta,Intersección / cruce,,NO,,Hormigón,,Apto,Seca,,Ninguna,,,,S/D,S/D,S/D,Día,NO,Sin Restricción,Despejado,Buena,,Sin Semáforo
49258,OBSERVATORIO VIAL,2019-09-16,8:00:00,CORRIENTES,18,CAPITAL,21,CORRIENTES,Urbana,Avenida,AV FERRE,2100,BRASIL,,-2.747.714,-5.882.507,2,0,0,2,0,Colisión entre vehículos,Colisión entre vehículos,S/D,,,2,Recta,Intersección / cruce,,NO,,Hormigón,,Apto,Seca,,Ninguna,,,,S/D,S/D,S/D,Día,NO,Sin Restricción,Despejado,Buena,,Funciona
49278,OBSERVATORIO VIAL,2019-09-16,7:25:00,CORRIENTES,18,CAPITAL,21,CORRIENTES,Urbana,Calle,BUENOS AIRES,700,CARLOS PELLEGRINI,,-2.746.495,-5.884.035,2,0,0,2,0,Colisión entre vehículos,Colisión entre vehículos,S/D,,Angulo,2,Recta,Intersección / cruce,,NO,,Asfalto,,Apto,Seca,,Ninguna,,,,No,No,No,Día,NO,Sin Restricción,Despejado,Buena,,Sin Semáforo
49554,OBSERVATORIO VIAL,2019-09-16,12:10:00,CORRIENTES,18,CAPITAL,21,CORRIENTES,Urbana,Avenida,AVENIDA FERRE,2800,CHILE,,-2.747.835,-5.881.728,3,1,0,2,0,Colisión entre vehículos,Colisión entre vehículos,S/D,,Alcance,2,Recta,Intersección / cruce,,NO,,Hormigón,,Baches,Seca,,Ninguna,,,,Si,S/D,Si,Día,NO,Obra en Construcción,Despejado,Buena,,Funciona
49559,OBSERVATORIO VIAL,2019-09-16,11:00:00,CORRIENTES,18,CAPITAL,21,CORRIENTES,Urbana,Avenida,AVENIDA FERRE,2200,PERU,,-2.747.757,-5.882.245,2,0,0,2,0,Colisión entre vehículos,Colisión entre vehículos,S/D,,Alcance,2,Recta,Intersección / cruce,,NO,,Hormigón,,Apto,Seca,,Ninguna,,,,Si,Si,No,Día,NO,,Despejado,,,Sin Semáforo
49332,OBSERVAORIO VIAL,2019-09-16,0:31:00,CORRIENTES,18,CAPITAL,21,CORRIENTES,Urbana,Avenida,AVENIDA INDEPENDENCIA,1700,ESPAÑA,,-2.747.626,-5.883.007,1,1,0,2,0,Colisión entre vehículos,Colisión entre vehículos,S/D,,Angulo,2,Recta,Intersección / cruce,,NO,,Hormigón,,Apto,Seca,,Ninguna,,,,S/D,S/D,S/D,Noche,SI,Sin Restricción,Despejado,Buena,,Funciona
49540,OBSERVATORIO VIAL,2019-09-13,19:15:00,CORRIENTES,18,CAPITAL,21,CORRIENTES,Urbana,Avenida,AVENIDA MAIPU,1800,TILCARA,,-2.749.842,-5.881.526,2,1,0,3,0,Colisión entre vehículos,Colisión entre vehículos,S/D,,Rozamiento,3,Recta,Intersección / cruce,,NO,,Hormigón,,Apto,Mojada,,Ninguna,,,,No,No,No,Noche,SI,Sin Restricción,Nublado,Buena,,Sin Semáforo
49251,OBSERVATORIO VIAL,2019-09-13,8:40:00,CORRIENTES,18,CAPITAL,21,CORRIENTES,Urbana,Avenida,AV. CUARTO CENTENARIO,3800,IBERA,,-2.749.795,-5.883.822,1,1,0,2,0,Colisión entre vehículos,Colisión entre vehículos,S/D,,Angulo,2,Recta,,,NO,,Hormigón,,Apto,Seca,,Ninguna,,,,No,No,No,Día,SI,Sin Restricción,Despejado,Buena,,Sin Semáforo
58549,OBSERVATORIO VIAL,2019-09-12,9:00:00,CORRIENTES,18,CAPITAL,21,CORRIENTES,Urbana,Calle,LIZANDRO SEGOVIA,1600,EX VIA,,-2.747.656,-5.883.533,1,1,0,2,0,Colisión entre vehículos,Colisión entre vehículos,S/D,,Angulo,2,Recta,,,NO,,Hormigón,,Apto,Seca,,,,,,No,No,No,Día,NO,Sin Restricción,Despejado,Buena,,Sin Semáforo
49381,OBSERVATORIO VIAL,2019-09-12,12:10:00,CORRIENTES,18,CAPITAL,21,CORRIENTES,Urbana,Calle,PITAGORAS,4000,SUSINI,,-2.749.280,-5.880.102,4,2,0,3,0,Colisión entre vehículos,Colisión entre vehículos,S/D,,"Alcance, Rozamiento",3,Recta,Intersección / cruce,CASI ESQUINA,NO,,Hormigón,,Apto,Seca,,Ninguna,,,,No,No,No,Día,NO,,Despejado,Buena,,Sin Semáforo
49313,CORRIENTES,2019-09-12,23:30:00,CORRIENTES,18,CAPITAL,21,CORRIENTES,Urbana,Avenida,MEDRANO,4400,CARTAGENA,,-2.749.635,-5.880.030,1,1,0,2,0,Colisión entre vehículos,Colisión entre vehículos,S/D,,,2,Curva,,,NO,,Hormigón,,Apto,,,,,,,,,,Noche,SI,,,,,
54644,OBSERVATORIO VIAL,2019-09-12,17:50:00,CORRIENTES,18,CAPITAL,21,CORRIENTES,Urbana,Ruta Provincial,5,1,,,-2.748.575,-5.877.191,3,0,0,2,0,Colisión entre vehículos,Colisión entre vehículos,S/D,,Alcance,2,Recta,,,NO,,Hormigón,,Apto,"Despejada, Seca",,Ninguna,,,,No,No,No,Día,NO,Sin Restricción,Despejado,Buena,,Sin Semáforo
58305,OBSERVATORIO VIAL,2019-09-11,22:40:00,CORRIENTES,18,CAPITAL,21,CORRIENTES,Urbana,Calle,CARLOS PELLEGRINI,800,BUENOS AIRES,,-2.746.498,-5.884.033,1,1,0,2,0,Colisión entre vehículos,Colisión entre vehículos,S/D,,,2,Recta,Intersección / cruce,,NO,,Hormigón,,Apto,Seca,,Ninguna,,,,Si,Si,No,Noche,SI,Sin Restricción,Nublado,Buena,,Sin Semáforo
49208,OBSERVATORIO VIAL,2019-09-11,13:15:00,CORRIENTES,18,CAPITAL,21,CORRIENTES,Urbana,Avenida,AV PAISANDU,2200,COSQUIN,,-2.749.472,-5.882.472,2,0,0,2,0,Colisión entre vehículos,Colisión entre vehículos,S/D,,,2,Recta,Intersección / cruce,,NO,,Asfalto,,Apto,Seca,,Cordón Divisorio,,,,Si,Si,No,Día,NO,Sin Restricción,Despejado,Buena,,Sin Semáforo
62869,OBSERVATORIO VIAL,2019-09-10,8:10:00,CORRIENTES,18,CAPITAL,21,CORRIENTES,Urbana,Calle,ASUNCION,2696,CHACABUCO,,-2.748.979,-5.881.739,1,0,0,1,0,"Atropello a animal/es, Caída desde vehículo",Atropello a animal/es,S/D,,,1,Recta,,,NO,,Hormigón,,,,,,,,,No,No,No,Día,,,,,,Sin Semáforo
49480,OBSERVATORIO VIAL,2019-09-10,22:30:00,CORRIENTES,18,CAPITAL,21,CORRIENTES,Urbana,Calle,MEDRANO,4400,ZAPIOLA,,-2.748.916,-5.879.990,0,1,0,1,0,"Atropello a animal/es, Colisión entre vehículos",Colisión entre vehículos,S/D,,,1,Recta,Intersección / cruce,,NO,,Hormigón,,Apto,Mojada,,Ninguna,,,,S/D,S/D,S/D,Noche,NO,Sin Restricción,Lluvia,Buena,,Sin Semáforo
62901,OBSERVATORIO VIAL,2019-09-10,7:15:00,CORRIENTES,18,CAPITAL,21,CORRIENTES,Urbana,Avenida,RAUL ALFONSIN,3017,,,-2.747.132,-5.881.236,1,2,0,2,0,Colisión entre vehículos,Colisión entre vehículos,S/D,,Angulo,2,Recta,Intersección / cruce,,NO,,Hormigón,,Apto,Seca,,Ninguna,,,,S/D,S/D,S/D,Día,NO,Sin Restricción,Despejado,Buena,,Sin Semáforo
68852,OBS VIAL,2019-09-09,18:01:00,CORRIENTES,18,CAPITAL,21,CORRIENTES,Urbana,Avenida,PATAGONIA,2375,,,-2.749.152,-5.883.177,1,1,0,2,0,Colisión entre vehículos,Colisión entre vehículos,S/D,,,2,Recta,,,SI,,Asfalto,,Apto,Seca,,,,,,S/D,S/D,,Día,NO,,Despejado,,,
68866,CORRIENTES,2019-09-09,14:05:00,CORRIENTES,18,CAPITAL,21,CORRIENTES,Urbana,Calle,ESTADO DE ISRAEL,580,ESTADO DE ISRAEL,,-2.748.217,-5.882.845,2,0,0,2,0,Colisión entre vehículos,Colisión entre vehículos,S/D,,,2,Recta,Intersección / cruce,,NO,,Asfalto,,Apto,Mojada,,,,,,S/D,S/D,S/D,Día,NO,Sin Restricción,Nublado,Buena,,Sin Semáforo
62883,OBSERVATORIO VIAL,2019-09-09,13:55:00,CORRIENTES,18,CAPITAL,21,CORRIENTES,Urbana,Avenida,ARMENIA,790,MORSE,,-2.746.823,-5.879.567,1,1,0,2,0,Colisión entre vehículos,Colisión entre vehículos,S/D,,Lateral,2,Recta,Intersección / cruce,,NO,,Asfalto,,Apto,Seca,,Ninguna,,,,No,No,No,Día,SI,Sin Restricción,Despejado,Buena,,Sin Semáforo
62899,OBSERVATORIO VIAL,2019-09-09,11:00:00,CORRIENTES,18,CAPITAL,21,CORRIENTES,Urbana,Calle,TACUARI,1701,LAVALLE,,-2.748.135,-5.880.665,2,1,0,2,0,Colisión entre vehículos,Colisión entre vehículos,S/D,,Alcance,2,Recta,Intersección / cruce,,NO,,Hormigón,,Apto,Seca,,Ninguna,,,,No,No,S/D,Día,NO,Sin Restricción,Nublado,Buena,,Sin Semáforo
52281,OBSERVATORIO VIAL,2019-09-09,20:30:00,CORRIENTES,18,CAPITAL,21,CORRIENTES,Urbana,Calle,CABO DE HORNO,1500,MOCORETA,,-2.749.912,-5.883.660,0,1,0,1,0,"Atropello a animal/es, Colisión entre vehículos",Colisión entre vehículos,S/D,,,1,Recta,Intersección / cruce,,,,Tierra,,Apto,Seca,,Ninguna,,,,S/D,S/D,S/D,Noche,NO,Sin Restricción,Despejado,Buena,,Sin Semáforo
49322,OBSERVATORIO VIAL,2019-09-08,1:45:00,CORRIENTES,18,CAPITAL,21,CORRIENTES,Urbana,Calle,MEDRANO,4100,,,-2.749.020,-5.879.956,1,1,0,2,0,Colisión entre vehículos,Colisión entre vehículos,S/D,,Angulo,2,Recta,Intersección / cruce,,NO,,Hormigón,,Apto,Seca,,Cordón Divisorio,,,,No,No,No,Noche,SI,Sin Restricción,Despejado,Buena,,Sin Semáforo
61388,OBSERVATORIO  VIAL,2019-09-08,8:15:00,CORRIENTES,18,CAPITAL,21,CORRIENTES,Urbana,Avenida,INDEPENDENCIA,5199,,,-2.748.387,-5.878.832,2,1,0,3,0,,,S/D,,,3,Recta,,,NO,,Hormigón,,Apto,Seca,,Ninguna,,,,Si,Si,No,Día,NO,Sin Restricción,Despejado,Buena,,Funciona
60696,OBSERVATORIO VIAL,2019-09-06,22:30:00,CORRIENTES,18,CAPITAL,21,CORRIENTES,Urbana,Avenida,JUAN D. PERON,5498,,MILAN,-2.749.016,-5.878.485,1,1,0,2,0,Colisión entre vehículos,Colisión entre vehículos,S/D,,Angulo,2,Recta,Intersección / cruce,,SI,,Hormigón,,Apto,Seca,,Cordón Divisorio,,,,Si,Si,No,Noche,NO,Sin Restricción,Despejado,Buena,,Funciona
49418,OBSERVATORIO VIAL,2019-09-06,14:30:00,CORRIENTES,18,CAPITAL,21,CORRIENTES,Urbana,Calle,TIERRA DEL FUEGO,3000,RIO LIMAY,,-2.748.952,-5.883.508,0,1,0,2,0,Colisión entre vehículos,Colisión entre vehículos,S/D,,Angulo,2,Recta,Intersección / cruce,,NO,,Hormigón,,Apto,"Despejada, Seca",,Barrera de Hormigón,,,,No,No,No,Día,NO,Sin Restricción,Despejado,Buena,,Sin Semáforo
49248,OBSERVATORIO VIAL,2019-09-06,13:30:00,CORRIENTES,18,CAPITAL,21,CORRIENTES,Urbana,Avenida,AV CHACABUCO,1200,BOLIVAR,,-2.747.332,-5.881.327,1,1,0,2,0,Colisión entre vehículos,Colisión entre vehículos,S/D,,Angulo,2,Recta,Intersección / cruce,,NO,,Hormigón,,Apto,Seca,,Cordón Divisorio,,,,S/D,S/D,S/D,Día,NO,Sin Restricción,Despejado,Buena,,Sin Semáforo
49567,OBSERVATORIO VIAL,2019-09-03,11:49:00,CORRIENTES,18,CAPITAL,21,CORRIENTES,Urbana,Avenida,AV ARMENIA,4300,,,-2.746.864,-5.879.810,1,1,0,1,1,Atropello a peatón/es,Atropello a peatón/es,S/D,,,2,Recta,Intersección / cruce,,NO,,Asfalto,,Apto,Seca,,Cordón Divisorio,,,,No,No,No,Día,NO,Sin Restricción,Despejado,Buena,,No Funciona
56317,OBSERVATORIO VIAL,2019-09-03,14:30:00,CORRIENTES,18,CAPITAL,21,CORRIENTES,Urbana,Calle,LAVALLE,1600,GUEMES,,-2.748.105,-5.880.784,2,0,0,2,0,Colisión entre vehículos,Colisión entre vehículos,S/D,,Angulo,2,Recta,Intersección / cruce,,NO,,Hormigón,,Apto,Seca,,,,,,S/D,S/D,S/D,Día,NO,Sin Restricción,Despejado,Buena,,Sin Semáforo
49204,OBSERVATORIO VIAL,2019-09-03,9:15:00,CORRIENTES,18,CAPITAL,21,CORRIENTES,Urbana,Avenida,AV 3 DE ABRIL,1100,SAN JUAN,,-2.747.553,-5.883.758,2,0,0,2,0,"Choque, Colisión entre vehículos",Colisión entre vehículos,S/D,,"Angulo, Otro",2,Recta,Intersección / cruce,,NO,,Asfalto,,Apto,"Con charcos o inundada, Mojada",,Ninguna,,,,Si,Si,No,Día,NO,Sin Restricción,Lluvia,Lluvia,,Funciona
49390,OBSERVATORIO VIAL,2019-09-02,11:10:00,CORRIENTES,18,CAPITAL,21,CORRIENTES,Urbana,Avenida,AVENIDA PUJOL,2800,PARAGUAY,,-2.746.369,-5.882.608,1,1,0,2,0,Colisión entre vehículos,Colisión entre vehículos,S/D,,Angulo,2,Recta,Intersección / cruce,,NO,,Hormigón,,Apto,Seca,,Ninguna,,,,Si,No,No,Día,NO,Sin Restricción,Despejado,Buena,,Sin Semáforo
54611,OBSERVATORIO VIAL,2019-09-01,10:45:00,CORRIENTES,18,CAPITAL,21,CORRIENTES,Urbana,Calle,BELGRANO,5000,SAENZ,,-2.747.995,-5.879.321,2,0,0,2,0,Colisión entre vehículos,Colisión entre vehículos,S/D,,Angulo,2,Recta,Intersección / cruce,,NO,,Tierra,,Apto,Seca,,Ninguna,,,,S/D,S/D,S/D,Día,NO,Sin Restricción,Despejado,Buena,,Sin Semáforo
54633,OBSERVATORIO VIAL,2019-08-31,8:05:00,CORRIENTES,18,CAPITAL,21,CORRIENTES,Urbana,Avenida,AVENIDA CAZADORES CORRENTINOS,3400,CASTELLI,,-2.748.736,-5.881.136,1,1,0,2,0,Colisión entre vehículos,Colisión entre vehículos,S/D,,Frontal,2,Recta,Intersección / cruce,,NO,,Hormigón,,Apto,Seca,,Ninguna,,,,Si,No,No,Día,NO,Sin Restricción,Despejado,Buena,,Sin Semáforo
68783,Observatorio Vial,2019-08-30,15:30:00,CORRIENTES,18,CAPITAL,21,CORRIENTES,Urbana,Avenida,ARMENIA,5000,J. R.FERNANDEZ,,,,1,1,0,2,0,Colisión entre vehículos,Colisión entre vehículos,S/D,,,2,Curva,Intersección / cruce,,NO,,Asfalto,,Apto,Seca,,Ninguna,,,,Si,,,Día,NO,Sin Restricción,Despejado,Buena,,Funciona
49442,OBSERVATORIO VIAL,2019-08-30,7:30:00,CORRIENTES,18,CAPITAL,21,CORRIENTES,Rural,Ruta Provincial,5,6,,,-2.749.244,-5.874.510,1,1,0,2,0,Colisión entre vehículos,Colisión entre vehículos,S/D,,Alcance,2,Recta,,SOBRE RUTA,NO,,Asfalto,,Apto,"Despejada, Seca",,,DOBLE LINEA AMARILLA,,,No,Si,No,Día,,,Despejado,Buena,,Sin Semáforo
62878,OBSERVATORIO VIAL,2019-08-30,10:10:00,CORRIENTES,18,CAPITAL,21,CORRIENTES,Urbana,Avenida,LIBERTAD,6300,,,-2.746.205,-5.877.106,1,1,0,2,0,Colisión entre vehículos,Colisión entre vehículos,S/D,,,2,Recta,,,NO,,Hormigón,,Apto,Seca,,,,,,No,No,No,Día,NO,Sin Restricción,Despejado,Buena,,Sin Semáforo
49391,OBSERVATORIO VIAL,2019-08-30,9:35:00,CORRIENTES,18,CAPITAL,21,CORRIENTES,Urbana,Calle,MENDOZA,1200,VERA,,-2.746.135,-5.883.492,1,1,0,2,0,Colisión entre vehículos,Colisión entre vehículos,S/D,,Angulo,2,Recta,Intersección / cruce,,NO,,Hormigón,,Apto,Seca,,Cordón Divisorio,,,,,,,Día,NO,Sin Restricción,Despejado,Buena,,
56844,OBSERVATORIO VIAL,2019-08-29,12:03:00,CORRIENTES,18,CAPITAL,21,CORRIENTES,Urbana,Avenida,AVENIDA FERRE,2200,ROCA,,-2.747.730,-5.882.368,2,0,0,2,0,Colisión entre vehículos,Colisión entre vehículos,S/D,,Angulo,2,Recta,Intersección / cruce,,NO,,Asfalto,,Apto,Seca,,Cordón Divisorio,,,,S/D,S/D,S/D,Día,NO,Sin Restricción,Nublado,Buena,,Funciona
49336,OBSERVATORIO VIAL,2019-08-29,13:45:00,CORRIENTES,18,CAPITAL,21,CORRIENTES,Urbana,Avenida,AVENIDA SANTA ROSA,1800,ÑAEMBE,,-2.747.958,-5.882.005,1,1,0,2,0,Colisión entre vehículos,Colisión entre vehículos,S/D,,Angulo,2,Recta,Intersección / cruce,,NO,,Hormigón,,,"Con charcos o inundada, Mojada",,Cordón Divisorio,,,,Si,,,Día,NO,,Nublado,,,Sin Semáforo
49465,OBSERVATORIO VIAL,2019-08-28,18:20:00,CORRIENTES,18,CAPITAL,21,CORRIENTES,Urbana,Avenida,AV IV CENTENARIO,3000,COMODORO RIVADAVIA,,-2.748.984,-5.883.805,0,2,0,2,0,Colisión entre vehículos,Colisión entre vehículos,S/D,,,2,Recta,Intersección / cruce,,NO,,Hormigón,,Apto,Seca,,Ninguna,,,,S/D,S/D,S/D,,NO,Sin Restricción,Despejado,Buena,,Sin Semáforo
67511,OBSERVATORIO VIAL,2019-08-28,13:30:00,CORRIENTES,18,CAPITAL,21,CORRIENTES,Urbana,Calle,GDOR MARTINEZ,900,COLOMBIA,,-2.746.926,-5.881.654,2,0,0,2,0,Colisión entre vehículos,Colisión entre vehículos,S/D,,Angulo,2,Recta,Intersección / cruce,,NO,,Hormigón,,Apto,Seca,,Ninguna,,,,Si,Si,S/D,Día,NO,Sin Restricción,Despejado,Buena,,Sin Semáforo
49414,OBSERVATORIO VIAL,2019-08-28,21:10:00,CORRIENTES,18,CAPITAL,21,CORRIENTES,Urbana,Calle,CHACO,1200,BOLIVAR,,-2.746.993,-5.884.705,1,1,0,2,0,Colisión entre vehículos,Colisión entre vehículos,S/D,,Angulo,2,Recta,Intersección / cruce,,NO,,Hormigón,,Baches,Seca,,,,,,No,No,No,Noche,SI,Sin Restricción,Despejado,Buena,,Sin Semáforo
53867,OBSERVATORIO VIAL,2019-08-27,10:00:00,CORRIENTES,18,CAPITAL,21,CORRIENTES,Urbana,Avenida,AV INDEPENDENCIA,4200,LAS PIEDRAS,,-2.748.079,-5.880.050,2,0,0,2,0,Colisión entre vehículos,Colisión entre vehículos,S/D,,Lateral,2,Recta,Intersección / cruce,,NO,,Hormigón,,Apto,Seca,,Cordón Divisorio,,,,Si,Si,,Día,NO,Sin Restricción,Despejado,Buena,,Funciona
62918,OBSERVATORIO VIAL,2019-08-27,18:45:00,CORRIENTES,18,CAPITAL,21,CORRIENTES,Urbana,Calle,HIPOLITO YRIGOYEN,1000,PARAGUAY,,-2.746.962,-5.882.674,3,0,0,3,0,Colisión entre vehículos,Colisión entre vehículos,S/D,,,3,Recta,,,NO,,Asfalto,,Apto,Seca,,Ninguna,,,,No,No,No,Atardecer,NO,Congestionamiento,Despejado,Buena,,Sin Semáforo
53877,OBSERVATORIO VIAL,2019-08-27,9:15:00,CORRIENTES,18,CAPITAL,21,CORRIENTES,Urbana,Calle,VIRASORO,2600,MIRAMAR,,-2.746.822,-5.881.728,2,0,0,2,0,Colisión entre vehículos,Colisión entre vehículos,S/D,,Lateral,2,Recta,,,NO,,Asfalto,,Apto,Seca,,Otro,,,,S/D,S/D,S/D,Día,NO,,Despejado,,,Sin Semáforo
72343,OBS.VIAL,2019-08-27,14:30:00,CORRIENTES,18,CAPITAL,21,CORRIENTES,Urbana,Avenida,AV. ALTAGRACIA,0,ATACAMAS,,-2.750.835,-5.881.333,0,3,0,3,0,Colisión entre vehículos,Colisión entre vehículos,S/D,,Alcance,3,Recta,,,NO,,Asfalto,,Apto,"Despejada, Seca",,,,,,Si,,,Día,NO,Sin Restricción,Despejado,,,Sin Semáforo
49339,OBSERVATORIO VIAL,2019-08-26,7:50:00,CORRIENTES,18,CAPITAL,21,CORRIENTES,Urbana,Avenida,AVENIDA MEDRANO,4800,FRONDIZI,,-2.749.103,-5.879.969,1,1,0,1,0,Despiste,Despiste,Si,,,1,Curva,,SOBRE CALZADA,NO,,Hormigón,,Apto,Seca,,Cordón Divisorio,,,,No,No,No,Día,NO,Sin Restricción,Despejado,Buena,,Sin Semáforo
49569,OBSERVATORIO VIAL,2019-08-26,14:10:00,CORRIENTES,18,CAPITAL,21,CORRIENTES,Urbana,Avenida,AVENIDA CHACABUCO,1100,BOLIVAR,,-2.747.447,-5.881.359,2,0,0,2,0,Colisión entre vehículos,Colisión entre vehículos,S/D,,Rozamiento,2,Recta,Intersección / cruce,,NO,,Hormigón,,Apto,Seca,,Cordón Divisorio,,,,No,No,No,Día,NO,,Despejado,,,Sin Semáforo
53916,OBSERVATORIO VIAL,2019-08-26,19:20:00,CORRIENTES,18,CAPITAL,21,CORRIENTES,Urbana,Calle,GUEMES,2100,LAMADRID,,-2.748.524,-5.880.818,1,1,0,2,0,Colisión entre vehículos,Colisión entre vehículos,S/D,,Angulo,2,Recta,Intersección / cruce,,NO,,Hormigón,,Apto,Seca,,Ninguna,,,,No,No,No,Noche,SI,Sin Restricción,Despejado,Buena,,Sin Semáforo
55001,OBSERVATORIO VIAL,2019-08-25,6:20:00,CORRIENTES,18,CAPITAL,21,CORRIENTES,Urbana,Calle,LA RIOJA,900,PLACIDO MARTINEZ,,-2.746.194,-5.883.745,2,0,0,2,0,Colisión entre vehículos,Colisión entre vehículos,S/D,,Lateral,2,Recta,Intersección / cruce,,SI,,Asfalto,,Apto,Seca,,Cordón Divisorio,,,,Si,Si,No,Amanecer,NO,Sin Restricción,Despejado,Buena,,Funciona
49360,OBSERVATORIO VIAL,2019-08-25,16:45:00,CORRIENTES,18,CAPITAL,21,CORRIENTES,Urbana,Calle,MADARIAGA,800,BLAS PARERA,,-2.748.241,-5.884.140,1,1,0,2,0,Colisión entre vehículos,Colisión entre vehículos,S/D,,Angulo,2,Recta,Intersección / cruce,,NO,,Hormigón,,Apto,Seca,,Ninguna,,,,No,No,No,Día,NO,,Despejado,,,Sin Semáforo
49386,OBSERVATORIO VIAL,2019-08-24,10:00:00,CORRIENTES,18,CAPITAL,21,CORRIENTES,Urbana,Calle,GUTEMBER,1600,GRAL PAZ,,-2.747.884,-5.883.170,1,1,0,2,0,Colisión entre vehículos,Colisión entre vehículos,S/D,,Angulo,2,Recta,Intersección / cruce,,NO,,Hormigón,,Apto,Seca,,Ninguna,,,,No,No,No,Día,NO,Sin Restricción,Despejado,Buena,,Sin Semáforo
54493,OBSERVATORIO VIAL,2019-08-24,22:00:00,CORRIENTES,18,CAPITAL,21,CORRIENTES,Urbana,Avenida,AV TTE IBAÑEZ,1050,JR VIDAL,,-2.748.523,-5.883.993,2,0,0,2,0,Colisión entre vehículos,Colisión entre vehículos,S/D,,,2,Recta,Intersección / cruce,,NO,,Hormigón,,Apto,Seca,,Cordón Divisorio,,,,S/D,S/D,S/D,Noche,SI,Sin Restricción,Despejado,Buena,,Sin Semáforo
49277,OBSERVATORIO VIAL,2019-08-23,9:50:00,CORRIENTES,18,CAPITAL,21,CORRIENTES,Urbana,Calle,JOSE RAMON VIDAL,1950,,,-2.747.984,-5.883.839,0,1,0,1,0,"Choque, Colisión entre vehículos",Colisión entre vehículos,S/D,CONTRA UN ALUMBRADO,Columna,1,Recta,Fuera de calzada,,NO,,Asfalto,,Apto,Seca,,Guardarraíl,,,,No,No,No,Día,NO,Sin Restricción,Despejado,Buena,,Sin Semáforo
49568,OBSERVATORIO VIAL,2019-08-23,17:00:00,CORRIENTES,18,CAPITAL,21,CORRIENTES,Urbana,Calle,LA RIOJA,1700,LAVALLE,,-2.747.680,-5.883.923,2,0,0,2,0,Colisión entre vehículos,Colisión entre vehículos,S/D,,Angulo,2,Recta,Intersección / cruce,,NO,,Hormigón,,Apto,Seca,,,,,,Si,No,No,Día,NO,Sin Restricción,Despejado,Buena,,Sin Semáforo
57267,OBSERVATORIO VIAL,2019-08-22,22:40:00,CORRIENTES,18,CAPITAL,21,CORRIENTES,Urbana,Calle,GDOR FELIPE CABRAL,500,GDOR ANTONIO GALLINO,,-2.746.240,-5.882.050,1,1,0,2,0,Colisión entre vehículos,Colisión entre vehículos,S/D,,Angulo,2,Recta,Intersección / cruce,,NO,,,,Apto,Mojada,,Ninguna,,,,Si,No,No,Día,NO,Sin Restricción,Despejado,Buena,,Sin Semáforo
49551,OBSERVATORIO VIAL,2019-08-22,16:25:00,CORRIENTES,18,CAPITAL,21,CORRIENTES,Urbana,Calle,URUGUAY,1000,SAN MARTIN,,-2.747.092,-5.882.563,1,1,0,2,0,Colisión entre vehículos,Colisión entre vehículos,S/D,,Angulo,2,Recta,Intersección / cruce,,NO,,Hormigón,,Apto,"Despejada, Seca",,Ninguna,,,,No,No,No,Día,NO,Sin Restricción,Despejado,Buena,,Sin Semáforo
54943,OBSERVATORIO VIAL,2019-08-22,7:30:00,CORRIENTES,18,CAPITAL,21,CORRIENTES,Urbana,Calle,RIVADAVIA,1400,PARAGUAY,,-2.747.499,-5.883.066,3,0,0,3,0,Colisión entre vehículos,Colisión entre vehículos,S/D,,Alcance,3,Recta,Intersección / cruce,,NO,,Asfalto,,Apto,Seca,,Ninguna,,,,S/D,S/D,S/D,Día,NO,Sin Restricción,Despejado,Buena,,
56438,OBSERVATORIO VIAL,2019-08-21,0:15:00,CORRIENTES,18,CAPITAL,21,CORRIENTES,Urbana,Calle,3 SARGENTOS,3500,CABEZA DE VACA,,-2.749.088,-5.884.367,0,2,0,2,0,Colisión entre vehículos,Colisión entre vehículos,S/D,,Angulo,2,Recta,Intersección / cruce,,NO,,Hormigón,,Apto,Seca,,Cordón Divisorio,,,,No,No,No,Noche,SI,Sin Restricción,Despejado,Buena,,Sin Semáforo
57110,OBSERVATORIO VIAL,2019-08-21,9:30:00,CORRIENTES,18,CAPITAL,21,CORRIENTES,Urbana,Calle,LARREA,4100,RESOAGLI,,-2.748.989,-5.880.518,1,1,0,2,0,Colisión entre vehículos,Colisión entre vehículos,S/D,,Angulo,2,Recta,Intersección / cruce,,NO,,Hormigón,,Apto,Seca,,Ninguna,,,,Si,No,No,Día,NO,Sin Restricción,Despejado,Buena,,Sin Semáforo
49379,OBSERVATORIO VIAL,2019-08-21,22:36:00,CORRIENTES,18,CAPITAL,21,CORRIENTES,Urbana,Calle,TARAGUI,1100,SAN JUAN,,-2.749.506,-5.884.110,0,1,0,1,0,"Choque, Colisión entre vehículos",Colisión entre vehículos,S/D,,"Alcance, En calzada",1,Recta,Intersección / cruce,,NO,,Asfalto,,En reparación,,,,,,,No,No,No,Noche,SI,Obra en Construcción,Despejado,Polvo,,Sin Semáforo
49347,OBSERVATORIO VIAL,2019-08-21,14:20:00,CORRIENTES,18,CAPITAL,21,CORRIENTES,Urbana,Avenida,AVENIDA JUAN PUJOL,2100,PELLEGRINI,,-2.746.651,-5.882.286,2,0,0,2,0,Colisión entre vehículos,Colisión entre vehículos,S/D,,Angulo,2,Recta,Intersección / cruce,,NO,,Hormigón,,Apto,Mojada,,Ninguna,,,,No,No,No,Día,NO,Sin Restricción,Lluvia,Lluvia,,Sin Semáforo
67512,OBSERVATORIO VIAL,2019-08-21,0:48:00,CORRIENTES,18,CAPITAL,21,CORRIENTES,Urbana,Calle,RIVADAVIA,1850,JUJUY,PARAGUAY,-2.747.521,-5.882.807,2,0,0,2,0,Colisión entre vehículos,Colisión entre vehículos,S/D,,,2,Recta,,RECTA,,,,,Apto,"Despejada, Seca",,Ninguna,,,,S/D,S/D,S/D,Noche,SI,Sin Restricción,Despejado,,,Sin Semáforo
68870,OBSERVATORIO VIAL,2019-08-21,19:30:00,CORRIENTES,18,CAPITAL,21,CORRIENTES,Urbana,Avenida,AV. ARMENIA,3854,,,-2.746.755,-5.880.605,1,1,0,2,0,"Colisión entre vehículos, Despiste",Colisión entre vehículos,Si,,,2,Recta,,,NO,,Asfalto,,Apto,Seca,,Cordón Divisorio,,,,S/D,S/D,S/D,Atardecer,NO,Sin Restricción,Despejado,Buena,,Sin Semáforo
68827,Observatorio Vial,2019-08-20,20:12:00,CORRIENTES,18,CAPITAL,21,CORRIENTES,Urbana,Avenida,AV. PAYSANDU,0,FORMOSA,,,,1,1,0,2,0,,,S/D,,,2,Recta,Intersección / cruce,,NO,,Hormigón,,Apto,Seca,,Cordón Divisorio,,,,No,No,No,Atardecer,SI,Sin Restricción,Despejado,Buena,,
49476,OBSERVATORIO VIAL,2019-08-20,12:30:00,CORRIENTES,18,CAPITAL,21,CORRIENTES,Urbana,Avenida,AVENIDA 3 DE ABRIL,1600,AVENIDA MAIPU,,-2.747.641,-5.883.076,5,1,0,2,0,Colisión entre vehículos,Colisión entre vehículos,S/D,,Angulo,2,Recta,Intersección / cruce,,NO,,Hormigón,,Apto,"Despejada, Seca",,Ninguna,,,,Si,Si,No,Día,NO,,Despejado,,,Sin Semáforo
52270,OBSERVATORIO VIAL,2019-08-18,10:00:00,CORRIENTES,18,CAPITAL,21,CORRIENTES,Urbana,Calle,VELEZ SARSFIELD,1000,HIPOLITO IRIGOYEN,,-2.747.026,-5.882.034,2,1,0,2,0,Colisión entre vehículos,Colisión entre vehículos,S/D,,Angulo,2,Recta,Intersección / cruce,,NO,,Asfalto,,Apto,Seca,,Ninguna,,,,Si,No,No,Día,NO,Sin Restricción,Despejado,Buena,,Sin Semáforo
49438,OBSERVATORIO VIAL,2019-08-18,22:30:00,CORRIENTES,18,CAPITAL,21,CORRIENTES,Urbana,Avenida,AVENIDA VERA,1400,CATAMARCO,,-2.746.126,-5.883.238,2,0,0,2,0,Colisión entre vehículos,Colisión entre vehículos,S/D,,Rozamiento,2,Recta,Intersección / cruce,,NO,,Asfalto,,Apto,Seca,,Ninguna,,,,,,Si,,SI,Sin Restricción,Despejado,Buena,,Sin Semáforo
54370,OBSERVTORIO VIAL,2019-08-17,9:00:00,CORRIENTES,18,CAPITAL,21,CORRIENTES,Urbana,Avenida,AVENIDA ARMENIA,4500,JOSE INGENIEROS,,-2.746.706,-5.879.147,1,1,0,2,0,Colisión entre vehículos,Colisión entre vehículos,S/D,,Angulo,2,Recta,Intersección / cruce,,NO,,Hormigón,,Apto,Seca,,Ninguna,,,,Si,,,Día,NO,Sin Restricción,Despejado,Buena,,Sin Semáforo
59865,OBSERVATORIO VIAL CTES.,2019-08-16,14:57:00,CORRIENTES,18,CAPITAL,21,CORRIENTES,Urbana,Avenida,ROTONDE LA VIRGEN DE ITATI,5498,AV. INDEPENDENCIA,RUTA 12,-2.748.438,-5.878.312,1,1,0,1,0,Caída desde vehículo,Caída desde vehículo,S/D,CAÍDA DEL ACOMPAÑANTE DE LA CAJA TRASERA DE LA CAMIONETA UTILITARIO,,1,Curva,Rotonda,,NO,,Hormigón,,Apto,,,Cordón Divisorio,,,,Si,,Si,Día,NO,,Despejado,,,Sin Semáforo
49227,OBSERVATORIO VIAL,2019-08-16,13:15:00,CORRIENTES,18,CAPITAL,21,CORRIENTES,Urbana,Calle,9DE JULIO,2199,AV. PUJOL,,-2.746.757,-5.882.128,1,1,0,2,0,Colisión entre vehículos,Colisión entre vehículos,S/D,,Angulo,2,Recta,Intersección / cruce,,NO,,Asfalto,,Apto,Seca,,Ninguna,,,,No,No,No,Día,NO,Sin Restricción,Despejado,Buena,,Sin Semáforo
49467,OBSERVATORIO VIAL,2019-08-15,17:10:00,CORRIENTES,18,CAPITAL,21,CORRIENTES,Urbana,Avenida,AV TTE IBAÑEZ,500,ENTRE RIOS,,-2.748.434,-5.884.695,1,1,0,2,0,Colisión entre vehículos,Colisión entre vehículos,S/D,,,2,Recta,Intersección / cruce,,NO,,Hormigón,,Apto,Seca,,Cordón Divisorio,,,,S/D,S/D,S/D,Día,NO,Sin Restricción,Despejado,Buena,,Sin Semáforo
53724,OBSERVATORIO VIAL,2019-08-15,9:00:00,CORRIENTES,18,CAPITAL,21,CORRIENTES,Urbana,Calle,SANTA FE,1000,SAN MARTIN,,-2.747.039,-5.883.076,1,1,0,1,1,Atropello a peatón/es,Atropello a peatón/es,S/D,,,2,Recta,,EN CALZADA,NO,,Hormigón,,Apto,Seca,,Ninguna,,,,Si,Si,No,Día,NO,,Despejado,Buena,,Funciona
62851,OBSERVATORIO VIAL,2019-08-15,14:50:00,CORRIENTES,18,CAPITAL,21,CORRIENTES,Urbana,Calle,GUTEMBERG,1801,GRAL. PAZ,,-2.747.895,-5.883.167,3,0,0,2,0,Colisión entre vehículos,Colisión entre vehículos,S/D,,Angulo,2,Recta,Intersección / cruce,,NO,,Hormigón,,Apto,Seca,,Ninguna,,,,Si,No,No,Día,NO,Sin Restricción,Despejado,Buena,,Sin Semáforo
62872,OBSERVATORIO VIAL,2019-08-15,11:06:00,CORRIENTES,18,CAPITAL,21,CORRIENTES,Urbana,Calle,SANTA FE,1200,SAN MARTIN,,-2.747.043,-5.883.075,2,0,0,2,0,Colisión entre vehículos,Colisión entre vehículos,S/D,,Lateral,2,Recta,Intersección / cruce,,NO,,Hormigón,,Apto,,,Ninguna,,,,Si,Si,No,Día,NO,Sin Restricción,,Buena,,Funciona
56519,OBSERVATORIO VIAL,2019-08-14,18:28:00,CORRIENTES,18,CAPITAL,21,CORRIENTES,Urbana,Avenida,IV CENTENARIO,3100,PATAGONIA,,-2.749.076,-5.883.818,0,2,0,2,0,Colisión entre vehículos,Colisión entre vehículos,S/D,,Angulo,2,Recta,Intersección / cruce,,NO,,Hormigón,,Apto,Seca,,Cordón Divisorio,,,,No,No,No,Atardecer,NO,Sin Restricción,Despejado,Buena,,Sin Semáforo
55767,OBSERVATORIO VIAL,2019-08-14,19:15:00,CORRIENTES,18,CAPITAL,21,CORRIENTES,Urbana,Avenida,AVENIDA ARMENIA,3770,JOSE LUIS SCHMIDT,,-2.746.824,-5.880.420,2,0,0,2,0,Colisión entre vehículos,Colisión entre vehículos,S/D,,Lateral,2,Recta,Intersección / cruce,,NO,,Hormigón,,Apto,Seca,,Cordón Divisorio,,,,No,No,No,Noche,SI,Sin Restricción,Despejado,Buena,,Sin Semáforo
49399,OBSERVATORIO VIAL,2019-08-14,7:30:00,CORRIENTES,18,CAPITAL,21,CORRIENTES,Urbana,Avenida,AV MAIPU,10000,RUTA NACIONAL 12,,-2.753.056,-5.876.183,2,0,0,2,0,Colisión entre vehículos,Colisión entre vehículos,S/D,,Alcance,2,Recta,Intersección / cruce,,NO,,Hormigón,,Apto,"Despejada, Seca",,Ninguna,,,,S/D,S/D,S/D,Día,NO,Sin Restricción,Despejado,Buena,,Sin Semáforo
49460,OBSERVATORIO VIAL,2019-08-14,16:30:00,CORRIENTES,18,CAPITAL,21,CORRIENTES,Urbana,Avenida,AV COSTANERA,200,QUEVEDO,,-2.747.073,-5.885.430,0,1,0,1,0,Vuelco (solo 1 participante),Vuelco (solo 1 participante),S/D,,,1,Recta,Intersección / cruce,,NO,,Hormigón,,Apto,"Despejada, Seca",,Cordón Divisorio,,,,Si,Si,No,Día,NO,Sin Restricción,Despejado,Buena,,Sin Semáforo
62900,OBSERVATORIO VIAL,2019-08-14,11:05:00,CORRIENTES,18,CAPITAL,21,CORRIENTES,Urbana,Calle,SUIZA,3200,REPÚBLICA DOMINICANA,,-2.747.616,-5.881.068,1,1,0,2,0,Colisión entre vehículos,Colisión entre vehículos,S/D,,,2,Recta,Intersección / cruce,,,,Hormigón,,Apto,Seca,,Ninguna,,,,No,No,No,Día,NO,Sin Restricción,Despejado,Buena,,Sin Semáforo
49297,OBSERVATORIO VIAL,2019-08-14,9:00:00,CORRIENTES,18,CAPITAL,21,CORRIENTES,Urbana,Calle,San Juan,1100,RIVADAVIA,,-2.747.434,-5.883.744,1,1,0,2,0,Colisión entre vehículos,Colisión entre vehículos,S/D,,Rozamiento,2,Recta,Intersección / cruce,,NO,,Hormigón,,Apto,,,Ninguna,,,,Si,Si,,Día,NO,,Despejado,Buena,,Sin Semáforo
49497,OBSERVATORIO VIAL,2019-08-14,12:40:00,CORRIENTES,18,CAPITAL,21,CORRIENTES,Urbana,Avenida,AV PUJOL,800,VELEZ SARSFIELD,,-2.746.847,-5.882.012,0,1,0,1,0,"Caída desde vehículo, Despiste",Despiste,Si,,,1,Recta,Intersección / cruce,,NO,,Hormigón,,Apto,Seca,,Ninguna,,,,Si,No,No,Día,NO,Sin Restricción,Despejado,Buena,,Sin Semáforo
64875,OBSERVATORIO VIAL,2019-08-13,23:30:00,CORRIENTES,18,CAPITAL,21,CORRIENTES,Urbana,Calle,SICILIA,100,MADRID,,-2.745.794,-5.878.643,1,1,0,2,0,Colisión entre vehículos,Colisión entre vehículos,S/D,,Angulo,2,Recta,,,NO,,Hormigón,,Apto,Seca,,Ninguna,,,,Si,No,No,Noche,NO,Sin Restricción,Despejado,Buena,,Sin Semáforo
54970,OBSERVATORIO VIAL,2019-08-13,12:10:00,CORRIENTES,18,CAPITAL,21,CORRIENTES,Urbana,Avenida,AVENIDA INDEPENDENCIA,4400,MEDRANO,,-2.748.174,-5.879.847,0,2,0,2,0,Colisión entre vehículos,Colisión entre vehículos,S/D,,Alcance,2,Recta,Intersección / cruce,,NO,,Hormigón,,Apto,Seca,,Cordón Divisorio,,,,Si,Si,No,Día,NO,Sin Restricción,Despejado,Buena,,Funciona
49490,OBSERVATORIO VIAL,2019-08-13,18:50:00,CORRIENTES,18,CAPITAL,21,CORRIENTES,Urbana,Avenida,AV MAIPU,2500,,,-2.750.064,-5.881.359,1,1,0,2,0,Colisión entre vehículos,Colisión entre vehículos,S/D,,,2,Recta,Intersección / cruce,,NO,,Asfalto,,Apto,Seca,,,,,,No,No,No,Noche,SI,Sin Restricción,Despejado,Buena,,Sin Semáforo
62912,OBSERVATORIO  VIAL,2019-08-12,17:10:00,CORRIENTES,18,CAPITAL,21,CORRIENTES,Urbana,Calle,IV CENTENARIO,3500,TARAGUY,,-2.749.546,-5.883.812,1,1,0,1,1,"Atropello a peatón/es, Caída desde vehículo",Atropello a peatón/es,S/D,,,2,Recta,Intersección / cruce,,NO,,Hormigón,,Apto,Seca,,Ninguna,,,,No,No,No,Día,NO,Sin Restricción,Despejado,Buena,,Sin Semáforo
53864,OBSERVATORIO VIAL,2019-08-12,8:45:00,CORRIENTES,18,CAPITAL,21,CORRIENTES,Urbana,Avenida,AV 3 DE ABRIL,10,COSTANERA,,-2.747.329,-5.885.558,1,2,0,2,0,Colisión entre vehículos,Colisión entre vehículos,S/D,,Angulo,2,Recta,Intersección / cruce,,NO,,Asfalto,,Apto,Seca,,Cordón Divisorio,,,,Si,Si,No,Día,NO,Sin Restricción,Despejado,Buena,,Funciona
54499,OBSERVATORIO VIAL,2019-08-12,20:35:00,CORRIENTES,18,CAPITAL,21,CORRIENTES,Urbana,Avenida,AV ARTIGAS,1100,BOLIVAR,,-2.747.269,-5.881.891,1,1,0,2,0,Colisión entre vehículos,Colisión entre vehículos,S/D,,Angulo,2,Recta,Intersección / cruce,,NO,,Hormigón,,Apto,Seca,,Ninguna,,,,Si,No,No,Noche,SI,Sin Restricción,Despejado,Buena,,Sin Semáforo
49383,OBSERVATORIO VIAL,2019-08-12,17:50:00,CORRIENTES,18,CAPITAL,21,CORRIENTES,Urbana,Avenida,2 DE abril,2000,PATAGONIA,,-2.749.200,-5.882.794,2,1,0,2,0,Colisión entre vehículos,Colisión entre vehículos,S/D,,Rozamiento,2,Recta,,,NO,,Hormigón,,Apto,Seca,,,,,,Si,S/D,S/D,Día,NO,Sin Restricción,Despejado,Buena,,
53761,OBSERVATORIO VIAL,2019-08-12,7:00:00,CORRIENTES,18,CAPITAL,21,CORRIENTES,Rural,Ruta Nacional,12,1035,ACCESO AEREOPUERTO,,-2.745.185,-5.875.536,1,1,0,2,0,Colisión entre vehículos,Colisión entre vehículos,S/D,,Angulo,2,Recta,Intersección / cruce,,NO,,Asfalto,,Apto,Seca,,Ninguna,,,,No,No,No,Día,NO,Obra en Construcción,Nublado,Buena,,Sin Semáforo
49213,OBSERVATORIO VIAL,2019-08-12,0:30:00,CORRIENTES,18,CAPITAL,21,CORRIENTES,Urbana,Calle,MORENO,3294,VELEZ  SARFIELD.,,-2.747.479,-5.882.091,1,1,0,2,0,Colisión entre vehículos,Colisión entre vehículos,S/D,,Rozamiento,2,Recta,Intersección / cruce,,NO,,Hormigón,,Apto,Mojada,,Ninguna,,,,S/D,S/D,S/D,Noche,,Sin Restricción,Nublado,Buena,,Sin Semáforo
53853,OBSERVATORIO VIAL,2019-08-12,8:26:00,CORRIENTES,18,CAPITAL,21,CORRIENTES,Urbana,Calle,9 DE julio,800,ESPAÑA,,-2.746.704,-5.882.910,2,0,0,2,0,Colisión entre vehículos,Colisión entre vehículos,S/D,,Frontal,2,Recta,Intersección / cruce,,NO,,Asfalto,,Apto,Seca,,,,,,Si,Si,,Día,NO,Sin Restricción,Despejado,Buena,,Sin Semáforo
56772,OBSERVATORIO VIAL,2019-08-11,6:50:00,CORRIENTES,18,CAPITAL,21,CORRIENTES,Urbana,Avenida,AV R. ALFONSIN,4100,NIÑO JESUS,,-2.747.410,-5.880.140,0,1,0,1,0,Caída desde vehículo,Caída desde vehículo,S/D,,,1,Recta,Intersección / cruce,,NO,,Asfalto,,Apto,Seca,,Ninguna,,,,S/D,S/D,S/D,Día,NO,Sin Restricción,Despejado,Buena,,Sin Semáforo
57253,OBSERVATORIO VIAL,2019-08-10,6:20:00,CORRIENTES,18,CAPITAL,21,CORRIENTES,Urbana,Avenida,AVENIDA ARMENIA,3200,MEXICO,,-2.746.769,-5.881.406,0,2,0,2,0,Colisión entre vehículos,Colisión entre vehículos,S/D,,Alcance,2,Recta,Intersección / cruce,,NO,,Asfalto,,Apto,Mojada,,Cordón Divisorio,,,,No,No,No,Amanecer,SI,,Lluvia,,,Sin Semáforo
49356,OBSERVATORIO VIAL,2019-08-10,10:05:00,CORRIENTES,18,CAPITAL,21,CORRIENTES,Urbana,Calle,SAN MARTIN,3000,ESTADOS UNIDOS,,-2.747.207,-5.881.436,0,2,0,2,0,Colisión entre vehículos,Colisión entre vehículos,S/D,,Angulo,2,Recta,Intersección / cruce,,NO,,Hormigón,,Apto,,,,,,,S/D,,,Día,NO,Sin Restricción,Nublado,Buena,,Sin Semáforo
62896,OBSERVATORIO VIAL,2019-08-10,18:20:00,CORRIENTES,18,CAPITAL,21,CORRIENTES,Urbana,Avenida,CHACABUCO,2999,NECOCHEA,,-2.748.212,-5.881.546,2,0,0,2,0,Colisión entre vehículos,Colisión entre vehículos,S/D,,Angulo,2,Recta,Intersección / cruce,,NO,,Hormigón,,Apto,Seca,,Ninguna,,,,No,No,,Día,NO,Sin Restricción,Despejado,Buena,,Sin Semáforo
52271,OBSERVATORIO VIAL,2019-08-10,12:44:00,CORRIENTES,18,CAPITAL,21,CORRIENTES,Urbana,Avenida,AV CAZADORES CORRENTINO,3350,JUAN JOSE PASO,,-2.748.723,-5.881.208,0,1,0,1,0,"Caída desde vehículo, Despiste",Despiste,Si,,,1,Recta,Intersección / cruce,,NO,,Hormigón,,Apto,Despejada,,Cordón Divisorio,,,,S/D,S/D,S/D,Día,NO,Sin Restricción,Despejado,Buena,,Sin Semáforo
53678,OBSERVATORIO VIAL,2019-08-10,6:00:00,CORRIENTES,18,CAPITAL,21,CORRIENTES,Urbana,Calle,MISIONES,2800,LAS HERAS,,-2.748.279,-5.881.805,0,2,0,2,0,"Colisión entre vehículos, Despiste",Colisión entre vehículos,Si,,Angulo,2,Recta,Intersección / cruce,,NO,,Hormigón,,Apto,,,Ninguna,,,,No,No,No,Amanecer,SI,Sin Restricción,Nublado,Buena,,Sin Semáforo
49456,OBSERVATORIO VIAL,2019-08-10,17:00:00,CORRIENTES,18,CAPITAL,21,CORRIENTES,Urbana,Avenida,AV TTE IBAÑEZ,1600,GDOR VELAZCO,,-2.748.582,-5.883.438,2,0,0,2,0,Colisión entre vehículos,Colisión entre vehículos,S/D,,,2,Recta,Intersección / cruce,,NO,,Asfalto,,Apto,Seca,,Ninguna,,,,S/D,S/D,S/D,Día,NO,Sin Restricción,Nublado,Buena,,Sin Semáforo
49482,OBSERVATORIO VIAL,2019-08-08,23:20:00,CORRIENTES,18,CAPITAL,21,CORRIENTES,Urbana,Calle,PARAGUAY,900,JUNIN,,-2.746.851,-5.882.663,1,1,0,2,0,Colisión entre vehículos,Colisión entre vehículos,S/D,,,2,Recta,Intersección / cruce,,NO,,Asfalto,,Apto,Seca,,Ninguna,,,,S/D,S/D,S/D,Noche,SI,Sin Restricción,Lluvia,Buena,,Sin Semáforo
64884,OBSERVATORIO VIAL,2019-08-08,10:45:00,CORRIENTES,18,CAPITAL,21,CORRIENTES,Urbana,Avenida,AV 3 DE ABRIL,800,BUENOS AIRES,,-2.747.498,-5.884.119,2,0,0,2,0,Choque,Choque,S/D,,,2,Recta,Intersección / cruce,,NO,,Hormigón,,,,,,,,,No,Si,No,Día,NO,Sin Restricción,Despejado,Buena,,Funciona
49210,OBSERVATORIO VIAL,2019-08-08,11:30:00,CORRIENTES,18,CAPITAL,21,CORRIENTES,Urbana,Avenida,AV ARMENIA,4600,QUINQUELA MARTIN,,-2.746.714,-5.879.194,1,1,0,2,0,Colisión entre vehículos,Colisión entre vehículos,S/D,,Alcance,2,Recta,Intersección / cruce,,NO,,Asfalto,,Apto,Seca,,,,,,Si,Si,No,Día,SI,Sin Restricción,Despejado,Buena,,Sin Semáforo
49341,OBSERVATORIO VIAL,2019-08-07,19:50:00,CORRIENTES,18,CAPITAL,21,CORRIENTES,Urbana,Ruta Provincial,5,2,,,-2.748.817,-5.876.347,1,1,0,2,0,Colisión entre vehículos,Colisión entre vehículos,S/D,,Frontal,2,Recta,,,NO,,Asfalto,,Apto,Seca,,Guardarraíl,,,,,,,Noche,SI,,Despejado,,,Sin Semáforo
49410,OBSERVATORIO VIAL,2019-08-07,10:15:00,CORRIENTES,18,CAPITAL,21,CORRIENTES,Urbana,Calle,LA RIOJA,1000,BELGRANO,,-2.747.193,-5.883.853,2,1,0,2,0,Colisión entre vehículos,Colisión entre vehículos,S/D,,Angulo,2,Recta,Intersección / cruce,,NO,,Asfalto,,Apto,Seca,,Ninguna,,,,Si,,,Día,NO,Sin Restricción,Nublado,Buena,,Sin Semáforo
49505,OBSERVATORIO VIAL,2019-08-07,9:50:00,CORRIENTES,18,CAPITAL,21,CORRIENTES,Urbana,Avenida,AVENIDA PONCHO VERDE,800,ROTONDA ESPAÑA,,-2.746.647,-5.882.174,0,1,0,1,0,"Caída desde vehículo, Vuelco (solo 1 participante)",Vuelco (solo 1 participante),S/D,,,1,Curva,Intersección / cruce,,NO,,Hormigón,,Apto,Mojada,,Vegetación,,,,No,No,No,Día,NO,Sin Restricción,Nublado,Buena,,Sin Semáforo
59879,OBSERVATORIO VIAL,2019-08-07,9:30:00,CORRIENTES,18,CAPITAL,21,CORRIENTES,Urbana,Calle,YRIGOYEN,2000,,,-2.746.974,-5.882.547,1,1,0,2,0,Colisión entre vehículos,Colisión entre vehículos,S/D,,Alcance,2,Recta,,,,,Asfalto,,Apto,,,Ninguna,,,,No,No,,,,Sin Restricción,Despejado,Buena,,Sin Semáforo
54495,OBSERVATORIO VIAL,2019-08-07,17:15:00,CORRIENTES,18,CAPITAL,21,CORRIENTES,Urbana,Avenida,AV LA PAZ,2100,VIEDMA,,-2.748.845,-5.882.569,1,2,0,2,0,Colisión entre vehículos,Colisión entre vehículos,S/D,,Lateral,2,Recta,Intersección / cruce,,NO,,Asfalto,,Apto,Seca,,,,,,No,No,No,Atardecer,SI,,Despejado,Buena,,Sin Semáforo
64183,OBSERVATORIO VIAL,2019-08-07,13:00:00,CORRIENTES,18,CAPITAL,21,CORRIENTES,Urbana,Avenida,ARMENIA,4032,LOS TILOS,,-2.746.918,-5.880.033,1,1,0,2,0,Colisión entre vehículos,Colisión entre vehículos,S/D,,Alcance,2,Recta,Intersección / cruce,,NO,,Asfalto,,Apto,Seca,,,,,,No,No,No,Día,NO,,Despejado,Buena,,
49224,OBSERVATORIO VIAL,2019-08-07,8:24:00,CORRIENTES,18,CAPITAL,21,CORRIENTES,Urbana,Calle,AV CHACABUCO,1700,ÑAEMBE,,-2.747.967,-5.881.490,2,0,0,2,0,"Choque, Colisión entre vehículos",Colisión entre vehículos,S/D,,"Angulo, En calzada",2,Recta,Intersección / cruce,,NO,,Asfalto,,Apto,Seca,,Barrera de Hormigón,,,,No,No,No,Día,NO,Sin Restricción,Despejado,Buena,,Sin Semáforo
64878,OBSERVATORIO VIAL,2019-08-07,9:00:00,CORRIENTES,18,CAPITAL,21,CORRIENTES,Urbana,Calle,BOLIVAR,1680,PARAGUAY,,-2.747.188,-5.882.691,2,0,0,2,0,Colisión entre vehículos,Colisión entre vehículos,S/D,,,2,Recta,Intersección / cruce,,NO,,Hormigón,,Apto,Seca,,Ninguna,,,,No,No,No,Día,NO,Sin Restricción,Despejado,Buena,,Sin Semáforo
67485,OBSERVATORIO VIAL,2019-08-06,23:20:00,CORRIENTES,18,CAPITAL,21,CORRIENTES,Urbana,Avenida,AV GDOR RUIZ,2879,,,-2.746.749,-5.881.324,1,1,0,2,0,Colisión entre vehículos,Colisión entre vehículos,S/D,,,2,Recta,,,NO,,Asfalto,,Apto,Seca,,Ninguna,,,,Si,S/D,S/D,Noche,SI,Sin Restricción,Despejado,Buena,,Funciona
49202,OBSERVATORIO VIAL,2019-08-06,11:30:00,CORRIENTES,18,CAPITAL,21,CORRIENTES,Urbana,Calle,LA RIOJA,500,25 DE mayo,,-2.746.410,-5.883.776,1,1,0,2,0,Colisión entre vehículos,Colisión entre vehículos,S/D,,Angulo,2,Recta,Intersección / cruce,,NO,,Asfalto,,Apto,Seca,,,,,,Si,No,No,Día,NO,Sin Restricción,,Buena,,Sin Semáforo
49552,OBSERVATORIO VIAL,2019-08-06,19:30:00,CORRIENTES,18,CAPITAL,21,CORRIENTES,Urbana,Calle,BRASIL,1080,,,-2.747.074,-5.882.440,1,1,0,2,0,Colisión entre vehículos,Colisión entre vehículos,S/D,,Alcance,2,Recta,Intersección / cruce,,NO,,Asfalto,,Apto,Seca,,Ninguna,,,,No,No,No,Noche,SI,Sin Restricción,Despejado,Buena,,Sin Semáforo
56640,OBSERVATORIO VIAL,2019-08-05,10:00:00,CORRIENTES,18,CAPITAL,21,CORRIENTES,Urbana,Avenida,AVENIDA 3 DE ABRIL,1280,CORDOBA,,-2.747.603,-5.883.552,0,2,0,1,1,Atropello a peatón/es,Atropello a peatón/es,S/D,,,2,Recta,Intersección / cruce,,NO,,Hormigón,,Apto,Seca,,Ninguna,,,,,,,Día,NO,Sin Restricción,Despejado,Buena,,Funciona
49250,OBSERVATORIO VIAL,2019-08-05,12:45:00,CORRIENTES,18,CAPITAL,21,CORRIENTES,Urbana,Avenida,AV LIBERTAD,5100,LAPRIDA,,-2.746.599,-5.878.740,1,1,0,2,0,Colisión entre vehículos,Colisión entre vehículos,S/D,,,2,Recta,Intersección / cruce,,NO,,Asfalto,,Apto,"Despejada, Seca",,Barrera de Alto Impacto,,,,Si,Si,No,Día,NO,,Despejado,Buena,,Funciona
49351,OBSERVATORIO VIAL,2019-08-05,13:35:00,CORRIENTES,18,CAPITAL,21,CORRIENTES,Urbana,Calle,CARLOS PELLEGRINI,400,ENTRE RIOS,,-2.746.468,-5.884.419,2,0,0,2,0,Colisión entre vehículos,Colisión entre vehículos,S/D,,Angulo,2,Recta,,,NO,,Asfalto,,Apto,Seca,,Ninguna,,,,,,,Día,NO,Sin Restricción,Despejado,Buena,,Sin Semáforo
58988,OBSERVATORIO VIAL,2019-08-05,19:20:00,CORRIENTES,18,CAPITAL,21,CORRIENTES,Urbana,Calle,GDOR. PUJOL,1850,PARAGUAY,JUJUY,-2.746.324,-5.882.667,3,0,0,3,0,Colisión entre vehículos,Colisión entre vehículos,S/D,,Alcance,3,Recta,,,NO,,Hormigón,,Apto,Seca,,Ninguna,,,,S/D,S/D,S/D,Día,NO,Sin Restricción,Despejado,Buena,,Sin Semáforo
68872,OBS VIAL,2019-08-05,1:30:00,CORRIENTES,18,CAPITAL,21,CORRIENTES,Urbana,Calle,MENDOZA,1.600,LAVALLE,,-2.748.421,-5.883.719,1,1,0,2,0,Colisión entre vehículos,Colisión entre vehículos,S/D,,Angulo,2,Curva,Intersección / cruce,,NO,,Hormigón,,Apto,"Despejada, Seca",,Ninguna,,,,Si,S/D,S/D,Noche,SI,,Nublado,Buena,,Sin Semáforo
49211,OBSERVATORIO VIAL,2019-08-04,6:00:00,CORRIENTES,18,CAPITAL,21,CORRIENTES,Urbana,Ruta Provincial,RUTA PROVINCIAL N° 5,400,,,-2.748.478,-5.877.690,0,1,0,1,0,Caída desde vehículo,Caída desde vehículo,S/D,,,1,Curva,,RECTA,NO,,Asfalto,,Apto,"Despejada, Seca",,Ninguna,,,,S/D,S/D,S/D,Día,,Sin Restricción,Despejado,Buena,,Sin Semáforo
49520,OBSERVATORIO VIAL,2019-08-03,10:40:00,CORRIENTES,18,CAPITAL,21,CORRIENTES,Urbana,Avenida,AVENIDA PUJOL,800,AVENIDA GDOR RUIZ,,-2.746.645,-5.882.196,1,1,0,2,0,Colisión entre vehículos,Colisión entre vehículos,S/D,,Angulo,2,Curva,Intersección / cruce,,NO,,Asfalto,,Apto,Seca,,,,,,Si,No,No,Día,NO,Sin Restricción,Despejado,Buena,,Sin Semáforo
49553,OBSERVATORIO VIAL,2019-08-03,9:50:00,CORRIENTES,18,CAPITAL,21,CORRIENTES,Urbana,Calle,YOFRE,2700,LOS CONDORES,,-2.750.159,-5.881.205,1,2,0,2,0,Colisión entre vehículos,Colisión entre vehículos,S/D,,Angulo,2,Recta,Intersección / cruce,,NO,,Hormigón,,Apto,Seca,,Ninguna,,,,S/D,S/D,S/D,Día,NO,Sin Restricción,Despejado,Buena,,Sin Semáforo
58540,OBSERVATORIO VIAL,2019-08-03,14:37:00,CORRIENTES,18,CAPITAL,21,CORRIENTES,Urbana,Avenida,ARMENIA,4798,,MONTEAGUDO,-2.746.693,-5.879.077,1,1,0,2,0,Colisión entre vehículos,Colisión entre vehículos,S/D,,,2,Recta,Intersección / cruce,,NO,,Asfalto,,Apto,Seca,,Ninguna,,,,S/D,S/D,S/D,Día,NO,Sin Restricción,Despejado,,,Sin Semáforo
58992,OBSERVATORIO VIAL,2019-08-03,8:30:00,CORRIENTES,18,CAPITAL,21,CORRIENTES,Urbana,Avenida,ARMENIA,3000,,,-2.746.746,-5.881.183,1,1,0,2,0,Colisión entre vehículos,Colisión entre vehículos,S/D,,Rozamiento,2,Recta,Intersección / cruce,,NO,,Asfalto,,Apto,Seca,,Cordón Divisorio,,,,Si,Si,Si,Día,NO,Sin Restricción,Despejado,Buena,,Funciona
49268,0BSERVATORIO VIAL,2019-08-03,18:27:00,CORRIENTES,18,CAPITAL,21,CORRIENTES,Urbana,Calle,F J DE LA QUINTANA,1641,,,-2.746.359,-5.882.951,3,0,0,3,0,Colisión entre vehículos,Colisión entre vehículos,S/D,,Alcance,3,Recta,,RECTA,NO,,Asfalto,,,Seca,,Ninguna,,,,S/D,S/D,S/D,Atardecer,NO,Sin Restricción,Despejado,Buena,,Sin Semáforo
49599,OBSERVATORIO VIAL,2019-08-01,9:20:00,CORRIENTES,18,CAPITAL,21,CORRIENTES,Urbana,Calle,MADARIAGA,800,GOBERNADOR CASTILLO,,-2.748.234,-5.884.270,0,2,0,2,0,"Colisión entre vehículos, Despiste",Colisión entre vehículos,Si,,Angulo,2,Recta,Intersección / cruce,,NO,,Tierra,,Baches,Seca,,Ninguna,,,,S/D,S/D,S/D,Día,NO,Sin Restricción,Despejado,Buena,,Sin Semáforo
53785,OBSERVATORIO VIAL,2019-08-01,23:45:00,CORRIENTES,18,CAPITAL,21,CORRIENTES,Urbana,Avenida,AVENIDA CHACABUCO,2100,LAMADRID,,-2.748.406,-5.881.591,1,1,0,2,0,Colisión entre vehículos,Colisión entre vehículos,S/D,,Angulo,2,Recta,Intersección / cruce,,NO,,Hormigón,,Apto,Mojada,,,,,,No,No,No,Noche,SI,,Lluvia,Lluvia,,Sin Semáforo
49335,OBSERVATORIO VIAL,2019-07-30,9:30:00,CORRIENTES,18,CAPITAL,21,CORRIENTES,Urbana,Calle,JUNIN,1990,,,-2.746.870,-5.882.555,2,0,0,2,0,Colisión entre vehículos,Colisión entre vehículos,S/D,,Alcance,2,Recta,Intersección / cruce,,NO,,Asfalto,,Apto,,,Ninguna,,,,S/D,S/D,S/D,Día,NO,,Despejado,Buena,,Sin Semáforo
49496,OBSERVATORIO VIAL,2019-07-29,8:15:00,CORRIENTES,18,CAPITAL,21,CORRIENTES,Urbana,Avenida,AV 3 DE ABRIL,100,BAJADA DEL PUENTE,,-2.747.426,-5.884.979,1,0,0,1,0,"Despiste, Vuelco (solo 1 participante)",Vuelco (solo 1 participante),Si,,,1,Curva,Puente,BAJADA DEL PUENTE,NO,,Hormigón,,Apto,Seca,,Ninguna,,,,No,No,No,Día,SI,Sin Restricción,Despejado,Buena,,Sin Semáforo
49472,OBSERVATORIO VIAL,2019-07-26,8:10:00,CORRIENTES,18,CAPITAL,21,CORRIENTES,Urbana,Avenida,AVENIDA MAIPU,1700,ASUNCION,,-2.749.118,-5.881.981,1,1,0,2,0,Colisión entre vehículos,Colisión entre vehículos,S/D,,Alcance,2,Recta,Intersección / cruce,,NO,,Asfalto,,Apto,Seca,,Ninguna,,,,Si,Si,No,Día,NO,Sin Restricción,Despejado,Buena,,Funciona
67697,OBSERVATORIO VIAL,2019-07-26,8:40:00,CORRIENTES,18,CAPITAL,21,CORRIENTES,Urbana,Calle,25 DE mayo,1400,CATAMARCA,,-2.746.463,-5.883.270,2,1,0,2,0,Colisión entre vehículos,Colisión entre vehículos,S/D,,Angulo,2,Recta,Intersección / cruce,,NO,,,,Apto,Seca,,Ninguna,,,,Si,Si,S/D,Día,NO,Sin Restricción,Despejado,Buena,,Sin Semáforo
49549,OBSERVATORIO VIAL,2019-07-25,15:20:00,CORRIENTES,18,CAPITAL,21,CORRIENTES,Urbana,Calle,MEDRANO,1900,NECOCHEA,,-2.748.431,-5.879.892,1,2,0,2,0,Colisión entre vehículos,Colisión entre vehículos,S/D,,Angulo,2,Recta,Intersección / cruce,,NO,,Hormigón,,Apto,Seca,,Ninguna,,,,S/D,S/D,S/D,Día,NO,Sin Restricción,Nublado,Buena,,Sin Semáforo
53873,OBSERVATORIO VIAL,2019-07-25,11:15:00,CORRIENTES,18,CAPITAL,21,CORRIENTES,Urbana,Avenida,AVENIDA PRESIDENTE PERON,5900,TRENTO,,-2.749.038,-5.878.012,2,0,0,2,0,Colisión entre vehículos,Colisión entre vehículos,S/D,,Angulo,2,Recta,,,NO,,Hormigón,,Apto,Seca,,Ninguna,,,,S/D,S/D,S/D,Día,NO,Sin Restricción,Despejado,Buena,,Sin Semáforo
68787,Dto. de Observatorio Vial,2019-07-24,19:30:00,CORRIENTES,18,CAPITAL,21,CORRIENTES,Urbana,Calle,9 DE julio,1900,URUGUAY,,,,1,1,0,2,0,Colisión entre vehículos,Colisión entre vehículos,S/D,,Angulo,2,Recta,Intersección / cruce,,SI,,Asfalto,,Apto,Seca,,Ninguna,,,,,,,Atardecer,NO,Sin Restricción,Despejado,Buena,,Sin Semáforo
49215,OBSERVATORIO VIAL,2019-07-24,9:40:00,CORRIENTES,18,CAPITAL,21,CORRIENTES,Urbana,Calle,ESPAÑA,700,9 DE julio,,-2.746.698,-5.882.913,1,1,0,2,0,Colisión entre vehículos,Colisión entre vehículos,S/D,,Angulo,2,Recta,Intersección / cruce,,NO,,Asfalto,,Apto,Seca,,Ninguna,,,,No,No,No,Día,NO,Sin Restricción,Despejado,Buena,,Sin Semáforo
49231,OBSERVATORIO VIAL,2019-07-24,15:00:00,CORRIENTES,18,CAPITAL,21,CORRIENTES,Urbana,Avenida,RAUL ALFONSIN,4800,,SAENZ,-2.747.621,-5.879.252,2,1,0,3,0,Colisión entre vehículos,Colisión entre vehículos,S/D,,,3,Recta,Intersección / cruce,,NO,,Hormigón,,Apto,Seca,,Ninguna,,,,No,No,No,Día,NO,,Despejado,Buena,,Sin Semáforo
49286,OBSERVATORIO VIAL,2019-07-23,7:15:00,CORRIENTES,18,CAPITAL,21,CORRIENTES,Urbana,Avenida,AV PUJOL,2200,JUAN PAMPIN,,-2.746.634,-5.882.202,1,1,0,2,0,"Choque, Colisión entre vehículos",Colisión entre vehículos,S/D,,En calzada,2,Curva,Intersección / cruce,,NO,,Asfalto,,Apto,Seca,,Ninguna,,,,S/D,S/D,S/D,Día,NO,Sin Restricción,Despejado,Buena,,Sin Semáforo
49296,OBSERVATORIO VIAL,2019-07-23,9:00:00,CORRIENTES,18,CAPITAL,21,CORRIENTES,Urbana,Avenida,MAIPU,1500,NUESTRA SEÑORA DE LA ASUNCION,,-2.749.124,-5.881.985,0,2,0,1,0,Despiste,Despiste,Si,,,1,Recta,Intersección / cruce,,NO,,Asfalto,,Apto,"Despejada, Seca",,Cordón Divisorio,,,,,,,Día,NO,Sin Restricción,Despejado,Buena,,Funciona
49358,OBSERVATORIO VIAL,2019-07-22,2:35:00,CORRIENTES,18,CAPITAL,21,CORRIENTES,Urbana,Avenida,AVENIDA ARTIGAS,1200,BELGRANO,,-2.747.382,-5.881.908,1,1,0,2,0,Colisión entre vehículos,Colisión entre vehículos,S/D,,Rozamiento,2,Recta,Intersección / cruce,,NO,,Asfalto,,Apto,,,,,,,,,,Noche,SI,Sin Restricción,Despejado,Buena,,Intermitente
64181,OBSERVATORIO VIAL,2019-07-22,15:50:00,CORRIENTES,18,CAPITAL,21,CORRIENTES,Urbana,Avenida,TRES DE ABRIL,500,ENTRE RIOS,,-2.747.467,-5.884.479,2,1,0,2,0,Colisión entre vehículos,Colisión entre vehículos,S/D,,Lateral,2,Recta,Intersección / cruce,,NO,,Hormigón,,Apto,Seca,,Ninguna,,,,Si,Si,No,Día,NO,Sin Restricción,Despejado,Buena,,Funciona
49417,OBSERVATORIO VIAL,2019-07-21,15:20:00,CORRIENTES,18,CAPITAL,21,CORRIENTES,Urbana,Avenida,AVENIDA CHACABUCO,2100,,,-2.748.299,-5.881.557,0,1,0,1,0,Caída desde vehículo,Caída desde vehículo,S/D,,,1,Recta,,EN CALZADA,NO,,Asfalto,,Apto,"Despejada, Seca",,,,,,No,No,No,Día,NO,Sin Restricción,Despejado,Buena,,No Funciona
49369,OBSERVATORIO VIAL,2019-07-21,23:30:00,CORRIENTES,18,CAPITAL,21,CORRIENTES,Urbana,Avenida,AV RAUL RICARDO ALFONSIN,4800,,,-2.747.611,-5.879.246,0,1,0,1,0,"Caída desde vehículo, Despiste",Despiste,Si,,,1,Recta,Fuera de calzada,,NO,,Hormigón,,Apto,Seca,,Ninguna,,,,S/D,S/D,S/D,Noche,NO,,Despejado,,FALTA ALUMBRADO,Sin Semáforo
49606,OBSERVATORIO VIAL,2019-07-20,23:00:00,CORRIENTES,18,CAPITAL,21,CORRIENTES,Urbana,Avenida,AV CHACABUCO,1600,AV FERRE BANDA SUR,,-2.747.864,-5.881.480,0,1,0,1,0,Colisión entre vehículos,Colisión entre vehículos,S/D,,,1,Recta,Intersección / cruce,,NO,,Asfalto,,Apto,Seca,,Ninguna,,,,Si,S/D,S/D,Noche,SI,Sin Restricción,Despejado,Buena,,Sin Semáforo
53206,OBSERVATORIO VIAL,2019-07-19,20:15:00,CORRIENTES,18,CAPITAL,21,CORRIENTES,Urbana,Avenida,AVENIDA TENIENTE IBAÑEZ,1900,,,-2.748.440,-5.882.926,1,1,0,2,0,Colisión entre vehículos,Colisión entre vehículos,S/D,,,2,Curva,,RECTA,NO,,Hormigón,,Apto,Seca,,Ninguna,,,,Si,S/D,S/D,Noche,SI,Sin Restricción,Despejado,Buena,,Sin Semáforo
64882,OBSERVATORIO VIAL,2019-07-19,10:30:00,CORRIENTES,18,CAPITAL,21,CORRIENTES,Urbana,Avenida,AV 3 DE ABRIL,800,BUENOS AIRES,,-2.747.503,-5.884.115,0,1,0,1,0,"Despiste, Vuelco (solo 1 participante)",Vuelco (solo 1 participante),Si,,,1,Recta,Intersección / cruce,,NO,,Hormigón,,Apto,Seca,,Cordón Divisorio,,,,No,No,No,Día,NO,Sin Restricción,Despejado,Buena,,Sin Semáforo
49345,OBSERVATORIO VIAL,2019-07-19,17:00:00,CORRIENTES,18,CAPITAL,21,CORRIENTES,Urbana,Calle,PLACIDO MARTINEZ,900,,,-2.746.183,-5.883.873,2,1,0,3,0,Colisión entre vehículos,Colisión entre vehículos,S/D,,Alcance,3,Recta,,MITAD DE CUADRA,NO,,Hormigón,,Apto,"Despejada, Seca",,Ninguna,,,,Si,Si,No,Día,NO,Sin Restricción,Despejado,Buena,,Funciona
49605,OBSERVATORIO VIAL,2019-07-19,10:40:00,CORRIENTES,18,CAPITAL,21,CORRIENTES,Urbana,Calle,YRIGOYEN,2500,ITUZAINGO,,-2.747.038,-5.881.900,1,2,0,2,0,Colisión entre vehículos,Colisión entre vehículos,S/D,,Angulo,2,Recta,Intersección / cruce,,NO,,Asfalto,,Apto,Mojada,,,,,,Si,No,No,,NO,Sin Restricción,Lluvia,Lluvia,,Sin Semáforo
49535,OBSERVATORIO VIAL,2019-07-17,12:10:00,CORRIENTES,18,CAPITAL,21,CORRIENTES,Urbana,Calle,ESPAÑA,|1200,BOLIVAR,,-2.747.161,-5.882.962,2,0,0,2,0,Colisión entre vehículos,Colisión entre vehículos,S/D,,Alcance,2,Recta,Intersección / cruce,,NO,,Asfalto,,Apto,Mojada,,Ninguna,,,,Si,Si,No,Día,NO,Sin Restricción,Lluvia,Lluvia,,Sin Semáforo
54594,OBSERVATORIO VIAL,2019-07-15,12:15:00,CORRIENTES,18,CAPITAL,21,CORRIENTES,Urbana,Calle,SAN LORENZO,1100,BOLIVAR,,-2.747.136,-5.883.216,1,2,0,2,0,Colisión entre vehículos,Colisión entre vehículos,S/D,,Frontal,2,Recta,Intersección / cruce,,NO,,Asfalto,,Apto,Seca,,Ninguna,,,,Si,No,No,Día,NO,Sin Restricción,Despejado,Buena,,Sin Semáforo
55800,OBSERVATORIO VIAL,2019-07-15,8:00:00,CORRIENTES,18,CAPITAL,21,CORRIENTES,Urbana,Avenida,AVENIDA MAIPU,2900,TILCARA,,-2.750.201,-5.881.278,1,1,0,2,0,Colisión entre vehículos,Colisión entre vehículos,S/D,,Angulo,2,Recta,Intersección / cruce,,NO,,Hormigón,,Apto,Seca,,Cordón Divisorio,,,,No,No,No,Día,NO,Sin Restricción,Despejado,Buena,,Sin Semáforo
49282,OBSERVATORIO VIAL,2019-07-15,8:00:00,CORRIENTES,18,CAPITAL,21,CORRIENTES,Urbana,Avenida,AV PUJOL,1800,JUJUY,,-2.746.291,-5.882.729,3,0,0,3,0,"Choque, Colisión entre vehículos",Colisión entre vehículos,S/D,,"En calzada, Multiple",3,Recta,Intersección / cruce,,NO,,Asfalto,,Apto,Mojada,,Ninguna,,,,Si,Si,No,Día,NO,Sin Restricción,Nublado,Buena,,Funciona
67510,OBSERVATORIO VIAL,2019-07-14,9:10:00,CORRIENTES,18,CAPITAL,21,CORRIENTES,Urbana,Avenida,AV ARMENIA,4500,MARCOS SASTRE,,-2.746.758,-5.879.401,2,0,0,2,0,Colisión entre vehículos,Colisión entre vehículos,S/D,,,2,Recta,Intersección / cruce,,NO,,Asfalto,,Apto,"Despejada, Seca",,Ninguna,,,,S/D,S/D,S/D,Día,NO,Sin Restricción,Despejado,,,Sin Semáforo
68772,OBSERVATORIO VIAL,2019-07-14,7:32:00,CORRIENTES,18,CAPITAL,21,CORRIENTES,Urbana,Avenida,INDEPENDENCIA,4858,PEDRO ARAOZ,,-2.748.324,-5.879.250,2,0,0,2,0,Colisión entre vehículos,Colisión entre vehículos,S/D,,,2,Recta,Distribuidor / Intercambiador,,NO,,Hormigón,,Apto,Seca,,Ninguna,,,,No,No,,Amanecer,NO,Sin Restricción,Despejado,,,Sin Semáforo
49307,OBSERVATORIO VIAL,2019-07-14,16:45:00,CORRIENTES,18,CAPITAL,21,CORRIENTES,Urbana,Calle,AV MAIPU,1900,NUESTRA SEÑORA DE ASUNCION,,-2.749.120,-5.881.977,2,0,0,1,0,Colisión entre vehículos,Colisión entre vehículos,S/D,,,1,Recta,Intersección / cruce,,NO,,Hormigón,,Apto,"Despejada, Seca",,Ninguna,,,,Si,Si,No,Día,NO,Sin Restricción,Nublado,Buena,,Funciona
54768,OBSERVATORIO VIAL,2019-07-14,14:00:00,CORRIENTES,18,CAPITAL,21,CORRIENTES,Urbana,Calle,GOBERNADOR MARTINEZ,2800,COLOMBIA,,-2.746.925,-5.881.647,3,1,0,2,0,Colisión entre vehículos,Colisión entre vehículos,S/D,,Angulo,2,Recta,Intersección / cruce,,NO,,Hormigón,,Apto,Seca,,Ninguna,,,,Si,No,No,Día,NO,Sin Restricción,Despejado,Buena,,Sin Semáforo
57102,OBSERVATORIO VIAL,2019-07-13,10:05:00,CORRIENTES,18,CAPITAL,21,CORRIENTES,Urbana,Avenida,RAFAELA,3100,EL MAESTRO,,-2.749.723,-5.882.720,1,1,0,2,0,Colisión entre vehículos,Colisión entre vehículos,S/D,,Angulo,2,Recta,,,NO,,Hormigón,,Apto,Seca,,Cordón Divisorio,,,,Si,No,No,Día,NO,Sin Restricción,Despejado,Buena,,Sin Semáforo
49305,OBSERVATORIO VIAL,2019-07-13,9:15:00,CORRIENTES,18,CAPITAL,21,CORRIENTES,Urbana,Avenida,AV PUJOL,1700,AV VERA,,-2.746.140,-5.882.908,2,0,0,2,0,Colisión entre vehículos,Colisión entre vehículos,S/D,,Alcance,2,Recta,Intersección / cruce,,NO,,Hormigón,,Apto,Seca,,,,,,Si,Si,,Día,NO,Sin Restricción,Despejado,Buena,,Sin Semáforo
49455,OBSERVATORIO VIAL,2019-07-13,7:30:00,CORRIENTES,18,CAPITAL,21,CORRIENTES,Urbana,Avenida,AV ARTIGAS,1100,BOLIVAR,,-2.747.160,-5.881.863,2,0,0,2,0,Colisión entre vehículos,Colisión entre vehículos,S/D,,,2,Recta,Intersección / cruce,,NO,,Hormigón,,Apto,,,Ninguna,,,,Si,Si,No,Amanecer,NO,Sin Restricción,Despejado,,,Sin Semáforo
49252,OBSERVATORIO VIAL,2019-07-13,7:00:00,CORRIENTES,18,CAPITAL,21,CORRIENTES,Urbana,Avenida,AV. FERRE,1700,ESPAÑA,,-2.747.657,-5.883.019,1,1,0,2,0,Colisión entre vehículos,Colisión entre vehículos,S/D,,Frontal,2,Recta,Intersección / cruce,,NO,,Hormigón,,Apto,Seca,,,,,,Si,Si,No,Día,NO,Sin Restricción,Despejado,Buena,,Funciona
49586,OBSERVATORIO VIAL,2019-07-12,7:40:00,CORRIENTES,18,CAPITAL,21,CORRIENTES,Urbana,Calle,H YRIGOYEN,2495,ITUZAINGO,,-2.747.037,-5.881.901,2,0,0,2,0,Colisión entre vehículos,Colisión entre vehículos,S/D,,Angulo,2,Recta,Intersección / cruce,,NO,,Asfalto,,Apto,Seca,,Ninguna,,,,No,No,No,Día,NO,Sin Restricción,Despejado,Buena,,Sin Semáforo
59870,OBSERVATORIO VIAL,2019-07-11,6:15:00,CORRIENTES,18,CAPITAL,21,CORRIENTES,Urbana,Avenida,PAISANDU,2200,COSQUIN,,-2.749.472,-5.882.472,1,0,0,1,0,Choque,Choque,S/D,,Columna,1,Recta,Intersección / cruce,,NO,,Hormigón,,Apto,Seca,,Cordón Divisorio,,,,S/D,S/D,S/D,Día,NO,Sin Restricción,Despejado,Buena,,Sin Semáforo
49325,OBSERVATORIO VIAL,2019-07-11,0:20:00,CORRIENTES,18,CAPITAL,21,CORRIENTES,Urbana,Avenida,AVENIDA PATAGONIA,4200,MATIAS PIPET,,-2.749.154,-5.883.244,1,1,0,2,0,Colisión entre vehículos,Colisión entre vehículos,S/D,,Angulo,2,Recta,Intersección / cruce,,NO,,,,Apto,Seca,,Ninguna,,,,S/D,S/D,S/D,Noche,,Sin Restricción,Despejado,Buena,,Sin Semáforo
49459,OBSERVATORIO VIAL,2019-07-10,8:40:00,CORRIENTES,18,CAPITAL,21,CORRIENTES,Urbana,Avenida,AV FERRE,2200,ROCA,,-2.747.730,-5.882.368,2,0,0,2,0,Colisión entre vehículos,Colisión entre vehículos,S/D,,Angulo,2,Recta,Intersección / cruce,,NO,,Hormigón,,Apto,Seca,,,,,,S/D,S/D,S/D,Día,NO,Sin Restricción,Nublado,Buena,,Funciona
52268,OBSERVATORIO VIAL,2019-07-10,19:45:00,CORRIENTES,18,CAPITAL,21,CORRIENTES,Urbana,Avenida,AV PUJOL,2300,ROCA,,-2.746.711,-5.882.185,1,1,0,2,0,Colisión entre vehículos,Colisión entre vehículos,S/D,,,2,Curva,Intersección / cruce,,NO,,Hormigón,,Apto,Mojada,,Ninguna,,,,Si,Si,Si,Noche,SI,Sin Restricción,Lluvia,Lluvia,,Sin Semáforo
52272,OBSERVATORIO VIAL,2019-07-10,13:00:00,CORRIENTES,18,CAPITAL,21,CORRIENTES,Urbana,Calle,LAVALLE,2100,BRASIL,,-2.747.813,-5.882.519,0,1,0,1,0,Caída desde vehículo,Caída desde vehículo,S/D,,,1,Recta,Intersección / cruce,,,,Asfalto,,Apto,Despejada,,Ninguna,,,,S/D,S/D,S/D,Día,NO,Sin Restricción,Despejado,Buena,,Sin Semáforo
58476,OBSERVATORIO VIAL,2019-07-09,17:55:00,CORRIENTES,18,CAPITAL,21,CORRIENTES,Urbana,Calle,SAN MARTIN,1750,JUJUY,ESPAÑA,-2.747.059,-5.882.886,3,0,0,2,0,Colisión entre vehículos,Colisión entre vehículos,S/D,,Lateral,2,Recta,,,SI,,Asfalto,,Apto,Seca,,Cordón Divisorio,,,,S/D,S/D,S/D,Día,SI,Otro,Despejado,Buena,,Sin Semáforo
67477,OBSERVATORIO VIAL,2019-07-08,6:10:00,CORRIENTES,18,CAPITAL,21,CORRIENTES,Urbana,Avenida,AV MAIPU,3000,ASUNCION,,-2.749.124,-5.881.980,1,1,0,2,0,Colisión entre vehículos,Colisión entre vehículos,S/D,,,2,Curva,Intersección / cruce,,NO,,Asfalto,,Apto,Seca,,Ninguna,,,,S/D,S/D,S/D,Amanecer,NO,Sin Restricción,Despejado,,,Funciona
55224,OBSERVATORIO VIAL,2019-07-07,18:00:00,CORRIENTES,18,CAPITAL,21,CORRIENTES,Urbana,Calle,BRAILLE,1400,RESOAGLI,,-2.747.889,-5.880.429,1,1,0,2,0,Colisión entre vehículos,Colisión entre vehículos,S/D,,Angulo,2,Recta,Intersección / cruce,,NO,,Hormigón,,Apto,Seca,,Ninguna,,,,No,No,No,Día,NO,Sin Restricción,Despejado,Buena,,Sin Semáforo
56168,OBSERVATORIO VIAL,2019-07-07,8:10:00,CORRIENTES,18,CAPITAL,21,CORRIENTES,Urbana,Calle,MORENO,1300,SAN LUIS,,-2.747.266,-5.884.340,1,1,0,2,0,Colisión entre vehículos,Colisión entre vehículos,S/D,,Angulo,2,Recta,Intersección / cruce,,NO,,Asfalto,,Apto,Seca,,Ninguna,,,,Si,No,No,Día,NO,Sin Restricción,Despejado,Buena,,Sin Semáforo
59882,OBSERVATORIO VIAL,2019-07-06,9:00:00,CORRIENTES,18,CAPITAL,21,CORRIENTES,Urbana,Calle,SARMIENTO,2100,,,-2.748.249,-5.883.085,0,1,0,1,0,"Caída desde vehículo, Despiste",Despiste,Si,,,1,Recta,,,NO,,Asfalto,,Apto,Seca,,Cordón Divisorio,,,,No,No,No,Día,NO,Sin Restricción,Despejado,Buena,,Sin Semáforo
58986,OBSERVATORIO VIAL,2019-07-03,9:00:00,CORRIENTES,18,CAPITAL,21,CORRIENTES,Urbana,Calle,QUINTANA,1400,CATAMARCA,,-2.746.341,-5.883.254,1,1,0,2,0,Colisión entre vehículos,Colisión entre vehículos,S/D,,Angulo,2,Recta,Intersección / cruce,,NO,,Asfalto,,,Seca,,Ninguna,,,,No,,No,Día,NO,Sin Restricción,Despejado,Buena,,Sin Semáforo
68821,CORRIENTES,2019-07-03,18:30:00,CORRIENTES,18,CAPITAL,21,CORRIENTES,Urbana,Calle,RIVADAVIA,1400,SAN LORENZO,,,,1,1,0,2,0,Colisión entre vehículos,Colisión entre vehículos,S/D,,Angulo,2,Recta,Intersección / cruce,,NO,,Asfalto,,Apto,Despejada,,Ninguna,,,,S/D,S/D,S/D,Atardecer,NO,Sin Restricción,Despejado,Buena,,Sin Semáforo
49427,OBSERVATORIO VIAL,2019-07-03,6:40:00,CORRIENTES,18,CAPITAL,21,CORRIENTES,Urbana,Calle,ACONCAGUA,2400,LAS CANARIAS,,-2.749.851,-5.881.595,2,0,0,2,0,"Choque, Colisión entre vehículos",Colisión entre vehículos,S/D,,En calzada,2,Recta,Intersección / cruce,DESPUES DE LA ESQUINA,NO,,Hormigón,,Apto,Seca,,Ninguna,,,,No,No,No,Amanecer,SI,Sin Restricción,Despejado,,,Sin Semáforo
49483,OBSERVATORIO VIAL,2019-07-03,18:50:00,CORRIENTES,18,CAPITAL,21,CORRIENTES,Urbana,Avenida,AV RAUL R. ALFONSIN,4300,RIO JURAMENTO,,-2.747.504,-5.879.826,1,1,0,2,0,Colisión entre vehículos,Colisión entre vehículos,S/D,,,2,Recta,Intersección / cruce,,NO,,Asfalto,,,Mojada,,Cordón Divisorio,,,,Si,No,No,Noche,SI,Sin Restricción,Lluvia,Buena,,Sin Semáforo
68440,Observatorio Vial,2019-07-02,9:00:00,CORRIENTES,18,CAPITAL,21,CORRIENTES,Urbana,Calle,Lavalle,1800,,,-2.747.814,-5.882.517,1,1,0,2,0,Colisión entre vehículos,Colisión entre vehículos,S/D,,,2,Recta,Intersección / cruce,,NO,,Hormigón,,Apto,"Despejada, Seca",,,,,,No,No,No,Día,NO,Sin Restricción,Despejado,Buena,,
49311,OBSERVATORIO VIAL,2019-07-02,21:20:00,CORRIENTES,18,CAPITAL,21,CORRIENTES,Urbana,Avenida,AV TTE IBAÑEZ,500,,,-2.748.441,-5.884.698,1,1,0,1,1,Atropello a peatón/es,Atropello a peatón/es,S/D,,,2,Curva,Intersección / cruce,,NO,,Asfalto,,Apto,Seca,,Barrera de Hormigón,,,,S/D,S/D,S/D,Noche,SI,Sin Restricción,Despejado,Buena,,Sin Semáforo
49270,OBSERVATORIO VIAL,2019-07-02,7:30:00,CORRIENTES,18,CAPITAL,21,CORRIENTES,Urbana,Avenida,AV ASUNCION,2600,LARREA,,-2.748.884,-5.881.677,1,1,0,2,0,Colisión entre vehículos,Colisión entre vehículos,S/D,,,2,Recta,Intersección / cruce,,NO,,Asfalto,,Apto,Seca,,Ninguna,,,,No,No,No,Día,NO,Sin Restricción,Despejado,Buena,,Sin Semáforo
49431,OBSERVATORIO VIAL,2019-07-01,12:40:00,CORRIENTES,18,CAPITAL,21,CORRIENTES,Urbana,Calle,BELGRANO,1800,JUJUY,,-2.747.296,-5.882.845,3,0,0,2,0,Colisión entre vehículos,Colisión entre vehículos,S/D,,Angulo,2,Recta,Intersección / cruce,,NO,,Hormigón,,Apto,,,Ninguna,,,,No,No,No,Día,NO,Sin Restricción,Despejado,Buena,,Sin Semáforo
49348,OBSERVATORIO VIAL,2019-07-01,1:30:00,CORRIENTES,18,CAPITAL,21,CORRIENTES,Urbana,Avenida,AVENIDA ARMENIA,3500,CABO SANCHEZ,,-2.746.706,-5.880.818,2,0,0,2,0,Colisión entre vehículos,Colisión entre vehículos,S/D,,Rozamiento,2,Recta,Intersección / cruce,,NO,,Hormigón,,Apto,Seca,,Cordón Divisorio,,,,S/D,S/D,S/D,Noche,SI,Sin Restricción,Despejado,,,Sin Semáforo
59875,OBSERVATORIO VIAL,2019-07-01,7:00:00,CORRIENTES,18,CAPITAL,21,CORRIENTES,Urbana,Avenida,MEDRANO,2500,LARREA,,-2.749.134,-5.879.959,2,0,0,2,0,"Choque, Despiste",Choque,Si,,En calzada,2,Recta,,,NO,,Hormigón,,Apto,Seca,,Cordón Divisorio,,,,No,No,No,Día,NO,Sin Restricción,Despejado,Buena,,Sin Semáforo
67701,IBSERVATORIO VIAL,2019-07-01,12:45:00,CORRIENTES,18,CAPITAL,21,CORRIENTES,Urbana,Avenida,AV 3 DE ABRIL,1600,GUTEMBERG,,-2.747.656,-5.883.142,1,1,0,2,0,Colisión entre vehículos,Colisión entre vehículos,S/D,,Alcance,2,Recta,Intersección / cruce,,NO,,Asfalto,,Apto,Seca,,Ninguna,,,,S/D,S/D,S/D,Día,NO,Sin Restricción,Despejado,Buena,,Sin Semáforo
68801,CORRIENTES,2019-07-01,20:40:00,CORRIENTES,18,CAPITAL,21,CORRIENTES,Urbana,Calle,BELGRANO,2600,COLOMBIA,,,,2,0,0,2,0,Colisión entre vehículos,Colisión entre vehículos,S/D,,Angulo,2,Recta,Intersección / cruce,,NO,,Hormigón,,Apto,Seca,,Ninguna,,,,Si,,,Noche,SI,Sin Restricción,Despejado,Buena,,Sin Semáforo
49588,OBSERVATORIO VIAL,2019-07-01,19:20:00,CORRIENTES,18,CAPITAL,21,CORRIENTES,Urbana,Avenida,AV ARMENIA,4500,,,-2.746.817,-5.879.589,1,1,0,2,0,Colisión entre vehículos,Colisión entre vehículos,S/D,,Alcance,2,Recta,Intersección / cruce,,NO,,Hormigón,,Apto,Seca,,Ninguna,,,,S/D,S/D,S/D,Noche,SI,Sin Restricción,Despejado,Buena,,Sin Semáforo
62893,OBSERVATORIO VIAL,2019-07-01,8:05:00,CORRIENTES,18,CAPITAL,21,CORRIENTES,Urbana,Avenida,TRES DE ABRIL,500,ENTRE RIOS,,-2.747.465,-5.884.480,2,0,0,2,0,Colisión entre vehículos,Colisión entre vehículos,S/D,,Angulo,2,Recta,Intersección / cruce,,NO,,Hormigón,,Apto,Seca,,Ninguna,,,,Si,Si,No,Día,NO,Sin Restricción,Nublado,Buena,,Funciona
64185,OBSERVATORIO VIAL,2019-06-29,0:30:00,CORRIENTES,18,CAPITAL,21,CORRIENTES,Urbana,Avenida,COLON,2800,PSJE. LAS FLORES,,-2.748.905,-5.883.914,1,1,0,2,0,Colisión entre vehículos,Colisión entre vehículos,S/D,,Alcance,2,Recta,Intersección / cruce,,NO,,Hormigón,,Apto,,,Cordón Divisorio,,,,No,No,No,Noche,SI,Sin Restricción,Despejado,Buena,,Sin Semáforo
49532,OBSERVATORIO VIAL,2019-06-28,7:10:00,CORRIENTES,18,CAPITAL,21,CORRIENTES,Urbana,Avenida,AVENIDA TTE IBAÑEZ,2400,GUASTAVINO,,-2.748.463,-5.884.432,0,1,0,1,0,Caída desde vehículo,Caída desde vehículo,S/D,,,1,Recta,Intersección / cruce,,NO,,Hormigón,,Apto,Mojada,,,,,,Si,Si,No,Día,NO,Sin Restricción,Lluvia,Lluvia,,Sin Semáforo
53745,OBSERVATORIO VIAL,2019-06-28,10:30:00,CORRIENTES,18,CAPITAL,21,CORRIENTES,Urbana,Calle,CATAMARCA,1317,,,-2.747.270,-5.883.348,2,1,0,3,0,Colisión entre vehículos,Colisión entre vehículos,S/D,,"Alcance, Multiple",3,Recta,Intersección / cruce,,NO,,Asfalto,,Apto,Seca,,Ninguna,,,,No,No,No,Día,NO,Sin Restricción,Despejado,Buena,,Sin Semáforo
67509,OBSERVATORIO VIAL,2019-06-26,8:40:00,CORRIENTES,18,CAPITAL,21,CORRIENTES,Urbana,Calle,ESTADOS UNIDOS,900,GDOR MARTINEZ,,-2.746.963,-5.881.337,2,1,0,2,0,Colisión entre vehículos,Colisión entre vehículos,S/D,,,2,Recta,Intersección / cruce,,NO,,Hormigón,,Apto,Seca,,Ninguna,,,,Si,No,No,Día,NO,Sin Restricción,Despejado,Buena,,Sin Semáforo
49500,OBSERVATORIO VIAL,2019-06-26,9:24:00,CORRIENTES,18,CAPITAL,21,CORRIENTES,Urbana,Avenida,AVENIDA MAIPU,2200,HONDURAS,MADARIAGA,-2.748.254,-5.882.655,4,1,0,3,0,Colisión entre vehículos,Colisión entre vehículos,S/D,,"Alcance, Rozamiento",3,Recta,Intersección / cruce,,NO,,Asfalto,,Apto,Seca,,Barrera de Hormigón,,,,S/D,S/D,S/D,Día,NO,Sin Restricción,Despejado,,,Sin Semáforo
49269,OBSERVATORIO VIAL,2019-06-25,16:15:00,CORRIENTES,18,CAPITAL,21,CORRIENTES,Urbana,Avenida,AV ARMENIA,4850,MONTEAGUDO,JR FERNANDEZ,-2.746.673,-5.879.036,1,1,0,1,0,,,S/D,,,1,Recta,,RECTA,NO,,Hormigón,,Apto,Seca,,Cordón Divisorio,,,,No,No,No,Día,NO,Sin Restricción,,Buena,,Funciona
49350,OBSERVATORIO VIAL,2019-06-25,15:30:00,CORRIENTES,18,CAPITAL,21,CORRIENTES,Urbana,Calle,JOSE INGENIEROS,325,,,-2.746.200,-5.879.052,1,0,0,1,0,"Choque, Colisión entre vehículos",Colisión entre vehículos,S/D,,Arbol,1,Recta,,VEREDA,,,Tierra,,Apto,,,Ninguna,,,,No,No,No,Día,NO,Sin Restricción,Despejado,Buena,,Sin Semáforo
49609,OBSERVATORIO VIAL,2019-06-24,7:00:00,CORRIENTES,18,CAPITAL,21,CORRIENTES,Urbana,Calle,MORENO,1800,PARAGUAY,,-2.747.417,-5.882.726,1,1,0,2,0,Colisión entre vehículos,Colisión entre vehículos,S/D,,,2,Recta,Intersección / cruce,,NO,,Hormigón,,Apto,Seca,,Ninguna,,,,No,No,No,Amanecer,SI,Sin Restricción,Despejado,Buena,,Sin Semáforo
53920,OBSERVATORIO VIAL,2019-06-22,15:48:00,CORRIENTES,18,CAPITAL,21,CORRIENTES,Urbana,Avenida,AVENIDA MAIPU,500,FALUCHO,,-2.748.200,-5.882.677,4,0,0,3,0,Colisión entre vehículos,Colisión entre vehículos,S/D,,Alcance,3,Recta,Intersección / cruce,,NO,,Asfalto,,,Seca,,Cordón Divisorio,,,,Si,No,No,Día,NO,Sin Restricción,Despejado,Buena,,Sin Semáforo
49415,OBSERVATORIO VIAL,2019-06-21,21:20:00,CORRIENTES,18,CAPITAL,21,CORRIENTES,Urbana,Calle,BELGRANO,1300,COLOMBIA,,-2.747.397,-5.881.750,1,1,0,2,0,Colisión entre vehículos,Colisión entre vehículos,S/D,,Angulo,2,Recta,Intersección / cruce,,NO,,Asfalto,,Apto,Seca,,Ninguna,,,,S/D,S/D,S/D,Noche,NO,Sin Restricción,Despejado,Buena,,Sin Semáforo
68822,OBS VIAL,2019-06-21,13:35:00,CORRIENTES,18,CAPITAL,21,CORRIENTES,Urbana,Avenida,AV.INDEPENDENCIA,3300,JUAN J. PASO,,-2.747.919,-5.881.068,3,0,0,2,0,Colisión entre vehículos,Colisión entre vehículos,S/D,,Angulo,2,Recta,Intersección / cruce,,NO,,Hormigón,,Apto,Seca,,Cordón Divisorio,,,,Si,Si,No,Día,NO,Sin Restricción,Despejado,Buena,,Funciona
49245,OBSERVATORIO VIAL,2019-06-20,7:50:00,CORRIENTES,18,CAPITAL,21,CORRIENTES,Urbana,Avenida,MAIPÚ,3100,TUPUNGATO,LOS CHARRUAS,-2.750.064,-5.881.351,2,1,0,3,0,Colisión entre vehículos,Colisión entre vehículos,S/D,,Alcance,3,Recta,Intersección / cruce,,NO,,Asfalto,,Apto,"Despejada, Seca",,Cordón Divisorio,,,,,,,Día,NO,Sin Restricción,"Despejado, Viento",Buena,,
67475,OBSERVATORIO VIAL,2019-06-20,14:30:00,CORRIENTES,18,CAPITAL,21,CORRIENTES,Urbana,Calle,BOLIVAR,2189,BRASIL,ROCA,-2.747.223,-5.882.358,3,0,0,2,0,Colisión entre vehículos,Colisión entre vehículos,S/D,,,2,Recta,,RECTA,NO,,Hormigón,,Apto,Seca,,Ninguna,,,,No,No,No,Día,NO,Sin Restricción,Nublado,Buena,,Sin Semáforo
49396,OBSERVATORIO VIAL,2019-06-20,16:30:00,CORRIENTES,18,CAPITAL,21,CORRIENTES,Urbana,Avenida,AV 3 DE ABRIL,800,BUENOS AIRES,,-2.747.498,-5.884.117,2,0,0,2,0,Colisión entre vehículos,Colisión entre vehículos,S/D,,Angulo,2,Recta,Intersección / cruce,,NO,,Asfalto,,Apto,Seca,,Cordón Divisorio,,,,Si,No,No,Día,NO,Sin Restricción,Despejado,Buena,,Funciona
49488,OBSERVATORIO VIAL,2019-06-20,15:10:00,CORRIENTES,18,CAPITAL,21,CORRIENTES,Urbana,Avenida,AV RIO CHICO,5700,LAS MARGARITAS,,-2.746.061,-5.877.748,1,3,0,2,0,Colisión entre vehículos,Colisión entre vehículos,S/D,,,2,Recta,Intersección / cruce,,NO,,Asfalto,,Apto,"Despejada, Seca",,,PARTERRE,,,No,No,No,Día,NO,Sin Restricción,Despejado,Buena,,Sin Semáforo
49334,OBSERVATORIO VIAL,2019-06-18,9:00:00,CORRIENTES,18,CAPITAL,21,CORRIENTES,Urbana,Calle,CORDOBA,1300,MORENO,,-2.747.339,-5.883.507,2,0,0,2,0,Colisión entre vehículos,Colisión entre vehículos,S/D,,Angulo,2,Recta,Intersección / cruce,,NO,,Asfalto,,Apto,Seca,,Ninguna,,,,S/D,S/D,S/D,Día,NO,Sin Restricción,Despejado,Buena,,Sin Semáforo
49240,OBSERVATORIO VIAL,2019-06-17,17:50:00,CORRIENTES,18,CAPITAL,21,CORRIENTES,Urbana,Ruta Nacional,12,1035,,,-2.745.901,-5.876.493,1,2,0,2,0,Colisión entre vehículos,Colisión entre vehículos,S/D,,Alcance,2,Recta,,,NO,,Hormigón,,Apto,,,,,,,,,,Día,NO,Sin Restricción,Despejado,Buena,,
49531,OBSERVATORIO VIAL,2019-06-16,14:40:00,CORRIENTES,18,CAPITAL,21,CORRIENTES,Urbana,Avenida,AV. SARMIENTO,1800,TARAGUI,IBERA,-2.749.716,-5.883.269,4,0,0,3,0,Colisión entre vehículos,Colisión entre vehículos,S/D,,Alcance,3,Recta,Intersección / cruce,,NO,,Hormigón,,Apto,Seca,,Cordón Divisorio,,,,No,No,No,Día,NO,,Despejado,,,Sin Semáforo
49578,OBSERVATORIO VIAL,2019-06-16,12:30:00,CORRIENTES,18,CAPITAL,21,CORRIENTES,Urbana,Avenida,AVENIDA COSTANERA,600,SAN LUIS,,-2.746.215,-5.884.267,1,1,0,2,0,Colisión entre vehículos,Colisión entre vehículos,S/D,,Alcance,2,Recta,Intersección / cruce,,NO,,Hormigón,,Apto,Seca,,Cordón Divisorio,,,,Si,Si,No,Día,NO,Sin Restricción,Despejado,Buena,,Sin Semáforo
49273,OBSERVATORIO VIAL,2019-06-16,14:54:00,CORRIENTES,18,CAPITAL,21,CORRIENTES,Urbana,Avenida,MAIPU,539,,,-2.748.285,-5.882.607,2,0,0,2,0,Colisión entre vehículos,Colisión entre vehículos,S/D,,Angulo,2,Recta,,,NO,,Asfalto,,Apto,,,,,,,No,No,No,Día,NO,Sin Restricción,Despejado,Buena,,Sin Semáforo
49591,OBSERVATORIO VIAL,2019-06-16,6:31:00,CORRIENTES,18,CAPITAL,21,CORRIENTES,Urbana,Calle,CHILE,2800,LAVALLE,,-2.747.883,-5.881.737,1,1,0,2,0,Colisión entre vehículos,Colisión entre vehículos,S/D,,,2,Recta,Intersección / cruce,,NO,,Hormigón,,Apto,Seca,,Ninguna,,,,No,No,No,Amanecer,SI,,Nublado,Buena,,Sin Semáforo
53898,OBSERVATORIO VIAL,2019-06-14,12:20:00,CORRIENTES,18,CAPITAL,21,CORRIENTES,Urbana,Calle,SANA FE,1600,IRIGOYEN,,-2.746.925,-5.883.059,2,1,0,3,0,Colisión entre vehículos,Colisión entre vehículos,S/D,,Angulo,3,Recta,Intersección / cruce,,NO,,Asfalto,,Apto,Seca,,Ninguna,,,,Si,Si,No,Día,NO,Sin Restricción,Despejado,Buena,,Funciona
49518,OBSERVATORIO VIAL,2019-06-14,9:44:00,CORRIENTES,18,CAPITAL,21,CORRIENTES,Urbana,Calle,CATAMARCA,1400,MORENO,,-2.747.343,-5.883.377,1,1,0,2,0,Colisión entre vehículos,Colisión entre vehículos,S/D,,Angulo,2,Recta,Intersección / cruce,,NO,,Asfalto,,Apto,Seca,,Ninguna,,,,Si,Si,No,Día,NO,Sin Restricción,Despejado,Buena,,Sin Semáforo
55299,OBSERVATORIO VIAL,2019-06-14,6:20:00,CORRIENTES,18,CAPITAL,21,CORRIENTES,Urbana,Avenida,AVENIDA MAIPU,1300,PAULA DE ALBARRACIN,,-2.748.919,-5.882.118,1,1,0,2,0,Colisión entre vehículos,Colisión entre vehículos,S/D,,Angulo,2,Recta,Intersección / cruce,,NO,,Hormigón,,Apto,Seca,,Cordón Divisorio,,,,Si,Si,Si,Día,NO,Sin Restricción,Despejado,Buena,,Sin Semáforo
55682,OBSERVATORIO VIAL,2019-06-14,18:15:00,CORRIENTES,18,CAPITAL,21,CORRIENTES,Urbana,Calle,QUINTANA,2700,COLOMBIA,,-2.746.441,-5.881.672,1,2,0,2,0,Colisión entre vehículos,Colisión entre vehículos,S/D,,Angulo,2,Recta,Intersección / cruce,,NO,,Hormigón,,Apto,Seca,,Ninguna,,,,No,No,No,Día,,,Despejado,Buena,,Sin Semáforo
54457,OBSERVATORIO VIAL,2019-06-13,11:00:00,CORRIENTES,18,CAPITAL,21,CORRIENTES,Urbana,Avenida,AV J.R. VIDAL,2100,LA MADRID,,-2.748.233,-5.883.213,1,1,0,2,0,Colisión entre vehículos,Colisión entre vehículos,S/D,,Angulo,2,Recta,Intersección / cruce,,NO,,Hormigón,,Apto,Seca,,Cordón Divisorio,,,,Si,No,No,Día,NO,Sin Restricción,Despejado,Buena,,Sin Semáforo
64180,OBSERVATORIO VIAL,2019-06-13,14:25:00,CORRIENTES,18,CAPITAL,21,CORRIENTES,Urbana,Calle,CORDOBA,1600,LAVALLE,,-2.747.726,-5.883.526,2,0,0,2,0,Colisión entre vehículos,Colisión entre vehículos,S/D,,Angulo,2,Recta,Intersección / cruce,,,,Asfalto,,Apto,Seca,,Ninguna,,,,No,No,,Día,NO,Sin Restricción,Despejado,Buena,,Sin Semáforo
49534,OBSERVATORIO VIAL,2019-06-13,9:00:00,CORRIENTES,18,CAPITAL,21,CORRIENTES,Urbana,Avenida,AVENIDA FERRE,2900,BOLIVIA,,-2.747.835,-5.881.597,3,0,0,3,0,Colisión entre vehículos,Colisión entre vehículos,S/D,,Alcance,3,Curva,Intersección / cruce,,NO,,Hormigón,,Apto,Mojada,,Cordón Divisorio,,,,Si,Si,No,Día,NO,Sin Restricción,Lluvia,Lluvia,,Sin Semáforo
49542,OBSERVATORIO VIAL,2019-06-13,16:10:00,CORRIENTES,18,CAPITAL,21,CORRIENTES,Urbana,Avenida,AVENIDA JUAN DE VERA,300,MENDOZA,,-2.746.118,-5.883.492,3,0,0,3,0,Colisión entre vehículos,Colisión entre vehículos,S/D,,Alcance,3,Recta,Intersección / cruce,,NO,,Hormigón,,Apto,Seca,,Ninguna,,,,Si,No,No,Día,NO,Sin Restricción,Despejado,Buena,,Sin Semáforo
49365,OBSERVATORIO VIAL,2019-06-13,16:40:00,CORRIENTES,18,CAPITAL,21,CORRIENTES,Urbana,Avenida,AVENIDA FERRE,1600,SANTA FE,,-2.747.637,-5.883.144,1,1,0,1,1,Colisión entre vehículos,Colisión entre vehículos,S/D,,Rozamiento,2,Recta,,,,,,,,,,,,,,,,,,,,,,,
49380,OBSERVATORIO VIAL,2019-06-12,10:50:00,CORRIENTES,18,CAPITAL,21,CORRIENTES,Urbana,Avenida,AVENIDA PUJOL,2400,VELEZ SARSFIELD,,-2.746.662,-5.881.938,1,2,0,2,0,Colisión entre vehículos,Colisión entre vehículos,S/D,,Rozamiento,2,Recta,,MITAD DE CUADRA,NO,,Hormigón,,Apto,Seca,,Vegetación,,,,Si,No,No,Día,NO,Sin Restricción,Despejado,Buena,,Sin Semáforo
56780,OBSERVATORIO VIAL,2019-06-12,6:00:00,CORRIENTES,18,CAPITAL,21,CORRIENTES,Urbana,Avenida,AV LIBERTAD,5220,AV LA PRIDA,,-2.746.589,-5.878.694,2,0,0,1,0,"Despiste, Vuelco (solo 1 participante)",Vuelco (solo 1 participante),Si,,,1,Recta,Intersección / cruce,,,,Asfalto,,Apto,Seca,,Ninguna,,,,Si,Si,Si,Amanecer,SI,Sin Restricción,Nublado,Buena,,Funciona
49315,OBSERVATORIO VIAL,2019-06-12,0:35:00,CORRIENTES,18,CAPITAL,21,CORRIENTES,Urbana,Calle,ESTADOS UNIDOS,2900,BELGRANO,,-2.747.428,-5.881.484,1,1,0,2,0,Colisión entre vehículos,Colisión entre vehículos,S/D,,Frontal,2,Recta,,,NO,,Asfalto,,Apto,Seca,,Ninguna,,,,No,No,No,Noche,SI,Sin Restricción,Despejado,Buena,,Sin Semáforo
52254,OBSERVATORIO VIAL,2019-06-12,19:35:00,CORRIENTES,18,CAPITAL,21,CORRIENTES,Urbana,Avenida,AV MAIPU,600,AV TTE IBAÑEZ,,-2.748.315,-5.882.579,1,1,0,1,1,Atropello a peatón/es,Atropello a peatón/es,S/D,,,2,Recta,Intersección / cruce,,NO,,Asfalto,,Apto,Seca,,Ninguna,,,,Si,No,No,Noche,SI,Sin Restricción,Nublado,Buena,,Funciona
58983,OBSERVATORIO VIAL,2019-06-11,8:12:00,CORRIENTES,18,CAPITAL,21,CORRIENTES,Urbana,Calle,TACUARI,1700,LAVALLE,,-2.748.139,-5.880.667,1,1,0,1,0,"Caída desde vehículo, Despiste",Despiste,Si,,,1,Recta,Intersección / cruce,,NO,,Hormigón,,Apto,Seca,,Ninguna,,,,No,No,No,Día,NO,,Despejado,,,Sin Semáforo
49593,OBSERVATORIO VIAL,2019-06-11,15:37:00,CORRIENTES,18,CAPITAL,21,CORRIENTES,Urbana,Calle,CORDOBA,1500,RIVADAVIA,MORENO,-2.747.454,-5.883.522,2,0,0,2,0,Colisión entre vehículos,Colisión entre vehículos,S/D,,,2,Recta,,RECTA,NO,,Asfalto,,Apto,Seca,,,,,,No,No,No,Día,NO,Sin Restricción,Nublado,,,Sin Semáforo
53987,OBSERVATORIO VIAL,2019-06-10,16:05:00,CORRIENTES,18,CAPITAL,21,CORRIENTES,Urbana,Calle,BELGRANO,1200,ITUZAINGO,,-2.747.386,-5.881.964,2,0,0,2,0,Colisión entre vehículos,Colisión entre vehículos,S/D,,Angulo,2,Recta,Intersección / cruce,,NO,,Hormigón,,Apto,Seca,,Ninguna,,,,Si,No,No,Día,NO,Sin Restricción,Despejado,Buena,,Sin Semáforo
62876,OBSERVATORIO VIAL,2019-06-10,10:05:00,CORRIENTES,18,CAPITAL,21,CORRIENTES,Urbana,Calle,MURCIA,100,SICILIA,,-2.745.782,-5.878.713,0,1,0,1,0,"Caída desde vehículo, Vuelco (solo 1 participante)",Vuelco (solo 1 participante),S/D,,,1,Recta,,,NO,,Hormigón,,Apto,Seca,,Ninguna,,,,No,No,No,Día,NO,,Nublado,Buena,,Sin Semáforo
55688,OBSERVATORIO VIAL,2019-06-10,8:15:00,CORRIENTES,18,CAPITAL,21,CORRIENTES,Urbana,Calle,SAN MARTIN,1400,CATAMARCA,,-2.747.009,-5.883.329,1,1,0,2,0,Colisión entre vehículos,Colisión entre vehículos,S/D,,Frontal,2,Recta,Intersección / cruce,,NO,,Asfalto,,Apto,Mojada,,Ninguna,,,,S/D,S/D,S/D,Día,NO,Sin Restricción,Nublado,Buena,,Sin Semáforo
49600,OBSERVATORIO VIAL,2019-06-08,7:27:00,CORRIENTES,18,CAPITAL,21,CORRIENTES,Urbana,Calle,BRASIL,2100,MORENO,,-2.747.443,-5.882.471,2,1,0,2,0,Colisión entre vehículos,Colisión entre vehículos,S/D,,,2,Recta,Intersección / cruce,,NO,,Hormigón,,Apto,Seca,,Ninguna,,,,Si,No,No,Día,NO,Sin Restricción,Despejado,Buena,,Sin Semáforo
49510,OBSERVATORIO VIAL,2019-06-08,17:05:00,CORRIENTES,18,CAPITAL,21,CORRIENTES,Urbana,Calle,SAN MARTIN,2300,PERU,,-2.747.126,-5.882.181,1,1,0,2,0,Colisión entre vehículos,Colisión entre vehículos,S/D,,,2,Recta,Intersección / cruce,,NO,,Hormigón,,Apto,Mojada,,Ninguna,,,,Si,No,No,Día,NO,Sin Restricción,Lluvia,Buena,,Sin Semáforo
49530,OBSERVATORIO VIAL,2019-06-07,17:15:00,CORRIENTES,18,CAPITAL,21,CORRIENTES,Urbana,Calle,JOSE R. VIDAL,1800,GRAL PAZ,,-2.747.820,-5.883.810,1,2,0,2,0,Colisión entre vehículos,Colisión entre vehículos,S/D,,Angulo,2,Recta,,,NO,,Hormigón,,Apto,Seca,,Ninguna,,,,No,No,No,Atardecer,NO,,Despejado,Buena,,Sin Semáforo
56861,OBSERVTORIO VIAL,2019-06-07,15:15:00,CORRIENTES,18,CAPITAL,21,CORRIENTES,Urbana,Avenida,AVENIDA CAZADORES CORRENTINOS,5000,THAMES,,-2.748.829,-5.879.389,1,2,0,2,0,Colisión entre vehículos,Colisión entre vehículos,S/D,,Alcance,2,Recta,,,NO,,Hormigón,,Apto,Seca,,Ninguna,,,,Si,S/D,S/D,Día,NO,Sin Restricción,Nublado,Buena,,Sin Semáforo
62894,OBSERVATORIO     VIAL,2019-06-06,8:10:00,CORRIENTES,18,CAPITAL,21,CORRIENTES,Urbana,Calle,BROWN,2700,COLOMBIA,,-2.747.402,-5.881.753,2,1,0,2,0,Colisión entre vehículos,Colisión entre vehículos,S/D,,Angulo,2,Recta,Intersección / cruce,,NO,,Asfalto,,Apto,Seca,,Otro,,,,No,No,No,Día,NO,Sin Restricción,Nublado,Buena,,Sin Semáforo
49357,OBSERVATORIO VIAL,2019-06-06,23:00:00,CORRIENTES,18,CAPITAL,21,CORRIENTES,Urbana,Avenida,AVENIDA JUAN RAMON VIDAL,3000,LAMADRID,,-2.748.419,-5.881.563,2,0,0,2,0,Colisión entre vehículos,Colisión entre vehículos,S/D,,Frontal,2,Recta,Intersección / cruce,,NO,,Asfalto,,Apto,Seca,,Ninguna,,,,,,,Noche,SI,Sin Restricción,Despejado,Buena,,
49439,OBSERVATORIO VIAL,2019-06-06,11:15:00,CORRIENTES,18,CAPITAL,21,CORRIENTES,Urbana,Avenida,AVENIDA MAIPU,6000,,,-2.752.860,-5.879.428,2,4,0,2,0,"Colisión entre vehículos, Despiste",Colisión entre vehículos,Si,,,2,Recta,Intersección / cruce,,NO,,Asfalto,,Apto,Seca,,Cordón Divisorio,,,,S/D,S/D,S/D,Día,NO,,Despejado,Buena,,Sin Semáforo
53851,OBSERVATORIO VIAL,2019-06-06,11:30:00,CORRIENTES,18,CAPITAL,21,CORRIENTES,Urbana,Avenida,AV INDEPENDENCIA,4000,OBISPO NIELLA,,-2.748.017,-5.880.354,2,0,0,2,0,Colisión entre vehículos,Colisión entre vehículos,S/D,,Alcance,2,Recta,Intersección / cruce,,NO,,Hormigón,,Apto,Seca,,Ninguna,,,,Si,Si,No,Día,NO,Sin Restricción,Nublado,Buena,,Sin Semáforo
54458,OBSERVATORIO VIAL,2019-06-05,7:35:00,CORRIENTES,18,CAPITAL,21,CORRIENTES,Urbana,Avenida,AV VERA,1100,MENDOZA,,-2.746.119,-5.883.489,1,0,0,1,0,Choque,Choque,S/D,,Arbol,1,Recta,Intersección / cruce,,NO,,Asfalto,,Apto,Seca,,Ninguna,,,,No,No,No,Día,NO,Sin Restricción,Despejado,Buena,,Sin Semáforo
58322,OBSERVATORIO VIAL,2019-06-05,8:45:00,CORRIENTES,18,CAPITAL,21,CORRIENTES,Urbana,Avenida,AV INDEPENCIA,3500,,,,,0,1,0,1,0,Colisión entre vehículos,Colisión entre vehículos,S/D,,,1,Recta,Intersección / cruce,,NO,,Hormigón,,Apto,Seca,,Cordón Divisorio,,,,Si,No,No,Día,NO,Sin Restricción,Despejado,Buena,,Sin Semáforo
49492,OBSERVATORIO VIAL,2019-06-05,18:30:00,CORRIENTES,18,CAPITAL,21,CORRIENTES,Urbana,Avenida,AV SARMIENTO,2000,REPUBLICA DEL LIBANO,,-2.747.960,-5.883.046,1,1,0,2,0,Colisión entre vehículos,Colisión entre vehículos,S/D,,,2,Recta,Intersección / cruce,,NO,,Asfalto,,Apto,Seca,,Ninguna,,,,Si,No,No,Noche,,Sin Restricción,Nublado,Buena,,Sin Semáforo
49539,OBSERVATORIO VIAL,2019-06-04,9:30:00,CORRIENTES,18,CAPITAL,21,CORRIENTES,Urbana,Avenida,AVENIDA 3 DE ABRIL,1100,SAN JUAN,,-2.747.550,-5.883.757,1,1,0,2,0,Colisión entre vehículos,Colisión entre vehículos,S/D,,Alcance,2,Recta,Intersección / cruce,,NO,,Hormigón,,Apto,Seca,,Cordón Divisorio,,,,Si,Si,No,Día,NO,Sin Restricción,Despejado,Buena,,Funciona
49572,OBSERVATORIO VIAL,2019-06-04,22:35:00,CORRIENTES,18,CAPITAL,21,CORRIENTES,Urbana,Avenida,AVENIDA INDEPENDENCIA,4400,LAS PIEDRAS,,-2.748.079,-5.880.050,2,0,0,2,0,Colisión entre vehículos,Colisión entre vehículos,S/D,,Angulo,2,Recta,Intersección / cruce,,NO,,Hormigón,,Apto,"Despejada, Seca",,Cordón Divisorio,,,,Si,No,No,Noche,SI,Sin Restricción,Nublado,Buena,,Funciona
49321,OBSERVATORIO VIAL,2019-06-03,8:00:00,CORRIENTES,18,CAPITAL,21,CORRIENTES,Urbana,Avenida,AVENIDA MAIPU,2900,AVENIDA C. CORRENTINOS,,-2.748.464,-5.882.229,2,0,0,2,0,Colisión entre vehículos,Colisión entre vehículos,S/D,,Angulo,2,Recta,Intersección / cruce,,NO,,Hormigón,,Apto,Seca,,Ninguna,,,,Si,,,Día,NO,Sin Restricción,Despejado,Buena,,Sin Semáforo
49463,OBSERVATORIO VIAL,2019-06-03,7:30:00,CORRIENTES,18,CAPITAL,21,CORRIENTES,Urbana,Avenida,AV FERRE,1700,ESPAÑA,,-2.747.657,-5.883.019,2,1,0,3,0,Colisión entre vehículos,Colisión entre vehículos,S/D,,,3,Recta,Intersección / cruce,,NO,,Hormigón,,Apto,Seca,,Cordón Divisorio,,,,Si,Si,S/D,Día,NO,,Despejado,Buena,,Funciona
49294,OBSERVATORIO VIAL,2019-06-03,17:20:00,CORRIENTES,18,CAPITAL,21,CORRIENTES,Urbana,Semiautopista/Autovía,MAIPU,0,SANTA CATALINA,,-2.752.188,-5.879.977,1,1,0,2,0,Colisión entre vehículos,Colisión entre vehículos,S/D,,Alcance,2,Recta,Intersección / cruce,,NO,,Hormigón,,Apto,"Despejada, Seca",,Cordón Divisorio,,,,Si,Si,,Día,NO,Sin Restricción,Despejado,Buena,,Funciona
49478,OBSERVATORIO VIAL,2019-06-03,17:45:00,CORRIENTES,18,CAPITAL,21,CORRIENTES,Urbana,Calle,GUEMES,1800,GENERAL PAZ,,-2.748.204,-5.880.810,1,2,0,2,0,Colisión entre vehículos,Colisión entre vehículos,S/D,,Angulo,2,Recta,,,NO,,Hormigón,,Apto,Seca,,Ninguna,,,,Si,No,No,Día,NO,,Nublado,,,Sin Semáforo
68807,OBS VIAL,2019-06-02,19:00:00,CORRIENTES,18,CAPITAL,21,CORRIENTES,Urbana,Avenida,JUAN RAMON VIDAL,2800,CARTAJENA,,-2.749.217,-5.881.718,1,1,0,2,0,Colisión entre vehículos,Colisión entre vehículos,S/D,,Angulo,2,Recta,Rotonda,,NO,,Asfalto,,Apto,Despejada,,Ninguna,,,,S/D,S/D,S/D,Atardecer,NO,Sin Restricción,Despejado,Buena,,Sin Semáforo
49306,OBSERVATORIO VIAL,2019-06-01,11:10:00,CORRIENTES,18,CAPITAL,21,CORRIENTES,Urbana,Avenida,AV MAIPU,640,AV LA PAZ,,-2.748.446,-5.882.492,3,1,0,2,0,Colisión entre vehículos,Colisión entre vehículos,S/D,,Rozamiento,2,Recta,Intersección / cruce,,NO,,Hormigón,,Apto,Seca,,Cordón Divisorio,,,,S/D,S/D,S/D,Día,,Sin Restricción,"Despejado, Viento",Buena,,Funciona
49454,OBSERVATORIO VIAL,2019-06-01,11:30:00,CORRIENTES,18,CAPITAL,21,CORRIENTES,Urbana,Calle,MEDRANO,4100,NICARAGUA,,-2.750.258,-5.879.772,0,2,0,2,0,Colisión entre vehículos,Colisión entre vehículos,S/D,,,2,Curva,Intersección / cruce,,NO,,Asfalto,,Apto,Despejada,,Ninguna,,,,Si,,Si,Día,SI,Sin Restricción,Despejado,Buena,,Sin Semáforo
49604,OBSERVATORIO VIAL,2019-05-31,9:45:00,CORRIENTES,18,CAPITAL,21,CORRIENTES,Urbana,Calle,MORENO,1300,VELEZ SARSFIELD,,-2.747.481,-5.882.089,1,1,0,1,1,"Atropello a peatón/es, Colisión entre vehículos",Colisión entre vehículos,S/D,,Alcance,2,Recta,Intersección / cruce,,NO,,Hormigón,,Apto,Seca,,Ninguna,,,,Si,No,No,Día,NO,Sin Restricción,Despejado,Buena,,Sin Semáforo
53868,OBSERVATORIO VIAL,2019-05-31,12:05:00,CORRIENTES,18,CAPITAL,21,CORRIENTES,Urbana,Calle,HH YRIGOYEN,900,SALTA,,-2.746.835,-5.883.922,1,1,0,2,0,"Caída desde vehículo, Colisión entre vehículos",Colisión entre vehículos,S/D,,Alcance,2,Recta,Intersección / cruce,,NO,,Asfalto,,Apto,Seca,,Cordón Divisorio,,,,No,No,No,Día,NO,Sin Restricción,Despejado,Buena,,Sin Semáforo
49397,OBSERVATORIO VIAL,2019-05-30,18:20:00,CORRIENTES,18,CAPITAL,21,CORRIENTES,Urbana,Avenida,AV INDEPENDENCIA,5100,GODOY CRUZ,,-2.748.377,-5.878.971,0,2,0,2,0,Colisión entre vehículos,Colisión entre vehículos,S/D,,Alcance,2,Recta,Intersección / cruce,,NO,,Hormigón,,Apto,Seca,,Cordón Divisorio,,,,Si,Si,S/D,Día,NO,,Despejado,Buena,,Funciona
49471,OBSERVATORIO VIAL,2019-05-30,17:08:00,CORRIENTES,18,CAPITAL,21,CORRIENTES,Rural,Calle,COLOMBIA,2800,VIRASORO,,-2.746.815,-5.881.625,0,3,0,2,0,Colisión entre vehículos,Colisión entre vehículos,S/D,,Angulo,2,Recta,Intersección / cruce,,NO,,Asfalto,,Apto,Mojada,,Ninguna,,,,Si,No,No,Día,NO,,Nublado,Buena,,Sin Semáforo
54782,OBSERVATORIO VIAL,2019-05-30,14:00:00,CORRIENTES,18,CAPITAL,21,CORRIENTES,Urbana,Calle,GOBERNADOR MARTINEZ,2800,COLOMBIA,,-2.746.925,-5.881.647,3,1,0,2,0,Colisión entre vehículos,Colisión entre vehículos,S/D,,Angulo,2,Recta,Intersección / cruce,,NO,,Hormigón,,Apto,Seca,,Ninguna,,,,Si,No,No,Día,NO,Sin Restricción,Despejado,Buena,,Sin Semáforo
62892,OBSERVATORIO VIAL,2019-05-29,7:36:00,CORRIENTES,18,CAPITAL,21,CORRIENTES,Urbana,Avenida,AV. ARMENIA,2900,PJE GALARZA,,-2.746.742,-5.881.066,0,2,0,2,0,"Colisión entre vehículos, Despiste",Colisión entre vehículos,Si,,Angulo,2,Recta,Intersección / cruce,,NO,,Asfalto,,Apto,Seca,,Ninguna,,,,No,,No,Día,NO,Sin Restricción,Despejado,Buena,,Sin Semáforo
49301,OBSERVATORIO VIAL,2019-05-28,15:35:00,CORRIENTES,18,CAPITAL,21,CORRIENTES,Urbana,Avenida,SANTA ROSA,2600,GENERAL PAZ,,-2.747.999,-5.882.011,1,1,0,2,0,Colisión entre vehículos,Colisión entre vehículos,S/D,,Angulo,2,Recta,Intersección / cruce,,NO,,Hormigón,,Apto,"Despejada, Seca",,Cordón Divisorio,,,,No,No,No,Día,NO,Sin Restricción,Despejado,Buena,,Sin Semáforo
49233,OBSERVATORIO VIAL,2019-05-28,18:45:00,CORRIENTES,18,CAPITAL,21,CORRIENTES,Urbana,Avenida,AV. PERON,3200,WENCESLAO,,-2.748.673,-5.880.745,1,1,0,2,0,Colisión entre vehículos,Colisión entre vehículos,S/D,,,2,Recta,Intersección / cruce,,NO,,Hormigón,,Apto,Seca,,Ninguna,,,,S/D,S/D,S/D,Día,NO,Sin Restricción,Despejado,Buena,,Sin Semáforo
49316,OBSERVATORIO VIAL,2019-05-28,8:00:00,CORRIENTES,18,CAPITAL,21,CORRIENTES,Urbana,Avenida,MAIPU,8,,,-2.753.095,-5.876.913,1,0,0,1,0,Despiste,Despiste,Si,,,1,Recta,Fuera de calzada,,NO,,Asfalto,,Apto,Seca,,Vegetación,,,,S/D,S/D,S/D,Día,NO,Sin Restricción,Despejado,Buena,,Sin Semáforo
49503,OBSERVATORIO VIAL,2019-05-26,11:25:00,CORRIENTES,18,CAPITAL,21,CORRIENTES,Urbana,Avenida,AVENIDA ARTIGAS,1200,BOLIVAR,,-2.747.260,-5.881.896,1,1,0,2,0,Colisión entre vehículos,Colisión entre vehículos,S/D,,Angulo,2,Recta,Intersección / cruce,,NO,,Asfalto,,Apto,Seca,,Ninguna,,,,Si,Si,No,Día,NO,Sin Restricción,Despejado,Buena,,Sin Semáforo
67482,OBSERVATORIO VIAL,2019-05-25,6:00:00,CORRIENTES,18,CAPITAL,21,CORRIENTES,Urbana,Avenida,AV VERA,1100,SAN JUAN,,-2.746.158,-5.883.635,1,1,0,2,0,Colisión entre vehículos,Colisión entre vehículos,S/D,,,2,Curva,,,NO,,Hormigón,,Apto,Seca,,Ninguna,,,,Si,Si,No,Amanecer,NO,Sin Restricción,Despejado,Buena,,Sin Semáforo
49462,OB5SERVATORIO VIAL,2019-05-25,18:35:00,CORRIENTES,18,CAPITAL,21,CORRIENTES,Urbana,Avenida,AV ALTA GRACIA,2200,,,-2.750.955,-5.882.634,0,2,0,2,0,Colisión entre vehículos,Colisión entre vehículos,S/D,,,2,Recta,Intersección / cruce,,NO,,Hormigón,,Apto,Seca,,Ninguna,,,,S/D,S/D,S/D,Noche,NO,Sin Restricción,Despejado,Buena,,Sin Semáforo
67513,OBSERVATORIO VIAL,2019-05-23,14:10:00,CORRIENTES,18,CAPITAL,21,CORRIENTES,Urbana,Calle,MADARIAGA,900,GOB CASTILLO,,-2.748.229,-5.884.270,2,0,0,2,0,Colisión entre vehículos,Colisión entre vehículos,S/D,,,2,Recta,Intersección / cruce,,NO,,Asfalto,,,Seca,,Barrera de Hormigón,,,,S/D,S/D,S/D,Día,NO,Sin Restricción,Despejado,Buena,,Sin Semáforo
49265,OBSERVATORIO VIAL,2019-05-22,19:00:00,CORRIENTES,18,CAPITAL,21,CORRIENTES,Urbana,Avenida,AV 3 DE ABRIL,1700,ESPAÑA,,-2.747.654,-5.883.011,1,1,0,2,0,Colisión entre vehículos,Colisión entre vehículos,S/D,,,2,Recta,Intersección / cruce,,NO,,Hormigón,,Apto,Seca,,Ninguna,,,,S/D,Si,No,Atardecer,NO,Sin Restricción,Despejado,Buena,,Funciona
49457,OBSERVATORIO VIAL,2019-05-21,7:35:00,CORRIENTES,18,CAPITAL,21,CORRIENTES,Urbana,Avenida,AV FERRE,1700,ESPAÑA,,-2.747.650,-5.883.014,1,1,0,2,0,Colisión entre vehículos,Colisión entre vehículos,S/D,,,2,Recta,Intersección / cruce,,NO,,Hormigón,,,"Despejada, Seca",,Ninguna,,,,Si,Si,S/D,Día,NO,Sin Restricción,Despejado,Buena,,Funciona
53790,OBSERVATORIO VIAL,2019-05-21,7:30:00,CORRIENTES,18,CAPITAL,21,CORRIENTES,Urbana,Avenida,AVENIDA ARMENIA,4900,,,-2.746.740,-5.879.214,1,1,0,2,0,"Caída desde vehículo, Colisión entre vehículos",Colisión entre vehículos,S/D,,Alcance,2,Recta,Intersección / cruce,,NO,,Asfalto,,Apto,Mojada,,Ninguna,,,,Si,No,No,Día,NO,Sin Restricción,Lluvia,Lluvia,,Sin Semáforo
53866,OBSERVATORIO VIAL,2019-05-20,9:45:00,CORRIENTES,18,CAPITAL,21,CORRIENTES,Urbana,Avenida,AV INDEPENDENCIA,4200,YLAS PIEDRAS,,-2.748.079,-5.880.050,1,1,0,2,0,Colisión entre vehículos,Colisión entre vehículos,S/D,,Angulo,2,Recta,Intersección / cruce,,NO,,Hormigón,,Apto,Seca,,Cordón Divisorio,,,,Si,Si,No,Día,NO,Sin Restricción,Despejado,Buena,,Funciona
55774,OBSERVATORIO VIAL,2019-05-18,12:30:00,CORRIENTES,18,CAPITAL,21,CORRIENTES,Urbana,Calle,SAN JUAN,1300,MORENO,,-2.747.321,-5.883.729,2,0,0,2,0,Colisión entre vehículos,Colisión entre vehículos,S/D,,Angulo,2,Recta,Intersección / cruce,,NO,,Asfalto,,Apto,Seca,,Ninguna,,,,S/D,S/D,S/D,Día,NO,Sin Restricción,Despejado,Buena,,Sin Semáforo
62881,OBSERVATORIO VIAL,2019-05-17,13:20:00,CORRIENTES,18,CAPITAL,21,CORRIENTES,Urbana,Calle,RIOJA,600,25 DE mayo,,-2.746.414,-5.883.773,2,0,0,2,0,Colisión entre vehículos,Colisión entre vehículos,S/D,,Lateral,2,Recta,,,NO,,Asfalto,,Apto,Seca,,Ninguna,,,,No,No,No,Día,NO,Sin Restricción,Nublado,Buena,,Sin Semáforo
62288,OBSERVATORIO VIAL,2019-05-17,3:27:00,CORRIENTES,18,CAPITAL,21,CORRIENTES,Urbana,Calle,TUCUMAN,700,TRES DE ABRIL,,-2.747.492,-5.884.218,1,1,0,2,0,Colisión entre vehículos,Colisión entre vehículos,S/D,,"Alcance, Lateral",2,Recta,Intersección / cruce,,NO,,Asfalto,,Apto,Seca,,Ninguna,,,,Si,Si,No,Amanecer,SI,Sin Restricción,Despejado,Buena,,Funciona
54494,OBSERVATORIO VIAL,2019-05-16,16:00:00,CORRIENTES,18,CAPITAL,21,CORRIENTES,Urbana,Calle,MENDOZA,1200,LA MADRID,,-2.748.180,-5.883.728,2,0,0,2,0,"Colisión entre vehículos, Vuelco (solo 1 participante)",Colisión entre vehículos,S/D,,,2,Recta,Intersección / cruce,,NO,,Hormigón,,Apto,Seca,,Ninguna,,,,S/D,S/D,S/D,Día,NO,Sin Restricción,Despejado,Buena,,Sin Semáforo
49597,OBSERVATORIO VIAL,2019-05-16,7:15:00,CORRIENTES,18,CAPITAL,21,CORRIENTES,Urbana,Avenida,AV INDEPENDENCIA,4300,RIO JURAMENTO,,-2.748.112,-5.879.933,0,2,0,1,0,Vuelco (solo 1 participante),Vuelco (solo 1 participante),S/D,,,1,Recta,Intersección / cruce,,NO,,Hormigón,,,,,Ninguna,,,,No,No,No,Amanecer,SI,Sin Restricción,Despejado,Buena,,Sin Semáforo
49479,OBSERVATORIO VIAL,2019-05-16,8:00:00,CORRIENTES,18,CAPITAL,21,CORRIENTES,Urbana,Calle,JUJUY,1400,RIVADAVIA,,-2.747.521,-5.882.861,0,1,0,1,0,"Caída desde vehículo, Despiste",Despiste,Si,,,1,Recta,Intersección / cruce,,NO,,Asfalto,,Apto,Despejada,,Ninguna,,,,S/D,S/D,S/D,Día,NO,,Nublado,Buena,,Sin Semáforo
49573,OBSERVATORIO VIAL,2019-05-15,16:05:00,CORRIENTES,18,CAPITAL,21,CORRIENTES,Urbana,Avenida,AVENIDA CAZADORES CORRENTINOS,3100,RECONQUISTA,,-2.748.705,-5.881.481,2,1,0,2,0,Colisión entre vehículos,Colisión entre vehículos,S/D,,Angulo,2,Recta,Intersección / cruce,,NO,,Hormigón,,Apto,Seca,,Ninguna,,,,No,No,No,Día,NO,Sin Restricción,Nublado,Buena,,Sin Semáforo
49406,OBSERVATORIO VIAL,2019-05-15,10:15:00,CORRIENTES,18,CAPITAL,21,CORRIENTES,Urbana,Calle,LA RIOJA,1000,BELGRANO,,-2.747.193,-5.883.853,2,1,0,2,0,Colisión entre vehículos,Colisión entre vehículos,S/D,,Angulo,2,Recta,Intersección / cruce,,NO,,Asfalto,,Apto,Seca,,Ninguna,,,,Si,,,Día,NO,Sin Restricción,Nublado,Buena,,Sin Semáforo
64870,OBSERVATORIO VIAL,2019-05-15,10:00:00,CORRIENTES,18,CAPITAL,21,CORRIENTES,Urbana,Avenida,PEDRO FERRE,2800,CHILE,,-2.747.824,-5.881.724,2,1,0,2,0,Colisión entre vehículos,Colisión entre vehículos,S/D,,,2,Recta,Intersección / cruce,,NO,,Asfalto,,Apto,Seca,,Barrera de Hormigón,,,,S/D,Si,S/D,Día,NO,Sin Restricción,Despejado,Buena,,Sin Semáforo
49385,OBSERVATORIO VIAL,2019-05-14,7:55:00,CORRIENTES,18,CAPITAL,21,CORRIENTES,Urbana,Avenida,AVENIDA ARTIGAS,1100,BOLIVAR,,-2.747.268,-5.881.896,2,0,0,2,0,Colisión entre vehículos,Colisión entre vehículos,S/D,,Angulo,2,Recta,Intersección / cruce,,NO,,Asfalto,,Apto,Seca,,,,,,Si,No,No,Día,NO,Sin Restricción,Despejado,Buena,,Sin Semáforo
49445,OBSERVATORIO VIAL,2019-05-14,7:30:00,CORRIENTES,18,CAPITAL,21,CORRIENTES,Urbana,Calle,VARGAS GOMEZ,2100,LAMADRID,,-2.748.212,-5.883.462,1,1,0,2,0,Colisión entre vehículos,Colisión entre vehículos,S/D,,Angulo,2,Recta,Intersección / cruce,,NO,,Hormigón,,Apto,Seca,,Ninguna,,,,Si,No,No,Amanecer,NO,Sin Restricción,Despejado,Buena,,Sin Semáforo
60688,OBSERVATORIO VIAL,2019-05-14,11:50:00,CORRIENTES,18,CAPITAL,21,CORRIENTES,Urbana,Avenida,SANTA ROSA,2599,,GRAL. PAZ,-2.748.014,-5.882.014,1,2,0,2,0,Colisión entre vehículos,Colisión entre vehículos,S/D,,Angulo,2,Recta,Intersección / cruce,,NO,,Hormigón,,Baches,Seca,,Cordón Divisorio,,,,No,No,No,Día,NO,Sin Restricción,Despejado,Buena,,Sin Semáforo
62287,OBSERVATORIO VIAL,2019-05-13,6:30:00,CORRIENTES,18,CAPITAL,21,CORRIENTES,Urbana,Avenida,TRES DE ABRIL,500,SAN LUIS,,-2.747.476,-5.884.360,2,0,0,2,0,Colisión entre vehículos,Colisión entre vehículos,S/D,,Angulo,2,Recta,Intersección / cruce,,,,Hormigón,,Apto,Mojada,,Cordón Divisorio,,,,Si,Si,No,Amanecer,SI,Sin Restricción,Lluvia,Buena,,Funciona
49499,OBSERVATORIO VIAL,2019-05-13,15:20:00,CORRIENTES,18,CAPITAL,21,CORRIENTES,Urbana,Avenida,AVENIDA PUJOL,800,PELLEGRINI,,-2.746.643,-5.882.271,0,2,0,2,0,Colisión entre vehículos,Colisión entre vehículos,S/D,,Angulo,2,Curva,Rotonda,,NO,,Hormigón,,Apto,"Despejada, Seca",,Ninguna,,,,No,No,No,Día,NO,Sin Restricción,Despejado,Buena,,Sin Semáforo
49428,OBSERVATORIO VIAL,2019-05-13,11:50:00,CORRIENTES,18,CAPITAL,21,CORRIENTES,Urbana,Calle,SAN LUIS,1200,BOLIVAR,,-2.747.033,-5.884.324,1,1,0,2,0,Colisión entre vehículos,Colisión entre vehículos,S/D,,Angulo,2,Recta,Intersección / cruce,,NO,,Asfalto,,Apto,Seca,,Ninguna,,,,No,No,No,Día,NO,Sin Restricción,Despejado,Buena,,Sin Semáforo
49585,OBSERVATORIO VIAL,2019-05-12,19:55:00,CORRIENTES,18,CAPITAL,21,CORRIENTES,Urbana,Avenida,AVENIDA PEDRO FERRE,2300,PERU,,-2.747.747,-5.882.256,1,1,0,2,0,Colisión entre vehículos,Colisión entre vehículos,S/D,,Alcance,2,Recta,Intersección / cruce,,NO,,Hormigón,,Apto,Seca,,,,,,Si,No,No,Noche,SI,Sin Restricción,Despejado,Buena,,Sin Semáforo
49384,OBSERVATORIO VIAL,2019-05-12,23:15:00,CORRIENTES,18,CAPITAL,21,CORRIENTES,Urbana,Avenida,AVENIDA FERRE,1700,ESPAÑA,,-2.747.657,-5.883.019,1,1,0,2,0,Colisión entre vehículos,Colisión entre vehículos,S/D,,Angulo,2,Recta,Intersección / cruce,,NO,,Asfalto,,Apto,Seca,,Guardarraíl,,,,Si,Si,No,Noche,SI,Sin Restricción,Despejado,Buena,,Funciona
55718,OBSERVATORIO VIAL,2019-05-11,9:30:00,CORRIENTES,18,CAPITAL,21,CORRIENTES,Urbana,Avenida,AVENIDA 3 DE ABRIL,1000,LA RIOJA,,-2.747.555,-5.883.905,1,1,0,2,0,Colisión entre vehículos,Colisión entre vehículos,S/D,,Angulo,2,Recta,Intersección / cruce,,NO,,Asfalto,,Apto,Mojada,,Ninguna,,,,Si,Si,S/D,,NO,Sin Restricción,Despejado,Buena,,Funciona
53400,OBSERVATORIO VIAL,2019-05-11,13:10:00,CORRIENTES,18,CAPITAL,21,CORRIENTES,Urbana,Ruta Provincial,5,7.5,CALLE 8,,-2.748.642,-5.876.901,1,1,0,2,0,Colisión entre vehículos,Colisión entre vehículos,S/D,,Angulo,2,Recta,Intersección / cruce,,NO,,Hormigón,,Apto,Seca,,,,,,No,No,No,Día,NO,Sin Restricción,Nublado,Buena,,Sin Semáforo
49486,OBSERVATORIO VIAL,2019-05-11,23:20:00,CORRIENTES,18,CAPITAL,21,CORRIENTES,Urbana,Ruta Nacional,12,1032,,,-2.746.867,-5.877.765,1,0,0,1,0,Atropello a animal/es,Atropello a animal/es,S/D,,,1,Recta,Intersección / cruce,,NO,,Asfalto,,Apto,Mojada,,Ninguna,,,,No,No,No,Noche,NO,Sin Restricción,Lluvia,Lluvia,,Sin Semáforo
49601,OBSERVATORIO VIAL,2019-05-11,7:10:00,CORRIENTES,18,CAPITAL,21,CORRIENTES,Urbana,Calle,NECOCHEA,1700,REPUBLICA DEL LIBANO,,-2.748.006,-5.883.006,2,0,0,2,0,Colisión entre vehículos,Colisión entre vehículos,S/D,,Angulo,2,Recta,Intersección / cruce,,NO,,Asfalto,,Apto,Seca,,Ninguna,,,,S/D,S/D,S/D,Día,NO,Sin Restricción,Despejado,Buena,,Sin Semáforo
49541,OBSERVATORIO VIAL,2019-05-11,16:35:00,CORRIENTES,18,CAPITAL,21,CORRIENTES,Urbana,Avenida,AVENIDA INDEPENDENCIA,5900,,,-2.748.398,-5.878.655,3,1,0,2,0,Colisión entre vehículos,Colisión entre vehículos,S/D,,Alcance,2,Curva,Rotonda,,NO,,Hormigón,,Apto,Seca,,Ninguna,,,,No,No,No,Día,NO,Sin Restricción,Despejado,Buena,,Sin Semáforo
62903,OBSERVATORIO VIAL,2019-05-10,17:55:00,CORRIENTES,18,CAPITAL,21,CORRIENTES,Urbana,Avenida,AV INDEPENDENCIA,3000,AV CHACABUCO,,-2.747.850,-5.881.471,2,1,0,2,0,Colisión entre vehículos,Colisión entre vehículos,S/D,,,2,Recta,Intersección / cruce,,NO,,Hormigón,,Apto,"Despejada, Seca",,Cordón Divisorio,,,,Si,Si,No,Día,NO,Sin Restricción,Despejado,Buena,,Funciona
49575,OBSERVATORIO VIAL,2019-05-10,0:50:00,CORRIENTES,18,CAPITAL,21,CORRIENTES,Urbana,Avenida,AVENIDA INDEPENDENCIA,3500,GUEMES,,-2.747.942,-5.880.754,2,0,0,2,0,Colisión entre vehículos,Colisión entre vehículos,S/D,,Angulo,2,Recta,Intersección / cruce,,NO,,Hormigón,,Apto,Seca,,Ninguna,,,,Si,Si,No,Noche,SI,Sin Restricción,Despejado,Buena,,Funciona
52307,OBSERVATORIO VIAL,2019-05-10,12:36:00,CORRIENTES,18,CAPITAL,21,CORRIENTES,Urbana,Avenida,AV INDEPENDENCIA,3000,AV CHACBUCO,,-2.747.842,-5.881.465,2,0,0,2,0,Colisión entre vehículos,Colisión entre vehículos,S/D,,Alcance,2,Recta,Intersección / cruce,,NO,,Hormigón,,Apto,Seca,,Cordón Divisorio,,,,No,No,No,Día,NO,Sin Restricción,Despejado,Buena,,Funciona
53779,OBSERVATORIO VIAL,2019-05-10,8:00:00,CORRIENTES,18,CAPITAL,21,CORRIENTES,Urbana,Calle,HEROES CIVILES,1000,PERUGORRIA,,-2.747.970,-5.883.959,2,0,0,2,0,Colisión entre vehículos,Colisión entre vehículos,S/D,,Angulo,2,Recta,Intersección / cruce,,SI,,Hormigón,,Apto,"Despejada, Seca",,,,,,S/D,S/D,S/D,Día,SI,Sin Restricción,Despejado,Buena,,Sin Semáforo
56121,OBSERVATORIO VIAL,2019-05-09,23:10:00,CORRIENTES,18,CAPITAL,21,CORRIENTES,Urbana,Avenida,FRANCIA,3450,CARTAGENA,,-2.749.270,-5.881.290,0,1,0,1,0,"Caída desde vehículo, Despiste",Despiste,Si,,,1,Recta,Intersección / cruce,RECTA,NO,,Asfalto,,Baches,Seca,,Ninguna,,,,No,No,No,Noche,SI,Sin Restricción,Despejado,Buena,,Sin Semáforo
49291,OBSERVATORIO VIAL,2019-05-08,7:15:00,CORRIENTES,18,CAPITAL,21,CORRIENTES,Urbana,Calle,LA MADRID,1100,PIO XII,,-2.748.184,-5.883.728,2,0,0,2,0,Colisión entre vehículos,Colisión entre vehículos,S/D,,,2,Recta,Intersección / cruce,,NO,,Asfalto,,,Seca,,Ninguna,,,,No,No,No,Día,NO,Sin Restricción,Despejado,Buena,,Sin Semáforo
49426,OBSERVATORIO VIAL,2019-05-07,18:20:00,CORRIENTES,18,CAPITAL,21,CORRIENTES,Urbana,Avenida,AVENIDA RAUL ALFONSIN,4200,LAS PIEDRAS,,-2.747.466,-5.879.973,1,1,0,2,0,Colisión entre vehículos,Colisión entre vehículos,S/D,,Angulo,2,Recta,Intersección / cruce,,NO,,Asfalto,,Apto,Seca,,Cordón Divisorio,,,,Si,No,No,Día,NO,Sin Restricción,Despejado,Buena,,Intermitente
49448,OBSERVATORIO VIAL,2019-05-07,20:30:00,CORRIENTES,18,CAPITAL,21,CORRIENTES,Urbana,Calle,TURIN,3500,PALERMO,,-2.749.811,-5.878.479,0,2,0,2,0,Colisión entre vehículos,Colisión entre vehículos,S/D,,Frontal,2,Recta,Intersección / cruce,,NO,,Asfalto,,Apto,Seca,,Ninguna,,,,S/D,S/D,S/D,Noche,SI,Sin Restricción,Despejado,Buena,,Sin Semáforo
49461,OBSERVATORIO VIAL,2019-05-06,16:30:00,CORRIENTES,18,CAPITAL,21,CORRIENTES,Urbana,Avenida,AV PATAGONIA,2000,2 DE abril,,-2.749.200,-5.882.794,1,1,0,1,1,Colisión entre vehículos,Colisión entre vehículos,S/D,,,2,Recta,Intersección / cruce,,NO,,Hormigón,,Apto,Mojada,,Ninguna,,,,S/D,S/D,S/D,Día,NO,Sin Restricción,Lluvia,Buena,,Sin Semáforo
55393,OBSERVATORIO VIAL,2019-05-04,10:30:00,CORRIENTES,18,CAPITAL,21,CORRIENTES,Urbana,Avenida,PAISANDU,3000,AVENIDA ALTA GRACIA,,-2.750.964,-5.882.651,0,1,0,1,0,Despiste,Despiste,Si,,,1,Recta,Intersección / cruce,,NO,,Hormigón,,Apto,Seca,,Ninguna,,,,No,No,No,Día,NO,Sin Restricción,Despejado,Buena,,Sin Semáforo
49582,OBSERVATORIO VIAL,2019-05-04,12:40:00,CORRIENTES,18,CAPITAL,21,CORRIENTES,Urbana,Avenida,SARMIENTO,1200,RAFAELA,,-2.749.629,-5.883.240,1,1,0,2,0,Colisión entre vehículos,Colisión entre vehículos,S/D,,Angulo,2,Recta,Intersección / cruce,,NO,,Asfalto,,Apto,Seca,,Cordón Divisorio,,,,Si,No,No,Día,NO,Sin Restricción,Despejado,Buena,,Sin Semáforo
62889,OBSERVATORIO VIAL,2019-05-04,15:30:00,CORRIENTES,18,CAPITAL,21,CORRIENTES,Urbana,Ruta Provincial,5,KM2,,,-2.748.475,-5.877.840,1,1,0,2,0,Colisión entre vehículos,Colisión entre vehículos,S/D,,Lateral,2,Recta,,,NO,,Asfalto,,Apto,Seca,,,,,,No,No,No,Día,NO,Sin Restricción,Nublado,Buena,,No Funciona
49394,OBSERVATORIO VIAL,2019-05-02,15:25:00,CORRIENTES,18,CAPITAL,21,CORRIENTES,Urbana,Calle,MEDRANO,4400,LARREA,,-2.749.134,-5.879.967,1,2,0,2,0,Colisión entre vehículos,Colisión entre vehículos,S/D,,Angulo,2,Recta,Intersección / cruce,,NO,,Asfalto,,Apto,Seca,,Cordón Divisorio,,,,Si,No,No,Día,NO,Sin Restricción,Despejado,Buena,,Sin Semáforo
49522,OBSERVATORIO VIAL,2019-05-02,13:10:00,CORRIENTES,18,CAPITAL,21,CORRIENTES,Urbana,Calle,QUINTANA,1500,SAN LORENZO,,-2.746.353,-5.883.127,1,2,0,2,0,Colisión entre vehículos,Colisión entre vehículos,S/D,,Angulo,2,Recta,Intersección / cruce,,NO,,Hormigón,,Apto,Seca,,Ninguna,,,,S/D,S/D,S/D,Día,NO,,Despejado,Buena,,Sin Semáforo
49377,OBSERVATORIO VIAL,2019-05-01,20:40:00,CORRIENTES,18,CAPITAL,21,CORRIENTES,Urbana,Avenida,AV ARTIGAS,1200,,,-2.747.267,-5.881.889,1,2,0,1,1,Atropello a peatón/es,Atropello a peatón/es,S/D,,,2,Recta,Intersección / cruce,,NO,,Asfalto,,Apto,Seca,,Ninguna,,,,No,No,No,Noche,NO,Sin Restricción,Despejado,Buena,,Sin Semáforo
64874,OBSERVATORIO VIAL,2019-05-01,13:30:00,CORRIENTES,18,CAPITAL,21,CORRIENTES,Urbana,Avenida,4 CENTENARIO,2400,,,-2.749.461,-5.883.813,1,1,0,2,0,Colisión entre vehículos,Colisión entre vehículos,S/D,,,2,Recta,,,NO,,Hormigón,,Apto,Seca,,Ninguna,,,,No,No,No,Día,NO,Sin Restricción,Despejado,Buena,,Sin Semáforo
49616,OBSERVATORIO VIAL,2019-05-01,9:25:00,CORRIENTES,18,CAPITAL,21,CORRIENTES,Urbana,Avenida,AVENIDA MAIPU,1200,AVENIDA LA PAZ,,-2.748.444,-5.882.492,1,2,0,2,0,Colisión entre vehículos,Colisión entre vehículos,S/D,,Alcance,2,Recta,Intersección / cruce,,NO,,Asfalto,,Apto,Seca,,Ninguna,,,,Si,Si,No,Día,NO,Sin Restricción,Despejado,Buena,,Funciona
67699,OBSERVATORIO VIAL,2019-05-01,10:34:00,CORRIENTES,18,CAPITAL,21,CORRIENTES,Urbana,Avenida,AV ARTIGAS,1200,BOLIVAR,,-2.747.270,-5.881.891,1,1,0,2,0,Choque,Choque,S/D,,Otro,2,Recta,Intersección / cruce,,NO,,Asfalto,,Apto,Seca,,Ninguna,,,,No,No,No,Día,NO,Sin Restricción,Despejado,,,
49430,OBSERVATORIO VIAL,2019-04-30,15:50:00,CORRIENTES,18,CAPITAL,21,CORRIENTES,Urbana,Calle,CATAMARCA,1400,SAN MARTIN,,-2.747.013,-5.883.333,1,2,0,2,0,Colisión entre vehículos,Colisión entre vehículos,S/D,,Angulo,2,Recta,Intersección / cruce,,NO,,Asfalto,,Apto,"Despejada, Seca",,,,,,Si,Si,No,Día,NO,,Despejado,Buena,,Sin Semáforo
49234,OBSERVATORIO VIAL,2019-04-29,17:20:00,CORRIENTES,18,CAPITAL,21,CORRIENTES,Urbana,Avenida,AV. JUAN PABLO,1700,,LAVALLE,-2.747.462,-5.885.570,0,2,0,1,1,"Atropello a peatón/es, Colisión entre vehículos",Colisión entre vehículos,S/D,,Angulo,2,Recta,,,NO,,Hormigón,,Apto,Despejada,,Cordón Divisorio,,,,,,No,Día,,Sin Restricción,Despejado,Buena,,Sin Semáforo
49241,OBSERVATORIO VIAL,2019-04-29,18:15:00,CORRIENTES,18,CAPITAL,21,CORRIENTES,Rural,Ruta Nacional,12,1035,1035,,-2.745.188,-5.875.548,1,1,0,2,0,Colisión entre vehículos,Colisión entre vehículos,S/D,,,2,Recta,,,NO,,,,Apto,"Despejada, Seca",,Ninguna,,,,No,No,No,Día,NO,Sin Restricción,Despejado,Buena,,Sin Semáforo
49537,OBSERVATORIO VIAL,2019-04-29,14:40:00,CORRIENTES,18,CAPITAL,21,CORRIENTES,Urbana,Calle,RIVADAVIA,1700,ESPAÑA,,-2.747.508,-5.883.006,1,1,0,2,0,Colisión entre vehículos,Colisión entre vehículos,S/D,,Angulo,2,Recta,Intersección / cruce,,NO,,Hormigón,,Apto,Seca,,Ninguna,,,,No,No,No,Día,,Sin Restricción,Despejado,Buena,,Sin Semáforo
53352,OBSERVATORIO VIAL,2019-04-28,13:40:00,CORRIENTES,18,CAPITAL,21,CORRIENTES,Urbana,Avenida,AV RAUL ALFONSIN,4400,MEDRANO,,-2.747.528,-5.879.711,1,0,1,2,0,Colisión entre vehículos,Colisión entre vehículos,S/D,ATROPELLO A CICLISTA,Angulo,2,Recta,Intersección / cruce,,NO,,Hormigón,,Apto,Seca,,Cordón Divisorio,,,,Si,No,No,Día,NO,Sin Restricción,Despejado,Buena,,Funciona
49206,OBSERVATORIO VIAL,2019-04-28,8:52:00,CORRIENTES,18,CAPITAL,21,CORRIENTES,Urbana,Calle,H YRIGOYEN,1900,PARAGUAY,,-2.746.960,-5.882.674,1,1,0,2,0,Colisión entre vehículos,Colisión entre vehículos,S/D,,Angulo,2,Recta,Intersección / cruce,,NO,,Asfalto,,Apto,Seca,,Ninguna,,,,Si,Si,No,Día,NO,Sin Restricción,Nublado,Buena,,Sin Semáforo
49219,OBSERVATORIO VIAL,2019-04-28,12:20:00,CORRIENTES,18,CAPITAL,21,CORRIENTES,Urbana,Calle,MEDRANO,1500,BRAILE,,-2.748.031,-5.879.821,2,0,0,2,0,"Choque, Colisión entre vehículos",Colisión entre vehículos,S/D,,Otro,2,Recta,Intersección / cruce,,NO,,Asfalto,,Apto,Seca,,Ninguna,,,,S/D,S/D,S/D,Día,,Sin Restricción,Despejado,Buena,,Sin Semáforo
58565,OBSERVATORIO VIAL,2019-04-27,5:40:00,CORRIENTES,18,CAPITAL,21,CORRIENTES,Urbana,Calle,PERRUGORRIA,798,GDOR. CASTILLO,,-2.748.353,-5.884.286,1,1,0,2,0,Colisión entre vehículos,Colisión entre vehículos,S/D,,Lateral,2,Recta,Intersección / cruce,,,,Asfalto,,Apto,,,Ninguna,,,,S/D,S/D,S/D,Día,NO,Sin Restricción,Despejado,Buena,,Sin Semáforo
54949,OBSERVATORIO VIAL,2019-04-26,9:00:00,CORRIENTES,18,CAPITAL,21,CORRIENTES,Urbana,Avenida,AVENIA ARMENIA,4400,GUIRALDES,,-2.746.830,-5.879.655,1,1,0,2,0,Colisión entre vehículos,Colisión entre vehículos,S/D,,Alcance,2,Recta,Intersección / cruce,,NO,,Asfalto,,Apto,Seca,,Ninguna,,,,Si,No,No,Día,NO,Sin Restricción,Despejado,Buena,,Sin Semáforo
68758,Observatorio Vial,2019-04-26,7:10:00,CORRIENTES,18,CAPITAL,21,CORRIENTES,Urbana,Avenida,CARTAGENA,2400,FRONDIZI,,-2.749.632,-5.880.027,0,1,0,1,0,Caída desde vehículo,Caída desde vehículo,S/D,,,1,Curva,Intersección / cruce,,NO,,Asfalto,,Apto,Despejada,,Ninguna,,,,No,No,No,Día,NO,Sin Restricción,Despejado,Buena,,Sin Semáforo
49298,OBSERVATORIO VIAL,2019-04-26,15:35:00,CORRIENTES,18,CAPITAL,21,CORRIENTES,Urbana,Calle,REPUBLICA DOMINICANA,3400,RAUL ALFONSIN,,-2.747.196,-5.880.952,2,0,0,2,0,Colisión entre vehículos,Colisión entre vehículos,S/D,,Angulo,2,Recta,Intersección / cruce,,NO,,Hormigón,,Apto,"Despejada, Seca",,Ninguna,,,,Si,No,No,Día,NO,Sin Restricción,Nublado,Buena,,Funciona
49310,OBSERVATORIO VIAL,2019-04-25,11:00:00,CORRIENTES,18,CAPITAL,21,CORRIENTES,Urbana,Calle,LA PRIDA,900,MISTRAL,,-2.746.996,-5.878.762,2,0,0,2,0,Colisión entre vehículos,Colisión entre vehículos,S/D,,Rozamiento,2,Recta,Intersección / cruce,,NO,,Asfalto,,Apto,Seca,,Ninguna,,,,S/D,S/D,S/D,Día,NO,Sin Restricción,Despejado,Buena,,Sin Semáforo
49362,OBSERVATORIO VIAL,2019-04-25,8:10:00,CORRIENTES,18,CAPITAL,21,CORRIENTES,Urbana,Avenida,AVENIDA INDEPENDENCIA,3400,DOMINICANA,,-2.747.900,-5.881.132,7,0,0,4,0,Colisión entre vehículos,Colisión entre vehículos,S/D,,Alcance,4,Recta,Intersección / cruce,,NO,,Asfalto,,Apto,Seca,,Vegetación,,,,Si,Si,No,Día,NO,Sin Restricción,Despejado,Buena,,Funciona
49501,OBSERVATORIO VIAL,2019-04-25,16:05:00,CORRIENTES,18,CAPITAL,21,CORRIENTES,Urbana,Avenida,AVENIDA N. AVELLANEDA,5200,MONTECARLO,,-2.748.817,-5.879.531,1,1,0,2,0,Colisión entre vehículos,Colisión entre vehículos,S/D,,Angulo,2,Recta,Intersección / cruce,,NO,,Asfalto,,Apto,Seca,,Ninguna,,,,Si,No,No,Día,NO,,Despejado,Buena,,Sin Semáforo
56150,OBSERVATORIO VIAL,2019-04-25,14:05:00,CORRIENTES,18,CAPITAL,21,CORRIENTES,Urbana,Avenida,AVENIDA ALFONSIN,3600,AVENIDA POMAR,,-2.747.276,-5.880.625,2,0,0,2,0,Colisión entre vehículos,Colisión entre vehículos,S/D,,Lateral,2,Recta,Intersección / cruce,,NO,,Asfalto,,Apto,Seca,,Ninguna,,,,S/D,S/D,S/D,Día,NO,Sin Restricción,Despejado,Buena,,Sin Semáforo
49331,OBSERVATORIO VIAL,2019-04-24,8:30:00,CORRIENTES,18,CAPITAL,21,CORRIENTES,Urbana,Avenida,AVENIDA INDEPENDENCIA,3975,SAENZ,,-2.748.273,-5.879.359,0,1,0,1,0,"Atropello a animal/es, Caída desde vehículo, Choque, Colisión entre vehículos",Colisión entre vehículos,S/D,,Otro,1,Recta,Intersección / cruce,,NO,,Hormigón,,Apto,Seca,,Ninguna,,,,S/D,S/D,S/D,Día,NO,Sin Restricción,Despejado,Buena,,Funciona
49453,OBSERVATORIO VIAL,2019-04-24,9:20:00,CORRIENTES,18,CAPITAL,21,CORRIENTES,Urbana,Calle,MEXICO,2800,QUINTANA,,-2.746.350,-5.881.372,1,1,0,2,0,Colisión entre vehículos,Colisión entre vehículos,S/D,,Angulo,2,Recta,Intersección / cruce,,NO,,Hormigón,,Apto,"Despejada, Seca",,Ninguna,,,,No,No,No,Día,NO,Sin Restricción,Despejado,Buena,,Sin Semáforo
49509,OBSERVATORIO VIAL,2019-04-23,9:00:00,CORRIENTES,18,CAPITAL,21,CORRIENTES,Urbana,Avenida,COSQUIN,2200,AV PAISANDU,,-2.749.472,-5.882.472,1,1,0,2,0,Colisión entre vehículos,Colisión entre vehículos,S/D,,,2,Recta,Intersección / cruce,,NO,,Asfalto,,Apto,Mojada,,Ninguna,,,,S/D,S/D,S/D,Día,NO,Sin Restricción,Lluvia,Buena,,Sin Semáforo
62833,OBSRVATORIO VIAL,2019-04-23,5:10:00,CORRIENTES,18,CAPITAL,21,CORRIENTES,Urbana,Calle,BUENOS AIRES,1334,,,-2.747.206,-5.884.096,1,0,0,1,0,Choque,Choque,S/D,,Otro,1,Recta,Intersección / cruce,,NO,,Asfalto,,Apto,Seca,,Cordón Divisorio,,,,Si,Si,Si,Noche,SI,Obra en Construcción,Despejado,Buena,,Sin Semáforo
67480,OBSERVATORIO VIAL,2019-04-23,7:40:00,CORRIENTES,18,CAPITAL,21,CORRIENTES,Urbana,Calle,ACONCAGUA,3000,TILCARA,,-2.750.007,-5.881.937,0,1,0,1,0,"Caída desde vehículo, Colisión entre vehículos, Despiste",Colisión entre vehículos,Si,,,1,Recta,Intersección / cruce,,NO,,Asfalto,,Apto,Seca,,Ninguna,,,,No,No,No,Día,NO,Sin Restricción,Despejado,,,Sin Semáforo
49239,OBSERVATORIO VIAL,2019-04-23,17:30:00,CORRIENTES,18,CAPITAL,21,CORRIENTES,Urbana,Calle,ESPAÑA,1700,BOLIVAR,,-2.747.165,-5.882.962,2,0,0,2,0,Colisión entre vehículos,Colisión entre vehículos,S/D,,,2,Recta,Intersección / cruce,,,,Asfalto,,Apto,"Despejada, Seca",,Ninguna,,,,No,No,No,Día,NO,,,Buena,,Sin Semáforo
49434,OBSERVATORIO VIAL,2019-04-22,8:37:00,CORRIENTES,18,CAPITAL,21,CORRIENTES,Urbana,Avenida,COMODORO RIVADAVIA,3100,AVENIDA CUARTO CENTENARIO,,-2.748.981,-5.883.807,1,2,0,2,0,Colisión entre vehículos,Colisión entre vehículos,S/D,,Angulo,2,Recta,Intersección / cruce,,NO,,Asfalto,,Apto,Seca,,Ninguna,,,,No,No,No,Día,NO,Sin Restricción,Despejado,Buena,,Sin Semáforo
49226,OBSERVATORIO VIAL,2019-04-22,22:23:00,CORRIENTES,18,CAPITAL,21,CORRIENTES,Urbana,Calle,9 DE julio,1700,ESPAÑA,,-2.746.704,-5.882.913,1,1,0,2,0,Colisión entre vehículos,Colisión entre vehículos,S/D,,,2,Recta,Intersección / cruce,,NO,,Asfalto,,Apto,Despejada,,Ninguna,,,,No,No,No,Noche,SI,Sin Restricción,Despejado,Buena,,Sin Semáforo
49300,OBSERVATOI VIAL,2019-04-21,19:35:00,CORRIENTES,18,CAPITAL,21,CORRIENTES,Urbana,Calle,CARTAGENA,3201,MEDRANO,,-2.749.635,-5.880.030,2,0,0,2,0,Colisión entre vehículos,Colisión entre vehículos,S/D,,Angulo,2,Recta,Intersección / cruce,,NO,,Hormigón,,Apto,"Despejada, Seca",,,,,,No,No,No,Noche,SI,,Despejado,Buena,,Sin Semáforo
49571,OBSERVATORIO VIAL,2019-04-19,5:47:00,CORRIENTES,18,CAPITAL,21,CORRIENTES,Urbana,Ruta Provincial,5,3  1/2,,,-2.749.046,-5.875.630,2,0,0,2,0,Colisión entre vehículos,Colisión entre vehículos,S/D,,Rozamiento,2,Recta,,RECTA,NO,,Asfalto,,Apto,Seca,,Ninguna,,,,No,No,No,Amanecer,SI,Sin Restricción,Despejado,Buena,,Sin Semáforo
58994,OBSERVATORIO VIAL,2019-04-18,11:30:00,CORRIENTES,18,CAPITAL,21,CORRIENTES,Rural,Ruta Provincial,5,KM 6,CALLE 107,,-2.748.896,-5.876.084,1,1,0,2,0,Colisión entre vehículos,Colisión entre vehículos,S/D,,Rozamiento,2,Recta,Intersección / cruce,,NO,,Asfalto,,Apto,Seca,,Ninguna,,,,No,No,No,Día,NO,,Despejado,Buena,,Sin Semáforo
67708,OBSERVATORIO VIAL,2019-04-18,11:30:00,CORRIENTES,18,CAPITAL,21,CORRIENTES,Urbana,Calle,LAVALLE,671,GUSTAVINO,,-2.747.627,-5.884.317,1,0,0,1,0,Despiste,Despiste,Si,,,1,Recta,Intersección / cruce,,NO,,Asfalto,,Apto,Seca,,Ninguna,,,,S/D,S/D,S/D,Día,NO,Sin Restricción,Despejado,Buena,,Sin Semáforo
49433,OBSERVATORIO VIAL,2019-04-18,17:50:00,CORRIENTES,18,CAPITAL,21,CORRIENTES,Urbana,Calle,GUTEMBERG,1800,GENERAL PAZ,,-2.747.885,-5.883.175,1,1,0,2,0,Colisión entre vehículos,Colisión entre vehículos,S/D,,Angulo,2,Recta,Intersección / cruce,,NO,,Asfalto,,Apto,Seca,,,,,,Si,No,No,Día,NO,Sin Restricción,Despejado,Buena,,Sin Semáforo
49367,OBSERVATORIO VIAL,2019-04-18,18:40:00,CORRIENTES,18,CAPITAL,21,CORRIENTES,Urbana,Calle,BELGRANO,2100,ROCA,,-2.747.341,-5.882.333,1,1,0,1,1,Atropello a peatón/es,Atropello a peatón/es,S/D,,,2,Recta,Intersección / cruce,,NO,,Asfalto,,Apto,Seca,,Ninguna,,,,Si,No,No,Día,NO,Sin Restricción,Despejado,Buena,,Sin Semáforo
64842,OBSERVATORIO VIAL,2019-04-17,16:00:00,CORRIENTES,18,CAPITAL,21,CORRIENTES,Urbana,Calle,PIROVANO,2000,LAS HERAS,,-2.748.447,-5.880.591,2,0,0,2,0,Colisión entre vehículos,Colisión entre vehículos,S/D,,Angulo,2,Recta,,,NO,,Asfalto,,Apto,Seca,,Ninguna,,,,No,No,No,Día,NO,Sin Restricción,Despejado,Buena,,Sin Semáforo
58987,OBSERVATORIO VIAL,2019-04-17,13:35:00,CORRIENTES,18,CAPITAL,21,CORRIENTES,Rural,Ruta Nacional,12,1030,,,-2.747.401,-5.878.175,1,1,0,2,0,Colisión entre vehículos,Colisión entre vehículos,S/D,,Lateral,2,Curva,,,NO,,Asfalto,,Apto,Seca,,Ninguna,,,,No,No,No,Día,NO,Sin Restricción,Despejado,Buena,,Sin Semáforo
67514,OBSERVATORIO VIAL,2019-04-16,15:49:00,CORRIENTES,18,CAPITAL,21,CORRIENTES,Urbana,Avenida,LA PAZ,2100,VIEDMA,,-2.748.846,-5.882.566,2,0,0,2,0,Colisión entre vehículos,Colisión entre vehículos,S/D,,,2,Recta,Intersección / cruce,,NO,,Asfalto,,Apto,Seca,,Ninguna,,,,S/D,S/D,S/D,Día,NO,Sin Restricción,Despejado,Buena,,Sin Semáforo
49288,OBSERVATORIO VIAL,2019-04-16,18:00:00,CORRIENTES,18,CAPITAL,21,CORRIENTES,Urbana,Avenida,AV MEDRANO,4300,CARTAGENA,,-2.749.653,-5.880.052,1,1,0,1,1,"Atropello a peatón/es, Colisión entre vehículos",Colisión entre vehículos,S/D,,,2,Recta,Intersección / cruce,,NO,,Hormigón,,Apto,Seca,,Cordón Divisorio,,,,No,No,No,Día,NO,Sin Restricción,Despejado,Buena,,Sin Semáforo
49447,OBSERVATORIO VIAL,2019-04-16,1:05:00,CORRIENTES,18,CAPITAL,21,CORRIENTES,Urbana,Calle,TUCUMAN,1200,BELGRANO,,-2.747.161,-5.884.192,0,1,0,1,0,Caída desde vehículo,Caída desde vehículo,S/D,,,1,Recta,,,NO,,Asfalto,,Apto,Seca,,Ninguna,,,,Si,,,Noche,SI,Sin Restricción,Despejado,Buena,,Sin Semáforo
49563,OBSERVATORIO VIAL,2019-04-15,9:40:00,CORRIENTES,18,CAPITAL,21,CORRIENTES,Urbana,Avenida,AVENIDA PUJOL,700,PELLEGRINI,,-2.746.646,-5.882.368,1,1,0,2,0,Colisión entre vehículos,Colisión entre vehículos,S/D,,Alcance,2,Recta,,,NO,,Hormigón,,Apto,Seca,,Ninguna,,,,No,No,No,Día,NO,Sin Restricción,Despejado,Buena,,Sin Semáforo
53722,OBSERVATORIO VIAL,2019-04-15,17:35:00,CORRIENTES,18,CAPITAL,21,CORRIENTES,Urbana,Avenida,AVENIDA LIBERTAD,5900,RUTA 12,,-2.746.142,-5.876.809,1,1,0,2,0,Colisión entre vehículos,Colisión entre vehículos,S/D,,Angulo,2,Recta,Intersección / cruce,,NO,,Asfalto,,Apto,"Despejada, Seca",,Ninguna,,,,Si,Si,,Día,NO,Sin Restricción,Despejado,Buena,,Funciona
62291,OBSERVATORIO VIAL,2019-04-15,6:30:00,CORRIENTES,18,CAPITAL,21,CORRIENTES,Urbana,Avenida,MAIPU,5000,TILCARA,,-2.750.192,-5.881.289,2,0,0,2,0,Colisión entre vehículos,Colisión entre vehículos,S/D,,Angulo,2,Recta,,,NO,,Asfalto,,Apto,Seca,,Ninguna,,,,Si,Si,No,Día,NO,Sin Restricción,Despejado,Buena,,Funciona
49470,OBSERVATORIO VIAL,2019-04-14,10:45:00,CORRIENTES,18,CAPITAL,21,CORRIENTES,Urbana,Avenida,AVENIDA RAUL ALFONSIN,5500,,,-2.747.778,-5.878.510,3,1,0,2,0,Colisión entre vehículos,Colisión entre vehículos,S/D,,Angulo,2,Recta,Intersección / cruce,,NO,,Hormigón,,Apto,Seca,,Ninguna,,,,No,No,No,Día,NO,Sin Restricción,Despejado,Buena,,Sin Semáforo
53734,OBSERVATORIO VIAL,2019-04-13,18:20:00,CORRIENTES,18,CAPITAL,21,CORRIENTES,Urbana,Avenida,AV. RAUL ALFONSIN,4700,QUINQUELA MARTIN,,-2.747.588,-5.879.368,3,0,0,2,0,Colisión entre vehículos,Colisión entre vehículos,S/D,,Angulo,2,Recta,Intersección / cruce,,NO,,Hormigón,,Apto,"Despejada, Seca",,Cordón Divisorio,,,,Si,No,No,Día,NO,Sin Restricción,Despejado,Buena,,Sin Semáforo
49466,OBSERVATORIO VIAL,2019-04-13,19:20:00,CORRIENTES,18,CAPITAL,21,CORRIENTES,Urbana,Avenida,AV EL MAESTRO,1600,NUESTRA SEÑORA DE ASUNCION,,-2.749.117,-5.881.981,2,0,0,2,0,Colisión entre vehículos,Colisión entre vehículos,S/D,,,2,Recta,Intersección / cruce,,NO,,Asfalto,,Apto,Seca,,Ninguna,,,,Si,S/D,S/D,Noche,SI,Sin Restricción,Despejado,Buena,,Funciona
49558,OBSERVATORIO VIAL,2019-04-13,7:30:00,CORRIENTES,18,CAPITAL,21,CORRIENTES,Urbana,Avenida,MAIPU,2300,,,-2.749.655,-5.881.669,1,1,0,2,0,Colisión entre vehículos,Colisión entre vehículos,S/D,,Alcance,2,Recta,Intersección / cruce,,NO,,Asfalto,,Apto,Mojada,,,,,,No,No,No,Amanecer,SI,,Nublado,,,Sin Semáforo
55070,OBSERVATORIO VIAL,2019-04-13,10:00:00,CORRIENTES,18,CAPITAL,21,CORRIENTES,Urbana,Calle,RIVADAVIA,1400,PARAGUAY,,-2.747.528,-5.882.737,2,0,0,2,0,Colisión entre vehículos,Colisión entre vehículos,S/D,,Angulo,2,Recta,Intersección / cruce,,NO,,Hormigón,,Apto,Seca,,Ninguna,,,,Si,No,No,Día,NO,Sin Restricción,Nublado,Buena,,Sin Semáforo
62292,OBSERVATORIO VIAL,2019-04-13,16:00:00,CORRIENTES,18,CAPITAL,21,CORRIENTES,Urbana,Calle,BOLIVAR,1700,ESPAÑA,,-2.747.163,-5.882.958,3,0,0,2,0,Colisión entre vehículos,Colisión entre vehículos,S/D,,"Alcance, Angulo",2,Recta,Intersección / cruce,,NO,,Hormigón,,Apto,Seca,,Ninguna,,,,No,No,No,Día,NO,Sin Restricción,Despejado,Buena,,Sin Semáforo
49432,OBSERVATORIO VIAL,2019-04-13,17:45:00,CORRIENTES,18,CAPITAL,21,CORRIENTES,Urbana,Avenida,AVENIDA MAIPU,1100,HONDURAS,,-2.748.535,-5.882.380,2,0,0,2,0,Colisión entre vehículos,Colisión entre vehículos,S/D,,Angulo,2,Recta,Intersección / cruce,,NO,,Asfalto,,Apto,"Despejada, Seca",,Ninguna,,,,Si,No,No,Día,NO,,Despejado,,,Sin Semáforo
53390,OBSERVATORIO VIAL,2019-04-13,10:20:00,CORRIENTES,18,CAPITAL,21,CORRIENTES,Urbana,Calle,SALTA,1000,SAN MARTIN,,-2.746.954,-5.883.931,1,1,0,2,0,Colisión entre vehículos,Colisión entre vehículos,S/D,,Alcance,2,Recta,Intersección / cruce,,NO,,Hormigón,,Apto,Seca,,Ninguna,,,,Si,Si,,Día,NO,,Nublado,,,Sin Semáforo
58997,OBSERVATORIO VIAL,2019-04-13,6:05:00,CORRIENTES,18,CAPITAL,21,CORRIENTES,Urbana,Avenida,JUAN TORRES DE VERA A.,1199,MENDOZA,,-2.746.116,-5.883.479,0,1,1,1,0,"Caída desde vehículo, Despiste",Despiste,Si,,,1,Curva,,,NO,,Asfalto,,Apto,Seca,,,,,,No,No,No,Día,NO,Sin Restricción,Despejado,Buena,,Sin Semáforo
64844,OBSERVATORIO VIAL,2019-04-12,10:15:00,CORRIENTES,18,CAPITAL,21,CORRIENTES,Urbana,Avenida,RAUL ALFONSIN,4100,,,-2.747.428,-5.880.071,1,1,0,2,0,"Caída desde vehículo, Colisión entre vehículos",Colisión entre vehículos,S/D,,Angulo,2,Recta,Intersección / cruce,,NO,,Hormigón,,,,,Ninguna,,,,S/D,S/D,S/D,Día,NO,Sin Restricción,Despejado,Buena,,Sin Semáforo
62888,OBSERVATORIO VIAL,2019-04-12,11:00:00,CORRIENTES,18,CAPITAL,21,CORRIENTES,Urbana,Avenida,ARTIGAS,1300,BOLIVAR,,-2.747.277,-5.881.889,1,1,0,2,0,"Caída desde vehículo, Colisión entre vehículos",Colisión entre vehículos,S/D,,Lateral,2,Recta,Intersección / cruce,,NO,,Asfalto,,Apto,Seca,,Ninguna,,,,Si,Si,No,Día,NO,Sin Restricción,Nublado,Buena,,Funciona
68740,Observatorio Vial,2019-04-12,7:59:00,CORRIENTES,18,CAPITAL,21,CORRIENTES,Urbana,Avenida,Av. Maipú,2600,Caribe,,-2.749.894,-5.881.468,2,0,0,2,0,Colisión entre vehículos,Colisión entre vehículos,S/D,,Lateral,2,Recta,Intersección / cruce,,NO,,Asfalto,,Apto,Seca,,Ninguna,,,,Si,Si,Si,Día,NO,Sin Restricción,Despejado,Buena,,Funciona
49545,OBSERVATORIO VIAL,2019-04-11,18:30:00,CORRIENTES,18,CAPITAL,21,CORRIENTES,Urbana,Calle,SAN MARTIN,1100,,,-2.746.989,-5.883.585,2,0,0,2,0,Colisión entre vehículos,Colisión entre vehículos,S/D,,Alcance,2,Recta,Intersección / cruce,,NO,,Asfalto,,Apto,Seca,,Ninguna,,,,S/D,S/D,S/D,Atardecer,NO,Sin Restricción,Despejado,Buena,,Sin Semáforo
54498,OBSERVATORIO VIAL,2019-04-11,14:45:00,CORRIENTES,18,CAPITAL,21,CORRIENTES,Urbana,Avenida,AV GDOR RUIZ,2200,AV GDOR PUJOL,,-2.746.676,-5.882.120,1,1,0,2,0,Colisión entre vehículos,Colisión entre vehículos,S/D,,,2,Curva,Rotonda,,NO,,Hormigón,,Apto,"Despejada, Seca",,Ninguna,,,,Si,No,No,Día,NO,Sin Restricción,Despejado,Buena,,Sin Semáforo
64865,OBSERVATORIO VIAL,2019-04-11,23:30:00,CORRIENTES,18,CAPITAL,21,CORRIENTES,Urbana,Avenida,LAS HERAS,2374,,,-2.748.223,-5.882.235,1,1,0,1,1,Atropello a peatón/es,Atropello a peatón/es,S/D,,,2,Recta,Intersección / cruce,,NO,,Hormigón,,Apto,Seca,,Ninguna,,,,No,No,,Día,NO,Sin Restricción,Despejado,Buena,,Sin Semáforo
49450,OBSERVATORIO VIAL,2019-04-10,11:48:00,CORRIENTES,18,CAPITAL,21,CORRIENTES,Urbana,Avenida,AVENIDA TENIENTE IBAÑEZ,3200,CONTE,,-2.748.555,-5.883.526,0,2,0,2,0,Colisión entre vehículos,Colisión entre vehículos,S/D,,Frontal,2,Curva,Intersección / cruce,,NO,,Asfalto,,Apto,,,Ninguna,,,,Si,S/D,S/D,Día,NO,,Despejado,,,Sin Semáforo
53244,OBSERVATORIO VIAL,2019-04-10,23:40:00,CORRIENTES,18,CAPITAL,21,CORRIENTES,Urbana,Calle,RIO MIRIÑAY,4500,LOS TOBAS,,-2.751.233,-5.881.526,3,0,0,2,0,Colisión entre vehículos,Colisión entre vehículos,S/D,,Alcance,2,Recta,Intersección / cruce,,NO,,Tierra,,Apto,Seca,,Ninguna,,,,S/D,S/D,S/D,Noche,SI,Sin Restricción,Despejado,Buena,,Sin Semáforo
53869,OBSERVATORIO VIAL,2019-04-10,12:30:00,CORRIENTES,18,CAPITAL,21,CORRIENTES,Urbana,Avenida,AV ARMENIA,2800,AV CHACABUCO,,-2.746.746,-5.881.184,2,0,0,2,0,Colisión entre vehículos,Colisión entre vehículos,S/D,,Alcance,2,Recta,Intersección / cruce,,NO,,Asfalto,,Apto,Seca,,Cordón Divisorio,,,,No,No,No,Día,NO,Sin Restricción,Despejado,Buena,,Sin Semáforo
54553,OBSERVATORIO VIAL,2019-04-09,9:05:00,CORRIENTES,18,CAPITAL,21,CORRIENTES,Urbana,Calle,JUJUY,1800,25 DE mayo,,-2.746.511,-5.882.755,1,1,0,2,0,Colisión entre vehículos,Colisión entre vehículos,S/D,,Frontal,2,Recta,Intersección / cruce,,NO,,Hormigón,,Apto,Seca,,Ninguna,,,,Si,No,No,Día,NO,Sin Restricción,Despejado,Buena,,Sin Semáforo
49249,OBSERVATORIO VIAL,2019-04-09,19:30:00,CORRIENTES,18,CAPITAL,21,CORRIENTES,Urbana,Calle,GUEMES,3600,GENARAL PAZ,,-2.748.208,-5.880.799,1,1,0,2,0,Colisión entre vehículos,Colisión entre vehículos,S/D,,Frontal,2,Recta,Intersección / cruce,,NO,,Asfalto,,Apto,Seca,,Ninguna,,,,No,No,No,Atardecer,NO,Sin Restricción,Nublado,Buena,,Sin Semáforo
49283,OBSERVATORIO VIAL,2019-04-09,10:30:00,CORRIENTES,18,CAPITAL,21,CORRIENTES,Urbana,Calle,BUENOS AIRES,700,CARLOS PELLEGRINI,,-2.746.502,-5.884.037,4,0,0,4,0,"Choque, Colisión entre vehículos",Colisión entre vehículos,S/D,,"En calzada, Multiple",4,Recta,Intersección / cruce,,NO,,Asfalto,,Apto,Seca,,Ninguna,,,,Si,Si,Si,Día,NO,Sin Restricción,Despejado,Buena,,Sin Semáforo
49595,OBSERVATORIO VIAL,2019-04-09,13:10:00,CORRIENTES,18,CAPITAL,21,CORRIENTES,Urbana,Calle,ALVEAR,1940,,,-2.746.043,-5.882.538,2,1,0,2,0,Colisión entre vehículos,Colisión entre vehículos,S/D,,Rozamiento,2,Recta,Intersección / cruce,,NO,,Asfalto,,Apto,Seca,,,,,,S/D,S/D,S/D,Día,NO,Sin Restricción,Despejado,Buena,,Sin Semáforo
65561,OBSERVATORIO VIAL,2019-04-08,11:40:00,CORRIENTES,18,CAPITAL,21,CORRIENTES,Urbana,Calle,BAIBIENE,1900,PLACIDO MARTINEZ,,-2.746.300,-5.882.600,1,1,0,2,0,Colisión entre vehículos,Colisión entre vehículos,S/D,,,2,Recta,,,,,Hormigón,,Apto,Seca,,Ninguna,,,,No,No,No,Día,NO,Sin Restricción,Despejado,Buena,,Sin Semáforo
49299,OBSERVATORIO VIAL,2019-04-08,18:35:00,CORRIENTES,18,CAPITAL,21,CORRIENTES,Urbana,Avenida,INDEPENDENCIA,4300,RIO JURAMENTO,,-2.748.144,-5.879.932,0,2,0,2,0,Colisión entre vehículos,Colisión entre vehículos,S/D,,Alcance,2,Recta,Intersección / cruce,,NO,,Hormigón,,Apto,"Despejada, Seca",,Cordón Divisorio,,,,Si,No,No,Día,NO,Sin Restricción,Despejado,Buena,,Sin Semáforo
49521,OBSERVATORIO VIAL,2019-04-08,13:45:00,CORRIENTES,18,CAPITAL,21,CORRIENTES,Urbana,Avenida,"J. M, ESTRADA",2500,RIO NEGRO,,-2.748.855,-5.882.964,3,0,0,2,0,Colisión entre vehículos,Colisión entre vehículos,S/D,,Alcance,2,Recta,Intersección / cruce,,NO,,Hormigón,,Apto,Seca,,Cordón Divisorio,,,,Si,No,No,Día,NO,,Despejado,Buena,,Sin Semáforo
55117,OBSERVATORIO VIAL,2019-04-08,0:30:00,CORRIENTES,18,CAPITAL,21,CORRIENTES,Urbana,Avenida,AVENIDA LIBERTAD,5500,LOS CLAVELES,,-2.746.438,-5.878.094,1,1,0,2,0,Colisión entre vehículos,Colisión entre vehículos,S/D,,Frontal,2,Recta,Intersección / cruce,,NO,,Asfalto,,Apto,Seca,,Ninguna,,,,Si,No,No,Noche,SI,Sin Restricción,Despejado,Buena,,Sin Semáforo
49221,OBSERVATORIO VIAL,2019-04-08,12:30:00,CORRIENTES,18,CAPITAL,21,CORRIENTES,Urbana,Calle,FRAGATA HERCULES,1700,EX VIA,,-2.747.842,-5.882.052,1,1,0,2,0,Colisión entre vehículos,Colisión entre vehículos,S/D,,,2,Recta,Intersección / cruce,,NO,,Hormigón,,Apto,Seca,,Ninguna,,,,No,No,No,Día,NO,Sin Restricción,Despejado,Buena,,Sin Semáforo
49368,OBSERVATORIO VIAL,2019-04-07,6:20:00,CORRIENTES,18,CAPITAL,21,CORRIENTES,Urbana,Avenida,AVENIDA PEDRO FERRE,1900,PARAGUAY,,-2.747.695,-5.882.750,2,0,0,2,0,Colisión entre vehículos,Colisión entre vehículos,S/D,,Angulo,2,Recta,Intersección / cruce,,NO,,Hormigón,,Apto,Seca,,Ninguna,,,,Si,Si,,Amanecer,SI,,Despejado,Buena,,Funciona
49493,OBSERVATORIO VIAL,2019-04-07,11:45:00,CORRIENTES,18,CAPITAL,21,CORRIENTES,Urbana,Calle,LAVALLE,1700,ELIAS ABAD,,-2.747.557,-5.884.831,1,2,0,2,0,Colisión entre vehículos,Colisión entre vehículos,S/D,,Rozamiento,2,Recta,Intersección / cruce,,NO,,Hormigón,,Apto,Seca,,Ninguna,,,,Si,No,No,Día,NO,Sin Restricción,Despejado,Buena,,Sin Semáforo
53380,OBSERVATORIO VIAL,2019-04-07,17:45:00,CORRIENTES,18,CAPITAL,21,CORRIENTES,Urbana,Avenida,AVENIDA LA PAZ,1500,AVENIDA MAIPU,,-2.748.405,-5.882.503,2,1,0,2,0,Colisión entre vehículos,Colisión entre vehículos,S/D,,Alcance,2,Recta,Intersección / cruce,,NO,,Hormigón,,Apto,"Despejada, Seca",,Cordón Divisorio,,,,Si,No,No,Día,NO,Sin Restricción,Despejado,,,Funciona
53855,OBSERVATORIO VIAL,2019-04-07,8:30:00,CORRIENTES,18,CAPITAL,21,CORRIENTES,Urbana,Avenida,AV R.R. ALFONSIN,3115,RECONQUISTA,,-2.747.153,-5.881.131,1,2,0,3,0,Colisión entre vehículos,Colisión entre vehículos,S/D,,"Lateral, Multiple",3,Recta,Intersección / cruce,,,,Asfalto,,Apto,Seca,,Ninguna,,,,No,No,No,Día,NO,Sin Restricción,Despejado,Buena,,Sin Semáforo
58323,OBSERVATORIO VIAL,2019-04-05,23:35:00,CORRIENTES,18,CAPITAL,21,CORRIENTES,Urbana,Avenida,AV 3 DE ABRIL,1400,CATAMARCA,,-2.747.589,-5.883.394,4,2,0,4,0,Colisión entre vehículos,Colisión entre vehículos,S/D,,,4,Recta,Intersección / cruce,,NO,,Hormigón,,Apto,Seca,,Ninguna,,,,Si,Si,No,Día,SI,Sin Restricción,Despejado,Buena,,Sin Semáforo
49366,OBSERVATORIO VIAL,2019-04-05,16:55:00,CORRIENTES,18,CAPITAL,21,CORRIENTES,Urbana,Calle,GUTEMBERG,2000,LA MADRID,,-2.748.232,-5.883.213,2,0,0,2,0,Colisión entre vehículos,Colisión entre vehículos,S/D,,Angulo,2,Recta,Intersección / cruce,,NO,,Hormigón,,Apto,Seca,,Ninguna,,,,No,No,No,Día,NO,Sin Restricción,Despejado,Buena,,Sin Semáforo
49562,OBSERVATORIO VIAL,2019-04-05,11:50:00,CORRIENTES,18,CAPITAL,21,CORRIENTES,Urbana,Avenida,AVENIDA FERRE,1800,JUJUY,,-2.747.686,-5.882.889,1,1,0,2,0,Colisión entre vehículos,Colisión entre vehículos,S/D,,Alcance,2,Recta,Intersección / cruce,,NO,,Hormigón,,Apto,Seca,,Ninguna,,,,Si,Si,No,Día,NO,Sin Restricción,Despejado,Buena,,Funciona
49528,OBSERVATORIO VIAL,2019-04-05,11:00:00,CORRIENTES,18,CAPITAL,21,CORRIENTES,Urbana,Calle,TARAGUI,2000,2 DE abril,,-2.749.695,-5.882.883,2,0,0,2,0,Colisión entre vehículos,Colisión entre vehículos,S/D,,Angulo,2,Recta,Intersección / cruce,,NO,,Tierra,,Apto,Seca,,Ninguna,,,,Si,No,No,Día,NO,Sin Restricción,Despejado,Buena,,Sin Semáforo
59878,OBSERVATORIO VIAL,2019-04-05,7:30:00,CORRIENTES,18,CAPITAL,21,CORRIENTES,Urbana,Avenida,LIBERTAD,5000,JR FERNANDEZ,,-2.746.678,-5.879.005,1,1,0,2,0,Colisión entre vehículos,Colisión entre vehículos,S/D,,,2,Recta,Intersección / cruce,,,,Hormigón,,Apto,,,Ninguna,,,,Si,Si,,Día,,Sin Restricción,Despejado,Buena,,Funciona
49275,OBSERVATORIO VIAL,2019-04-04,11:20:00,CORRIENTES,18,CAPITAL,21,CORRIENTES,Urbana,Avenida,AV LIBERTAD,5500,ALFREDO LANARI,,-2.746.428,-5.878.063,1,1,0,2,0,Colisión entre vehículos,Colisión entre vehículos,S/D,,Angulo,2,Recta,Intersección / cruce,,NO,,Hormigón,,,,,Guardarraíl,,,,Si,No,S/D,Día,,Sin Restricción,Despejado,Buena,,Sin Semáforo
68856,CORRIENTES,2019-04-03,19:15:00,CORRIENTES,18,CAPITAL,21,CORRIENTES,Urbana,Avenida,AV. ALFONSIN,4300,DORREGO,,,,1,1,0,2,0,Colisión entre vehículos,Colisión entre vehículos,S/D,,,2,Recta,Intersección / cruce,,NO,,Asfalto,,Apto,Seca,,Cordón Divisorio,,,,S/D,S/D,S/D,Atardecer,NO,,Despejado,Buena,,Sin Semáforo
49584,OBSERVATORIO VIAL,2019-04-03,19:35:00,CORRIENTES,18,CAPITAL,21,CORRIENTES,Urbana,Avenida,AVENIDA ARTIGAS,1500,RIVADAVIA,,-2.747.602,-5.881.963,2,0,0,2,0,Colisión entre vehículos,Colisión entre vehículos,S/D,,Angulo,2,Recta,Intersección / cruce,,NO,,Hormigón,,Apto,Seca,,Ninguna,,,,Si,No,No,Noche,SI,,Despejado,,,Sin Semáforo
49329,OBSERVATORIO VIAL,2019-04-02,7:45:00,CORRIENTES,18,CAPITAL,21,CORRIENTES,Urbana,Avenida,AVENIDA PUJOL,800,VELEZ SARSFIELD,,-2.746.847,-5.882.013,4,0,0,2,0,Colisión entre vehículos,Colisión entre vehículos,S/D,,Angulo,2,Recta,Intersección / cruce,,NO,,Hormigón,,Apto,Seca,,,PARTERRE,,,Si,,,Día,NO,Sin Restricción,Despejado,Buena,,Sin Semáforo
53625,observatorio vial,2019-04-02,1:30:00,CORRIENTES,18,CAPITAL,21,CORRIENTES,Urbana,Avenida,AV C CORRENTINOS,4000,las piedra,,-2.748.886,-5.880.115,1,1,0,2,0,Colisión entre vehículos,Colisión entre vehículos,S/D,,Alcance,2,Recta,Intersección / cruce,,NO,,Asfalto,,Apto,Seca,,Cordón Divisorio,,,,Si,,,Noche,SI,Sin Restricción,Despejado,Buena,,Intermitente
59876,OBSERVATORIO VIAL,2019-04-02,16:55:00,CORRIENTES,18,CAPITAL,21,CORRIENTES,Urbana,Avenida,AV. TRES DE ABRIL,1400,CATAMARCA,BANDA NORTE,-2.747.597,-5.883.388,2,0,0,2,0,Colisión entre vehículos,Colisión entre vehículos,S/D,,Alcance,2,Recta,Intersección / cruce,,NO,,Hormigón,,Apto,Seca,,Barrera de Hormigón,,,,Si,Si,No,Día,NO,Sin Restricción,Despejado,Buena,,Funciona
49246,OBSERVATORIO VIAL,2019-04-02,8:00:00,CORRIENTES,18,CAPITAL,21,CORRIENTES,Urbana,Avenida,MAIPU,4900,ORAN,,-2.750.907,-5.881.037,1,1,0,2,0,Colisión entre vehículos,Colisión entre vehículos,S/D,,,2,Recta,Intersección / cruce,,NO,,Asfalto,,Apto,Seca,,Ninguna,,,,No,No,No,Día,NO,Sin Restricción,Despejado,Buena,,Sin Semáforo
49580,OBSERVAORIO VIAL,2019-04-02,19:00:00,CORRIENTES,18,CAPITAL,21,CORRIENTES,Rural,Ruta Nacional,12,1029,,,-2.749.312,-5.877.853,1,1,0,2,0,Colisión entre vehículos,Colisión entre vehículos,S/D,,,2,Recta,Intersección / cruce,,NO,,Hormigón,,Apto,Seca,,Ninguna,,,,No,No,No,Noche,SI,,Despejado,,,Sin Semáforo
67494,OBSERVATORIO VIAL,2019-04-02,15:00:00,CORRIENTES,18,CAPITAL,21,CORRIENTES,Urbana,Calle,JULIO,1700,ESPAÑA,,-2.746.706,-5.882.909,2,0,0,2,0,Colisión entre vehículos,Colisión entre vehículos,S/D,,,2,Recta,Intersección / cruce,,NO,,Hormigón,,,Seca,,Ninguna,,,,Si,No,No,Día,NO,Sin Restricción,Despejado,Buena,,Sin Semáforo
49524,OBSERVATORIO VIAL,2019-04-02,18:20:00,CORRIENTES,18,CAPITAL,21,CORRIENTES,Urbana,Avenida,AVENIDA MAIPU,4500,,,-2.751.402,-5.880.696,2,1,0,2,0,Colisión entre vehículos,Colisión entre vehículos,S/D,,Rozamiento,2,Recta,,IGUAL SENTIDO,NO,,Asfalto,,Apto,Seca,,Cordón Divisorio,,,,No,No,No,Día,NO,,Despejado,,,Sin Semáforo
49589,OBSERVATORIO VIAL,2019-04-02,3:35:00,CORRIENTES,18,CAPITAL,21,CORRIENTES,Urbana,Calle,BOLIVAR,1400,CATAMARCA,,-2.747.121,-5.883.340,2,0,0,2,0,Colisión entre vehículos,Colisión entre vehículos,S/D,,,2,Recta,Intersección / cruce,,NO,,Hormigón,,Apto,Seca,,Ninguna,,,,No,Si,S/D,Noche,SI,Sin Restricción,Despejado,Buena,,Sin Semáforo
53737,OBSERVATORIO VIAL,2019-04-02,18:15:00,CORRIENTES,18,CAPITAL,21,CORRIENTES,Urbana,Avenida,AV.ARTIGAS,1380,,,-2.747.462,-5.881.944,1,1,0,2,0,Colisión entre vehículos,Colisión entre vehículos,S/D,,Alcance,2,Recta,Intersección / cruce,,NO,,Asfalto,,Apto,Seca,,Ninguna,,,,Si,Si,No,Día,NO,Sin Restricción,Despejado,Buena,,Funciona
62909,OBSERVATORIO VIAL,2019-04-01,23:30:00,CORRIENTES,18,CAPITAL,21,CORRIENTES,Urbana,Calle,SAN LUIS,1300,BOLIVAR,,-2.747.033,-5.884.318,1,1,0,2,0,Colisión entre vehículos,Colisión entre vehículos,S/D,,Lateral,2,Recta,Intersección / cruce,,NO,,Hormigón,,Apto,Seca,,Ninguna,,,,No,No,No,Atardecer,NO,,,Buena,,Sin Semáforo
49352,OBSERVATORIO VIAL,2019-04-01,18:35:00,CORRIENTES,18,CAPITAL,21,CORRIENTES,Urbana,Avenida,AVENIDA ARMENIA,4500,RICARDO GUIRALDE,,-2.746.821,-5.879.654,0,2,0,2,0,Colisión entre vehículos,Colisión entre vehículos,S/D,,Angulo,2,Recta,Intersección / cruce,,NO,,Asfalto,,Apto,Seca,,Cordón Divisorio,,,,,No,No,,NO,Sin Restricción,Despejado,Buena,,Sin Semáforo
55381,OBSERVATORIO VIL,2019-04-01,13:19:00,CORRIENTES,18,CAPITAL,21,CORRIENTES,Urbana,Calle,SAN MARTIN,1000,SAN LORENZO,,-2.747.025,-5.883.202,1,1,0,2,0,Colisión entre vehículos,Colisión entre vehículos,S/D,,Angulo,2,Recta,Intersección / cruce,,NO,,Asfalto,,Apto,Seca,,Ninguna,,,,Si,Si,No,Día,NO,Sin Restricción,Despejado,Buena,,Funciona
62870,OBSERVATORIO  VIAL,2019-04-01,10:15:00,CORRIENTES,18,CAPITAL,21,CORRIENTES,Urbana,Avenida,ARTIGAS,1220,,,-2.747.356,-5.881.905,2,0,0,2,0,Colisión entre vehículos,Colisión entre vehículos,S/D,,,2,Recta,,,,,Asfalto,,Apto,Seca,,Ninguna,,,,Si,Si,No,Día,NO,Sin Restricción,Despejado,Buena,,Funciona
49451,OBSERVATORIO VIAL,2019-04-01,11:48:00,CORRIENTES,18,CAPITAL,21,CORRIENTES,Urbana,Avenida,AVENIDA TENIENTE IBAÑEZ,3200,CONTE,,-2.748.555,-5.883.526,0,2,0,2,0,Colisión entre vehículos,Colisión entre vehículos,S/D,,Frontal,2,Curva,Intersección / cruce,,NO,,Asfalto,,Apto,,,Ninguna,,,,Si,S/D,S/D,Día,NO,,Despejado,,,Sin Semáforo
58509,OBSERVATORIO VIAL,2019-03-29,11:15:00,CORRIENTES,18,CAPITAL,21,CORRIENTES,Urbana,Calle,SUIZA,3200,REPUBLICA DOMINICANA,,-2.747.614,-5.881.072,1,1,0,2,0,Colisión entre vehículos,Colisión entre vehículos,S/D,,Lateral,2,Recta,Intersección / cruce,,,,Hormigón,,Apto,Seca,,Ninguna,,,,No,No,No,Día,NO,Sin Restricción,Despejado,Buena,,Sin Semáforo
62852,OBSERVATORIO VIAL,2019-03-29,0:55:00,CORRIENTES,18,CAPITAL,21,CORRIENTES,Rural,Ruta Nacional,12,KM1018,MAIPU,ACCESO PIRAYUI,-2.751.741,-5.876.844,0,1,0,1,0,"Caída desde vehículo, Despiste",Despiste,Si,,,1,Recta,,,NO,,Asfalto,,En reparación,Seca,,Otro,,,,,,,Amanecer,NO,Obra en Construcción,Despejado,,,
56477,OBSERVATORIO VIAL,2019-03-29,11:10:00,CORRIENTES,18,CAPITAL,21,CORRIENTES,Urbana,Calle,MORENO,2200,ROCA,,-2.747.457,-5.882.343,2,1,0,2,0,Colisión entre vehículos,Colisión entre vehículos,S/D,,Angulo,2,Recta,Intersección / cruce,,NO,,Hormigón,,Apto,Seca,,Ninguna,,,,Si,Si,No,Día,NO,Sin Restricción,Despejado,Buena,,Sin Semáforo
62853,OBSERVATORIO VIAL,2019-03-28,6:00:00,CORRIENTES,18,CAPITAL,21,CORRIENTES,Urbana,Avenida,PATAGONIA,2200,PAYSANDU,,-2.749.255,-5.882.430,1,1,0,2,0,Colisión entre vehículos,Colisión entre vehículos,S/D,,Angulo,2,Recta,Intersección / cruce,,NO,,Hormigón,,Apto,Seca,,Cordón Divisorio,,,,No,No,No,Amanecer,SI,,Despejado,Buena,,Sin Semáforo
53752,OBSERVATORIO VIAL,2019-03-28,0:00:00,CORRIENTES,18,CAPITAL,21,CORRIENTES,Urbana,Avenida,AV. RAUL ALFONSIN,1030,RUTA NACIONAL N12,,-2.747.812,-5.878.295,0,1,0,1,0,Caída desde vehículo,Caída desde vehículo,S/D,,,1,Recta,Intersección / cruce,,NO,,Asfalto,,Apto,Seca,,,,,,,,,Noche,SI,,,,,
49603,OBSERVATORIO VIAL,2019-03-28,12:30:00,CORRIENTES,18,CAPITAL,21,CORRIENTES,Urbana,Avenida,AV PUJOL,2200,PELLEGRINI,,-2.746.647,-5.882.281,2,0,0,2,0,Colisión entre vehículos,Colisión entre vehículos,S/D,,Rozamiento,2,Curva,Rotonda,,NO,,Hormigón,,Apto,Seca,,Ninguna,,,,No,No,No,Día,NO,Sin Restricción,Despejado,Buena,,Sin Semáforo
49257,OBSERVATORIO    VIAL,2019-03-28,12:30:00,CORRIENTES,18,CAPITAL,21,CORRIENTES,Urbana,Avenida,GOBERNADOR RUIZ,2100,,,-2.746.675,-5.882.004,1,1,0,2,0,,,S/D,,,2,Recta,Intersección / cruce,,NO,,Asfalto,,Apto,Seca,,Ninguna,,,,No,No,No,Día,NO,Sin Restricción,Despejado,Buena,,Sin Semáforo
49401,OBSERVATORIO VIAL,2019-03-27,11:38:00,CORRIENTES,18,CAPITAL,21,CORRIENTES,Urbana,Avenida,AV SARMIENTO,2200,,,-2.748.324,-5.883.087,2,0,0,2,0,Colisión entre vehículos,Colisión entre vehículos,S/D,,Alcance,2,Recta,Intersección / cruce,,NO,,Asfalto,,Apto,"Despejada, Seca",,,,,,Si,Si,S/D,Día,SI,,Despejado,Buena,,Funciona
49209,OBSERVATORIO VIAL,2019-03-27,9:30:00,CORRIENTES,18,CAPITAL,21,CORRIENTES,Urbana,Calle,LAVALLE,1900,PARAGUAY,,-2.747.790,-5.882.762,0,2,0,2,0,Colisión entre vehículos,Colisión entre vehículos,S/D,,Alcance,2,Recta,Intersección / cruce,,NO,,Asfalto,,Baches,,,Ninguna,,,,Si,S/D,S/D,Día,NO,Sin Restricción,Nublado,Buena,,Sin Semáforo
49452,OBSERVATORIO VIAL,2019-03-27,8:00:00,CORRIENTES,18,CAPITAL,21,CORRIENTES,Urbana,Avenida,AVENIDA ARMENIA,4000,MONTEAGUDO,,-2.746.681,-5.879.078,0,1,0,1,0,Caída desde vehículo,Caída desde vehículo,S/D,,,1,Recta,Intersección / cruce,,NO,,Asfalto,,Apto,"Despejada, Seca",,Ninguna,,,,S/D,S/D,S/D,Día,NO,Sin Restricción,Despejado,Buena,,Sin Semáforo
49566,OBSERVATORIO VIAL,2019-03-27,8:10:00,CORRIENTES,18,CAPITAL,21,CORRIENTES,Urbana,Avenida,AVENIDA IV CENTENARIO,3000,TARAGUI,,-2.749.548,-5.883.813,2,0,0,2,0,Colisión entre vehículos,Colisión entre vehículos,S/D,,Angulo,2,Recta,Intersección / cruce,,NO,,Hormigón,,Apto,Seca,,Ninguna,,,,Si,No,No,Día,NO,Sin Restricción,Despejado,Buena,,Sin Semáforo
54634,OBSERVATORIO VIAL,2019-03-25,16:00:00,CORRIENTES,18,CAPITAL,21,CORRIENTES,Urbana,Ruta Provincial,5,2,,,-2.748.599,-5.877.061,2,0,0,2,0,Colisión entre vehículos,Colisión entre vehículos,S/D,,Angulo,2,Recta,,,NO,,Asfalto,,Apto,Seca,,,,,,No,No,No,Día,NO,,Despejado,Buena,,Sin Semáforo
62902,OBSERVATORIO VIAL,2019-03-25,17:15:00,CORRIENTES,18,CAPITAL,21,CORRIENTES,Urbana,Calle,ESPAÑA,1560,,,-2.747.567,-5.883.004,0,2,0,1,0,Caída desde vehículo,Caída desde vehículo,S/D,,,1,Recta,,,NO,,Hormigón,,Apto,Seca,,Ninguna,,,,No,No,No,Día,NO,Sin Restricción,Despejado,,,Sin Semáforo
59001,OBSERVATORIO VIAL,2019-03-25,10:25:00,CORRIENTES,18,CAPITAL,21,CORRIENTES,Urbana,Calle,SANTA FE,1500,MORENO,,-2.747.374,-5.883.091,1,1,0,2,0,Colisión entre vehículos,Colisión entre vehículos,S/D,,,2,Recta,Intersección / cruce,,NO,,Hormigón,,Apto,Seca,,Ninguna,,,,No,No,,Día,NO,Sin Restricción,Despejado,Buena,,Sin Semáforo
49303,OBSERVATORIO VIAL,2019-03-25,11:50:00,CORRIENTES,18,CAPITAL,21,CORRIENTES,Urbana,Calle,9 DE julio,1500,SANTA FE,,-2.746.693,-5.883.032,1,1,0,2,0,Colisión entre vehículos,Colisión entre vehículos,S/D,,Angulo,2,Recta,Intersección / cruce,,NO,,Hormigón,,Apto,,,,,,,,,,,NO,,Despejado,Buena,,
49203,OBSERVATORIO VIAL,2019-03-25,7:50:00,CORRIENTES,18,CAPITAL,21,CORRIENTES,Urbana,Avenida,AV MAIPU,2650,NICARAGUA,,-2.749.884,-5.881.476,1,1,0,2,0,Colisión entre vehículos,Colisión entre vehículos,S/D,,Alcance,2,Recta,Intersección / cruce,,NO,,Asfalto,,Apto,Seca,,Ninguna,,,,Si,No,No,Día,NO,Sin Restricción,Despejado,Buena,,Sin Semáforo
57022,OBSERVATORIO VIAL,2019-03-24,1:30:00,CORRIENTES,18,CAPITAL,21,CORRIENTES,Urbana,Avenida,CAZADORES CORRENTINOS,4100,MEDRANO,,-2.748.772,-5.879.926,1,2,0,2,0,Colisión entre vehículos,Colisión entre vehículos,S/D,,Lateral,2,Recta,Intersección / cruce,,NO,,Hormigón,,Apto,Seca,,Cordón Divisorio,,,,Si,S/D,S/D,Noche,SI,Sin Restricción,Despejado,Buena,,No Funciona
49441,OBSERVATORIO VIAL,2019-03-24,13:00:00,CORRIENTES,18,CAPITAL,21,CORRIENTES,Urbana,Calle,ESPAÑA,1200,BELGRANO,,-2.747.279,-5.882.973,1,1,0,2,0,Colisión entre vehículos,Colisión entre vehículos,S/D,,Alcance,2,Recta,Intersección / cruce,,NO,,Hormigón,,Apto,Seca,,Ninguna,,,,No,No,No,Día,NO,Sin Restricción,Despejado,Buena,,Sin Semáforo
49504,OBSERVATORIO VIAL,2019-03-23,20:35:00,CORRIENTES,18,CAPITAL,21,CORRIENTES,Urbana,Calle,ESPAÑA,800,JUNIN,,-2.746.832,-5.882.919,2,0,0,2,0,Colisión entre vehículos,Colisión entre vehículos,S/D,,Angulo,2,Recta,Intersección / cruce,,NO,,,,Apto,Seca,,Ninguna,,,,Si,Si,No,Noche,SI,Sin Restricción,Despejado,Buena,,Sin Semáforo
49516,OBSERVATORIO VIAL,2019-03-23,8:30:00,CORRIENTES,18,CAPITAL,21,CORRIENTES,Urbana,Ruta Provincial,RUTA 5,1 1/2,CESAR ALVARES (Pacheco),,-2.748.600,-5.877.051,2,0,0,2,0,Colisión entre vehículos,Colisión entre vehículos,S/D,,Alcance,2,Recta,Intersección / cruce,,NO,,Asfalto,,Apto,Seca,,Ninguna,,,,Si,Si,No,Día,NO,Sin Restricción,,Buena,,Funciona
49506,OBSERVATORIO VIAL,2019-03-23,1:15:00,CORRIENTES,18,CAPITAL,21,CORRIENTES,Urbana,Avenida,IV CENTENARIO,1200,MAGALLANE,,-2.749.261,-5.883.807,1,1,0,2,0,Colisión entre vehículos,Colisión entre vehículos,S/D,,Alcance,2,Recta,Intersección / cruce,,NO,,Hormigón,,Apto,Mojada,,Ninguna,,,,Si,Si,No,Noche,SI,,Lluvia,,,Sin Semáforo
49608,OBSERVATORIO VIAL,2019-03-23,8:35:00,CORRIENTES,18,CAPITAL,21,CORRIENTES,Urbana,Calle,DON BOSCO,1300,MORENO,BELGRANO,-2.747.219,-5.884.979,2,0,0,2,0,Colisión entre vehículos,Colisión entre vehículos,S/D,,Angulo,2,Recta,Intersección / cruce,,,,Hormigón,,Apto,Seca,,Ninguna,,,,S/D,S/D,S/D,Día,NO,Sin Restricción,Despejado,Buena,,Sin Semáforo
49413,OBSERVATORIO VIAL,2019-03-23,10:15:00,CORRIENTES,18,CAPITAL,21,CORRIENTES,Urbana,Calle,LA RIOJA,1000,BELGRANO,,-2.747.193,-5.883.853,2,1,0,2,0,Colisión entre vehículos,Colisión entre vehículos,S/D,,Angulo,2,Recta,Intersección / cruce,,NO,,Asfalto,,Apto,Seca,,Ninguna,,,,Si,,,Día,NO,Sin Restricción,Nublado,Buena,,Sin Semáforo
53800,OBSERVATORIO VIAL,2019-03-23,8:30:00,CORRIENTES,18,CAPITAL,21,CORRIENTES,Urbana,Avenida,AVENIDA CAZADORES CORRENTINOS,2200,MEDRANO,,-2.748.756,-5.879.926,1,1,0,1,1,Atropello a peatón/es,Atropello a peatón/es,S/D,,,2,Recta,Intersección / cruce,,NO,,Hormigón,,Apto,Mojada,,,,,,Si,Si,No,Día,NO,Sin Restricción,Lluvia,Lluvia,,Funciona
49398,OBSERVATORIO VIAL,2019-03-22,18:35:00,CORRIENTES,18,CAPITAL,21,CORRIENTES,Urbana,Calle,RIVADAVIA,1800,JUJUY,,-2.747.517,-5.882.861,2,0,0,2,0,Colisión entre vehículos,Colisión entre vehículos,S/D,,Angulo,2,Recta,Intersección / cruce,,NO,,Asfalto,,Apto,"Despejada, Seca",,Ninguna,,,,S/D,S/D,S/D,Atardecer,NO,Sin Restricción,Despejado,Buena,,Sin Semáforo
54068,OBSERVATORIO VIAL,2019-03-22,8:05:00,CORRIENTES,18,CAPITAL,21,CORRIENTES,Urbana,Calle,GRAL PAZ,1700,ELIAS ABAD,,-2.747.677,-5.884.855,1,1,0,2,0,Colisión entre vehículos,Colisión entre vehículos,S/D,,Frontal,2,Recta,Intersección / cruce,,NO,,Hormigón,,Apto,Seca,,Ninguna,,,,Si,No,No,Día,NO,Sin Restricción,Despejado,Buena,,Sin Semáforo
49279,OBSERVATORIO VIAL,2019-03-22,8:45:00,CORRIENTES,18,CAPITAL,21,CORRIENTES,Urbana,Calle,CATAMARCA,1100,SAN MARTIN,,-2.747.011,-5.883.336,2,1,0,2,0,"Choque, Colisión entre vehículos",Colisión entre vehículos,S/D,,"En calzada, Rozamiento",2,Recta,Intersección / cruce,,NO,,Asfalto,,Apto,Seca,,Ninguna,,,,No,No,No,Día,NO,Sin Restricción,Despejado,Buena,,Sin Semáforo
49353,OBSERVATORIO VIAL,2019-03-22,19:30:00,CORRIENTES,18,CAPITAL,21,CORRIENTES,Urbana,Avenida,AVENIDA INDEPENDENCIA,3000,,,-2.747.858,-5.881.428,2,0,0,2,0,Colisión entre vehículos,Colisión entre vehículos,S/D,,Alcance,2,Curva,Intersección / cruce,,NO,,Hormigón,,Apto,Seca,,Ninguna,,,,,,,Día,NO,Sin Restricción,Despejado,Buena,,Funciona
59881,OBSERVATORIO VIAL,2019-03-22,12:20:00,CORRIENTES,18,CAPITAL,21,CORRIENTES,Urbana,Avenida,INDEPENDENCIA,3400,,,-2.747.923,-5.880.985,1,1,0,2,0,Colisión entre vehículos,Colisión entre vehículos,S/D,,,2,Recta,Intersección / cruce,,NO,,Hormigón,,Apto,Seca,,Cordón Divisorio,,,,Si,Si,No,Día,NO,Sin Restricción,Despejado,Buena,,Funciona
67483,OBSERVATORIO VIAL,2019-03-21,4:00:00,CORRIENTES,18,CAPITAL,21,CORRIENTES,Urbana,Avenida,AV PERON,4764,MONTECARLO,THAMES,-2.748.821,-5.879.460,0,2,0,1,1,Atropello a peatón/es,Atropello a peatón/es,S/D,,,2,Recta,Intersección / cruce,,NO,,Asfalto,,Apto,Seca,,Ninguna,,,,Si,S/D,S/D,Noche,SI,Sin Restricción,Despejado,Buena,,Sin Semáforo
53870,OBSERVATORIO VIAL,2019-03-21,12:50:00,CORRIENTES,18,CAPITAL,21,CORRIENTES,Urbana,Avenida,AV INDEPENDENCIA,3000,AV CHACABUCO,,-2.747.843,-5.881.466,2,0,0,2,0,Colisión entre vehículos,Colisión entre vehículos,S/D,,Alcance,2,Recta,Intersección / cruce,,NO,,Hormigón,,Apto,Seca,,Cordón Divisorio,,,,Si,Si,No,Día,NO,,Despejado,,,Funciona
56187,OBSERVATORIO VIAL,2019-03-21,12:30:00,CORRIENTES,18,CAPITAL,21,CORRIENTES,Urbana,Calle,SAN JUAN,1100,BOLIVAR,,-2.747.089,-5.883.702,1,1,0,2,0,Colisión entre vehículos,Colisión entre vehículos,S/D,,Alcance,2,Recta,Intersección / cruce,,NO,,Asfalto,,Apto,Seca,,Ninguna,,,,S/D,S/D,S/D,Día,NO,Sin Restricción,Despejado,Buena,,Sin Semáforo
49402,OBSERVATORIO VIAL,2019-03-21,12:30:00,CORRIENTES,18,CAPITAL,21,CORRIENTES,Urbana,Ruta Nacional,12,1027,AVENIDA CUBA,,-2.750.485,-5.877.377,1,2,0,2,0,Colisión entre vehículos,Colisión entre vehículos,S/D,,Alcance,2,Recta,Intersección / cruce,,NO,,Asfalto,,Apto,Seca,,Cordón Divisorio,,,,No,No,No,Día,NO,Sin Restricción,Despejado,Buena,,Sin Semáforo
55263,OBSERVATORIO VIAL,2019-03-21,13:31:00,CORRIENTES,18,CAPITAL,21,CORRIENTES,Urbana,Avenida,AVENIDA ARTIGAS,1100,BOLIVAR,,-2.747.268,-5.881.891,3,0,0,2,0,Colisión entre vehículos,Colisión entre vehículos,S/D,,Angulo,2,Recta,Intersección / cruce,,NO,,Asfalto,,Apto,Seca,,Ninguna,,,,Si,Si,No,Día,NO,Sin Restricción,Nublado,Buena,,Sin Semáforo
49538,OBSERVATORIO VIAL,2019-03-20,7:00:00,CORRIENTES,18,CAPITAL,21,CORRIENTES,Urbana,Calle,JOSE RAMON VIDAL,2200,,,-2.748.269,-5.883.901,1,2,0,2,0,"Choque, Colisión entre vehículos",Colisión entre vehículos,S/D,,"Alcance, En calzada",2,Recta,Intersección / cruce,,NO,,Asfalto,,Apto,Seca,,Ninguna,,,,No,No,No,Amanecer,SI,Sin Restricción,Despejado,Buena,,Sin Semáforo
58306,OBSERVATORIO VIAL,2019-03-19,8:00:00,CORRIENTES,18,CAPITAL,21,CORRIENTES,Urbana,Calle,BELGRANO,2400,VELEZ SARSFIELD,,-2.747.367,-5.882.076,1,1,0,2,0,Colisión entre vehículos,Colisión entre vehículos,S/D,,,2,Recta,Intersección / cruce,,NO,,Asfalto,,Apto,Seca,,Ninguna,,,,No,No,No,Día,NO,Sin Restricción,Despejado,Buena,,Sin Semáforo
49527,OBSERVATORIO VIAL,2019-03-19,8:25:00,CORRIENTES,18,CAPITAL,21,CORRIENTES,Urbana,Avenida,AVENIDA PUJOL,800,PARAGUAY,,-2.746.373,-5.882.608,0,1,0,1,0,"Caída desde vehículo, Despiste",Despiste,Si,,,1,Recta,,A MITAD DE CUADRA,NO,,Hormigón,,Apto,Seca,,Cordón Divisorio,,,,Si,No,No,Día,NO,Sin Restricción,Despejado,Buena,,Sin Semáforo
49570,OBSERVATORIO VIAL,2019-03-19,4:30:00,CORRIENTES,18,CAPITAL,21,CORRIENTES,Urbana,Avenida,AVENIDA 3 DE ABRIL,300,,,-2.747.446,-5.884.829,1,0,0,1,0,Vuelco (solo 1 participante),Vuelco (solo 1 participante),S/D,,,1,Curva,,CURVA,NO,,Hormigón,,Apto,Seca,,Ninguna,,,,Si,Si,No,Amanecer,SI,Sin Restricción,Despejado,Buena,,Sin Semáforo
54213,OBSERVATORIO VIAL,2019-03-19,10:25:00,CORRIENTES,18,CAPITAL,21,CORRIENTES,Urbana,Calle,NEUQUEN,1500,GDOR VELAZCO,,-2.748.752,-5.883.402,0,2,0,2,0,Colisión entre vehículos,Colisión entre vehículos,S/D,,Alcance,2,Recta,Intersección / cruce,,NO,,Hormigón,,Apto,Seca,,Ninguna,,,,Si,No,No,Día,NO,Sin Restricción,Despejado,Buena,,Sin Semáforo
68869,OBS VIAL,2019-03-19,14:30:00,CORRIENTES,18,CAPITAL,21,CORRIENTES,Urbana,Avenida,AV.ALTAGRACIA,2900,LOS ATACAMAS,,-2.750.804,-5.881.330,2,1,1,3,0,Colisión entre vehículos,Colisión entre vehículos,S/D,,Alcance,3,Recta,Intersección / cruce,,NO,,Asfalto,,Apto,Seca,,Ninguna,,,,Si,Si,S/D,Día,NO,Sin Restricción,Despejado,Buena,,Sin Semáforo
49404,OBSERVATORIO VIAL,2019-03-19,18:15:00,CORRIENTES,18,CAPITAL,21,CORRIENTES,Urbana,Avenida,AVENIDA TENIENTE IBAÑEZ,1300,CORDOBA,,-2.748.562,-5.883.672,0,2,0,2,0,Colisión entre vehículos,Colisión entre vehículos,S/D,,Frontal,2,Recta,Intersección / cruce,,NO,,Hormigón,,Apto,,,Ninguna,,,,S/D,S/D,S/D,Día,SI,Sin Restricción,Despejado,Buena,,Sin Semáforo
62880,OBSERVATORIO VIAL,2019-03-18,11:25:00,CORRIENTES,18,CAPITAL,21,CORRIENTES,Urbana,Calle,MENDOZA,700,PELLEGRINI,,-2.746.548,-5.883.533,1,1,0,2,0,Colisión entre vehículos,Colisión entre vehículos,S/D,,Alcance,2,Recta,,,NO,,Asfalto,,,,,,,,,No,No,No,,NO,,Despejado,Buena,,Sin Semáforo
49340,OBSERVATORIO VIAL,2019-03-17,13:30:00,CORRIENTES,18,CAPITAL,21,CORRIENTES,Urbana,Calle,9 DE julio,1700,ESPAÑA,,-2.746.704,-5.882.910,2,0,0,2,0,Colisión entre vehículos,Colisión entre vehículos,S/D,,Angulo,2,Recta,Intersección / cruce,,NO,,Asfalto,,Apto,"Despejada, Seca",,Ninguna,,,,Si,Si,,Día,NO,Sin Restricción,Despejado,Buena,,Sin Semáforo
49304,OBSERVATORIO VIAL,2019-03-17,19:05:00,CORRIENTES,18,CAPITAL,21,CORRIENTES,Urbana,Calle,URUGUAY,990,H IRIGOYEN,JUNIN,-2.746.955,-5.882.552,2,0,0,2,0,Colisión entre vehículos,Colisión entre vehículos,S/D,,Alcance,2,Recta,Intersección / cruce,,NO,,Hormigón,,Apto,"Despejada, Seca",,Ninguna,,,,No,No,No,Día,NO,Sin Restricción,Despejado,Buena,,Sin Semáforo
49382,OBSERVATORIO VIAL,2019-03-17,9:40:00,CORRIENTES,18,CAPITAL,21,CORRIENTES,Urbana,Calle,GDOR. VELAZCO,1800,LAVALLE,,-2.747.751,-5.883.273,1,1,0,2,0,Colisión entre vehículos,Colisión entre vehículos,S/D,,Angulo,2,Recta,Intersección / cruce,,NO,,Hormigón,,Apto,Seca,,Ninguna,,,,No,No,No,Día,NO,Sin Restricción,Despejado,Buena,,Sin Semáforo
53983,OBSERVTORIO VIAL,2019-03-16,11:38:00,CORRIENTES,18,CAPITAL,21,CORRIENTES,Urbana,Avenida,AVENIDA 3 DE ABRIL,1400,CATAMARCA,,-2.747.611,-5.883.394,1,1,0,2,0,Colisión entre vehículos,Colisión entre vehículos,S/D,,Alcance,2,Recta,Intersección / cruce,,NO,,,,Apto,Seca,,Cordón Divisorio,,,,Si,Si,,,NO,,Despejado,,,Funciona
56782,OBSERVATORIO VIAL,2019-03-16,9:30:00,CORRIENTES,18,CAPITAL,21,CORRIENTES,Urbana,Avenida,AV CAZADORES CORRENTINO,4600,DARRAGUEIRA,,-2.748.784,-5.879.767,0,1,0,1,0,Choque,Choque,S/D,,En calzada,1,Recta,Intersección / cruce,,NO,,Asfalto,,Apto,Seca,,Ninguna,,,,No,No,No,Día,NO,Sin Restricción,Despejado,Buena,,Sin Semáforo
49489,OBSERVATORIO VIAL,2019-03-15,18:15:00,CORRIENTES,18,CAPITAL,21,CORRIENTES,Urbana,Avenida,AV. SARMIENTO,1700,GRAL PAZ,,-2.747.856,-5.883.021,1,1,0,2,0,Colisión entre vehículos,Colisión entre vehículos,S/D,,,2,Recta,Intersección / cruce,,NO,,Asfalto,,Apto,Seca,,Ninguna,,,,Si,No,No,Día,NO,Sin Restricción,Despejado,Buena,,Sin Semáforo
49373,OBSERVATORIO VIAL,2019-03-14,16:20:00,CORRIENTES,18,CAPITAL,21,CORRIENTES,Urbana,Calle,ESPAÑA,700,CARLOS PELLEGRINI,,-2.746.602,-5.882.898,1,1,0,2,0,Colisión entre vehículos,Colisión entre vehículos,S/D,,Angulo,2,Recta,Intersección / cruce,,NO,,Hormigón,,Apto,"Despejada, Seca",,Ninguna,,,,Si,Si,No,,,Sin Restricción,Despejado,Buena,,Sin Semáforo
49220,OBSERVATORIO VIAL,2019-03-13,10:30:00,CORRIENTES,18,CAPITAL,21,CORRIENTES,Urbana,Avenida,AV INDEPENDENCIA,3700,TACUARI,,-2.747.945,-5.880.636,1,1,0,2,0,Colisión entre vehículos,Colisión entre vehículos,S/D,,Alcance,2,Recta,Intersección / cruce,,NO,,Hormigón,,Apto,Seca,,Cordón Divisorio,,,,Si,Si,No,Día,NO,Sin Restricción,Despejado,Buena,,Funciona
49514,OBSERVATORIO VIAL,2019-03-13,12:00:00,CORRIENTES,18,CAPITAL,21,CORRIENTES,Urbana,Avenida,AV CHACABUCO,2100,LA MADRID,,-2.748.418,-5.881.572,2,1,0,3,0,Colisión entre vehículos,Colisión entre vehículos,S/D,,Angulo,3,Recta,Intersección / cruce,,NO,,Hormigón,,Apto,Seca,,Ninguna,,,,No,No,No,Día,SI,Sin Restricción,Despejado,Buena,,Sin Semáforo
67481,OBSERVATORIO VIAL,2019-03-13,8:00:00,CORRIENTES,18,CAPITAL,21,CORRIENTES,Urbana,Calle,BONASTRE,1900,RAFAELA,,-2.749.665,-5.883.059,2,0,0,2,0,Colisión entre vehículos,Colisión entre vehículos,S/D,,,2,Recta,Intersección / cruce,,NO,,Hormigón,,Apto,Seca,,Ninguna,,,,No,No,No,Día,NO,Sin Restricción,Despejado,Buena,,Sin Semáforo
49217,OBSERVATORIO VIAL,2019-03-13,2:30:00,CORRIENTES,18,CAPITAL,21,CORRIENTES,Urbana,Ruta Provincial,RUTA PROVINCIAL N° 5,1,,,-2.748.604,-5.876.971,0,1,0,1,0,"Choque, Colisión entre vehículos",Colisión entre vehículos,S/D,CAÑO,Otro,1,Recta,,SOBRE CALZADA,NO,,Asfalto,,"Ahuellamiento, Baches","Con charcos o inundada, Mojada",,Ninguna,,,,No,No,Si,Noche,NO,Desvío Provisorio,Nublado,,SIN ILUMINACION,Intermitente
49565,OBSERVATORIO VIAL,2019-03-13,7:40:00,CORRIENTES,18,CAPITAL,21,CORRIENTES,Urbana,Calle,RIOJA,1000,RIVADAVIA,,-2.747.431,-5.883.878,2,1,0,2,0,Colisión entre vehículos,Colisión entre vehículos,S/D,,Angulo,2,Recta,Intersección / cruce,,NO,,Asfalto,,Apto,Seca,,Ninguna,,,,Si,Si,No,Día,NO,Sin Restricción,Despejado,Buena,,Sin Semáforo
60697,OBSERVATORIO VIAL,2019-03-13,23:00:00,CORRIENTES,18,CAPITAL,21,CORRIENTES,Urbana,Calle,FERRE,2800,CHILE,,-2.747.825,-5.881.724,1,1,0,2,0,Colisión entre vehículos,Colisión entre vehículos,S/D,,Lateral,2,Curva,Intersección / cruce,,NO,,Hormigón,,Apto,Seca,,Cordón Divisorio,,,,Si,Si,Si,Día,SI,Sin Restricción,Despejado,Buena,,Funciona
49244,OBSERVATORIO VIAL,2019-03-12,8:00:00,CORRIENTES,18,CAPITAL,21,CORRIENTES,Urbana,Avenida,MAIPU,4900,,,-2.750.898,-5.881.048,1,1,0,2,0,Colisión entre vehículos,Colisión entre vehículos,S/D,,,2,Recta,Intersección / cruce,,NO,,Asfalto,,,,,Ninguna,,,,No,No,No,Día,,Sin Restricción,Despejado,Buena,,Sin Semáforo
49491,OBSERVATORIO VIAL,2019-03-11,22:24:00,CORRIENTES,18,CAPITAL,21,CORRIENTES,Urbana,Avenida,AV CAZADORES CORRENTINO,4200,LAS PIEDRAS,,-2.748.724,-5.880.140,2,1,0,2,0,Colisión entre vehículos,Colisión entre vehículos,S/D,,Rozamiento,2,Recta,Fuera de calzada,,NO,,Hormigón,,Apto,Seca,,Ninguna,,,,Si,Si,No,Noche,SI,Sin Restricción,Despejado,Buena,,Funciona
49293,OBSERVATORIO VIAL,2019-03-11,13:20:00,CORRIENTES,18,CAPITAL,21,CORRIENTES,Urbana,Avenida,Av. CHACABUCO,2200,MADARIAGA,,-2.748.513,-5.881.591,2,0,0,2,0,Colisión entre vehículos,Colisión entre vehículos,S/D,,Angulo,2,Recta,Intersección / cruce,,NO,,Hormigón,,Apto,Seca,,Ninguna,,,,,,,Día,NO,Sin Restricción,Despejado,Buena,,
49435,OBSERVATORIO VIAL,2019-03-11,12:00:00,CORRIENTES,18,CAPITAL,21,CORRIENTES,Rural,Ruta Provincial,5,3.0,,,-2.748.440,-5.878.046,0,3,0,2,0,"Caída desde vehículo, Colisión entre vehículos",Colisión entre vehículos,S/D,,Frontal,2,Recta,,,NO,,Asfalto,,Apto,"Despejada, Seca",,Ninguna,,,,Si,Si,S/D,Día,SI,Sin Restricción,Despejado,Buena,,Intermitente
49517,OBSERVATORIO VIAL,2019-03-11,10:45:00,CORRIENTES,18,CAPITAL,21,CORRIENTES,Urbana,Calle,SAN MARTIN,1500,SAN LORENZO,,-2.747.028,-5.883.204,2,0,0,2,0,Colisión entre vehículos,Colisión entre vehículos,S/D,,Angulo,2,Recta,Intersección / cruce,,NO,,Asfalto,,Apto,Seca,,Cordón Divisorio,,,,Si,Si,No,Noche,SI,Sin Restricción,Despejado,Buena,,Sin Semáforo
49344,OBSERVATORIO VIAL,2019-03-11,13:45:00,CORRIENTES,18,CAPITAL,21,CORRIENTES,Urbana,Avenida,AVENIDA CARTAGENA,3200,CORINTO,,-2.749.350,-5.880.707,0,2,0,2,0,Colisión entre vehículos,Colisión entre vehículos,S/D,,Angulo,2,Recta,,,NO,,Hormigón,,Apto,Mojada,,Cordón Divisorio,,,,No,No,No,Día,NO,Sin Restricción,Lluvia,Buena,,Sin Semáforo
49436,OBSERVATORIO VIAL,2019-03-10,17:50:00,CORRIENTES,18,CAPITAL,21,CORRIENTES,Urbana,Avenida,AV. CHACABUCO Y LAMADRID,2100,,,-2.748.409,-5.881.570,1,1,0,2,0,Colisión entre vehículos,Colisión entre vehículos,S/D,,Angulo,2,Recta,Intersección / cruce,,NO,,Asfalto,,Apto,Seca,,Ninguna,,,,No,No,No,Día,NO,Sin Restricción,Despejado,Buena,,Sin Semáforo
62895,OBSERVATORIO VIAL,2019-03-10,15:50:00,CORRIENTES,18,CAPITAL,21,CORRIENTES,Urbana,Calle,RIOJA,1000,SAN MARTIN,,-2.746.970,-5.883.830,0,2,0,1,1,"Atropello a peatón/es, Caída desde vehículo",Atropello a peatón/es,S/D,,,2,Recta,,,NO,,Asfalto,,Apto,Seca,,Ninguna,,,,No,No,,Día,NO,Sin Restricción,Despejado,Buena,,Funciona
49372,OBSERVATORIO VIAL,2019-03-10,13:29:00,CORRIENTES,18,CAPITAL,21,CORRIENTES,Urbana,Avenida,AV ARTIGAS,1300,ALMIRANTE BROWN,,-2.747.385,-5.881.913,4,0,0,2,0,Colisión entre vehículos,Colisión entre vehículos,S/D,,Alcance,2,Recta,Intersección / cruce,,NO,,Hormigón,,Apto,Seca,,Ninguna,,,,Si,Si,No,Día,,Sin Restricción,Despejado,Buena,,Sin Semáforo
49276,OBSERVATORIO VIAL,2019-03-10,14:30:00,CORRIENTES,18,CAPITAL,21,CORRIENTES,Urbana,Avenida,AV 3 DE ABRIL,1600,SANTA FE,,-2.747.642,-5.883.143,2,0,0,2,0,"Choque, Colisión entre vehículos",Colisión entre vehículos,S/D,,"Alcance, En calzada",2,Recta,Intersección / cruce,,NO,,Asfalto,,Apto,Seca,,Ninguna,,,,Si,Si,,Día,NO,Sin Restricción,Despejado,Buena,,Funciona
49285,OBSERVATORIO VIAL,2019-03-09,13:20:00,CORRIENTES,18,CAPITAL,21,CORRIENTES,Urbana,Calle,MEDRANO,2800,RIO DE JANEIRO,,-2.749.561,-5.879.648,2,0,0,2,0,"Choque, Colisión entre vehículos",Colisión entre vehículos,S/D,,"En banquina, Rozamiento",2,Recta,Intersección / cruce,,NO,,Hormigón,,Apto,Seca,,Cordón Divisorio,,,,No,No,No,Día,NO,Sin Restricción,Despejado,Buena,,Sin Semáforo
49555,OBSERVATORIO VIAL,2019-03-08,8:10:00,CORRIENTES,18,CAPITAL,21,CORRIENTES,Urbana,Avenida,AVENIDA INDEPENDENCIA,3400,REPUBLICA DOMINICANA,,-2.747.902,-5.881.133,2,0,0,2,0,Colisión entre vehículos,Colisión entre vehículos,S/D,,Alcance,2,Recta,Intersección / cruce,,NO,,Hormigón,,Apto,Seca,,Ninguna,,,,Si,Si,No,Día,NO,Sin Restricción,Despejado,Buena,,Funciona
49564,OBSERVATORIO VIAL,2019-03-08,18:10:00,CORRIENTES,18,CAPITAL,21,CORRIENTES,Urbana,Calle,GENERAL PAZ,1700,GUEMES,,-2.748.206,-5.880.800,1,1,0,2,0,Colisión entre vehículos,Colisión entre vehículos,S/D,,Angulo,2,Recta,Intersección / cruce,,NO,,Hormigón,,Apto,Seca,,Ninguna,,,,Si,No,No,Día,NO,Sin Restricción,Despejado,Buena,,Sin Semáforo
54974,OBSERVATORIO VIAL,2019-03-07,8:30:00,CORRIENTES,18,CAPITAL,21,CORRIENTES,Urbana,Avenida,AVENIDA LIBERTAD,4800,MONTEAGUDO,,-2.746.678,-5.879.073,1,1,0,2,0,Colisión entre vehículos,Colisión entre vehículos,S/D,,Lateral,2,Recta,Intersección / cruce,,NO,,Asfalto,,Apto,Despejada,,Cordón Divisorio,,,,No,No,No,,NO,Sin Restricción,Despejado,Buena,,Sin Semáforo
57240,OBSERVATORIO VIAL,2019-03-07,10:40:00,CORRIENTES,18,CAPITAL,21,CORRIENTES,Urbana,Calle,GUASTAVINO,2100,LA MADRID,,-2.748.089,-5.884.381,1,1,0,2,0,Colisión entre vehículos,Colisión entre vehículos,S/D,,Angulo,2,Recta,Intersección / cruce,,NO,,Hormigón,,Apto,Seca,,Ninguna,,,,No,No,No,Día,NO,Sin Restricción,Despejado,Buena,,Sin Semáforo
54960,OBSERVATORIO VIAL,2019-03-06,10:20:00,CORRIENTES,18,CAPITAL,21,CORRIENTES,Urbana,Avenida,AVENIDA INDEPENDENCIA,1599,RECONQUISTA,,-2.747.848,-5.881.344,2,0,0,2,0,Colisión entre vehículos,Colisión entre vehículos,S/D,,,2,Recta,Intersección / cruce,,NO,,Hormigón,,Apto,Seca,,Cordón Divisorio,,,,S/D,S/D,,,NO,Sin Restricción,Nublado,Buena,,
54802,OBSERVATORIO VIL,2019-03-06,11:30:00,CORRIENTES,18,CAPITAL,21,CORRIENTES,Urbana,Avenida,AVENIDA LIBERTAD,4500,AVENIDA LAPRIDA,,-2.746.586,-5.878.673,2,0,0,2,0,Colisión entre vehículos,Colisión entre vehículos,S/D,,Alcance,2,Recta,Intersección / cruce,,NO,,Asfalto,,Apto,Seca,,Ninguna,,,,Si,Si,No,Día,NO,Sin Restricción,Despejado,Buena,,Funciona
56908,OBSERVATORIO VIAL,2019-03-05,0:15:00,CORRIENTES,18,CAPITAL,21,CORRIENTES,Urbana,Calle,PAGO LARGO,900,JUNIN,,-2.746.663,-5.884.805,1,1,0,2,0,Colisión entre vehículos,Colisión entre vehículos,S/D,,Angulo,2,Recta,Intersección / cruce,,NO,,Hormigón,,Apto,Seca,,Ninguna,,,,Si,S/D,S/D,Noche,SI,Sin Restricción,Nublado,Buena,,Sin Semáforo
49238,OBSERVATORIO VIAL,2019-03-03,16:50:00,CORRIENTES,18,CAPITAL,21,CORRIENTES,Urbana,Calle,PARAGUAY,1900',CORONEL BAIBENE,,-2.746.297,-5.882.598,2,0,0,2,0,Colisión entre vehículos,Colisión entre vehículos,S/D,,Angulo,2,Recta,,,NO,,Asfalto,,Apto,"Despejada, Seca",,,,,,,,,Día,NO,Sin Restricción,Despejado,Buena,,
49326,OBSERVATORIO VIAL,2019-03-03,5:00:00,CORRIENTES,18,CAPITAL,21,CORRIENTES,Urbana,Avenida,AVENIDA COSTANERA,500,,,-2.746.842,-5.884.369,0,1,0,1,0,Despiste,Despiste,Si,,,1,Recta,Fuera de calzada,,NO,,Asfalto,,Apto,Seca,,Cordón Divisorio,,,,S/D,S/D,S/D,Noche,SI,,Despejado,Buena,,Sin Semáforo
54984,OBSERVATORIO VIAL,2019-03-02,7:35:00,CORRIENTES,18,CAPITAL,21,CORRIENTES,Urbana,Avenida,AVENIDA CHACABUCO,1500,AVENIDA INDEPENDENCIA,,-2.747.843,-5.881.464,1,1,0,1,1,Atropello a peatón/es,Atropello a peatón/es,S/D,,,2,Recta,Intersección / cruce,,NO,,Hormigón,,Apto,"Despejada, Seca",,Ninguna,,,,No,No,No,Día,NO,Sin Restricción,Despejado,Buena,,Sin Semáforo
59883,OBSERVATORIO VIAL,2019-03-02,8:30:00,CORRIENTES,18,CAPITAL,21,CORRIENTES,Urbana,Calle,CHILE,2800,LAVALLE,,-2.747.884,-5.881.736,1,1,0,2,0,Colisión entre vehículos,Colisión entre vehículos,S/D,,Angulo,2,Recta,Intersección / cruce,,NO,,Asfalto,,Apto,Mojada,,,,,,S/D,S/D,S/D,Día,NO,Sin Restricción,Lluvia,Lluvia,,Sin Semáforo
49458,OBSERVATORIO VIAL,2019-03-02,8:30:00,CORRIENTES,18,CAPITAL,21,CORRIENTES,Urbana,Calle,MADARIAGA,1000,HEROES CIVILES,,-2.748.265,-5.883.998,1,1,0,2,0,Colisión entre vehículos,Colisión entre vehículos,S/D,,Angulo,2,Recta,Intersección / cruce,,NO,,Hormigón,,Apto,Seca,,Ninguna,,,,Si,No,No,Día,NO,Sin Restricción,Despejado,Buena,,Sin Semáforo
60698,OBSERVATORIO VIAL,2019-03-02,6:50:00,CORRIENTES,18,CAPITAL,21,CORRIENTES,Urbana,Avenida,RAUL ALFONSIN,4100,LOS TILOS,,-2.747.411,-5.880.141,2,0,0,2,0,Colisión entre vehículos,Colisión entre vehículos,S/D,,Lateral,2,Recta,Intersección / cruce,,NO,,Asfalto,,Ahuellamiento,Seca,,Cordón Divisorio,,,,No,No,No,Día,NO,Sin Restricción,Despejado,Buena,,Sin Semáforo
62887,OBSERVATORIO VIAL,2019-03-01,4:15:00,CORRIENTES,18,CAPITAL,21,CORRIENTES,Urbana,Calle,CARTAGENA,3900,,,-2.749.357,-5.880.588,0,1,0,1,0,Choque,Choque,S/D,,Inmueble,1,Recta,,,NO,,Hormigón,,Apto,Seca,,Ninguna,,,,No,No,No,Amanecer,NO,Sin Restricción,Despejado,Buena,,Sin Semáforo
64186,OBSERVATORIO VIAL,2019-02-28,8:00:00,CORRIENTES,18,CAPITAL,21,CORRIENTES,Urbana,Avenida,GDOR. SOTO,1901,PARAGUAY,,-2.747.795,-5.882.766,1,1,0,2,0,Colisión entre vehículos,Colisión entre vehículos,S/D,,,2,Recta,Intersección / cruce,,NO,,Hormigón,,Apto,Seca,,Ninguna,,,,No,No,No,Día,NO,Sin Restricción,Despejado,Buena,,Sin Semáforo
49333,OBSERVATORIO VIAL,2019-02-28,9:35:00,CORRIENTES,18,CAPITAL,21,CORRIENTES,Urbana,Calle,SAN MARTIN,1200,CORDOBA,,-2.747.002,-5.883.470,2,1,0,2,0,Colisión entre vehículos,Colisión entre vehículos,S/D,,Angulo,2,Recta,Intersección / cruce,,NO,,Asfalto,,Apto,Seca,,Ninguna,,,,S/D,S/D,S/D,Día,NO,,Despejado,Buena,,Sin Semáforo
49587,OBSERVATORIO VIAL,2019-02-27,10:00:00,CORRIENTES,18,CAPITAL,21,CORRIENTES,Urbana,Avenida,AV ARMENIA,4300,BENITO LINCH,,-2.746.842,-5.879.720,1,1,0,1,1,"Atropello a peatón/es, Colisión entre vehículos",Colisión entre vehículos,S/D,,Angulo,2,Recta,Intersección / cruce,,NO,,Hormigón,,Apto,Seca,,Ninguna,,,,Si,No,No,Día,NO,Sin Restricción,Despejado,Buena,,Sin Semáforo
53638,Observatorio  Vial,2019-02-27,0:40:00,CORRIENTES,18,,,CORRIENTES,Urbana,Avenida,Velez Sarfield,2400,Avenida Gdor. Ruiz,,-2.746.680,-5.881.989,2,1,0,2,0,"Colisión entre vehículos, Despiste",Colisión entre vehículos,Si,,Angulo,2,Recta,Intersección / cruce,,NO,,Asfalto,,Apto,"Despejada, Seca",,,,,,No,No,No,Noche,SI,Sin Restricción,Despejado,Buena,,Sin Semáforo
49473,OBSRVATORIO VIAL,2019-02-26,8:15:00,CORRIENTES,18,CAPITAL,21,CORRIENTES,Urbana,Avenida,AVENIDA MAIPU,2000,ACONCAGUA,,-2.749.815,-5.881.518,1,1,0,2,0,Colisión entre vehículos,Colisión entre vehículos,S/D,,Angulo,2,Recta,Intersección / cruce,,NO,,Asfalto,,Apto,Seca,,,,,,Si,Si,No,Día,NO,,Despejado,Buena,,Funciona
49485,OBSERVATORIO VIAL,2019-02-26,7:10:00,CORRIENTES,18,CAPITAL,21,CORRIENTES,Urbana,Avenida,AV ARMENIA,3200,,,-2.746.707,-5.880.765,2,0,0,2,0,Colisión entre vehículos,Colisión entre vehículos,S/D,,,2,Recta,Intersección / cruce,,NO,,Asfalto,,Apto,Mojada,,Ninguna,,,,S/D,S/D,S/D,Día,NO,Sin Restricción,Lluvia,Buena,,Sin Semáforo
49502,OBSERVATORIO VIAL,2019-02-26,22:20:00,CORRIENTES,18,CAPITAL,21,CORRIENTES,Urbana,Avenida,AV 3 DE ABRIL,1300,CORDOBA,,-2.747.595,-5.883.526,1,1,0,2,0,Colisión entre vehículos,Colisión entre vehículos,S/D,,Angulo,2,Recta,Intersección / cruce,,NO,,Hormigón,,Apto,Seca,,Ninguna,,,,Si,Si,No,Noche,SI,Sin Restricción,Despejado,Buena,,Funciona
49242,OBSERVATORIO VIAL,2019-02-26,7:40:00,CORRIENTES,18,CAPITAL,21,CORRIENTES,Urbana,Avenida,AV. MAIPU,2400,,TUPUNGATO,-2.750.066,-5.881.355,0,3,0,1,0,"Choque, Colisión entre vehículos",Colisión entre vehículos,S/D,,Columna,1,Recta,Intersección / cruce,,NO,,Asfalto,,Apto,Seca,,Ninguna,,,,No,No,,Día,,Sin Restricción,Despejado,Buena,,Sin Semáforo
49519,OBSERVATORIO VIAL,2019-02-24,12:30:00,CORRIENTES,18,CAPITAL,21,CORRIENTES,Urbana,Calle,IRIGOYEN,1000,VELES SARSFIELD,,-2.747.020,-5.882.029,2,0,0,2,0,Colisión entre vehículos,Colisión entre vehículos,S/D,,Angulo,2,Recta,Intersección / cruce,,NO,,Hormigón,,Apto,Seca,,Ninguna,,,,Si,No,No,Día,NO,Sin Restricción,Despejado,Buena,,Sin Semáforo
67706,OBSERVATORIO VIAL,2019-02-23,6:30:00,CORRIENTES,18,CAPITAL,21,CORRIENTES,Urbana,Avenida,AV MAIPU,1507,SANTA CATALINA,,-2.749.164,-5.881.972,2,0,0,2,0,Colisión entre vehículos,Colisión entre vehículos,S/D,,,2,Recta,Intersección / cruce,,NO,,Asfalto,,Apto,Seca,,Ninguna,,,,S/D,No,No,,NO,Sin Restricción,Despejado,Buena,,Funciona
49411,OBSERVATORIO VIAL,2019-02-23,10:15:00,CORRIENTES,18,CAPITAL,21,CORRIENTES,Urbana,Calle,LA RIOJA,1000,BELGRANO,,-2.747.193,-5.883.853,2,1,0,2,0,Colisión entre vehículos,Colisión entre vehículos,S/D,,Angulo,2,Recta,Intersección / cruce,,NO,,Asfalto,,Apto,Seca,,Ninguna,,,,Si,,,Día,NO,Sin Restricción,Nublado,Buena,,Sin Semáforo
53721,OBSERVATORIO VIAL,2019-02-23,17:25:00,CORRIENTES,18,CAPITAL,21,CORRIENTES,Urbana,Ruta Provincial,N°5,"0,5",Dr. CONTRERAS,,-2.748.528,-5.877.497,1,1,0,2,0,Colisión entre vehículos,Colisión entre vehículos,S/D,,Angulo,2,Recta,Intersección / cruce,,NO,,Asfalto,,Apto,Seca,,Cordón Divisorio,,,,No,No,No,Día,NO,Sin Restricción,Despejado,Buena,,Sin Semáforo
49354,OBSERVATORIO VIAL,2019-02-22,12:30:00,CORRIENTES,18,CAPITAL,21,CORRIENTES,Urbana,Avenida,AVENIDA MAIPU,2500,LOS CONDORES,,-2.749.992,-5.881.401,3,1,0,3,0,Colisión entre vehículos,Colisión entre vehículos,S/D,,"Alcance, Rozamiento",3,Recta,Intersección / cruce,,NO,,Hormigón,,Apto,"Despejada, Seca",,Barrera de Hormigón,,,,,,,Día,NO,Sin Restricción,Despejado,Buena,,Sin Semáforo
53675,OBSERVATORIO VIAL,2019-02-22,11:37:00,CORRIENTES,18,CAPITAL,21,CORRIENTES,Urbana,Calle,BELGRANO,1300,SALTA,,-2.747.186,-5.883.945,2,1,0,2,0,Colisión entre vehículos,Colisión entre vehículos,S/D,,,2,Recta,Intersección / cruce,,NO,,Asfalto,,Apto,"Despejada, Seca",,Ninguna,,,,Si,Si,,Día,NO,Sin Restricción,Despejado,Buena,,Sin Semáforo
49267,OBSERVATORIO VIAL,2019-02-22,6:40:00,CORRIENTES,18,CAPITAL,21,CORRIENTES,Urbana,Avenida,AV RAUL ALFONSIN,4800,ONTIVEROS,,-2.747.608,-5.879.266,2,1,0,2,0,"Choque, Colisión entre vehículos",Colisión entre vehículos,S/D,,En calzada,2,Recta,Intersección / cruce,,NO,,Asfalto,,Apto,Seca,,Ninguna,,,,No,No,No,Amanecer,NO,Sin Restricción,Despejado,Buena,,Sin Semáforo
49468,OBSERVATORIO VIAL,2019-02-21,13:15:00,CORRIENTES,18,CAPITAL,21,CORRIENTES,Urbana,Ruta Provincial,RUTA PROVINCIAL N°5,1 1/2,FRENTE PACHECO,,-2.748.601,-5.877.061,3,1,0,3,0,Colisión entre vehículos,Colisión entre vehículos,S/D,TRIPLE COLISIÓN,Alcance,3,Recta,Intersección / cruce,,NO,,Asfalto,,Apto,Mojada,,Ninguna,,,,Si,No,No,Día,NO,Sin Restricción,Nublado,Buena,,Funciona
58999,OBSERVATORIO VIAL,2019-02-21,0:20:00,CORRIENTES,18,,,CORRIENTES,Urbana,Avenida,TRES DE ABRIL,1600,MENDOZA,,-2.747.577,-5.883.650,1,1,0,2,0,Colisión entre vehículos,Colisión entre vehículos,S/D,,,2,Recta,Intersección / cruce,,NO,,Hormigón,,Apto,Seca,,Ninguna,,,,Si,Si,,Día,,Sin Restricción,Despejado,Buena,,Funciona
49272,OBSERVATORIO VIAL,2019-02-21,17:15:00,CORRIENTES,18,CAPITAL,21,CORRIENTES,Urbana,Avenida,MAIPU,6000,TARTAGAL,,-2.751.421,-5.880.670,1,1,0,2,0,Colisión entre vehículos,Colisión entre vehículos,S/D,,Alcance,2,Recta,,,NO,,Asfalto,,Apto,Seca,,Ninguna,,,,No,No,No,Día,NO,Sin Restricción,Despejado,Buena,,Sin Semáforo
49557,OBSERVATORIO VIAL,2019-02-20,1:35:00,CORRIENTES,18,CAPITAL,21,CORRIENTES,Urbana,Calle,RIO DE JANEIRO,4500,DARRAGUEIRA,,-2.749.445,-5.879.870,2,0,0,2,0,"Choque, Colisión entre vehículos",Colisión entre vehículos,S/D,,"Angulo, En calzada",2,Recta,Fuera de calzada,,NO,,Hormigón,,Apto,Seca,,Ninguna,,,,No,No,No,Noche,SI,Sin Restricción,Despejado,Buena,,Sin Semáforo
58477,OBSERVATORIO VIAL,2019-02-20,7:00:00,CORRIENTES,18,CAPITAL,21,CORRIENTES,Urbana,Calle,MENDOZA,2201,MADARIAGA,,-2.748.299,-5.883.745,0,2,0,2,0,Colisión entre vehículos,Colisión entre vehículos,S/D,,Angulo,2,Recta,Intersección / cruce,,NO,,Hormigón,,Apto,Seca,,Ninguna,,,,No,No,No,Día,NO,Sin Restricción,Despejado,Buena,,Sin Semáforo
62885,OBSERVATORIO VIAL,2019-02-20,15:55:00,CORRIENTES,18,CAPITAL,21,CORRIENTES,Urbana,Avenida,FERRE,2599,ARTIGAS,,-2.747.808,-5.881.968,2,0,0,2,0,Colisión entre vehículos,Colisión entre vehículos,S/D,,,2,Recta,Intersección / cruce,,NO,,Hormigón,,Apto,Seca,,Ninguna,,,,Si,Si,No,Día,SI,Sin Restricción,Despejado,Buena,,Funciona
64885,ABSERVATORIO VIAL,2019-02-20,11:35:00,CORRIENTES,18,CAPITAL,21,CORRIENTES,Urbana,Avenida,AV ARTIGAS,1800,AV FERRE,,-2.747.781,-5.881.979,1,1,0,2,0,Colisión entre vehículos,Colisión entre vehículos,S/D,,Angulo,2,Recta,Intersección / cruce,,NO,,Asfalto,,Apto,Seca,,Ninguna,,,,Si,Si,No,Día,NO,Sin Restricción,Despejado,Buena,,Sin Semáforo
49327,OBSERVATORIO VIAL,2019-02-20,11:35:00,CORRIENTES,18,CAPITAL,21,CORRIENTES,Urbana,Avenida,AVENIDA ALBERDI,600,LA MADRID,,-2.748.076,-5.884.516,0,2,0,2,0,Colisión entre vehículos,Colisión entre vehículos,S/D,,Rozamiento,2,Recta,,,NO,,Hormigón,,Apto,Seca,,Ninguna,,,,Si,,,Día,NO,Sin Restricción,Despejado,Buena,,Sin Semáforo
49610,OBSERVATORIO VIAL,2019-02-20,12:20:00,CORRIENTES,18,CAPITAL,21,CORRIENTES,Urbana,Calle,GENERAL PAZ,1700,SAN LORENZO,,-2.747.877,-5.883.286,2,0,0,2,0,Colisión entre vehículos,Colisión entre vehículos,S/D,,Angulo,2,Recta,Intersección / cruce,,NO,,Hormigón,,Apto,Seca,,Ninguna,,,,Si,No,No,Día,NO,Sin Restricción,Despejado,Buena,,Sin Semáforo
64863,OBSERVATORIO VIAL,2019-02-19,22:58:00,CORRIENTES,18,CAPITAL,21,CORRIENTES,Urbana,Avenida,PTE. FRONDIZI,3000,CUBA,,-2.750.480,-5.879.770,2,0,0,2,0,Colisión entre vehículos,Colisión entre vehículos,S/D,,Alcance,2,Recta,Intersección / cruce,,NO,,Hormigón,,Apto,Seca,,Cordón Divisorio,,,,Si,Si,No,Día,,Desvío Provisorio,Despejado,Buena,,Funciona
49247,OBSERVATORIO VIAL,2019-02-19,11:45:00,CORRIENTES,18,CAPITAL,21,CORRIENTES,Urbana,Avenida,AV CAZADORES CORRENTINOS,5400,NAPOLES,TRENTO,-2.749.041,-5.878.182,1,0,1,2,0,Colisión entre vehículos,Colisión entre vehículos,S/D,ATROPELLO A CICLISTA,,2,Recta,Intersección / cruce,,NO,,Asfalto,,Apto,Seca,,Ninguna,,,,No,No,No,Día,NO,Sin Restricción,Despejado,Buena,,Sin Semáforo
53875,OBSERVATORIO VIAL,2019-02-19,8:30:00,CORRIENTES,18,CAPITAL,21,CORRIENTES,Urbana,Avenida,AVENIDA RAUL ALFONSIN,4200,LAS PIEDRAS,,-2.747.467,-5.879.950,1,1,0,2,0,Colisión entre vehículos,Colisión entre vehículos,S/D,,Angulo,2,Recta,Intersección / cruce,,NO,,Asfalto,,Apto,Seca,,Cordón Divisorio,,,,Si,No,No,Día,NO,Sin Restricción,Despejado,Buena,,Sin Semáforo
54201,OBSERVATORIO VIAL,2019-02-19,0:29:00,CORRIENTES,18,CAPITAL,21,CORRIENTES,Urbana,Calle,GUTEMBERG,2200,PERUGORRIA,,-2.748.471,-5.883.239,1,1,0,2,0,Colisión entre vehículos,Colisión entre vehículos,S/D,,Angulo,2,Curva,Intersección / cruce,,NO,,Hormigón,,Apto,Seca,,Ninguna,,,,Si,No,No,Noche,SI,Sin Restricción,Despejado,Buena,,Sin Semáforo
49343,OBSERVATORIO VIAL,2019-02-18,11:15:00,CORRIENTES,18,CAPITAL,21,CORRIENTES,Urbana,Calle,ESTADOS UNIDOS,3000,JUNIN,,-2.747.020,-5.881.348,2,0,0,2,0,Colisión entre vehículos,Colisión entre vehículos,S/D,,Angulo,2,Recta,,,NO,,Hormigón,,Apto,"Despejada, Seca",,Ninguna,,,,Si,Si,,Día,NO,Sin Restricción,Despejado,Buena,,Sin Semáforo
49614,OBSERVATORIO VIAL,2019-02-18,19:30:00,CORRIENTES,18,CAPITAL,21,CORRIENTES,Urbana,Avenida,AVENIDA ARMENIA,4300,BENITO LINCH,,-2.746.843,-5.879.718,1,1,0,2,0,Colisión entre vehículos,Colisión entre vehículos,S/D,,Alcance,2,Recta,Intersección / cruce,,NO,,Hormigón,,Apto,Seca,,Cordón Divisorio,,,,Si,No,No,Noche,SI,Sin Restricción,Despejado,,MALO,Sin Semáforo
62283,OBSERVATORIO VIAL,2019-02-17,12:30:00,CORRIENTES,18,CAPITAL,21,CORRIENTES,Urbana,Calle,CATAMARCA,900,,,-2.746.795,-5.883.308,1,1,0,2,0,Colisión entre vehículos,Colisión entre vehículos,S/D,,Alcance,2,Recta,,,NO,,Asfalto,,Apto,Mojada,,,,,,Si,Si,No,Día,NO,Sin Restricción,Lluvia,Lluvia,,Funciona
49289,OBSERVATORIO VIAL,2019-02-16,11:45:00,CORRIENTES,18,CAPITAL,21,CORRIENTES,Urbana,Avenida,AV MAIPU,3000,TUPUNGATO,,-2.750.058,-5.881.349,1,1,0,2,0,Colisión entre vehículos,Colisión entre vehículos,S/D,,Alcance,2,Recta,Intersección / cruce,,NO,,Asfalto,,,,,Cordón Divisorio,,,,S/D,S/D,S/D,Día,SI,Sin Restricción,Despejado,Buena,,Sin Semáforo
49405,OBSERVATORIO VILA,2019-02-16,20:30:00,CORRIENTES,18,CAPITAL,21,CORRIENTES,Urbana,Avenida,AVENIDA MAIPU,2700,VALPARAISO,,-2.749.724,-5.881.587,1,1,0,2,0,Colisión entre vehículos,Colisión entre vehículos,S/D,,Angulo,2,Recta,Intersección / cruce,,NO,,Hormigón,,Apto,,,Ninguna,,,,S/D,S/D,S/D,Noche,SI,Sin Restricción,Despejado,Buena,,Sin Semáforo
67478,OBSERVATORIO VIAL,2019-02-16,19:25:00,CORRIENTES,18,CAPITAL,21,CORRIENTES,Urbana,Avenida,AV MAIPU,300,,,-2.747.878,-5.882.928,1,1,0,2,0,Colisión entre vehículos,Colisión entre vehículos,S/D,,,2,Recta,Intersección / cruce,,NO,,Asfalto,,Apto,Seca,,Ninguna,,,,Si,No,No,Atardecer,NO,Sin Restricción,Despejado,Buena,,Sin Semáforo
49464,OBSERVATORIO VIAL,2019-02-14,17:20:00,CORRIENTES,18,CAPITAL,21,CORRIENTES,Urbana,Avenida,AV 3 DE ABRIL,2800,CHILE,,-2.747.839,-5.881.732,1,1,0,2,0,Colisión entre vehículos,Colisión entre vehículos,S/D,,,2,Recta,Intersección / cruce,,NO,,Hormigón,,Apto,"Despejada, Seca",,Cordón Divisorio,,,,S/D,S/D,S/D,Día,NO,Sin Restricción,Despejado,Buena,,Sin Semáforo
56783,OBSERVATORIO VIAL,2019-02-13,15:27:00,CORRIENTES,18,CAPITAL,21,CORRIENTES,Urbana,Calle,BELGRANO,2200,ROCA,,-2.747.341,-5.882.333,1,1,0,2,0,Colisión entre vehículos,Colisión entre vehículos,S/D,,,2,Recta,Intersección / cruce,,,,Asfalto,,Apto,Seca,,Ninguna,,,,S/D,S/D,S/D,Día,,Sin Restricción,Despejado,Buena,,Sin Semáforo
68863,CORRIENTES,2019-02-13,12:20:00,CORRIENTES,18,CAPITAL,21,CORRIENTES,Urbana,Calle,GUTEMBERG,2000,LAMADRID,,,,1,1,0,2,0,Colisión entre vehículos,Colisión entre vehículos,S/D,,,2,Recta,Intersección / cruce,,NO,,Asfalto,,Apto,Seca,,Ninguna,,,,No,No,No,Día,NO,Sin Restricción,Despejado,Buena,,Sin Semáforo
62897,OBSERVATORIO VIAL,2019-02-13,17:00:00,CORRIENTES,18,CAPITAL,21,CORRIENTES,Urbana,Avenida,CHACABUCO,2999,NECOCHEA,,-2.748.217,-5.881.545,0,2,0,1,0,"Caída desde vehículo, Colisión entre vehículos",Colisión entre vehículos,S/D,,,1,Recta,,,NO,,Hormigón,,Apto,Seca,,Cordón Divisorio,,,,No,No,No,Día,NO,Congestionamiento,Despejado,Buena,,Sin Semáforo
62907,OBSERVATORIO VIAL,2019-02-12,6:30:00,CORRIENTES,18,CAPITAL,21,CORRIENTES,Urbana,Calle,LA MADRID,560,,,-2.748.071,-5.884.565,2,0,0,2,0,Colisión entre vehículos,Colisión entre vehículos,S/D,,,2,Recta,Intersección / cruce,,NO,,Hormigón,,Apto,Seca,,Ninguna,,,,No,No,No,Amanecer,NO,Sin Restricción,Despejado,Buena,,Sin Semáforo
49253,OBSERVATORIO VIAL,2019-02-12,9:10:00,CORRIENTES,18,CAPITAL,21,CORRIENTES,Urbana,Avenida,Maipu,2700,Caribe,,-2.749.894,-5.881.472,1,1,0,2,0,"Caída desde vehículo, Choque, Colisión entre vehículos",Colisión entre vehículos,S/D,,"En calzada, Rozamiento",2,Recta,Intersección / cruce,,NO,,Asfalto,,Apto,Seca,,Ninguna,,,,No,No,,Día,NO,Sin Restricción,Despejado,Buena,,Sin Semáforo
49361,OBSERVATORIO VIAL,2019-02-12,18:20:00,CORRIENTES,18,CAPITAL,21,CORRIENTES,Urbana,Calle,FRAGATA ARGENTINA,1800,EX VIA GRAL URQUIZA,,-2.749.416,-5.881.558,2,1,0,2,0,Colisión entre vehículos,Colisión entre vehículos,S/D,,Angulo,2,Recta,Intersección / cruce,,NO,,Tierra,,Apto,Seca,,Ninguna,,,,Si,No,No,Día,NO,,Despejado,Buena,,Sin Semáforo
62905,OBSERVATORIO VIAL,2019-02-12,12:30:00,CORRIENTES,18,CAPITAL,21,CORRIENTES,Urbana,Avenida,ARTIGAS,1101,SAN MARTIN,,-2.747.162,-5.881.865,2,0,0,2,0,Colisión entre vehículos,Colisión entre vehículos,S/D,,Angulo,2,Recta,Intersección / cruce,,NO,,Asfalto,,Apto,Seca,,,,,,Si,Si,No,Día,NO,,Despejado,Buena,,Funciona
49235,OBSERVATORIO VIAL,2019-02-12,9:45:00,CORRIENTES,18,CAPITAL,21,CORRIENTES,Urbana,Calle,SAN MARTIN,1300,CORDOBA,,-2.747.002,-5.883.466,1,2,0,2,0,Colisión entre vehículos,Colisión entre vehículos,S/D,,Angulo,2,Recta,Intersección / cruce,,NO,,Asfalto,,Apto,"Despejada, Seca",,Ninguna,,,,No,,,Día,NO,Sin Restricción,Despejado,Buena,,Sin Semáforo
49330,OBSERVATORIO VIAL,2019-02-11,8:00:00,CORRIENTES,18,CAPITAL,21,CORRIENTES,Urbana,Calle,SAN FRANCISCO DE ASIS,4925,THAMES,,-2.749.465,-5.879.403,1,0,0,1,0,Vuelco (solo 1 participante),Vuelco (solo 1 participante),S/D,,,1,Recta,Intersección / cruce,,NO,,Asfalto,,Apto,Seca,,Cordón Divisorio,,,,No,No,No,Día,NO,Sin Restricción,Despejado,Buena,,Sin Semáforo
49254,OBSERVATORIO VIAL,2019-02-11,9:50:00,CORRIENTES,18,CAPITAL,21,CORRIENTES,Urbana,Avenida,MEDRANO,3200,CARTAGENA,,-2.749.610,-5.880.030,1,0,0,1,0,"Choque, Colisión entre vehículos",Colisión entre vehículos,S/D,,"Inmueble, Rozamiento",1,Curva,,,NO,,Asfalto,,Apto,Seca,,,,,,No,No,No,Día,NO,Sin Restricción,Despejado,Buena,,No Funciona
55249,OBSERVATORIO VIAL,2019-02-11,8:45:00,CORRIENTES,18,CAPITAL,21,CORRIENTES,Urbana,Calle,BELGRANO,2400,VELEZ SARSFIELD,,-2.747.373,-5.882.084,2,2,0,2,0,Colisión entre vehículos,Colisión entre vehículos,S/D,,Angulo,2,Recta,Intersección / cruce,,NO,,Asfalto,,Apto,Seca,,Ninguna,,,,No,No,No,Día,NO,Sin Restricción,Despejado,Buena,,Sin Semáforo
67703,OBSERVATORIO VIAL,2019-02-10,15:35:00,CORRIENTES,18,CAPITAL,21,CORRIENTES,Urbana,Calle,ESPAÑA,600,PELLEGRINI,,-2.746.602,-5.882.898,2,0,0,2,0,Colisión entre vehículos,Colisión entre vehículos,S/D,,,2,Recta,Intersección / cruce,,NO,,Asfalto,,Apto,Seca,,Ninguna,,,,S/D,S/D,S/D,Día,NO,Sin Restricción,Despejado,Buena,,Sin Semáforo
49236,OBSERVATORIO VIAL,2019-02-09,16:30:00,CORRIENTES,18,CAPITAL,21,CORRIENTES,Urbana,Calle,A. ESPAÑA,1700,MORENO,,-2.747.387,-5.882.984,2,0,0,2,0,Colisión entre vehículos,Colisión entre vehículos,S/D,,Angulo,2,Recta,Intersección / cruce,,NO,,Asfalto,,Apto,"Despejada, Seca",,,,,,S/D,S/D,S/D,Día,NO,Sin Restricción,Despejado,Buena,,
53628,OBSERVATORIO VIAL,2019-02-07,22:48:00,CORRIENTES,18,CAPITAL,21,CORRIENTES,Urbana,Calle,ESPAÑA,1700,9 DE julio,,-2.746.716,-5.882.904,3,0,0,3,0,Colisión entre vehículos,Colisión entre vehículos,S/D,,"Alcance, Angulo",3,Recta,,,NO,,Asfalto,,Apto,Seca,,Ninguna,,,,Si,No,No,Noche,SI,Sin Restricción,Despejado,Buena,,Sin Semáforo
49337,OBSERVATORIO VIAL,2019-02-07,18:40:00,CORRIENTES,18,CAPITAL,21,CORRIENTES,Urbana,Avenida,AVENIDA CARTAGENA,3100,RECONQUISTA,,-2.749.235,-5.881.573,2,1,0,2,0,Colisión entre vehículos,Colisión entre vehículos,S/D,,,2,Recta,Intersección / cruce,,NO,,Asfalto,,,Mojada,,Ninguna,,,,No,No,No,Día,NO,Sin Restricción,Nublado,Buena,,Intermitente
49429,OBSERVATORIO VIAL,2019-02-06,13:45:00,CORRIENTES,18,CAPITAL,21,CORRIENTES,Urbana,Calle,URUGUAY,2000,25 DE mayo,,-2.746.533,-5.882.483,1,1,0,2,0,Colisión entre vehículos,Colisión entre vehículos,S/D,,Angulo,2,Recta,Intersección / cruce,,NO,,Hormigón,,Apto,"Despejada, Seca",,Ninguna,,,,No,No,No,Día,NO,Sin Restricción,Despejado,Buena,,Sin Semáforo
49201,OBSERVATORIO VIAL,2019-02-06,9:20:00,CORRIENTES,18,CAPITAL,21,CORRIENTES,Urbana,Calle,CORDOBA,1300,BOLIVAR,,-2.747.107,-5.883.483,1,1,0,2,0,Colisión entre vehículos,Colisión entre vehículos,S/D,,Angulo,2,Recta,Intersección / cruce,,NO,,Asfalto,,Apto,Seca,,Ninguna,,,,Si,No,No,Día,NO,Sin Restricción,Despejado,Buena,,Sin Semáforo
49218,OBSERVATORIO VIAL,2019-02-06,23:00:00,CORRIENTES,18,CAPITAL,21,CORRIENTES,Urbana,Calle,ALBERDI,1800,GENERAL PAZ,,-2.747.726,-5.884.466,0,2,0,2,0,Colisión entre vehículos,Colisión entre vehículos,S/D,,Angulo,2,Recta,Intersección / cruce,,NO,,Asfalto,,Apto,Mojada,,Ninguna,,,,No,Si,No,Noche,NO,Sin Restricción,Nublado,Buena,,Sin Semáforo
49421,OBSERVATORIO VIAL,2019-02-06,6:30:00,CORRIENTES,18,CAPITAL,21,CORRIENTES,Urbana,Calle,MENDOZA,1200,BOLIVAR,,-2.747.092,-5.883.595,1,2,0,2,0,Colisión entre vehículos,Colisión entre vehículos,S/D,SE DIÓ A LA FUGA,Rozamiento,2,Recta,Intersección / cruce,,NO,,Asfalto,,Apto,Seca,,Ninguna,,,,Si,,,Amanecer,NO,Sin Restricción,Despejado,Buena,,Sin Semáforo
56465,OBSERVATORIO VIAL,2019-02-05,10:50:00,CORRIENTES,18,CAPITAL,21,CORRIENTES,Urbana,Calle,SAN MARTIN,1500,CATAMARCA,,-2.747.016,-5.883.337,1,1,0,2,0,Colisión entre vehículos,Colisión entre vehículos,S/D,,Alcance,2,Recta,Intersección / cruce,,NO,,Asfalto,,Apto,Seca,,Ninguna,,,,Si,Si,No,Día,NO,Sin Restricción,Despejado,Buena,,Sin Semáforo
49355,OBSERVATORIO VIAL,2019-02-04,10:15:00,CORRIENTES,18,CAPITAL,21,CORRIENTES,Urbana,Calle,SALTA,1137,,,-2.746.992,-5.883.925,5,0,0,2,0,Colisión entre vehículos,Colisión entre vehículos,S/D,,Alcance,2,Recta,,MITAD DE CUADRA,,,Asfalto,,Apto,Seca,,Ninguna,,,,,,,Día,NO,Sin Restricción,Despejado,Buena,,Sin Semáforo
59000,OBSERVATORIO VIAL,2019-02-04,2:10:00,CORRIENTES,18,CAPITAL,21,CORRIENTES,Urbana,Avenida,TRES DE ABRIL,1600,CATAMARCA,,-2.747.589,-5.883.394,2,0,0,2,0,"Choque, Colisión entre vehículos",Colisión entre vehículos,S/D,,"Angulo, En calzada",2,Recta,Intersección / cruce,,NO,,Hormigón,,Apto,Seca,,Cordón Divisorio,,,,Si,Si,No,Amanecer,SI,Sin Restricción,Despejado,Buena,,Funciona
49513,OBSERVATORIO VIAL,2019-02-03,9:00:00,CORRIENTES,18,CAPITAL,21,CORRIENTES,Urbana,Avenida,AV ARMENIA,4300,CRISTO OBRERO,,-2.746.866,-5.879.798,1,1,0,2,0,Colisión entre vehículos,Colisión entre vehículos,S/D,,Angulo,2,Recta,Intersección / cruce,,NO,,Asfalto,,Apto,Seca,,Ninguna,,,,S/D,S/D,S/D,Día,NO,Sin Restricción,Despejado,Buena,,Sin Semáforo
54539,OBSERVATORIO VIAL,2019-02-03,9:00:00,CORRIENTES,18,CAPITAL,21,CORRIENTES,Urbana,Avenida,RUTA 12,KM 5,AVENIDA INDEPENDENCIA,,-2.748.372,-5.878.273,2,0,0,2,0,Colisión entre vehículos,Colisión entre vehículos,S/D,,Angulo,2,Recta,Intersección / cruce,,NO,,Asfalto,,Apto,Seca,,Otro,,,,Si,Si,S/D,Día,NO,,Despejado,Buena,,Sin Semáforo
49207,OBSERVATORIO VIAL,2019-02-03,21:20:00,CORRIENTES,18,CAPITAL,21,CORRIENTES,Urbana,Calle,LISANDRO SEGOVIA,2342,,,-2.748.484,-5.883.634,2,0,0,2,0,"Choque, Colisión entre vehículos",Colisión entre vehículos,S/D,,"Alcance, Otro",2,Recta,,RECTA,NO,,Asfalto,,Apto,Seca,,Ninguna,,,,No,Si,No,Noche,SI,Sin Restricción,Despejado,Buena,,Sin Semáforo
54955,OBSERVATORIO VIAL,2019-02-03,13:45:00,CORRIENTES,18,CAPITAL,21,CORRIENTES,Urbana,Calle,ESTADO DE ISRAEL,2900,ESTOS UNIDO,,-2.746.921,-5.883.041,1,2,0,2,0,Colisión entre vehículos,Colisión entre vehículos,S/D,,Angulo,2,Recta,Intersección / cruce,,NO,,Hormigón,,Apto,"Despejada, Seca",,Ninguna,,,,Si,No,No,Día,SI,Sin Restricción,Despejado,Buena,,Sin Semáforo
55455,OBSERVATORIO VIAL,2019-02-02,4:30:00,CORRIENTES,18,CAPITAL,21,CORRIENTES,Urbana,Calle,25 DE mayo,1600,SANTA FE,,-2.746.495,-5.883.020,1,1,0,2,0,Colisión entre vehículos,Colisión entre vehículos,S/D,,Angulo,2,Recta,Intersección / cruce,,NO,,Asfalto,,Apto,Seca,,Ninguna,,,,S/D,S/D,S/D,Noche,SI,Sin Restricción,Despejado,Buena,,Sin Semáforo
68834,CORRIENTES,2019-02-02,13:05:00,CORRIENTES,18,CAPITAL,21,CORRIENTES,Urbana,Calle,Cordoba,1100,BELGRANO,,,,1,1,0,2,0,Colisión entre vehículos,Colisión entre vehículos,S/D,,,2,Recta,Intersección / cruce,,NO,,Asfalto,,Apto,Seca,,Ninguna,,,,Si,,,Día,NO,Sin Restricción,Despejado,Buena,,Sin Semáforo
49469,OBSERVATORIO VIAL,2019-02-02,12:30:00,CORRIENTES,18,CAPITAL,21,CORRIENTES,Urbana,Avenida,AVENIDA MAIPU,2400,,,-2.750.066,-5.881.351,1,1,0,2,0,Colisión entre vehículos,Colisión entre vehículos,S/D,,Alcance,2,Recta,Intersección / cruce,MITAD DE CUADRA,NO,,Hormigón,,Apto,Seca,,Ninguna,,,,No,No,No,Día,NO,,Despejado,Buena,,Sin Semáforo
49420,OBSERVATORIO VIAL,2019-02-02,19:45:00,CORRIENTES,18,CAPITAL,21,CORRIENTES,Urbana,Avenida,AV MAIPU,6000,ACCESO B° Dr MONTAÑA,,-2.752.494,-5.879.638,1,1,0,2,0,Colisión entre vehículos,Colisión entre vehículos,S/D,,Angulo,2,Recta,Intersección / cruce,,NO,,Asfalto,,Apto,"Despejada, Seca",,Cordón Divisorio,,,,No,No,No,Día,NO,Sin Restricción,Despejado,Buena,,Intermitente
53757,OBSERVATORIO VIAL,2019-02-01,2:40:00,CORRIENTES,18,CAPITAL,21,CORRIENTES,Urbana,Avenida,AVENIDA FERRE,1700,ESPAÑA,,-2.747.648,-5.883.020,2,0,0,2,0,Colisión entre vehículos,Colisión entre vehículos,S/D,,Angulo,2,Recta,Intersección / cruce,,NO,,Hormigón,,Apto,Seca,,Ninguna,,,,Si,Si,No,Noche,SI,Sin Restricción,Despejado,Buena,,Funciona
49271,OBSERVATORIO VIAL,2019-01-31,8:05:00,CORRIENTES,18,CAPITAL,21,CORRIENTES,Urbana,Avenida,AV FERRE,1700,ESPAÑA,,-2.747.657,-5.883.019,1,1,0,2,0,"Atropello a animal/es, Colisión entre vehículos",Colisión entre vehículos,S/D,,,2,Recta,Intersección / cruce,,NO,,Hormigón,,,,,Ninguna,,,,Si,Si,No,Día,NO,Sin Restricción,Despejado,Buena,,Funciona
53687,OBSERVATORIO VIAL,2019-01-31,9:20:00,CORRIENTES,18,CAPITAL,21,CORRIENTES,Urbana,Avenida,AVENIDA GRAL. PAZ,2000,FRAGATA HERCULES,,-2.748.002,-5.882.096,1,1,0,2,0,Colisión entre vehículos,Colisión entre vehículos,S/D,,Alcance,2,Recta,,,NO,,,,Apto,Seca,,,,,,No,No,No,Día,NO,Sin Restricción,Despejado,Buena,,Sin Semáforo
49243,OBSERVATORIO VIAL,2019-01-31,22:25:00,CORRIENTES,18,CAPITAL,21,CORRIENTES,Urbana,Avenida,TRES DE ABRIL,2000,ESPAÑA,,-2.747.652,-5.883.013,2,0,0,2,0,Colisión entre vehículos,Colisión entre vehículos,S/D,,,2,Recta,Intersección / cruce,,NO,,Hormigón,,,Seca,,Cordón Divisorio,,,,Si,Si,No,Noche,NO,Sin Restricción,Despejado,Buena,,Funciona
54968,OBSERVATORI VIAL,2019-01-31,9:10:00,CORRIENTES,18,CAPITAL,21,CORRIENTES,Urbana,Calle,9 DE julio,800,BUENOS AIRES,,-2.746.639,-5.884.054,2,0,0,2,0,Colisión entre vehículos,Colisión entre vehículos,S/D,,Alcance,2,Recta,Intersección / cruce,,NO,,Asfalto,,Apto,"Despejada, Seca",,Ninguna,,,,Si,No,No,Día,NO,Sin Restricción,Despejado,Buena,,Sin Semáforo
49216,OBSERVATORIO VIAL,2019-01-31,8:45:00,CORRIENTES,18,CAPITAL,21,CORRIENTES,Urbana,Avenida,AV PEDRO FERRE,2900,AV CHACABUCO,,-2.747.849,-5.881.467,1,0,0,1,0,Caída desde vehículo,Caída desde vehículo,S/D,,,1,Recta,Intersección / cruce,,NO,,Asfalto,,Apto,Seca,,Ninguna,,,,Si,Si,No,Día,NO,Sin Restricción,Nublado,Buena,,Funciona
62886,OBSERVATORIO VIAL,2019-01-31,9:34:00,CORRIENTES,18,CAPITAL,21,CORRIENTES,Urbana,Avenida,AV. PEDRO FERRE,1600,SANTA  FE,,-2.747.647,-5.883.147,1,1,0,2,0,Colisión entre vehículos,Colisión entre vehículos,S/D,,Alcance,2,Recta,Intersección / cruce,,NO,,Hormigón,,Apto,Seca,,Ninguna,,,,Si,Si,No,Día,NO,,Despejado,,,Funciona
49617,OBSERVATORIO VIAL,2019-01-30,10:40:00,CORRIENTES,18,CAPITAL,21,CORRIENTES,Urbana,Calle,MORENO,1400,CORDOBA,,-2.747.336,-5.883.501,3,1,0,2,0,Colisión entre vehículos,Colisión entre vehículos,S/D,,Angulo,2,Recta,Intersección / cruce,,NO,,Asfalto,,Apto,Seca,,Ninguna,,,,Si,Si,No,Día,NO,,Despejado,Buena,,Sin Semáforo
53856,OBSERVATORIO VIAL,2019-01-29,9:00:00,CORRIENTES,18,CAPITAL,21,CORRIENTES,Urbana,Avenida,AV INDEPENDENCIA,5100,GODOY CRUZ,,-2.748.395,-5.878.972,2,1,0,2,0,Colisión entre vehículos,Colisión entre vehículos,S/D,,Alcance,2,Recta,Intersección / cruce,,NO,,Hormigón,,,"Despejada, Seca",,Cordón Divisorio,,,,Si,Si,No,Día,,Sin Restricción,Despejado,Buena,,Funciona
54243,OBSERVATORIO VIAL,2019-01-28,16:30:00,CORRIENTES,18,CAPITAL,21,CORRIENTES,Urbana,Calle,JUJUY,1600,BOLIVAR,,-2.747.176,-5.882.835,1,1,0,2,0,Colisión entre vehículos,Colisión entre vehículos,S/D,,Angulo,2,Recta,,,NO,,Hormigón,,Apto,Seca,,Ninguna,,,,No,No,No,Día,NO,Sin Restricción,Despejado,Buena,,Sin Semáforo
49424,OBSERVATORIO VIAL,2019-01-28,18:20:00,CORRIENTES,18,CAPITAL,21,CORRIENTES,Urbana,Avenida,AVENIDA COSTANERA,600,,,-2.746.702,-5.885.183,2,0,0,2,0,Colisión entre vehículos,Colisión entre vehículos,S/D,,Alcance,2,Recta,Intersección / cruce,,NO,,Asfalto,,Apto,Seca,,Ninguna,,,,No,S/D,S/D,Día,NO,,Despejado,,,Sin Semáforo
49223,OBSERVATORIO VIAL,2019-01-28,10:00:00,CORRIENTES,18,CAPITAL,21,CORRIENTES,Urbana,Avenida,AV MAIPU,5800,GUAYQUIRARO,,-2.751.370,-5.880.728,1,1,0,2,0,Colisión entre vehículos,Colisión entre vehículos,S/D,,,2,Recta,Intersección / cruce,,NO,,Hormigón,,Apto,Seca,,Ninguna,,,,Si,Si,No,Día,NO,Sin Restricción,Despejado,Buena,,Funciona
49511,OBSERVATORIO VIAL,2019-01-25,8:00:00,CORRIENTES,18,CAPITAL,21,CORRIENTES,Urbana,Avenida,AV FERRE,2500,ITUZAINGO,,,,1,1,0,2,0,Colisión entre vehículos,Colisión entre vehículos,S/D,,Alcance,2,Recta,Intersección / cruce,,NO,,Hormigón,,Apto,Seca,,Ninguna,,,,No,No,No,Día,NO,Sin Restricción,Despejado,Buena,,Sin Semáforo
55271,OBSERVATORIO VIAL,2019-01-25,10:40:00,CORRIENTES,18,CAPITAL,21,CORRIENTES,Urbana,Calle,GUEMES,1800,GRAL PAZ,,-2.748.208,-5.880.795,0,1,0,1,0,"Caída desde vehículo, Despiste",Despiste,Si,,,1,Recta,Intersección / cruce,,NO,,Hormigón,,Apto,Seca,,Ninguna,,,,Si,No,No,Día,NO,Sin Restricción,Despejado,Buena,,Sin Semáforo
67474,OBSERVATORIO VIAL,2019-01-25,0:40:00,CORRIENTES,18,CAPITAL,21,CORRIENTES,Urbana,Calle,COSQUIN,1900,CRESPO,,-2.749.407,-5.882.921,2,0,0,2,0,Colisión entre vehículos,Colisión entre vehículos,S/D,,Angulo,2,Recta,Intersección / cruce,,NO,,Hormigón,,Apto,Seca,,Ninguna,,,,Si,,,Noche,SI,Sin Restricción,Despejado,Buena,,Sin Semáforo
49317,OBSERVATORIO VIAL,2019-01-25,8:50:00,CORRIENTES,18,CAPITAL,21,CORRIENTES,Urbana,Avenida,AVENIDA INDEPENDENCIA,4500,LAS PIEDRAS,,-2.748.124,-5.879.974,1,1,0,2,0,Colisión entre vehículos,Colisión entre vehículos,S/D,,Rozamiento,2,Recta,Intersección / cruce,,NO,,Hormigón,,Apto,Seca,,,,,,Si,Si,No,Día,NO,,Despejado,Buena,,Funciona
49371,OBSERVATORIO VIAL,2019-01-24,8:45:00,CORRIENTES,18,CAPITAL,21,CORRIENTES,Urbana,Calle,RIOJA,1000,BOLIVAR,,-2.747.076,-5.883.842,1,1,0,2,0,"Choque, Colisión entre vehículos",Colisión entre vehículos,S/D,,"Angulo, En calzada",2,Recta,Intersección / cruce,,NO,,Asfalto,,Apto,Seca,,Ninguna,,,,S/D,No,No,Día,NO,Sin Restricción,Despejado,Buena,,Sin Semáforo
49376,OBSERVATORIO VIAL,2019-01-23,16:00:00,CORRIENTES,18,CAPITAL,21,CORRIENTES,Urbana,Calle,CARTAGENA,4100,INGLATERRA,,-2.749.460,-5.880.370,1,1,0,2,0,Colisión entre vehículos,Colisión entre vehículos,S/D,,Frontal,2,Recta,Intersección / cruce,,NO,,Asfalto,,Apto,Seca,,Ninguna,,,,S/D,S/D,S/D,Día,NO,Sin Restricción,Despejado,Buena,,Sin Semáforo
49507,OBSERVATORIO VIAL,2019-01-23,10:26:00,CORRIENTES,18,CAPITAL,21,CORRIENTES,Urbana,Calle,CATAMARCA,1400,JUNIN,,-2.746.798,-5.883.308,1,1,0,2,0,Colisión entre vehículos,Colisión entre vehículos,S/D,,Alcance,2,Recta,Intersección / cruce,,NO,,Hormigón,,Apto,Mojada,,Ninguna,,,,Si,Si,S/D,Día,NO,Sin Restricción,Lluvia,Buena,,Funciona
49612,OBSERVATORIO VIAL,2019-01-22,7:50:00,CORRIENTES,18,CAPITAL,21,CORRIENTES,Urbana,Calle,9 DE julio,1200,MENDOZA,,-2.746.655,-5.883.545,2,0,0,2,0,Colisión entre vehículos,Colisión entre vehículos,S/D,,Angulo,2,Recta,Intersección / cruce,,NO,,Asfalto,,Apto,,,Ninguna,,,,S/D,S/D,S/D,Día,NO,Sin Restricción,Nublado,Buena,,Funciona
49618,OBSERVATORIO VIAL,2019-01-22,18:45:00,CORRIENTES,18,CAPITAL,21,CORRIENTES,Urbana,Calle,RIVADAVIA,1500,SAN LORENZO,,-2.747.477,-5.883.256,1,1,0,2,0,Colisión entre vehículos,Colisión entre vehículos,S/D,,Angulo,2,Recta,,,NO,,Hormigón,,Apto,Despejada,,Ninguna,,,,Si,No,No,Noche,SI,,Nublado,,,Sin Semáforo
60660,OBSERVATORIO VIAL,2019-01-22,8:00:00,CORRIENTES,18,CAPITAL,21,CORRIENTES,Urbana,Avenida,PUJOL,1000,,ITUZAINGO,-2.746.971,-5.881.891,0,1,0,1,0,"Caída desde vehículo, Despiste",Despiste,Si,,,1,Recta,Intersección / cruce,,,,,,Apto,Seca,,Cordón Divisorio,,,,Si,Si,No,Día,NO,Sin Restricción,Despejado,Buena,,Funciona
53364,OBSERVATORIO VIAL,2019-01-22,15:45:00,CORRIENTES,18,CAPITAL,21,CORRIENTES,Urbana,Calle,LAS PIEDRAS,1900,GRAL PAZ,,-2.748.309,-5.880.067,2,0,0,2,0,Colisión entre vehículos,Colisión entre vehículos,S/D,,Lateral,2,Recta,Intersección / cruce,,NO,,Hormigón,,Apto,Seca,,Ninguna,,,,Si,Si,No,Día,NO,Sin Restricción,Despejado,Buena,,Sin Semáforo
68833,OBS VIAL,2019-01-22,15:50:00,CORRIENTES,18,CAPITAL,21,CORRIENTES,Urbana,Avenida,WENCESLAO DOMINGUES,2600,PITAGORAS,,-2.749.049,-5.880.833,1,2,0,2,0,Colisión entre vehículos,Colisión entre vehículos,S/D,,Angulo,2,Recta,Intersección / cruce,,NO,,Hormigón,,Apto,"Despejada, Seca",,Cordón Divisorio,,,,Si,No,No,Día,NO,Sin Restricción,Despejado,Buena,,Sin Semáforo
62293,OBSERVATORIO VIAL,2019-01-21,10:00:00,CORRIENTES,18,CAPITAL,21,CORRIENTES,Urbana,Avenida,INDEPENDENCIA,5498,ROTONDA,,-2.748.429,-5.878.372,3,0,0,3,0,Colisión entre vehículos,Colisión entre vehículos,S/D,,Alcance,3,Curva,Rotonda,,NO,,Hormigón,,Apto,Seca,,Ninguna,,,,S/D,S/D,S/D,Día,NO,Sin Restricción,Despejado,Buena,,Sin Semáforo
49319,OBSERVATORIO VIAL,2019-01-21,18:55:00,CORRIENTES,18,CAPITAL,21,CORRIENTES,Urbana,Calle,RIVADAVIA,1100,SAN JUAN,,-2.747.434,-5.883.742,1,2,0,2,0,Colisión entre vehículos,Colisión entre vehículos,S/D,,Angulo,2,Recta,Intersección / cruce,,NO,,Hormigón,,Apto,Seca,,Ninguna,,,,Si,No,No,Día,NO,Sin Restricción,Despejado,Buena,,Sin Semáforo
49318,OBSERVATORIO VIAL,2019-01-21,10:20:00,CORRIENTES,18,CAPITAL,21,CORRIENTES,Urbana,Calle,PERU,1033,SAN MARTIN,,-2.747.127,-5.882.179,0,1,0,1,0,Caída desde vehículo,Caída desde vehículo,S/D,,,1,Recta,,MITAD DE CUADRA,NO,,Hormigón,,Apto,Seca,,Ninguna,,,,S/D,S/D,S/D,Día,NO,Sin Restricción,Despejado,Buena,,Sin Semáforo
49266,OBSERVATORIO VIAL,2019-01-21,21:40:00,CORRIENTES,18,CAPITAL,21,CORRIENTES,Urbana,Avenida,AV IBERA,1850,CRESPO,BONASTRE,-2.749.870,-5.883.040,0,1,0,1,0,"Atropello a animal/es, Caída desde vehículo, Choque, Colisión entre vehículos",Colisión entre vehículos,S/D,,"Alcance, Otro",1,Recta,Intersección / cruce,,NO,,Asfalto,,Apto,Seca,,Ninguna,,,,S/D,S/D,S/D,,SI,Sin Restricción,Despejado,Buena,,Sin Semáforo
62290,OBSERVATORIO VIAL,2019-01-21,6:00:00,CORRIENTES,18,CAPITAL,21,CORRIENTES,Urbana,Calle,CHACABUCO,2990,CAZADORES CORRENTINOS,,-2.748.673,-5.881.617,0,1,0,1,0,"Caída desde vehículo, Colisión entre vehículos",Colisión entre vehículos,S/D,,,1,Recta,Intersección / cruce,,SI,,Hormigón,,Apto,,,Barrera de Hormigón,,,,Si,Si,No,,NO,Sin Restricción,Despejado,Buena,,Funciona
64859,OBSERVATORIO VIAL,2019-01-21,8:00:00,CORRIENTES,18,CAPITAL,21,CORRIENTES,Urbana,Avenida,TENIENTE IBAÑEZ,2400,VARGAS GOMEZ,,-2.748.573,-5.883.522,1,1,0,2,0,"Caída desde vehículo, Colisión entre vehículos",Colisión entre vehículos,S/D,,,2,Recta,Intersección / cruce,,NO,,Hormigón,,Apto,Seca,,Ninguna,,,,Si,Si,No,Día,NO,Sin Restricción,Despejado,Buena,,Funciona
64877,OBSERVATORIO VIAL,2019-01-20,19:00:00,CORRIENTES,18,CAPITAL,21,CORRIENTES,Urbana,Calle,ROCA,2200,SAN MARTIN,,-2.747.115,-5.882.305,1,1,0,2,0,Colisión entre vehículos,Colisión entre vehículos,S/D,,Lateral,2,Recta,Intersección / cruce,,NO,,Asfalto,,Apto,Seca,,Ninguna,,,,S/D,S/D,S/D,Atardecer,SI,Sin Restricción,Despejado,Buena,,Sin Semáforo
49412,OBSERVATORIO VIAL,2019-01-20,10:15:00,CORRIENTES,18,CAPITAL,21,CORRIENTES,Urbana,Calle,LA RIOJA,1000,BELGRANO,,-2.747.193,-5.883.853,2,1,0,2,0,Colisión entre vehículos,Colisión entre vehículos,S/D,,Angulo,2,Recta,Intersección / cruce,,NO,,Asfalto,,Apto,Seca,,Ninguna,,,,Si,,,Día,NO,Sin Restricción,Nublado,Buena,,Sin Semáforo
49487,OBSERVATORIO VIAL,2019-01-20,15:50:00,CORRIENTES,18,CAPITAL,21,CORRIENTES,Urbana,Avenida,AVENIDA 3 DE ABRIL,500,ALBERDI,,-2.747.485,-5.884.432,1,1,1,2,0,Colisión entre vehículos,Colisión entre vehículos,S/D,,Angulo,2,Recta,Intersección / cruce,,NO,,Hormigón,,Apto,Seca,,,,,,No,No,No,Día,NO,,Despejado,Buena,,Sin Semáforo
53732,OBSERVATORIO VIAL,2019-01-19,16:00:00,CORRIENTES,18,CAPITAL,21,CORRIENTES,Urbana,Calle,BOLIVAR,1100,BRASIL,URUGUAY,-2.747.203,-5.882.507,2,0,0,2,0,Colisión entre vehículos,Colisión entre vehículos,S/D,,Alcance,2,Recta,Intersección / cruce,,NO,,Asfalto,,Apto,Seca,,Ninguna,,,,S/D,S/D,S/D,Día,NO,Sin Restricción,Despejado,Buena,,Sin Semáforo
62859,OBSERVATORIO VIAL,2019-01-19,16:00:00,CORRIENTES,18,CAPITAL,21,CORRIENTES,Urbana,Avenida,LAS PIEDRAS,2200,NICOLAS AVELLANEDA,,-2.748.751,-5.880.149,2,0,0,2,0,"Colisión entre vehículos, Vuelco (solo 1 participante)",Colisión entre vehículos,S/D,,Lateral,2,Recta,,,NO,,Hormigón,,Apto,Seca,,Cordón Divisorio,,,,Si,Si,S/D,Atardecer,NO,,,,,Funciona
49576,OBSERVATORIO VIAL,2019-01-18,14:00:00,CORRIENTES,18,CAPITAL,21,CORRIENTES,Urbana,Calle,TEMPERLEY,3200,MATIAS PIPET,,-2.749.107,-5.883.213,2,1,0,2,0,Colisión entre vehículos,Colisión entre vehículos,S/D,,Frontal,2,Recta,Intersección / cruce,,NO,,Hormigón,,Apto,Seca,,Ninguna,,,,No,No,No,Día,NO,Sin Restricción,Nublado,Buena,,Sin Semáforo
53682,OBSERVATORIO VIAL,2019-01-18,15:30:00,CORRIENTES,18,,,CORRIENTES,Urbana,Avenida,AV. INDEPENDENCIA,3500,GUEMES,,-2.747.930,-5.880.754,1,1,0,2,0,Colisión entre vehículos,Colisión entre vehículos,S/D,,Angulo,2,Recta,Intersección / cruce,,NO,,Asfalto,,Apto,Seca,,,,,,Si,Si,No,Día,NO,Sin Restricción,Despejado,Buena,,Funciona
49526,OBSERVATORIO VIAL,2019-01-17,10:05:00,CORRIENTES,18,CAPITAL,21,CORRIENTES,Urbana,Calle,ENTRE RIOS,1400,RIVADAVIA,,-2.747.368,-5.884.475,2,0,0,2,0,Colisión entre vehículos,Colisión entre vehículos,S/D,,Angulo,2,Recta,Intersección / cruce,,NO,,Asfalto,,Apto,Seca,,Ninguna,,,,Si,Si,No,Día,NO,Sin Restricción,Despejado,Buena,,Sin Semáforo
58981,OBSERVATORIO VIAL,2019-01-17,22:10:00,CORRIENTES,18,CAPITAL,21,CORRIENTES,Urbana,Avenida,MAIPU,1699,,LAVALLE,-2.747.751,-5.883.017,1,1,0,2,0,Colisión entre vehículos,Colisión entre vehículos,S/D,,Angulo,2,Curva,,,SI,,Hormigón,,Apto,Seca,,Ninguna,,,,Si,Si,,Noche,SI,Sin Restricción,Despejado,Buena,,Funciona
49407,OBSERVATORIO VIAL,2019-01-16,10:15:00,CORRIENTES,18,CAPITAL,21,CORRIENTES,Urbana,Calle,LA RIOJA,1000,BELGRANO,,-2.747.193,-5.883.853,2,1,0,2,0,Colisión entre vehículos,Colisión entre vehículos,S/D,,Angulo,2,Recta,Intersección / cruce,,NO,,Asfalto,,Apto,Seca,,Ninguna,,,,Si,,,Día,NO,Sin Restricción,Nublado,Buena,,Sin Semáforo
49590,OBSERVATORIO VIAL,2019-01-16,5:00:00,CORRIENTES,18,CAPITAL,21,CORRIENTES,Urbana,Avenida,AV MAIPU,2000,MANANTIALES,,-2.749.618,-5.881.660,0,1,0,1,0,Caída desde vehículo,Caída desde vehículo,S/D,,,1,Recta,Intersección / cruce,,NO,,Hormigón,,,Seca,,Ninguna,,,,S/D,S/D,S/D,Noche,SI,Sin Restricción,Despejado,Buena,,Sin Semáforo
54936,OBSERVATORIO VIAL,2019-01-15,8:20:00,CORRIENTES,18,CAPITAL,21,CORRIENTES,Urbana,Avenida,AVENIDA ARTIGAS,1200,BELGRANO,,-2.747.389,-5.881.917,1,1,0,2,0,Colisión entre vehículos,Colisión entre vehículos,S/D,,Angulo,2,Recta,Intersección / cruce,,NO,,Asfalto,,Apto,Seca,,Ninguna,,,,Si,Si,No,Día,NO,,"Despejado, Viento",Buena,,Funciona
49375,OBSERVATORIO VIAL,2019-01-13,12:10:00,CORRIENTES,18,CAPITAL,21,CORRIENTES,Urbana,Calle,SUIZA,3100,RECONQUISTA,,-2.747.573,-5.881.273,1,1,0,2,0,"Caída desde vehículo, Colisión entre vehículos",Colisión entre vehículos,S/D,,,2,Recta,Intersección / cruce,,NO,,Asfalto,,Apto,Seca,,Ninguna,,,,S/D,S/D,,Día,NO,Sin Restricción,Despejado,Buena,,Sin Semáforo
49287,OBSERVATORIO VIAL,2019-01-13,9:30:00,CORRIENTES,18,CAPITAL,21,CORRIENTES,Urbana,Avenida,AV MAIPU,3500,8 DE mayo,,-2.750.068,-5.881.355,2,0,0,2,0,"Choque, Colisión entre vehículos",Colisión entre vehículos,S/D,,"Angulo, En calzada",2,Recta,Intersección / cruce,,NO,,Asfalto,,Apto,Seca,,Ninguna,,,,Si,No,No,Día,NO,Sin Restricción,Despejado,Buena,,Funciona
64182,OBSERVATORIO VIAL,2019-01-13,13:58:00,CORRIENTES,18,CAPITAL,21,CORRIENTES,Urbana,Avenida,PEDRO FERRE,1500,ROCA,,-2.747.739,-5.882.368,1,1,0,2,0,Colisión entre vehículos,Colisión entre vehículos,S/D,,Lateral,2,Recta,Intersección / cruce,,NO,,Hormigón,,Apto,Seca,,Ninguna,,,,Si,Si,No,Día,NO,Sin Restricción,Despejado,,,Funciona
58996,OBSERVATORIO VIAL,2019-01-12,17:50:00,CORRIENTES,18,CAPITAL,21,CORRIENTES,Urbana,Avenida,PEDRO FERRE,2600,,,-2.747.792,-5.881.983,2,0,0,2,0,Colisión entre vehículos,Colisión entre vehículos,S/D,,,2,Recta,,,NO,,Hormigón,,Apto,Seca,,Ninguna,,,,No,No,No,,NO,Sin Restricción,Despejado,Buena,,Sin Semáforo
67700,OBSERVATORIO VIAL,2019-01-12,8:15:00,CORRIENTES,18,CAPITAL,21,CORRIENTES,Urbana,Calle,25 DE mayo,1400,,,-2.746.464,-5.883.272,2,0,0,2,0,Colisión entre vehículos,Colisión entre vehículos,S/D,,,2,Recta,Intersección / cruce,,NO,,Asfalto,,Apto,Seca,,,,,,S/D,S/D,S/D,Día,NO,Sin Restricción,Despejado,Buena,,Sin Semáforo
49515,OBSERVATORIO VIAL,2019-01-12,8:15:00,CORRIENTES,18,CAPITAL,21,CORRIENTES,Urbana,Calle,HIPOLITO YRIGOYEN,450,,,-2.746.809,-5.884.491,2,1,0,3,0,"Choque, Colisión entre vehículos, Vuelco (solo 1 participante)",Colisión entre vehículos,S/D,,"En calzada, Multiple",3,Recta,,RECTA,NO,,Hormigón,,Apto,Seca,,Ninguna,,,,No,No,No,Día,NO,Sin Restricción,Nublado,Buena,,Sin Semáforo
49550,OBSERVATORIO VIAL,2019-01-12,23:30:00,CORRIENTES,18,CAPITAL,21,CORRIENTES,Urbana,Calle,ESPAÑA,1000,SAN MARTIN,,-2.747.049,-5.882.941,1,1,0,2,0,Colisión entre vehículos,Colisión entre vehículos,S/D,,Angulo,2,Recta,Intersección / cruce,,NO,,Asfalto,,Apto,Seca,,Ninguna,,,,S/D,S/D,S/D,Noche,SI,Sin Restricción,Despejado,Buena,,Sin Semáforo
58998,OBSERVATORIO VIAL,2019-01-11,10:10:00,CORRIENTES,18,CAPITAL,21,CORRIENTES,Urbana,Calle,RIVADAVIA,1500,MENDOZA,,-2.747.447,-5.883.635,2,0,0,2,0,Colisión entre vehículos,Colisión entre vehículos,S/D,,Alcance,2,Recta,Intersección / cruce,,NO,,Hormigón,,Baches,Seca,,Ninguna,,,,No,No,No,Día,NO,Sin Restricción,Despejado,Buena,,Sin Semáforo
54358,OBSERVATORIO VIAL,2019-01-11,17:50:00,CORRIENTES,18,CAPITAL,21,CORRIENTES,Urbana,Avenida,AVENIDA FERRE,1700,ESPAÑA,,-2.747.660,-5.883.003,6,0,0,4,0,Colisión entre vehículos,Colisión entre vehículos,S/D,,Alcance,4,Recta,Intersección / cruce,,NO,,Hormigón,,Apto,Seca,,Cordón Divisorio,,,,Si,Si,No,Día,NO,Sin Restricción,Despejado,Buena,,Funciona
49536,OBSERVATORIO VIAL,2019-01-06,1:35:00,CORRIENTES,18,CAPITAL,21,CORRIENTES,Urbana,Calle,MORENO,2000,,,-2.747.431,-5.882.599,2,0,0,2,0,Colisión entre vehículos,Colisión entre vehículos,S/D,,Angulo,2,Recta,Intersección / cruce,,NO,,Asfalto,,Apto,Seca,,Ninguna,,,,Si,No,No,Noche,SI,Sin Restricción,Despejado,Buena,,Sin Semáforo
49312,OBSERVATORIO VIAL,2019-01-05,18:30:00,CORRIENTES,18,CAPITAL,21,CORRIENTES,Urbana,Calle,LAMADRID,100,PASAJE MORGAN,,-2.747.985,-5.885.225,3,0,0,2,0,Colisión entre vehículos,Colisión entre vehículos,S/D,,Alcance,2,Recta,,,SI,,Asfalto,,Apto,Seca,,,,,,,,,Día,,,Despejado,Buena,,
62854,OBSERVATORIO VIAL,2019-01-04,9:30:00,CORRIENTES,18,CAPITAL,21,CORRIENTES,Urbana,Calle,LAS HERAS,2798,CHILE,,-2.748.274,-5.881.793,1,1,0,2,0,Colisión entre vehículos,Colisión entre vehículos,S/D,,Alcance,2,Recta,Intersección / cruce,,NO,,Hormigón,,Apto,Seca,,Cordón Divisorio,,,,No,No,No,Día,NO,Sin Restricción,Despejado,Buena,,Sin Semáforo
64184,OBSERVATORIO VIAL,2019-01-04,22:45:00,CORRIENTES,18,CAPITAL,21,CORRIENTES,Urbana,Avenida,INDEPENDENCIA,5098,GODOY CRUZ,,-2.748.385,-5.878.968,1,3,0,2,0,"Colisión entre vehículos, Vuelco (solo 1 participante)",Colisión entre vehículos,S/D,,,2,Recta,Intersección / cruce,,NO,,Hormigón,,Apto,Seca,,Cordón Divisorio,,,,Si,Si,No,Noche,SI,Sin Restricción,Despejado,Buena,,Funciona
49561,OBSERVATORIO VIAL,2019-01-03,16:45:00,CORRIENTES,18,CAPITAL,21,CORRIENTES,Urbana,Avenida,MEDRANO,4430,CAZADORES CORRENTINOS,,-2.748.772,-5.879.951,2,0,0,2,0,Colisión entre vehículos,Colisión entre vehículos,S/D,,Alcance,2,Recta,Intersección / cruce,,NO,,Hormigón,,Apto,Seca,,Cordón Divisorio,,,,Si,No,No,Día,NO,Sin Restricción,Despejado,Buena,,Funciona
54230,OBSERVATORIO VIAL,2019-01-03,10:30:00,CORRIENTES,18,CAPITAL,21,CORRIENTES,Urbana,Avenida,AVENIDA MAIPU,3100,LORETO,,-2.750.585,-5.881.112,1,1,0,2,0,Colisión entre vehículos,Colisión entre vehículos,S/D,,Alcance,2,Recta,Intersección / cruce,,NO,,Asfalto,,Apto,Seca,,Ninguna,,,,No,No,No,Día,NO,Sin Restricción,Despejado,Buena,,Sin Semáforo
54500,OBSERVATORIO VIAL,2019-01-02,10:30:00,CORRIENTES,18,CAPITAL,21,CORRIENTES,Urbana,Avenida,AV INDEPENDENCIA,4200,LAS PIEDRAS,,-2.748.079,-5.880.050,1,1,0,2,0,Colisión entre vehículos,Colisión entre vehículos,S/D,,Frontal,2,Recta,Intersección / cruce,,,,Asfalto,,Apto,Seca,,Ninguna,,,,Si,Si,Si,Día,SI,Sin Restricción,Despejado,Buena,,Funciona