id_feu,unidad_regional,siniestro_fecha,siniestro_hora,provincia,id_provincia,departamento,id_departamento,localidad,zona_ocurrencia,via_publica,nombre_via,altura_km,entre_calle_1,entre_calle_2,latitud,longitud,ilesos,heridos,fallecidos,vehiculos,peatones,tipo_siniestro_multiple,tipo_siniestro_unico,despiste_previo,tipo_siniestro_otro,tipo_colision,cantidad_de_involucrados,trazado_via,configuracion_de_la_via,configuracion_de_la_via_otro_tipo,pendiente_declive,cono_de_vision,material_de_la_calzada,material_de_la_calzada_otro,estado_de_la_calzada,estado_fisico_ambiental,estado_de_conservacion_otro,division_fisica_de_la_via,division_fisica_de_la_via_otro,barreras_de_seguridad,banquinas,senalizacion_carteleria,senalizacion_horizontal,senalizacion_transitoria,luminosidad,luz_artificial,transito_restringido,estado_ambiental,visibilidad,visibilidad_otro,semaforo
49056,OBSERVATORIO VIAL,2018-10-29,20:10:00,CORRIENTES,18,CAPITAL,21,CORRIENTES,Urbana,Avenida,AV INDEPENDENCIA,4200,LAS PIEDRAS,,-2.748.105,-5.880.054,1,2,0,3,0,Colisión entre vehículos,Colisión entre vehículos,S/D,,Alcance,3,Recta,Intersección / cruce,,NO,,Hormigón,,Apto,Seca,,Cordón Divisorio,,,,Si,Si,No,Atardecer,,,Despejado,Buena,,Funciona
49059,OBSERVATORIO VIAL,2018-10-31,19:30:00,CORRIENTES,18,CAPITAL,21,CORRIENTES,Urbana,Calle,BELASCOAIN,900,VIUDES,,-2.748.406,-5.877.596,1,1,0,2,0,Colisión entre vehículos,Colisión entre vehículos,S/D,,Angulo,2,Recta,Intersección / cruce,,NO,,Tierra,,,"Despejada, Seca",,Ninguna,,,,No,No,No,Noche,NO,Sin Restricción,Nublado,Buena,,Sin Semáforo
48998,OBSERVATORIO VIAL,2018-10-08,13:10:00,CORRIENTES,18,CAPITAL,21,CORRIENTES,Urbana,Calle,BELGRANO,1100,SAN JUAN,,-2.747.203,-5.883.722,1,1,0,2,0,Colisión entre vehículos,Colisión entre vehículos,S/D,,Angulo,2,Recta,,,NO,,Asfalto,,Apto,Seca,,Vegetación,,,,No,No,No,Día,NO,,Despejado,Buena,,Sin Semáforo
49069,OBSERVATORIO VIAL,2018-11-05,7:15:00,CORRIENTES,18,CAPITAL,21,CORRIENTES,Urbana,Avenida,AVENIDA FERRE,1700,ESPAÑA,,-2.747.631,-5.883.009,2,1,0,3,0,Colisión entre vehículos,Colisión entre vehículos,S/D,,"Alcance, Angulo",3,Recta,Intersección / cruce,,NO,,Asfalto,,Apto,Seca,,Ninguna,,,,Si,Si,S/D,Día,NO,Sin Restricción,Despejado,Buena,,Funciona
48869,OBSERVATORIO VIAL,2018-08-25,10:30:00,CORRIENTES,18,CAPITAL,21,CORRIENTES,Urbana,Calle,MENDOZA,600,25 DE mayo,,-2.746.437,-5.883.526,1,1,0,2,0,Colisión entre vehículos,Colisión entre vehículos,S/D,,Angulo,2,Recta,Intersección / cruce,,NO,,Asfalto,,Apto,Seca,,Ninguna,,,,No,Si,,Día,NO,,Despejado,Buena,,Sin Semáforo
49074,OBSERVATORIO VIAL,2018-11-07,9:15:00,CORRIENTES,18,CAPITAL,21,CORRIENTES,Urbana,Avenida,AVENIDA MAIPU,5300,,,-2.751.429,-5.880.672,3,1,0,3,0,Colisión entre vehículos,Colisión entre vehículos,S/D,,Frontal,3,Recta,Intersección / cruce,,NO,,Asfalto,,Apto,Seca,,Barrera de Hormigón,,,,S/D,S/D,S/D,Día,NO,Sin Restricción,Despejado,Buena,,Sin Semáforo
48891,OBSERVATORIO VIAL,2018-09-02,2:00:00,CORRIENTES,18,CAPITAL,21,CORRIENTES,Urbana,Calle,AV LIBERTAD,5350,UNNE,,-2.746.523,-5.878.393,1,1,0,2,0,Colisión entre vehículos,Colisión entre vehículos,S/D,,Angulo,2,Recta,Intersección / cruce,,NO,,Asfalto,,Apto,Mojada,,Cordón Divisorio,,,,Si,Si,No,Noche,SI,Sin Restricción,Lluvia,Lluvia,,Intermitente
48930,OBSERVATORIO VIAL,2018-09-17,8:40:00,CORRIENTES,18,CAPITAL,21,CORRIENTES,Urbana,Avenida,AV. ARMENIA,3400,AMEGHINO,,-2.746.740,-5.880.662,1,0,0,1,0,"Caída desde vehículo, Despiste",Despiste,Si,,,1,Recta,Intersección / cruce,,NO,,Asfalto,,Apto,Seca,,Ninguna,,,,S/D,S/D,S/D,,NO,Sin Restricción,Nublado,Lluvia,,Sin Semáforo
49110,OBSERVATORIO VIAL,2018-11-24,11:30:00,CORRIENTES,18,CAPITAL,21,CORRIENTES,Urbana,Avenida,A. RAUL ALFONSIN,4100,LOS TILOS,,-2.747.411,-5.880.133,1,1,0,2,0,Colisión entre vehículos,Colisión entre vehículos,S/D,,,2,Recta,,,NO,,Asfalto,,Apto,Seca,,Ninguna,,,,Si,S/D,S/D,Día,NO,Sin Restricción,Despejado,,,Sin Semáforo
49190,OBSERVATORIO VIAL,2018-12-25,8:32:00,CORRIENTES,18,CAPITAL,21,CORRIENTES,Urbana,Avenida,AV PAYSANDU,1300,COSQUIN,,-2.749.474,-5.882.483,0,2,0,2,0,Colisión entre vehículos,Colisión entre vehículos,S/D,,,2,Recta,Intersección / cruce,,NO,,Hormigón,,Apto,Seca,,Ninguna,,,,No,No,No,Día,NO,Sin Restricción,Despejado,Buena,,Sin Semáforo
49127,OBSERVATORIO VIAL,2018-12-02,0:30:00,CORRIENTES,18,CAPITAL,21,CORRIENTES,Urbana,Avenida,AV CAZADORES CORRENTINOS,3200,,,-2.751.558,-5.875.626,2,0,0,2,0,"Colisión entre vehículos, Vuelco (solo 1 participante)",Colisión entre vehículos,S/D,,Angulo,2,Recta,Intersección / cruce,,NO,,Asfalto,,Apto,Seca,,Ninguna,,,,S/D,S/D,S/D,Noche,SI,Sin Restricción,Despejado,Buena,,Sin Semáforo
49180,OBSERVATORIO VIAL,2018-12-21,0:35:00,CORRIENTES,18,CAPITAL,21,CORRIENTES,Urbana,Avenida,AV FERRE,2900,BOLIVIA BANDA CENTRAL SUR,,-2.747.853,-5.881.608,0,1,0,1,0,Caída desde vehículo,Caída desde vehículo,S/D,,,1,Recta,,RECTA,NO,,Hormigón,,Baches,Seca,,Cordón Divisorio,,,,Si,S/D,S/D,Noche,SI,Sin Restricción,Nublado,Buena,,Funciona
49155,OBSERVATORIO VIAL,2018-12-09,16:54:00,CORRIENTES,18,CAPITAL,21,CORRIENTES,Urbana,Avenida,AV 3 DE ABRIL,1100,SAN JUAN,,-2.747.577,-5.883.774,1,1,0,2,0,Colisión entre vehículos,Colisión entre vehículos,S/D,,Angulo,2,Recta,Intersección / cruce,,NO,,Hormigón,,Apto,"Despejada, Seca",,Ninguna,,,,Si,S/D,No,Día,NO,Sin Restricción,Despejado,Buena,,No Funciona
49137,OBSERVATORIO VIAL,2018-12-04,15:20:00,CORRIENTES,18,CAPITAL,21,CORRIENTES,Urbana,Avenida,AV FERRE,2200,ROCA,,-2.747.730,-5.882.368,3,0,0,3,0,Colisión entre vehículos,Colisión entre vehículos,S/D,,Alcance,3,Recta,Intersección / cruce,,,,Hormigón,,Apto,"Despejada, Seca",,,,,,Si,Si,No,Día,,,,,,Funciona
49022,OBSERVATORIO VIAL,2018-10-18,13:45:00,CORRIENTES,18,CAPITAL,21,CORRIENTES,Urbana,Avenida,AVENIDA MAIPU,2700,,,-2.749.891,-5.881.492,1,1,0,2,0,Colisión entre vehículos,Colisión entre vehículos,S/D,,Angulo,2,Recta,Intersección / cruce,,NO,,Asfalto,,Apto,Seca,,Cordón Divisorio,,,,Si,Si,No,Día,NO,Sin Restricción,Nublado,Buena,,Sin Semáforo
48955,OBSERVATORIO VIAL,2018-09-21,13:00:00,CORRIENTES,18,CAPITAL,21,CORRIENTES,Urbana,Avenida,AV ARTIGAS,1496,,,-2.747.597,-5.881.963,0,1,0,1,0,"Atropello a animal/es, Vuelco (solo 1 participante)",Atropello a animal/es,S/D,,,1,Recta,,RECTA,NO,,Asfalto,,Apto,Seca,,Ninguna,,,,No,Si,,Día,NO,Sin Restricción,Despejado,Buena,,Sin Semáforo
48843,OBSERVATORIO VIAL,2018-08-12,10:10:00,CORRIENTES,18,CAPITAL,21,CORRIENTES,Urbana,Avenida,AV FRONDIZI,5100,JULIO VERNE,,-2.750.765,-5.879.788,0,1,0,1,0,"Choque, Colisión entre vehículos",Colisión entre vehículos,S/D,,"Columna, Frontal",1,Recta,Intersección / cruce,,NO,,Asfalto,,Apto,Seca,,Cordón Divisorio,,,,No,S/D,S/D,Día,SI,Sin Restricción,Despejado,Buena,,Sin Semáforo
48833,OBSERVATORIO VIAL,2018-08-11,5:06:00,CORRIENTES,18,CAPITAL,21,CORRIENTES,Urbana,Avenida,AV 3 DE ABRIL,1601,GUTEMBERG,,-2.747.656,-5.883.149,1,0,0,1,0,"Choque, Colisión entre vehículos",Colisión entre vehículos,S/D,CON PANEL SOLAR,"Columna, Frontal",1,Curva,Intersección / cruce,,NO,,Asfalto,,Apto,Seca,,Ninguna,,,,Si,,,Amanecer,SI,Sin Restricción,Despejado,Buena,,Funciona
49126,OBSERVATORIO VIAL,2018-12-01,11:20:00,CORRIENTES,18,CAPITAL,21,CORRIENTES,Urbana,Avenida,AV MAIPU,3000,GENERAL PAZ,,-2.748.787,-5.882.301,1,1,0,2,0,Colisión entre vehículos,Colisión entre vehículos,S/D,,Alcance,2,Recta,Intersección / cruce,,NO,,Hormigón,,Apto,Seca,,Ninguna,,,,No,No,No,Día,NO,Sin Restricción,Despejado,Buena,,Funciona
49092,OBSERVATORIO,2018-11-16,7:00:00,CORRIENTES,18,CAPITAL,21,CORRIENTES,Urbana,Calle,LOS ANGELES,4500,,,-2.747.673,-5.879.658,1,1,0,2,0,Colisión entre vehículos,Colisión entre vehículos,S/D,,,2,Recta,,,NO,,Tierra,,Apto,Seca,,Ninguna,,,,No,No,No,Día,NO,Sin Restricción,,,,Sin Semáforo
48927,OBSERVATORIO VIAL,2018-09-12,17:00:00,CORRIENTES,18,CAPITAL,21,CORRIENTES,Urbana,Ruta Provincial,RUTA 5,6,,,-2.749.175,-5.874.707,1,0,1,2,0,Colisión entre vehículos,Colisión entre vehículos,S/D,,Frontal,2,Recta,,RUTA,NO,,Asfalto,,Apto,Seca,,Ninguna,,,,S/D,,,Día,NO,,Despejado,Buena,,Sin Semáforo
49081,OBSERVATORIO VIAL,2018-11-09,16:15:00,CORRIENTES,18,CAPITAL,21,CORRIENTES,Urbana,Avenida,AVENIDA INDEPENDENCIA,5100,GODOY CHUZ,,-2.748.377,-5.878.971,2,1,0,2,0,Colisión entre vehículos,Colisión entre vehículos,S/D,,Angulo,2,Recta,Intersección / cruce,,NO,,Hormigón,,Apto,Seca,,Cordón Divisorio,,,,No,No,No,Atardecer,NO,Sin Restricción,Despejado,Buena,,Funciona
49167,OBSERVATORIO VIAL,2018-12-14,8:00:00,CORRIENTES,18,CAPITAL,21,CORRIENTES,Urbana,Calle,CARTAGENA,4400,MEDRANO,,-2.749.634,-5.880.029,2,0,0,2,0,Colisión entre vehículos,Colisión entre vehículos,S/D,,Frontal,2,Curva,Intersección / cruce,,NO,,Hormigón,,Apto,"Despejada, Seca",,Ninguna,,,,Si,No,No,Día,NO,Sin Restricción,Despejado,Buena,,Sin Semáforo
49030,OBSERVATORIO VIAL,2018-10-20,21:30:00,CORRIENTES,18,CAPITAL,21,CORRIENTES,Urbana,Avenida,AVENIDA CENTENARIO,4200,,LAS PIEDRAS,-2.747.467,-5.879.949,2,0,0,2,0,Colisión entre vehículos,Colisión entre vehículos,S/D,,Rozamiento,2,Recta,,,NO,,Hormigón,,Apto,Seca,,Cordón Divisorio,,,,Si,,,Noche,SI,,Despejado,,,Sin Semáforo
49194,OBSERVATORIO VIAL,2018-12-27,10:45:00,CORRIENTES,18,CAPITAL,21,CORRIENTES,Urbana,Calle,BUENOS AIRES,1500,,,-2.747.423,-5.884.110,1,1,0,2,0,"Caída desde vehículo, Choque, Colisión entre vehículos",Colisión entre vehículos,S/D,,"En calzada, Rozamiento",2,Recta,,,NO,,Asfalto,,Apto,Seca,,Ninguna,,,,No,No,No,Día,NO,Sin Restricción,Despejado,,,Sin Semáforo
48808,OBSERVATORIO MUNICIPAL,2018-08-04,1:10:00,CORRIENTES,18,CAPITAL,21,CORRIENTES,Urbana,Avenida,FERRE,1700,,,-2.747.420,-5.882.720,0,1,0,1,0,"Despiste, Vuelco (solo 1 participante)",Vuelco (solo 1 participante),Si,,,1,Recta,,,NO,,,,Apto,Seca,,,,,,S/D,S/D,,Día,NO,,Despejado,Buena,,Sin Semáforo
49136,OBSERVATORIO VIAL,2018-12-04,7:00:00,CORRIENTES,18,CAPITAL,21,CORRIENTES,Urbana,Calle,SAN MARTIN,900,RIOJA,,-2.746.965,-5.883.830,2,0,0,2,0,Colisión entre vehículos,Colisión entre vehículos,S/D,,Angulo,2,Recta,Intersección / cruce,,NO,,Hormigón,,Apto,Seca,,Ninguna,,,,Si,Si,No,Día,NO,Sin Restricción,Despejado,Buena,,Funciona
49044,OBSERVATORIO VIAL,2018-10-27,16:30:00,CORRIENTES,18,CAPITAL,21,CORRIENTES,Urbana,Avenida,AV 3 DE ABRIL,1300,CORDOBA,,-2.747.570,-5.883.543,1,1,0,2,0,Colisión entre vehículos,Colisión entre vehículos,S/D,,,2,Recta,Intersección / cruce,,NO,,Asfalto,,Apto,"Despejada, Seca",,Cordón Divisorio,,,,Si,Si,No,,NO,,Despejado,Buena,,Funciona
49196,OBSERVATORIO VIAL,2018-12-29,11:45:00,CORRIENTES,18,CAPITAL,21,CORRIENTES,Urbana,Calle,SAN MARTIN,1700,ESPAÑA,SANTA FE,-2.747.052,-5.882.952,2,0,0,2,0,Colisión entre vehículos,Colisión entre vehículos,S/D,,Alcance,2,Recta,,SOBRE CALZZADA,NO,,Asfalto,,Apto,Seca,,Cordón Divisorio,,,,Si,Si,No,Día,NO,Sin Restricción,Despejado,Buena,,Sin Semáforo
49078,OBSERVATORIO VIAL,2018-11-08,7:45:00,CORRIENTES,18,CAPITAL,21,CORRIENTES,Urbana,Ruta Provincial,RUTA PROVINCIAL 5,2,PEREZ RUEDA,,-2.749.198,-5.874.681,0,4,0,2,0,Colisión entre vehículos,Colisión entre vehículos,S/D,,Alcance,2,Recta,,,NO,,Asfalto,,Apto,"Despejada, Seca",,Ninguna,,,,No,No,No,,NO,Sin Restricción,Despejado,Buena,,Sin Semáforo
48853,OBSERVATORIO VIAL,2018-08-20,12:30:00,CORRIENTES,18,CAPITAL,21,CORRIENTES,Urbana,Calle,ESPAÑA,1600,9 DE julio,,-2.746.696,-5.882.914,2,0,0,2,0,Colisión entre vehículos,Colisión entre vehículos,S/D,,Rozamiento,2,Recta,Intersección / cruce,,,,Hormigón,,Apto,Seca,,Ninguna,,,,Si,,,Día,NO,Sin Restricción,Nublado,Buena,,
48991,OBSERVATORIO VIAL,2018-10-03,10:00:00,CORRIENTES,18,CAPITAL,21,CORRIENTES,Urbana,Calle,MADARIAGA,2200,HEROES CIVILES,,-2.748.265,-5.883.994,1,1,0,2,0,Colisión entre vehículos,Colisión entre vehículos,S/D,,Rozamiento,2,Recta,Intersección / cruce,,NO,,Hormigón,,Apto,Seca,,Ninguna,,,,S/D,S/D,S/D,Día,NO,,Despejado,Buena,,Sin Semáforo
49130,OBSERVATORIO VIAL,2018-12-03,15:05:00,CORRIENTES,18,CAPITAL,21,CORRIENTES,Urbana,Avenida,AV CHACABUCO,1700,LA VALLE,,-2.747.933,-5.881.483,2,0,0,2,0,Colisión entre vehículos,Colisión entre vehículos,S/D,,Angulo,2,Recta,Intersección / cruce,,NO,,Hormigón,,Apto,Seca,,Cordón Divisorio,,,,Si,Si,No,Día,NO,,Despejado,Buena,,Funciona
48965,OBSERVATORIO VIAL,2018-09-26,10:10:00,CORRIENTES,18,CAPITAL,21,CORRIENTES,Urbana,Avenida,AVENIDA FEDERICO LAPRIDA,900,LAFERRERE,,-2.747.077,-5.878.767,2,0,0,2,0,Colisión entre vehículos,Colisión entre vehículos,S/D,,Angulo,2,Recta,Intersección / cruce,,NO,,Hormigón,,Apto,Seca,,Ninguna,,,,No,No,No,Día,NO,Sin Restricción,Despejado,Buena,,Sin Semáforo
49065,OBSERVATORIO VIAL,2018-11-03,7:15:00,CORRIENTES,18,CAPITAL,21,CORRIENTES,Urbana,Avenida,RUTA 12,6000,CENTENARIO,,-2.747.827,-5.878.312,0,2,0,2,0,Colisión entre vehículos,Colisión entre vehículos,S/D,,Angulo,2,Recta,Intersección / cruce,,NO,,Asfalto,,,Seca,,Ninguna,,,,S/D,S/D,S/D,Día,SI,,Despejado,,,Sin Semáforo
48881,OBSERVATORIO VIAL,2018-08-30,9:00:00,CORRIENTES,18,CAPITAL,21,CORRIENTES,Urbana,Avenida,AV.ARMENIA,4101,,,-2.746.885,-5.880.170,1,1,0,2,0,Colisión entre vehículos,Colisión entre vehículos,S/D,,,2,Recta,Intersección / cruce,,,,Asfalto,,Apto,Seca,,Ninguna,,,,No,No,S/D,Día,NO,,Despejado,Buena,,Sin Semáforo
48951,OBSERVATORIO VIAL,2018-09-20,13:30:00,CORRIENTES,18,CAPITAL,21,CORRIENTES,Urbana,Avenida,AV FERRE,1800,JUJUY,,-2.747.667,-5.882.878,2,0,0,2,0,Colisión entre vehículos,Colisión entre vehículos,S/D,,,2,Recta,Intersección / cruce,,NO,,Hormigón,,Apto,Seca,,Cordón Divisorio,,,,S/D,S/D,S/D,Día,NO,Sin Restricción,,,,Sin Semáforo
48834,OBSERVATORIO VIAL,2018-08-11,6:44:00,CORRIENTES,18,CAPITAL,21,CORRIENTES,Urbana,Avenida,AV CHACABUCO,2900,LAS HERAS,,-2.748.305,-5.881.555,2,0,0,2,0,"Choque, Colisión entre vehículos",Colisión entre vehículos,S/D,,"Alcance, En calzada",2,Recta,Intersección / cruce,,NO,,Asfalto,,Baches,Seca,,Ninguna,,,,S/D,S/D,S/D,Amanecer,NO,,Despejado,Buena,,Funciona
49111,OBSERVATORIO VIAL,2018-11-25,7:00:00,CORRIENTES,18,CAPITAL,21,CORRIENTES,Urbana,Calle,MENDOZA,1200,LAS HERAS,,-2.748.067,-5.883.716,2,0,0,2,0,Colisión entre vehículos,Colisión entre vehículos,S/D,,,2,Recta,Intersección / cruce,,NO,,Asfalto,,Apto,Seca,,Ninguna,,,,Si,,,Día,NO,Sin Restricción,Despejado,Buena,,Sin Semáforo
49050,OBSERVATORIO VIAL,2018-10-27,23:01:00,CORRIENTES,18,CAPITAL,21,CORRIENTES,Urbana,Avenida,AV. CHACABUCO,1100,,,-2.747.214,-5.881.302,2,0,0,2,0,"Colisión entre vehículos, Despiste",Colisión entre vehículos,Si,,Rozamiento,2,Recta,Intersección / cruce,,NO,,Asfalto,,Apto,Seca,,Ninguna,,,,S/D,Si,S/D,Noche,SI,,Despejado,Buena,,Sin Semáforo
49170,OBSERVATORIO VIAL,2018-12-14,11:00:00,CORRIENTES,18,CAPITAL,21,CORRIENTES,Urbana,Avenida,AV GOBERNADOR RUIZ,2800,MEXICO,,-2.746.776,-5.881.410,1,1,0,2,0,Colisión entre vehículos,Colisión entre vehículos,S/D,,Angulo,2,Recta,Intersección / cruce,,NO,,Asfalto,,Apto,"Despejada, Seca",,Ninguna,,,,S/D,S/D,S/D,Día,NO,Sin Restricción,Despejado,Buena,,Funciona
49117,OBSERVATORIO VIAL,2018-11-28,13:30:00,CORRIENTES,18,CAPITAL,21,CORRIENTES,Urbana,Avenida,AV. COSTANERA,1500,,,-2.746.860,-5.885.264,2,0,0,2,0,Colisión entre vehículos,Colisión entre vehículos,S/D,,Angulo,2,Recta,Intersección / cruce,,NO,,Hormigón,,Apto,Seca,,Ninguna,,,,Si,Si,Si,Día,NO,,Despejado,Buena,,Sin Semáforo
48846,OBSERVATORIO VIAL,2018-08-16,16:40:00,CORRIENTES,18,CAPITAL,21,CORRIENTES,Urbana,Calle,MEDRANO,4400,CARTAGENA,,-2.749.631,-5.880.040,1,1,0,2,0,Colisión entre vehículos,Colisión entre vehículos,S/D,,Rozamiento,2,Curva,Rotonda,,NO,,Asfalto,,,Seca,,Ninguna,,,,No,No,No,Día,NO,Sin Restricción,Despejado,Buena,,Sin Semáforo
49014,OBSERVATORIO VIAL,2018-10-14,20:50:00,CORRIENTES,18,CAPITAL,21,CORRIENTES,Urbana,Avenida,AVENIDA GOBERNADOR RUIZ,2300,COCOMAROLA,,-2.746.696,-5.881.824,2,0,0,2,0,Colisión entre vehículos,Colisión entre vehículos,S/D,,Rozamiento,2,Curva,Intersección / cruce,,NO,,Asfalto,,Apto,Seca,,,,,,Si,Si,No,Noche,SI,Sin Restricción,Despejado,Buena,,Funciona
49179,OBSERVATORIO VIAL,2018-12-20,12:10:00,CORRIENTES,18,CAPITAL,21,CORRIENTES,Urbana,Calle,SAN JUAN,1200,BOLIVAR,,-2.747.087,-5.883.708,3,0,0,3,0,Colisión entre vehículos,Colisión entre vehículos,S/D,,Alcance,3,Recta,Intersección / cruce,,NO,,Asfalto,,Apto,Seca,,Ninguna,,,,Si,No,No,Día,NO,Sin Restricción,Despejado,Buena,,Sin Semáforo
48995,OBSERVATORIO VIAL,2018-10-10,17:00:00,CORRIENTES,18,CAPITAL,21,CORRIENTES,Rural,Ruta Nacional,12,1030,,,-2.748.463,-5.878.147,0,2,0,2,0,"Caída desde vehículo, Colisión entre vehículos, Despiste",Colisión entre vehículos,Si,,Frontal,2,Curva,Intersección / cruce,,,,Asfalto,,Apto,,,Ninguna,,,,No,No,No,Día,,Sin Restricción,Despejado,Buena,,Sin Semáforo
49012,OBSERVATORIO VIAL,2018-10-13,23:20:00,CORRIENTES,18,CAPITAL,21,CORRIENTES,Urbana,Avenida,ARTIGAS,1700,,,-2.747.454,-5.881.919,1,1,0,2,0,Colisión entre vehículos,Colisión entre vehículos,S/D,,,2,Recta,,,NO,,Asfalto,,Apto,,,Ninguna,,,,No,No,,Noche,SI,Sin Restricción,Despejado,Buena,,Sin Semáforo
49042,OBSERVATORIO VIAL,2018-10-25,14:35:00,CORRIENTES,18,CAPITAL,21,CORRIENTES,Urbana,Avenida,AV CHACABUCO,1800,GRAL PAZ,,-2.748.062,-5.881.510,0,1,0,1,0,Caída desde vehículo,Caída desde vehículo,S/D,PARO CARDIO RESPIRATORIO,,1,Recta,Intersección / cruce,,NO,,Asfalto,,Apto,"Despejada, Seca",,Cordón Divisorio,,,,Si,No,,Día,NO,Sin Restricción,,,,Funciona
48989,OBSERVATORIO VIAL,2018-10-01,18:05:00,CORRIENTES,18,CAPITAL,21,CORRIENTES,Urbana,Avenida,AVENIDA MAIPU,800,MADARIAGA,,-2.748.625,-5.882.338,1,1,0,2,0,Colisión entre vehículos,Colisión entre vehículos,S/D,,Angulo,2,Recta,,,NO,,Hormigón,,Apto,Seca,,Barrera de Hormigón,,,,Si,Si,S/D,Atardecer,NO,Sin Restricción,Nublado,Buena,,Sin Semáforo
49084,OBSERVATORIO VIAL,2018-11-12,16:50:00,CORRIENTES,18,CAPITAL,21,CORRIENTES,Urbana,Calle,GUTEMBERG,1900,NECOCHEA,,-2.748.009,-5.883.184,2,0,0,2,0,Colisión entre vehículos,Colisión entre vehículos,S/D,,Angulo,2,Recta,Intersección / cruce,,NO,,Hormigón,,Apto,Seca,,Ninguna,,,,Si,No,No,Atardecer,NO,,Despejado,Buena,,Sin Semáforo
48937,OBSERVATORIO VIAL,2018-09-18,0:22:00,CORRIENTES,18,CAPITAL,21,CORRIENTES,Urbana,Calle,PARAGUAY,1900,HIPOLITO IRIGOYEN,,-2.746.969,-5.882.674,2,0,0,2,0,Colisión entre vehículos,Colisión entre vehículos,S/D,,Angulo,2,Recta,Intersección / cruce,,SI,,Asfalto,,Apto,Seca,,,,,,Si,,,Noche,SI,Sin Restricción,Despejado,Buena,,
49175,OBSERVATORIO VIAL,2018-12-18,12:40:00,CORRIENTES,18,CAPITAL,21,CORRIENTES,Urbana,Calle,MENDOZA,270,PLACIDO MARTINEZ,AV VERA,-2.746.205,-5.883.497,1,1,0,2,0,Colisión entre vehículos,Colisión entre vehículos,S/D,,Angulo,2,Recta,Intersección / cruce,,NO,,Hormigón,,Apto,Mojada,,Ninguna,,,,No,No,No,,NO,,Lluvia,Buena,,Sin Semáforo
49192,OBSERVATORIO VIAL,2018-12-27,7:30:00,CORRIENTES,18,CAPITAL,21,CORRIENTES,Urbana,Avenida,PEDRO FERRE,2600,SANTA ROSA,,-2.747.806,-5.881.986,1,1,0,2,0,Colisión entre vehículos,Colisión entre vehículos,S/D,,,2,Recta,Intersección / cruce,,NO,,Hormigón,,Apto,Seca,,Ninguna,,,,Si,Si,No,Día,NO,,Despejado,Buena,,Funciona
48934,OBSERVATORIO VIAL,2018-09-15,16:04:00,CORRIENTES,18,CAPITAL,21,CORRIENTES,Urbana,Avenida,AVENIDA ARTIGAS,1200,BOLIVAR,,-2.747.270,-5.881.889,0,1,0,1,0,Caída desde vehículo,Caída desde vehículo,S/D,,,1,Recta,Intersección / cruce,,NO,,Asfalto,,Apto,Seca,,,,,,,,,Día,NO,,Despejado,Buena,,
49027,OBSERVATORIO VIAL,2018-10-20,10:55:00,CORRIENTES,18,CAPITAL,21,CORRIENTES,Urbana,Avenida,AVENIDA FERRE,1800,,JUJUY,-2.747.675,-5.882.879,2,0,0,2,0,Colisión entre vehículos,Colisión entre vehículos,S/D,,Alcance,2,Recta,Intersección / cruce,,NO,,Hormigón,,Apto,Seca,,Cordón Divisorio,,,,Si,Si,S/D,Día,NO,Sin Restricción,Despejado,Buena,,Funciona
49033,OBSERVATORIO VIAL,2018-10-23,9:15:00,CORRIENTES,18,CAPITAL,21,CORRIENTES,Urbana,Calle,BOLIVAR,2500,ITUZAINGO,,,,2,0,0,2,0,Colisión entre vehículos,Colisión entre vehículos,S/D,,Angulo,2,Recta,Intersección / cruce,,NO,,Hormigón,,Apto,Mojada,,Ninguna,,,,No,No,No,Día,NO,Sin Restricción,Lluvia,Lluvia,,Sin Semáforo
49019,OBSERVATORIO VIAL,2018-10-17,10:45:00,CORRIENTES,18,CAPITAL,21,CORRIENTES,Urbana,Avenida,AVENIDA MAIPU,3900,,,-2.750.972,-5.881.007,1,1,0,2,0,Colisión entre vehículos,Colisión entre vehículos,S/D,,Alcance,2,Recta,Intersección / cruce,,NO,,Asfalto,,Apto,Seca,,Cordón Divisorio,,,,No,,,Día,NO,Sin Restricción,Despejado,Buena,,Sin Semáforo
48896,OBSERVATORIO VIAL,2018-08-31,14:45:00,CORRIENTES,18,CAPITAL,21,CORRIENTES,Urbana,Avenida,AVENIDA CHACABUCO,1500,LUIS BRAILLE,,-2.747.667,-5.881.419,1,1,0,2,0,Colisión entre vehículos,Colisión entre vehículos,S/D,,Frontal,2,Recta,Intersección / cruce,,NO,,Hormigón,,Apto,Mojada,,Barrera de Hormigón,,,,Si,Si,,Día,SI,Sin Restricción,Despejado,Buena,,Funciona
48967,OBSERVATORIO VIAL,2018-09-26,12:05:00,CORRIENTES,18,CAPITAL,21,CORRIENTES,Urbana,Avenida,AVENIDA MAIPU,700,AVENIDA LA PAZ,,-2.748.421,-5.882.496,1,1,0,2,0,Colisión entre vehículos,Colisión entre vehículos,S/D,,Angulo,2,Recta,Intersección / cruce,,NO,,Asfalto,,Apto,Seca,,Ninguna,,,,Si,Si,Si,Día,NO,Sin Restricción,Despejado,Buena,,Funciona
49171,OBSERVATORIO VIAL,2018-12-16,13:00:00,CORRIENTES,18,CAPITAL,21,CORRIENTES,Urbana,Avenida,AV LA PAZ,2400,,,-2.748.697,-5.882.548,2,0,0,2,0,Colisión entre vehículos,Colisión entre vehículos,S/D,,,2,Recta,,RECTA,NO,,Asfalto,,Apto,Seca,,Ninguna,,,,Si,No,No,Día,NO,Sin Restricción,Despejado,Buena,,Sin Semáforo
48900,OBSERVATORIO VIAL,2018-09-01,20:15:00,CORRIENTES,18,CAPITAL,21,CORRIENTES,Rural,Avenida,AVENIDA CENTENARIO,3458,,,-2.747.249,-5.880.767,0,2,0,1,1,Atropello a peatón/es,Atropello a peatón/es,S/D,,,2,Recta,,,NO,,Hormigón,,Apto,,,,,,,S/D,S/D,S/D,Noche,SI,Sin Restricción,Lluvia,Buena,,Sin Semáforo
49128,OBSERVATORIO VIAL,2018-12-02,8:30:00,CORRIENTES,18,CAPITAL,21,CORRIENTES,Urbana,Avenida,AV PAISANDU,3500,PASAJE CAÑADA GOMEZ,,-2.749.609,-5.882.507,1,0,0,1,0,"Choque, Colisión entre vehículos",Colisión entre vehículos,S/D,CHOQUE,Arbol,1,Recta,Intersección / cruce,,NO,,Asfalto,,Apto,Seca,,Cordón Divisorio,,,,No,No,No,Día,,Sin Restricción,Despejado,,,Sin Semáforo
49013,OBSERVATORIO VIAL,2018-10-14,11:50:00,CORRIENTES,18,CAPITAL,21,CORRIENTES,Urbana,Calle,BUENOS AIRES,1234,,,-2.747.096,-5.884.092,1,1,0,2,0,Colisión entre vehículos,Colisión entre vehículos,S/D,,Frontal,2,Recta,Intersección / cruce,,NO,,Hormigón,,Apto,Seca,,Cordón Divisorio,,,,Si,S/D,S/D,Día,NO,Sin Restricción,Nublado,Buena,,Sin Semáforo
49187,OBSERVATORIO VIAL,2018-12-23,10:15:00,CORRIENTES,18,CAPITAL,21,CORRIENTES,Urbana,Avenida,AV ALTAGRACIA,1300,LOS ANDES,,-2.750.888,-5.882.011,1,1,0,2,0,Colisión entre vehículos,Colisión entre vehículos,S/D,,Frontal,2,Recta,Intersección / cruce,,NO,,Asfalto,,,Seca,,Ninguna,,,,No,No,No,Día,NO,Sin Restricción,,Buena,,Sin Semáforo
48865,OBSERVATORIO VIAL,2018-08-23,13:45:00,CORRIENTES,18,CAPITAL,21,CORRIENTES,Urbana,Avenida,AV. CHACABUCO,1200,,,-2.747.337,-5.881.333,0,1,0,1,0,Caída desde vehículo,Caída desde vehículo,S/D,,,1,Recta,Intersección / cruce,,NO,,Asfalto,,Apto,Seca,,Barrera de Hormigón,,,,No,No,,Día,SI,Sin Restricción,,,,Sin Semáforo
49140,OBSERVATORIO VIAL,2018-12-06,11:50:00,CORRIENTES,18,CAPITAL,21,CORRIENTES,Urbana,Avenida,AV CHACABUCO,2000,GENERAL PAZ,,-2.748.096,-5.881.525,2,0,0,2,0,Colisión entre vehículos,Colisión entre vehículos,S/D,,,2,Recta,Intersección / cruce,,,,Asfalto,,Apto,Despejada,,Cordón Divisorio,,,,Si,Si,No,Día,NO,Sin Restricción,"Despejado, Viento",Buena,,Funciona
49134,OBSERVATORIO VIAL,2018-12-01,9:20:00,CORRIENTES,18,CAPITAL,21,CORRIENTES,Urbana,Avenida,AV ASUNCION,2547,,,-2.747.995,-5.882.509,2,0,0,2,0,Colisión entre vehículos,Colisión entre vehículos,S/D,,,2,Recta,Intersección / cruce,,NO,,Asfalto,,Apto,Seca,,Ninguna,,,,S/D,S/D,S/D,Día,NO,Sin Restricción,Despejado,Buena,,Sin Semáforo
48796,OBSERVATORIO VIAL,2018-08-14,7:30:00,CORRIENTES,18,CAPITAL,21,CORRIENTES,Urbana,Avenida,ESPAÑA,1300,MORENO,,-2.747.375,-5.882.980,0,2,0,2,0,"Choque, Colisión entre vehículos",Colisión entre vehículos,S/D,,"Alcance, En calzada",2,Recta,Intersección / cruce,,NO,,Asfalto,,Apto,"Despejada, Seca",,Ninguna,,,,Si,Si,,Día,SI,Sin Restricción,Despejado,Buena,,Funciona
48824,OBSERVATORIO VIAL,2018-08-13,18:30:00,CORRIENTES,18,CAPITAL,21,CORRIENTES,Urbana,Avenida,AVENIDA ARMENIA,3300,FELIX AZARE,,-2.746.721,-5.880.884,1,1,0,2,0,Colisión entre vehículos,Colisión entre vehículos,S/D,,Alcance,2,Recta,Intersección / cruce,,,,Asfalto,,Apto,Despejada,,Cordón Divisorio,,,,No,,,Atardecer,SI,Sin Restricción,Despejado,Buena,,Funciona
49034,OBSERVATORIO VIAL,2018-10-23,18:30:00,CORRIENTES,18,CAPITAL,21,CORRIENTES,Urbana,Calle,LAS HERAS,3600,TACUARI,,-2.748.431,-5.880.696,1,2,0,2,0,Colisión entre vehículos,Colisión entre vehículos,S/D,,Angulo,2,Recta,Intersección / cruce,,,,Hormigón,,Apto,Seca,,Ninguna,,,,No,No,No,Atardecer,NO,Sin Restricción,Nublado,Buena,,Sin Semáforo
49114,OBSERVATORIO VIAL,2018-11-27,11:00:00,CORRIENTES,18,CAPITAL,21,CORRIENTES,Urbana,Calle,BRASIL,1320,BELGRANO,,-2.747.331,-5.882.459,2,0,0,2,0,Colisión entre vehículos,Colisión entre vehículos,S/D,,Angulo,2,Recta,Intersección / cruce,,NO,,Asfalto,,Apto,"Despejada, Seca",,Ninguna,,,,S/D,S/D,S/D,Día,NO,Sin Restricción,,Buena,,Sin Semáforo
48918,OBSERVATORIO VIAL,2018-09-08,5:45:00,CORRIENTES,18,CAPITAL,21,CORRIENTES,Urbana,Calle,GOBERNADOR VELAZCO,1500,NECOCHEA,,-2.747.991,-5.883.301,1,1,0,2,0,Colisión entre vehículos,Colisión entre vehículos,S/D,,Angulo,2,Recta,Intersección / cruce,,NO,,Asfalto,,Apto,,,Ninguna,,,,Si,No,S/D,Noche,SI,Sin Restricción,Despejado,Buena,,Sin Semáforo
48933,OBSERVATORIO VIAL,2018-09-17,17:45:00,CORRIENTES,18,CAPITAL,21,CORRIENTES,Urbana,Calle,ASUNCION,2299,JOSE HERNANDEZ,,-2.749.231,-5.882.251,1,1,0,2,0,Colisión entre vehículos,Colisión entre vehículos,S/D,,Rozamiento,2,Recta,Intersección / cruce,,,,Hormigón,,Apto,"Despejada, Seca",,Cordón Divisorio,,,,No,No,No,Atardecer,NO,Sin Restricción,Despejado,Buena,,Sin Semáforo
49135,OBSERVATORIO VIAL,2018-12-02,9:05:00,CORRIENTES,18,CAPITAL,21,CORRIENTES,Urbana,Calle,SAN MARTIN,1500,SAN LORENZO,,-2.747.022,-5.883.204,2,0,0,2,0,Colisión entre vehículos,Colisión entre vehículos,S/D,,Rozamiento,2,Recta,Intersección / cruce,,NO,,Asfalto,,Apto,Seca,,Ninguna,,,,Si,Si,No,Día,NO,Sin Restricción,Despejado,Buena,,Funciona
48823,OBSERVATORIO VIAL.,2018-08-08,15:00:00,CORRIENTES,18,CAPITAL,21,CORRIENTES,Urbana,Avenida,9 DE julio,900,SALTA,RIOJA,-2.746.631,-5.883.859,2,0,0,2,0,,,S/D,,,2,Recta,Intersección / cruce,,SI,,Asfalto,,Apto,Seca,,,,,,Si,S/D,S/D,Día,NO,Sin Restricción,Despejado,Buena,,Sin Semáforo
49053,OBSERVATORIO VIAL.,2018-10-29,8:20:00,CORRIENTES,18,CAPITAL,21,CORRIENTES,Urbana,Avenida,AV. TRES D ABRIL,1300,,CORDOBA,-2.747.594,-5.883.536,1,1,0,2,0,Colisión entre vehículos,Colisión entre vehículos,S/D,,Angulo,2,Recta,Intersección / cruce,,,,Hormigón,,Apto,Seca,,Ninguna,,,,Si,Si,S/D,Día,NO,Sin Restricción,Despejado,Buena,,Funciona
49212,OBSERVATORIO VIAL,2018-01-11,0:30:00,CORRIENTES,18,CAPITAL,21,CORRIENTES,Urbana,Calle,MORENO,2398,VELEZ SARFIELD,,-2.747.481,-5.882.091,1,1,0,2,0,Colisión entre vehículos,Colisión entre vehículos,S/D,,Rozamiento,2,Recta,Intersección / cruce,,NO,,Hormigón,,Apto,Mojada,,,,,,No,No,,Noche,,,,,,Sin Semáforo
49091,OBERVATORIO VIAL,2018-11-15,19:10:00,CORRIENTES,18,CAPITAL,21,CORRIENTES,Urbana,Avenida,AV. TRES DE ABRIL,2057,,,-2.747.597,-5.883.524,2,0,0,2,0,Colisión entre vehículos,Colisión entre vehículos,S/D,,,2,Recta,Intersección / cruce,,NO,,Hormigón,,Apto,Seca,,Cordón Divisorio,,,,No,No,No,Atardecer,NO,Sin Restricción,Despejado,Buena,,Sin Semáforo
49054,OBSERVATORIO VIAL,2018-10-29,15:15:00,CORRIENTES,18,CAPITAL,21,CORRIENTES,Urbana,Avenida,MEDRANO,1700,,LAVALLE,-2.748.326,-5.879.862,1,1,0,2,0,Colisión entre vehículos,Colisión entre vehículos,S/D,,Angulo,2,Recta,Intersección / cruce,,NO,,Hormigón,,Apto,"Despejada, Seca",,Ninguna,,,,Si,No,No,Día,NO,Sin Restricción,Despejado,Buena,,Sin Semáforo
49168,OBSERVATORIO VIAL,2018-12-14,9:20:00,CORRIENTES,18,CAPITAL,21,CORRIENTES,Urbana,Calle,BOLIVAR,1200,MENDOZA,,-2.747.101,-5.883.596,1,1,0,2,0,Colisión entre vehículos,Colisión entre vehículos,S/D,,Angulo,2,Recta,Intersección / cruce,,NO,,Asfalto,,Apto,Seca,,Ninguna,,,,S/D,S/D,S/D,Día,NO,Sin Restricción,Despejado,Buena,,Sin Semáforo
49143,OBSERVATORIO VIAL,2018-12-07,6:10:00,CORRIENTES,18,CAPITAL,21,CORRIENTES,Urbana,Avenida,AV. INDEPENDENCIA,3700,TACUARI,,-2.747.960,-5.880.644,2,0,0,2,0,Colisión entre vehículos,Colisión entre vehículos,S/D,,Angulo,2,Recta,Intersección / cruce,,NO,,Hormigón,,Apto,Seca,,Cordón Divisorio,,,,Si,,,Día,NO,Sin Restricción,"Despejado, Viento",,,Funciona
49071,OBSERVATORIO VIAL,2018-11-06,14:40:00,CORRIENTES,18,CAPITAL,21,CORRIENTES,Urbana,Calle,ESTADOS UNIDOS,895,JUNIN,,-2.746.959,-5.881.335,2,0,0,2,0,Colisión entre vehículos,Colisión entre vehículos,S/D,,Angulo,2,Recta,Intersección / cruce,,NO,,,,Apto,,,,,,,No,No,No,Atardecer,NO,,Nublado,,,Sin Semáforo
48962,OBSERVATORIO VIAL,2018-09-25,13:50:00,CORRIENTES,18,CAPITAL,21,CORRIENTES,Urbana,Avenida,AV. TRES DE ABRIL,1500,SAN LORENZO,,-2.747.639,-5.883.254,1,1,0,2,0,"Choque, Colisión entre vehículos",Colisión entre vehículos,S/D,,"Alcance, Otro",2,Recta,,MITAD DE CUADRA,NO,,Hormigón,,Apto,Seca,,,,,,Si,Si,Si,Día,NO,Sin Restricción,Nublado,Buena,,Funciona
48914,OBSERVATORIO VIAL,2018-09-08,17:40:00,CORRIENTES,18,CAPITAL,21,CORRIENTES,Urbana,Calle,AVENIDA 3 DE ABRIL,900,SALTA,,-2.747.531,-5.883.968,2,0,0,2,0,Colisión entre vehículos,Colisión entre vehículos,S/D,,Angulo,2,Recta,Intersección / cruce,,NO,,Asfalto,,Apto,,,,,,,,,,,NO,,,Buena,,
48944,OBSERVATORIO VIAL,2018-09-19,9:00:00,CORRIENTES,18,CAPITAL,21,CORRIENTES,Urbana,Avenida,PEDRO FERRE,2601,,ARTIGAS,-2.747.784,-5.881.973,2,1,0,2,0,Colisión entre vehículos,Colisión entre vehículos,S/D,,Angulo,2,Recta,Intersección / cruce,,NO,,Hormigón,,Apto,Seca,,Cordón Divisorio,,,,Si,Si,No,Día,NO,Sin Restricción,,,,Funciona
48870,OBSERVATORIO VIAL,2018-08-26,6:36:00,CORRIENTES,18,CAPITAL,21,CORRIENTES,Urbana,Calle,LAMADRID,300,ELIAS ABAD,,-2.748.026,-5.884.904,1,3,0,2,0,Colisión entre vehículos,Colisión entre vehículos,S/D,,Rozamiento,2,Recta,Intersección / cruce,,NO,,Asfalto,,Apto,Seca,,Barrera de Hormigón,,,,,,,Amanecer,SI,Sin Restricción,Despejado,Buena,,
48852,OBSERVATORIO VIAL,2018-08-20,21:05:00,CORRIENTES,18,CAPITAL,21,CORRIENTES,Urbana,Avenida,AV SANTA ROSA,1800,ÑAEMBE,,-2.747.905,-5.881.992,2,0,0,2,0,Colisión entre vehículos,Colisión entre vehículos,S/D,,,2,Recta,Intersección / cruce,,NO,,Asfalto,,Apto,Seca,,Ninguna,,,,S/D,S/D,S/D,Noche,SI,Sin Restricción,Despejado,Buena,,Sin Semáforo
49083,OBSERVATORIO VIAL,2018-11-12,14:00:00,CORRIENTES,18,CAPITAL,21,CORRIENTES,Urbana,Avenida,AVENIDA J. R. FERNANDEZ,400,RIO TERCERO,,-2.746.457,-5.878.866,1,1,0,2,0,Colisión entre vehículos,Colisión entre vehículos,S/D,,Alcance,2,Recta,Intersección / cruce,,NO,,Hormigón,,Apto,"Despejada, Seca",,Cordón Divisorio,,,,Si,No,No,Día,NO,,Despejado,Buena,,Sin Semáforo
49122,OBSERVATORIO VIAL,2018-11-30,10:00:00,CORRIENTES,18,CAPITAL,21,CORRIENTES,Urbana,Calle,SAN JUAN,1000,HIRIGOYEN,,-2.746.864,-5.883.685,3,0,0,3,0,Colisión entre vehículos,Colisión entre vehículos,S/D,,Angulo,3,Recta,Intersección / cruce,,NO,,Asfalto,,Apto,,,Ninguna,,,,S/D,S/D,S/D,Día,NO,Sin Restricción,,,,Sin Semáforo
49025,OBSERVATORIO VIAL,2018-10-19,14:30:00,CORRIENTES,18,CAPITAL,21,CORRIENTES,Urbana,Calle,RENACIMIENTO,4600,,CUBA,-2.750.473,-5.879.428,1,1,0,2,0,Colisión entre vehículos,Colisión entre vehículos,S/D,,Angulo,2,Recta,Intersección / cruce,,NO,,Hormigón,,Apto,Seca,,Ninguna,,,,No,No,No,Día,NO,Sin Restricción,Nublado,Buena,,Sin Semáforo
49043,OBSERVATORIO VIAL,2018-10-26,9:00:00,CORRIENTES,18,CAPITAL,21,CORRIENTES,Urbana,Avenida,AV ARMENIA,5100,QUINQUELA MARTIN,,-2.746.710,-5.879.192,2,0,0,2,0,Colisión entre vehículos,Colisión entre vehículos,S/D,,Angulo,2,Recta,Intersección / cruce,,NO,,Hormigón,,Apto,"Despejada, Seca",,Cordón Divisorio,,,,S/D,S/D,S/D,Día,NO,Sin Restricción,,,,Sin Semáforo
48821,OBSERVATORIO VIAL,2018-08-07,20:30:00,CORRIENTES,18,CAPITAL,21,CORRIENTES,Urbana,Avenida,MAIPU,2430,,,-2.750.210,-5.881.267,0,2,0,2,0,Colisión entre vehículos,Colisión entre vehículos,S/D,,,2,Recta,,,NO,,,,Apto,Seca,,,,,,S/D,S/D,S/D,,NO,Sin Restricción,Despejado,Buena,,Sin Semáforo
48892,OBSERVATORIO VIAL,2018-08-30,18:30:00,CORRIENTES,18,CAPITAL,21,CORRIENTES,Rural,Ruta Nacional,12,1026,CAZADORES CTINOS.,MAIPU,-2.751.841,-5.876.784,1,2,0,3,0,"Choque, Colisión entre vehículos",Colisión entre vehículos,S/D,,"Alcance, En calzada, Multiple",3,Recta,Puente,,,,Asfalto,,Apto,Seca,,,,,,No,No,Si,Día,NO,Sin Restricción,Despejado,,,Sin Semáforo
48978,OBSERVATORIO VIAL,2018-09-29,9:20:00,CORRIENTES,18,CAPITAL,21,CORRIENTES,Urbana,Avenida,AVENIDA GOBERNADOR RUIZ,2465,VELES ZARSFIELD,COCOMAROLA,-2.746.670,-5.881.872,2,0,0,2,0,"Choque, Colisión entre vehículos",Colisión entre vehículos,S/D,,"Alcance, En calzada",2,Recta,Intersección / cruce,,,,Hormigón,,Apto,Seca,,Ninguna,,,,Si,,,Día,NO,Sin Restricción,Despejado,Buena,,
49098,OBSERVATORIO VIAL,2018-11-19,5:30:00,CORRIENTES,18,CAPITAL,21,CORRIENTES,Urbana,Avenida,AV LIBERTAD,5300,DARDO ROCHA,,-2.746.526,-5.878.399,1,2,1,2,0,"Colisión entre vehículos, Despiste",Colisión entre vehículos,Si,,Frontal,2,Recta,Intersección / cruce,,NO,,Asfalto,,Apto,Seca,,Cordón Divisorio,,,,Si,Si,No,Amanecer,SI,Sin Restricción,Despejado,Buena,,Funciona
49200,OBSERVATORIO VIAL,2018-12-30,19:30:00,CORRIENTES,18,CAPITAL,21,CORRIENTES,Urbana,Ruta Provincial,RUTA PROVINCIAL N°5,300,,,-2.748.463,-5.877.844,0,1,0,1,0,Caída desde vehículo,Caída desde vehículo,S/D,,,1,Recta,Intersección / cruce,,NO,,Asfalto,,Apto,Mojada,,,,,,No,No,No,Atardecer,NO,,Lluvia,Lluvia,,No Funciona
48832,OBSERVATORIO VIAL,2018-08-10,14:10:00,CORRIENTES,18,CAPITAL,21,CORRIENTES,Urbana,Avenida,AV ARMENIA,3900,20DE MAYO,,-2.746.818,-5.880.370,1,1,0,2,0,Colisión entre vehículos,Colisión entre vehículos,S/D,,Angulo,2,Recta,Intersección / cruce,,NO,,Asfalto,,Apto,Seca,,Cordón Divisorio,,,,Si,,,Día,NO,Sin Restricción,Despejado,Buena,,Funciona
48859,OBSERVATORIO VIAL,2018-08-21,14:20:00,CORRIENTES,18,CAPITAL,21,CORRIENTES,Rural,Calle,REPUBLICA DOMINICANA,3300,SUIZA,,-2.747.614,-5.881.065,1,1,0,2,0,"Choque, Colisión entre vehículos",Colisión entre vehículos,S/D,,"Alcantarilla, Rozamiento",2,Recta,Intersección / cruce,,NO,,Hormigón,,Apto,Seca,,Ninguna,,,,Si,,,Día,SI,Sin Restricción,Despejado,Buena,,Sin Semáforo
49159,OBSERVATORIO VIAL,2018-12-11,18:15:00,CORRIENTES,18,CAPITAL,21,CORRIENTES,Urbana,Avenida,AV RAUL ALFONSIN,3101,,,-2.748.754,-5.872.507,1,1,0,2,0,Colisión entre vehículos,Colisión entre vehículos,S/D,,Alcance,2,Recta,Intersección / cruce,,NO,,Asfalto,,,,,Ninguna,,,,No,No,No,Día,NO,Sin Restricción,Despejado,Buena,,Sin Semáforo
48945,OBSERVATORIO VIAL,2018-09-18,20:45:00,CORRIENTES,18,CAPITAL,21,CORRIENTES,Urbana,Avenida,AV. ARMENIA,4798,,ONTIVEROS,-2.746.695,-5.879.089,2,0,0,2,0,Colisión entre vehículos,Colisión entre vehículos,S/D,,Angulo,2,Recta,Intersección / cruce,,NO,,Asfalto,,Apto,Seca,,Cordón Divisorio,,,,Si,Si,S/D,Noche,NO,Sin Restricción,Despejado,Buena,,Sin Semáforo
48980,OBSERVATORIO VIAL,2018-09-30,1:03:00,CORRIENTES,18,CAPITAL,21,CORRIENTES,Urbana,Avenida,AVENIDA LIBERTAD,5600,LOS TULIPANES,,-2.746.382,-5.877.827,1,0,0,1,0,Caída desde vehículo,Caída desde vehículo,S/D,,,1,Recta,,,NO,,Asfalto,,Apto,Seca,,Ninguna,,,,S/D,S/D,S/D,Noche,SI,Sin Restricción,Despejado,Buena,,
49189,OBSERVATORIO VIAL,2018-12-24,11:50:00,CORRIENTES,18,CAPITAL,21,CORRIENTES,Urbana,Calle,SANTA FE,1340,BELGRANO,MORENO,-2.747.310,-5.883.106,1,2,0,2,0,Colisión entre vehículos,Colisión entre vehículos,S/D,,Rozamiento,2,Recta,,RECTA,NO,,Asfalto,,Apto,Seca,,Ninguna,,,,No,No,No,Día,NO,Sin Restricción,Despejado,Buena,,Sin Semáforo
49018,OBSERVATORIO VIAL,2018-10-17,8:30:00,CORRIENTES,18,CAPITAL,21,CORRIENTES,Urbana,Avenida,AVENIDA GOBERNADOR PUJOL,2300,,VELE SARSFIELD,-2.746.858,-5.882.017,1,1,0,2,0,Colisión entre vehículos,Colisión entre vehículos,S/D,,Angulo,2,Recta,,,NO,,Hormigón,,Apto,Mojada,,Cordón Divisorio,,,,No,No,No,Día,NO,Sin Restricción,Despejado,Buena,,Sin Semáforo
49131,OBSERVATORIO VIAL,2018-12-03,17:20:00,CORRIENTES,18,CAPITAL,21,CORRIENTES,Urbana,Calle,BOLIVAR,2000,BRASIL,,-2.747.214,-5.882.447,1,1,0,2,0,Colisión entre vehículos,Colisión entre vehículos,S/D,,Angulo,2,Recta,Intersección / cruce,,NO,,Hormigón,,Apto,"Despejada, Seca",,Ninguna,,,,No,No,No,Día,NO,Sin Restricción,Despejado,Buena,,Sin Semáforo
49165,OBSERVATORIO VIAL,2018-12-14,15:15:00,CORRIENTES,18,CAPITAL,21,CORRIENTES,Urbana,Avenida,AV PUJOL,1991,URUGUAY,,-2.746.443,-5.882.487,1,1,0,2,0,Colisión entre vehículos,Colisión entre vehículos,S/D,,Alcance,2,Recta,Intersección / cruce,,NO,,Hormigón,,Apto,"Despejada, Seca",,Cordón Divisorio,,,,No,No,No,Día,NO,Sin Restricción,Despejado,Buena,,Sin Semáforo
48850,OBSERVATORIO VIAL,2018-08-18,21:20:00,CORRIENTES,18,CAPITAL,21,CORRIENTES,Urbana,Avenida,AV MAIPU,5000,,,-2.751.229,-5.880.881,1,1,0,2,0,Colisión entre vehículos,Colisión entre vehículos,S/D,,,2,Recta,Intersección / cruce,,NO,,Asfalto,,,,,Ninguna,,,,S/D,S/D,S/D,Noche,SI,Sin Restricción,Despejado,Buena,,Sin Semáforo
49094,OBSERVATORIO VIAL,2018-11-17,8:30:00,CORRIENTES,18,CAPITAL,21,CORRIENTES,Urbana,Calle,CATAMARCA,1313,MORENO,BELGRANO,-2.747.296,-5.883.359,1,1,0,2,0,Colisión entre vehículos,Colisión entre vehículos,S/D,,Rozamiento,2,Recta,Intersección / cruce,,NO,,Asfalto,,Apto,Seca,,,,,,No,No,No,Día,SI,Sin Restricción,Despejado,Buena,,Sin Semáforo
48974,OBSERVATORIO VIAL,2018-09-27,16:40:00,CORRIENTES,18,CAPITAL,21,CORRIENTES,Urbana,Avenida,AVENIDA CAZADORES CORRENTINOS,3650,GUEMES,,-2.748.661,-5.880.823,1,1,0,2,0,Colisión entre vehículos,Colisión entre vehículos,S/D,,Angulo,2,Recta,Intersección / cruce,,NO,,,,Apto,Seca,,Cordón Divisorio,,,,Si,,,Día,NO,Sin Restricción,Despejado,Buena,,Sin Semáforo
48812,OBSERVATORIO VIAL,2018-08-04,11:25:00,CORRIENTES,18,CAPITAL,21,CORRIENTES,Urbana,Calle,AV. P. FERRE,1800,,,-2.747.665,-5.882.878,1,1,0,2,0,Colisión entre vehículos,Colisión entre vehículos,S/D,,Alcance,2,Recta,Intersección / cruce,,NO,,Hormigón,,Apto,Seca,,Cordón Divisorio,,,,S/D,S/D,S/D,Día,NO,Sin Restricción,Nublado,Niebla/Neblina,,Sin Semáforo
48956,OBSERVATORIO VIAL,2018-09-21,5:50:00,CORRIENTES,18,CAPITAL,21,CORRIENTES,Urbana,Avenida,AV FERRE,2600,AV ARTIGAS,,-2.747.788,-5.881.984,1,1,0,2,0,"Choque, Colisión entre vehículos",Colisión entre vehículos,S/D,,En calzada,2,Recta,Intersección / cruce,,NO,,Hormigón,,Apto,,,,,,,Si,Si,,Amanecer,SI,Sin Restricción,Despejado,Buena,,Funciona
48941,OBSERVATORIO VIAL,2018-09-17,12:35:00,CORRIENTES,18,CAPITAL,21,CORRIENTES,Urbana,Calle,MORENO,1500,SAN LORENZO,,-2.747.365,-5.883.241,4,0,0,2,0,Colisión entre vehículos,Colisión entre vehículos,S/D,,Alcance,2,Recta,Intersección / cruce,,NO,,Hormigón,,Apto,Seca,,Ninguna,,,,Si,,,Día,NO,,Despejado,Buena,,
48884,OBSERVATORIO VIAL,2018-08-30,11:45:00,CORRIENTES,18,CAPITAL,21,CORRIENTES,Urbana,Avenida,AV. MAIPU,1799,HIDALGO,,-2.748.139,-5.882.730,1,1,0,2,0,Colisión entre vehículos,Colisión entre vehículos,S/D,,,2,Recta,Intersección / cruce,,NO,,Asfalto,,Apto,Seca,,Cordón Divisorio,,,,No,No,No,Día,NO,,Despejado,,,Sin Semáforo
49082,OBSERVATORIO VIAL,2018-11-10,21:15:00,CORRIENTES,18,CAPITAL,21,CORRIENTES,Urbana,Avenida,AVENIDA PUJOL,2400,VELEZ SARSFIELD,,-2.746.847,-5.882.013,2,0,0,2,0,Colisión entre vehículos,Colisión entre vehículos,S/D,,Angulo,2,Recta,Intersección / cruce,,NO,,Hormigón,,Apto,Seca,,Ninguna,,,,S/D,S/D,S/D,Noche,SI,,Despejado,Buena,,Sin Semáforo
49087,OBSERVATORIO VIAL,2018-07-15,12:08:00,CORRIENTES,18,CAPITAL,21,CORRIENTES,Urbana,Calle,AV. CAZADORES CORRENTINOS,5500,,,-2.749.047,-5.878.217,1,1,0,1,1,"Atropello a peatón/es, Colisión entre vehículos",Colisión entre vehículos,S/D,,Angulo,2,Recta,Intersección / cruce,,NO,,Hormigón,,Apto,Seca,,Ninguna,,,,No,No,No,Día,,Sin Restricción,Despejado,Buena,,Sin Semáforo
49057,OBSERVATORIO VIAL,2018-10-30,18:15:00,CORRIENTES,18,CAPITAL,21,CORRIENTES,Urbana,Avenida,AV COSTANERA,500,SAN LUIS,,-2.746.213,-5.884.262,2,0,0,2,0,Colisión entre vehículos,Colisión entre vehículos,S/D,,,2,Recta,Intersección / cruce,,NO,,Hormigón,,Apto,,,Cordón Divisorio,,,,Si,Si,No,Atardecer,NO,Sin Restricción,Despejado,Buena,,Funciona
48882,OBSERVATORIO VAIL,2018-08-30,8:30:00,CORRIENTES,18,CAPITAL,21,CORRIENTES,Urbana,Avenida,AVENIDA INDEPENDENCIA,4200,MEDRANO,,-2.748.162,-5.879.838,1,1,0,2,0,Colisión entre vehículos,Colisión entre vehículos,S/D,,Angulo,2,Recta,Intersección / cruce,,NO,,Asfalto,,Apto,Seca,,Ninguna,,,,Si,,,Día,NO,Sin Restricción,Despejado,Buena,,Funciona
48854,OBSERVATORIO VIAL,2018-08-09,17:00:00,CORRIENTES,18,CAPITAL,21,CORRIENTES,Urbana,Ruta Provincial,5,1000,,,-2.748.407,-5.878.185,1,1,0,2,0,Colisión entre vehículos,Colisión entre vehículos,S/D,,Angulo,2,Recta,Intersección / cruce,,NO,,Asfalto,,Apto,Despejada,,Ninguna,,,,S/D,S/D,S/D,Día,NO,Sin Restricción,Despejado,Buena,,Sin Semáforo
48975,OBSERVATORIO VIAL,2018-09-29,6:20:00,CORRIENTES,18,CAPITAL,21,CORRIENTES,Urbana,Avenida,AVENIDA PEDRO FERRE,1900,PARAGUAY,,-2.747.686,-5.882.747,2,0,0,2,0,Colisión entre vehículos,Colisión entre vehículos,S/D,,Angulo,2,Recta,Intersección / cruce,,NO,,Hormigón,,Apto,Seca,,,,,,Si,Si,,Noche,NO,Sin Restricción,Despejado,Buena,,
49047,OBSERVATORIO VIAL,2018-10-27,12:45:00,CORRIENTES,18,CAPITAL,21,CORRIENTES,Urbana,Avenida,AV. ALATAGRACIA,3000,PAIZANDU,,-2.750.949,-5.882.638,1,1,0,1,0,"Caída desde vehículo, Vuelco (solo 1 participante)",Vuelco (solo 1 participante),S/D,,,1,Curva,,,NO,,Asfalto,,Apto,Seca,,Ninguna,,,,No,No,No,Día,NO,Sin Restricción,Despejado,Buena,,Sin Semáforo
48966,OBSERVATORIO VIAL,2018-09-26,11:30:00,CORRIENTES,18,CAPITAL,21,CORRIENTES,Urbana,Calle,SANTIAGO DEL ESTERO,2500,25 DE mayo,,-2.746.443,-5.881.799,2,0,0,2,0,Colisión entre vehículos,Colisión entre vehículos,S/D,,Angulo,2,Recta,Intersección / cruce,,NO,,Hormigón,,Apto,Seca,,Ninguna,,,,No,No,No,Día,NO,Sin Restricción,Despejado,Buena,,Sin Semáforo
49173,OBSERVATORIO VIAL,2018-12-17,7:30:00,CORRIENTES,18,CAPITAL,21,CORRIENTES,Urbana,Calle,CHUBUT,1250,2 DE abril,,-2.748.795,-5.883.724,2,0,0,2,0,Colisión entre vehículos,Colisión entre vehículos,S/D,,,2,Recta,Intersección / cruce,,NO,,Asfalto,,Apto,"Despejada, Seca",,Ninguna,,,,S/D,S/D,S/D,Día,NO,Sin Restricción,Despejado,Buena,,Sin Semáforo
48970,OBSERVATORIO VIAL,2018-09-27,7:00:00,CORRIENTES,18,CAPITAL,21,CORRIENTES,Rural,Ruta Nacional,12,1030,,,-2.748.117,-5.878.364,1,1,0,2,0,Colisión entre vehículos,Colisión entre vehículos,S/D,,Angulo,2,Recta,Intersección / cruce,,NO,,Asfalto,,Apto,Seca,,,,,,No,No,No,Día,NO,Sin Restricción,Despejado,Buena,,Sin Semáforo
48811,OBSERVATORIO VIAL,2018-08-04,11:00:00,CORRIENTES,18,CAPITAL,21,CORRIENTES,Urbana,Avenida,AV. PEDRO FERRE,1600,PARAGUAY,,-2.747.694,-5.882.747,2,0,0,2,0,Colisión entre vehículos,Colisión entre vehículos,S/D,,Frontal,2,Recta,Intersección / cruce,,,,Hormigón,,Apto,Seca,,Barrera de Hormigón,,,,S/D,S/D,S/D,Día,NO,Sin Restricción,Despejado,Buena,,Sin Semáforo
49060,OBSERVATORIO VIAL,2018-11-01,9:00:00,CORRIENTES,18,CAPITAL,21,CORRIENTES,Urbana,Calle,RIOJA,800,JULIO,,-2.746.636,-5.883.800,2,0,0,2,0,Colisión entre vehículos,Colisión entre vehículos,S/D,,,2,Recta,Intersección / cruce,,NO,,Hormigón,,Apto,Seca,,,,,,Si,Si,No,Día,NO,,Nublado,Buena,,Funciona
49185,OBSERVATORIO VIAL,2018-12-22,6:40:00,CORRIENTES,18,CAPITAL,21,CORRIENTES,Urbana,Avenida,AV. TRES DE ABRIL,1600,MISIONES,ENTRE RIOS,-2.747.472,-5.884.558,2,0,0,2,0,Colisión entre vehículos,Colisión entre vehículos,S/D,,Alcance,2,Recta,,,NO,,Hormigón,,Apto,Seca,,Ninguna,,,,Si,,,Día,SI,Sin Restricción,Despejado,Buena,,Sin Semáforo
49041,OBSERVATORIO VIAL,2018-10-25,13:45:00,CORRIENTES,18,CAPITAL,21,CORRIENTES,Urbana,Avenida,CARTAGENA,4000,,,-2.749.395,-5.880.508,1,1,0,2,0,Colisión entre vehículos,Colisión entre vehículos,S/D,,,2,Recta,Intersección / cruce,,NO,,Hormigón,,Apto,Seca,,Cordón Divisorio,,,,No,No,No,Día,NO,Sin Restricción,Despejado,Buena,,Sin Semáforo
49026,OBSERVATORIO VIAL,2018-10-19,17:20:00,CORRIENTES,18,CAPITAL,21,CORRIENTES,Urbana,Avenida,AVENIDA MAIPU,3256,,LORETO,-2.750.591,-5.881.104,1,1,0,2,0,Colisión entre vehículos,Colisión entre vehículos,S/D,,Alcance,2,Recta,Intersección / cruce,,NO,,Asfalto,,Apto,Seca,,Cordón Divisorio,,,,No,No,No,Atardecer,NO,Sin Restricción,Nublado,Buena,,Sin Semáforo
49002,OBSERVATORIO VIAL,2018-10-10,12:10:00,CORRIENTES,18,CAPITAL,21,CORRIENTES,Urbana,Avenida,AVENIDA EL MAESTRO,2100,COSQUIN,,-2.749.397,-5.883.010,1,1,0,2,0,Colisión entre vehículos,Colisión entre vehículos,S/D,,Alcance,2,Recta,,,NO,,Hormigón,,Apto,Seca,,,,,,Si,Si,,Día,NO,Sin Restricción,Despejado,Buena,,Funciona
49150,OBSERVATORIO VIAL,2018-12-08,17:40:00,CORRIENTES,18,CAPITAL,21,CORRIENTES,Urbana,Avenida,MAIPU,4000,,NICARAGUA,-2.749.890,-5.881.461,1,1,0,2,0,Colisión entre vehículos,Colisión entre vehículos,S/D,,Frontal,2,Recta,Intersección / cruce,,NO,,Asfalto,,,Seca,,,,,,Si,,,Día,NO,Sin Restricción,,Buena,,
48844,OBSERVATORIO VIAL,2018-08-13,1:50:00,CORRIENTES,18,CAPITAL,21,CORRIENTES,Urbana,Avenida,AV GENERAL SAN MARTIN,1300,PASAJE QUEVEDO,,-2.747.068,-5.885.424,1,0,1,2,0,"Choque, Colisión entre vehículos",Colisión entre vehículos,S/D,,"En banquina, Rozamiento",2,Curva,Intersección / cruce,,NO,,Asfalto,,Apto,Seca,,Ninguna,,,,S/D,S/D,S/D,Noche,SI,Sin Restricción,Despejado,Buena,,Sin Semáforo
49077,OBSERVATORIO VIAL,2018-11-07,18:43:00,CORRIENTES,18,CAPITAL,21,CORRIENTES,Urbana,Avenida,RIO CHICO,4800,VENECIA,,-2.746.072,-5.878.838,1,0,0,1,0,Vuelco (solo 1 participante),Vuelco (solo 1 participante),S/D,,,1,Recta,Intersección / cruce,,NO,,Hormigón,,Apto,Seca,,Cordón Divisorio,,,,No,No,No,Atardecer,NO,Sin Restricción,Despejado,Buena,,Sin Semáforo
49149,OBSERVATORIO VIAL,2018-12-19,17:50:00,CORRIENTES,18,CAPITAL,21,CORRIENTES,Urbana,Avenida,AVENIDA MAIPU,2700,,,-2.749.850,-5.881.464,0,2,0,2,0,"Caída desde vehículo, Colisión entre vehículos",Colisión entre vehículos,S/D,,Angulo,2,Recta,Intersección / cruce,,NO,,Hormigón,,Apto,Seca,,Ninguna,,,,Si,,,Día,NO,Sin Restricción,Despejado,Buena,,Sin Semáforo
49062,OBSERVATORIO VIAL,2018-11-02,12:50:00,CORRIENTES,18,CAPITAL,21,CORRIENTES,Urbana,Calle,MEDRANO,2800,RIO DE JANEIRO,,-2.749.314,-5.879.958,2,0,0,2,0,Colisión entre vehículos,Colisión entre vehículos,S/D,,Angulo,2,Recta,Intersección / cruce,,NO,,Asfalto,,Apto,Seca,,,,,,No,No,No,Día,NO,Sin Restricción,Despejado,Buena,,Sin Semáforo
49073,OBSERVATORIO VIAL,2018-11-07,9:00:00,CORRIENTES,18,CAPITAL,21,CORRIENTES,Urbana,Ruta Nacional,12,1029,,,,,1,3,0,2,0,Colisión entre vehículos,Colisión entre vehículos,S/D,,Angulo,2,Recta,Intersección / cruce,,NO,,Asfalto,,Apto,Seca,,Ninguna,,,,No,No,No,Día,NO,Sin Restricción,Despejado,Buena,,Sin Semáforo
48969,OBSERVATORIO VIAL,2018-09-25,20:15:00,CORRIENTES,18,CAPITAL,21,CORRIENTES,Urbana,Avenida,AVENIDA LIBERTAD,5800,LAS AZALEAS,,-2.746.310,-5.877.548,2,0,0,2,0,Colisión entre vehículos,Colisión entre vehículos,S/D,,Angulo,2,Recta,Intersección / cruce,,NO,,Hormigón,,Apto,,,Ninguna,,,,S/D,S/D,S/D,Día,NO,Sin Restricción,Despejado,Buena,,
49198,OBSERVATORIO VIAL,2018-12-30,6:23:00,CORRIENTES,18,CAPITAL,21,CORRIENTES,Urbana,Avenida,AV 3 DE ABRIL,200,DECENSO PUENTE GRAL BELGRANO,,-2.747.421,-5.884.947,1,0,0,1,0,"Choque, Colisión entre vehículos",Colisión entre vehículos,S/D,,Columna,1,Recta,Puente,DESCENSO,NO,,Asfalto,,Apto,Seca,,Ninguna,,,,Si,No,No,Día,,Siniestro Previo,Despejado,Buena,,Sin Semáforo
48924,OBSERVATORIO VIAL,2018-09-10,10:15:00,CORRIENTES,18,CAPITAL,21,CORRIENTES,Urbana,Avenida,AVENIDA ARMENIA,4400,EL URUNDAY,,-2.746.850,-5.879.693,1,2,0,3,0,Colisión entre vehículos,Colisión entre vehículos,S/D,,"Angulo, Rozamiento",3,Recta,Intersección / cruce,,NO,,Asfalto,,Apto,Seca,,Cordón Divisorio,PARTERRE,,,No,No,No,Día,,Sin Restricción,Despejado,Buena,,Sin Semáforo
48972,OBSERVATORIO VIAL,2018-09-26,12:05:00,CORRIENTES,18,CAPITAL,21,CORRIENTES,Urbana,Avenida,AVENIDA JUAN DE VERA,1000,SAN JUAN,,-2.746.177,-5.883.634,2,0,0,2,0,Colisión entre vehículos,Colisión entre vehículos,S/D,,Rozamiento,2,Recta,,MITAD DE CUADRA,NO,,Hormigón,,Apto,Seca,,Vegetación,,,,Si,,,Día,NO,,Despejado,,,
48817,OBSERVATORIO VIAL,2018-08-07,6:15:00,CORRIENTES,18,CAPITAL,21,CORRIENTES,Urbana,Calle,MENDOZA,1201,LAVALLE,,-2.747.714,-5.883.668,1,1,0,2,0,Colisión entre vehículos,Colisión entre vehículos,S/D,,,2,Recta,Intersección / cruce,,NO,,Asfalto,,Apto,Seca,,Cordón Divisorio,,,,Si,S/D,S/D,Amanecer,SI,Sin Restricción,Despejado,Buena,,Sin Semáforo
48888,OBSERVATORIO VIAL,2018-09-03,16:00:00,CORRIENTES,18,CAPITAL,21,CORRIENTES,Urbana,Avenida,AV PEDRO FERRE,2600,CHILE,AV. ARTIGAS,-2.747.803,-5.881.984,1,2,0,2,0,Colisión entre vehículos,Colisión entre vehículos,S/D,,Rozamiento,2,Recta,,AVENIDA,NO,,Asfalto,,Apto,Seca,,Cordón Divisorio,,,,Si,Si,No,Día,SI,Sin Restricción,Despejado,Buena,,Funciona
49068,OBSERVATORIO VIAL,2018-11-05,17:50:00,CORRIENTES,18,CAPITAL,21,CORRIENTES,Urbana,Avenida,AVENIDA CENTENARIO,4118,RESOAGLI,,-2.747.340,-5.880.346,0,2,0,2,0,Colisión entre vehículos,Colisión entre vehículos,S/D,,Angulo,2,Recta,Intersección / cruce,,NO,,Hormigón,,Apto,Seca,,Cordón Divisorio,,,,Si,S/D,S/D,Amanecer,NO,Sin Restricción,Despejado,Buena,,Sin Semáforo
48960,OBSERVATORIO VIAL,2018-09-24,23:50:00,CORRIENTES,18,CAPITAL,21,CORRIENTES,Urbana,Calle,MENDOZA,3200,MAGALLANES,,-2.749.259,-5.883.814,0,1,0,1,0,Atropello a animal/es,Atropello a animal/es,S/D,,,1,Recta,,,NO,,Asfalto,,Apto,Seca,,Ninguna,,,,No,No,No,Noche,SI,,Despejado,Buena,,Sin Semáforo
49058,OBSERVATORIO VIAL,2018-10-31,9:45:00,CORRIENTES,18,CAPITAL,21,CORRIENTES,Urbana,Avenida,AV JR FERNANDEZ,455,,,-2.746.597,-5.878.938,1,0,0,1,0,"Choque, Colisión entre vehículos, Despiste",Colisión entre vehículos,Si,,"Alcance, Arbol",1,Recta,,RECTA,NO,,Hormigón,,Apto,Mojada,,Vegetación,,,,S/D,S/D,S/D,Día,NO,Sin Restricción,Lluvia,Buena,,Sin Semáforo
49157,OBSERVATORIO VIAL,2018-12-11,15:10:00,CORRIENTES,18,CAPITAL,21,CORRIENTES,Urbana,Calle,CORDOBA,950,JUNIN,YRIGOYEN,-2.746.839,-5.883.445,2,0,0,2,0,Colisión entre vehículos,Colisión entre vehículos,S/D,,Alcance,2,Recta,,RECTA,NO,,Asfalto,,Apto,"Despejada, Seca",,Ninguna,,,,Si,,No,Día,SI,Sin Restricción,Despejado,Buena,,Funciona
49145,OBSERVATORIO VIAL CIUDAD DE CTES.,2018-12-07,9:05:00,CORRIENTES,18,CAPITAL,21,CORRIENTES,Urbana,Avenida,MAIPU,3000,HONDURAS,,-2.748.560,-5.882.398,1,1,0,2,0,Colisión entre vehículos,Colisión entre vehículos,S/D,,Rozamiento,2,Recta,Intersección / cruce,,NO,,Asfalto,,Apto,Seca,,Ninguna,,,,,,,Día,NO,Sin Restricción,Despejado,Buena,,Sin Semáforo
48802,OBSERVATORIO VIAL,2018-08-01,16:15:00,CORRIENTES,18,CAPITAL,21,CORRIENTES,Urbana,Avenida,MEDRANO,2000,LAS HERAS,,-2.748.543,-5.879.903,0,2,0,2,0,"Choque, Colisión entre vehículos",Colisión entre vehículos,S/D,,"Angulo, En calzada",2,Recta,Intersección / cruce,,NO,,Hormigón,,Apto,Seca,,Cordón Divisorio,,,,S/D,S/D,,Día,NO,Sin Restricción,Despejado,Buena,,Sin Semáforo
49035,OBSERVATORIO VIAL,2018-10-22,9:10:00,CORRIENTES,18,CAPITAL,21,CORRIENTES,Urbana,Calle,COMECHINGONES,3187,TUNUYAN,,-2.750.542,-5.882.076,1,0,0,1,0,"Choque, Colisión entre vehículos, Despiste",Colisión entre vehículos,Si,,"Angulo, Inmueble",1,Recta,Intersección / cruce,,NO,,Tierra,,Apto,Seca,,Vegetación,,,,S/D,No,No,Día,NO,Sin Restricción,Despejado,Buena,,Sin Semáforo
49182,OBSERVATORIO VIAL,2018-12-21,8:25:00,CORRIENTES,18,CAPITAL,21,CORRIENTES,Urbana,Avenida,AV ARTIGAS,1100,,,-2.747.163,-5.881.879,2,0,0,2,0,Colisión entre vehículos,Colisión entre vehículos,S/D,,Angulo,2,Recta,Intersección / cruce,,NO,,Asfalto,,Apto,Mojada,,Ninguna,,,,Si,No,No,Día,NO,Sin Restricción,Lluvia,Lluvia,,Sin Semáforo
49001,OBSERVATORIO VIAL,2018-10-09,11:00:00,CORRIENTES,18,CAPITAL,21,CORRIENTES,Urbana,Calle,MENDOZA,1200,BOLIVAR,,-2.747.096,-5.883.599,2,0,0,2,0,Colisión entre vehículos,Colisión entre vehículos,S/D,,Angulo,2,Recta,,,NO,,Hormigón,,Apto,Seca,,,,,,Si,Si,,Día,NO,Sin Restricción,Despejado,Buena,,Sin Semáforo
49096,OBSERVATORIO VIAL,2018-11-18,19:00:00,CORRIENTES,18,CAPITAL,21,CORRIENTES,Urbana,Calle,GUASTAVINO,520,PERUGORRIA,AV TTE IBAÑES,-2.748.390,-5.884.423,0,0,1,1,0,"Choque, Colisión entre vehículos, Despiste",Colisión entre vehículos,Si,,"Columna, Frontal",1,Recta,,RECTA,NO,,Asfalto,,Apto,Seca,,Ninguna,,,,No,No,No,Atardecer,NO,Sin Restricción,Despejado,Buena,,Sin Semáforo
48807,OBSERVATORIO VIAL,2018-08-03,18:05:00,CORRIENTES,18,CAPITAL,21,CORRIENTES,Urbana,Avenida,AV. MAIPU,2410,VALPARAIZO,,-2.749.727,-5.881.595,0,2,0,2,0,Colisión entre vehículos,Colisión entre vehículos,S/D,,,2,Recta,Intersección / cruce,,NO,,Asfalto,,Apto,,,,,,,S/D,S/D,S/D,Día,NO,Sin Restricción,Despejado,Buena,,Sin Semáforo
49100,OBSERVATORIO VIAL,2018-11-20,7:00:00,CORRIENTES,18,,,CORRIENTES,Urbana,Calle,Bolivar,2500,,ituzaingo,-2.747.262,-5.881.940,3,0,0,2,0,Colisión entre vehículos,Colisión entre vehículos,S/D,,,2,Recta,Intersección / cruce,,NO,,Asfalto,,Apto,Seca,,Ninguna,,,,S/D,S/D,,Día,NO,Sin Restricción,Despejado,Buena,,Sin Semáforo
48847,OBSERVATORIO VIAL,2018-08-16,12:15:00,CORRIENTES,18,CAPITAL,21,CORRIENTES,Urbana,Avenida,AV INDEPENDENCIA,3685,,,-2.747.926,-5.880.668,1,1,0,2,0,Colisión entre vehículos,Colisión entre vehículos,S/D,,Rozamiento,2,Recta,Intersección / cruce,,NO,,Asfalto,,Apto,Seca,,Cordón Divisorio,,,,Si,,,Día,NO,Sin Restricción,Despejado,Buena,,Funciona
48938,OBSERVATORIO VIAL,2018-09-18,9:00:00,CORRIENTES,18,CAPITAL,21,CORRIENTES,Urbana,Avenida,AVENIDA COSTANERA,300,PELLEGRINI,,-2.746.448,-5.884.637,1,1,0,2,0,Colisión entre vehículos,Colisión entre vehículos,S/D,,Angulo,2,Curva,Intersección / cruce,,NO,,Asfalto,,Apto,,,,,,,S/D,Si,S/D,Día,NO,Sin Restricción,Despejado,Buena,,Sin Semáforo
49011,OBSERVATORIO VIAL,2018-10-13,17:50:00,CORRIENTES,18,CAPITAL,21,CORRIENTES,Urbana,Avenida,ARTIGAS,1397,,,-2.747.510,-5.881.928,2,0,0,2,0,Colisión entre vehículos,Colisión entre vehículos,S/D,,,2,Recta,,,NO,,Asfalto,,Apto,Seca,,,,,,Si,Si,No,Atardecer,NO,Sin Restricción,Despejado,Buena,,Funciona
48986,OBSERVATORIO VIAL,2018-09-27,10:15:00,CORRIENTES,18,CAPITAL,21,CORRIENTES,Urbana,Calle,CORDOBA,870,,,-2.746.799,-5.883.449,2,0,0,2,0,Colisión entre vehículos,Colisión entre vehículos,S/D,,,2,Recta,,,NO,,Asfalto,,Apto,,,Ninguna,,,,Si,Si,,Día,NO,Sin Restricción,Despejado,Buena,,Funciona
49088,OBSERVATORIO VIAL,2018-11-15,12:08:00,CORRIENTES,18,CAPITAL,21,CORRIENTES,Urbana,Avenida,AV. JUAN DE PERON,5500,,,-2.749.007,-5.878.499,1,1,0,1,1,"Atropello a peatón/es, Colisión entre vehículos",Colisión entre vehículos,S/D,,,2,Recta,,,NO,,Hormigón,,Apto,Seca,,Ninguna,,,,No,No,No,Día,NO,Sin Restricción,Despejado,Buena,,Sin Semáforo
49104,OBSERVATORIO VIAL,2018-11-21,22:45:00,CORRIENTES,18,CAPITAL,21,CORRIENTES,Urbana,Avenida,AV. RAUL ALFONSIN,4000,,,-2.747.410,-5.880.145,1,1,0,2,0,Colisión entre vehículos,Colisión entre vehículos,S/D,,,2,Recta,Intersección / cruce,,NO,,Asfalto,,Apto,Seca,,Cordón Divisorio,,,,S/D,S/D,S/D,Noche,SI,Sin Restricción,,,,Sin Semáforo
48968,OBSERVATORIO VIAL,2018-09-26,12:38:00,CORRIENTES,18,CAPITAL,21,CORRIENTES,Urbana,Avenida,AVENIDA INDEPENDENCIA,3700,TACUARI,,-2.747.951,-5.880.636,1,1,0,2,0,Colisión entre vehículos,Colisión entre vehículos,S/D,,Alcance,2,Recta,Intersección / cruce,,NO,,Hormigón,,Apto,Seca,,Ninguna,,,,Si,Si,,Día,NO,Sin Restricción,Despejado,Buena,,Funciona
48877,OBSERVATORIO VIAL,2018-08-26,7:30:00,CORRIENTES,18,CAPITAL,21,CORRIENTES,Rural,Calle,RUTA 5,KILOMETRO 2,JOAQUIN ARQUERO,,-2.748.619,-5.876.973,0,2,0,2,0,"Choque, Colisión entre vehículos",Colisión entre vehículos,S/D,,"En calzada, Frontal",2,Recta,Intersección / cruce,,NO,,Asfalto,,Apto,Seca,,Ninguna,,,,S/D,S/D,S/D,Día,SI,Sin Restricción,Despejado,Buena,,Sin Semáforo
48840,OBSERVATORIO VIAL,2018-08-12,6:19:00,CORRIENTES,18,CAPITAL,21,CORRIENTES,Urbana,Ruta Nacional,12,1032,,,-2.746.867,-5.877.765,1,1,0,2,0,Colisión entre vehículos,Colisión entre vehículos,S/D,,,2,Recta,Intersección / cruce,,NO,,Asfalto,,Apto,Seca,,Ninguna,,,,Si,,,Amanecer,NO,Sin Restricción,Despejado,Buena,,No Funciona
49191,OBSERVATORIO VIAL,2018-12-26,9:30:00,CORRIENTES,18,CAPITAL,21,CORRIENTES,Urbana,Calle,SANTA ROSA,2599,GRAL. PAZ,,-2.748.009,-5.882.011,1,2,0,2,0,"Caída desde vehículo, Colisión entre vehículos",Colisión entre vehículos,S/D,,Angulo,2,Recta,Intersección / cruce,,,,Hormigón,,,,,Ninguna,,,,No,No,No,Día,NO,Sin Restricción,Despejado,Buena,,Sin Semáforo
48798,OBSERVATORIO VIAL,2018-08-01,10:40:00,CORRIENTES,18,CAPITAL,21,CORRIENTES,Urbana,Calle,CORDOBA,900,JULIO,,-2.746.674,-5.883.425,1,1,0,2,0,"Choque, Colisión entre vehículos",Colisión entre vehículos,S/D,,"Alcance, En calzada",2,Recta,Intersección / cruce,,NO,,Asfalto,,Apto,Seca,,Ninguna,,,,Si,,,Día,NO,Sin Restricción,Despejado,Buena,,Funciona
48856,OBSERVATORIO VIAL,2018-08-21,13:10:00,CORRIENTES,18,CAPITAL,21,CORRIENTES,Urbana,Calle,GENERAL PAZ,1000,RIOJA,,-2.747.803,-5.883.937,1,1,0,2,0,Colisión entre vehículos,Colisión entre vehículos,S/D,,Rozamiento,2,Recta,Intersección / cruce,,NO,,Asfalto,,Apto,Seca,,Ninguna,,,,Si,S/D,S/D,Día,NO,Sin Restricción,Despejado,Buena,,Sin Semáforo
48878,OBSERVATORIO VIAL,2018-07-06,13:40:00,CORRIENTES,18,CAPITAL,21,CORRIENTES,Urbana,Avenida,AV. ARMENIA,3400,,,-2.746.758,-5.880.606,3,0,0,3,0,Colisión entre vehículos,Colisión entre vehículos,S/D,,Alcance,3,Recta,Intersección / cruce,,,,Asfalto,,Apto,Seca,,,,,,S/D,S/D,S/D,Día,NO,Sin Restricción,Despejado,Buena,,Sin Semáforo
49107,OBSERVATORIO VIAL.,2018-11-22,12:50:00,CORRIENTES,18,CAPITAL,21,CORRIENTES,Urbana,Calle,ACONCAGUA,2750,,,-2.750.028,-5.881.977,1,1,0,1,1,"Atropello a peatón/es, Colisión entre vehículos",Colisión entre vehículos,S/D,,Angulo,2,Recta,,,NO,,Hormigón,,Apto,,,Ninguna,,,,Si,,,Día,NO,,Nublado,Buena,,Sin Semáforo
49183,OBSERVATORIO VIAL,2018-12-21,16:10:00,CORRIENTES,18,CAPITAL,21,CORRIENTES,Urbana,Ruta Provincial,RUTA PROVINCIAL N° 5,1034,,,-2.748.562,-5.877.192,1,1,0,2,0,Colisión entre vehículos,Colisión entre vehículos,S/D,,Frontal,2,Recta,Intersección / cruce,,NO,,Asfalto,,Apto,"Despejada, Seca",,Ninguna,,,,No,No,No,Atardecer,NO,Sin Restricción,Despejado,Buena,,Sin Semáforo
49067,OBSERVATORIO VIAL,2018-11-03,6:35:00,CORRIENTES,18,CAPITAL,21,CORRIENTES,Urbana,Avenida,RUTA NAC 12,6800,AVENIDA MAIPU,,-2.752.502,-5.876.510,1,0,0,1,0,Despiste,Despiste,Si,,,1,Curva,Intersección / cruce,,SI,,Asfalto,,Apto,Mojada,,Ninguna,,,,No,No,No,Día,NO,Sin Restricción,Lluvia,Lluvia,,Sin Semáforo
48928,OBSERVATORIO VIAL,2018-09-12,10:10:00,CORRIENTES,18,CAPITAL,21,CORRIENTES,Urbana,Calle,BOLIVAR,1700,ESPAÑA,,-2.747.161,-5.882.964,3,1,0,2,0,Colisión entre vehículos,Colisión entre vehículos,S/D,,Angulo,2,Recta,Intersección / cruce,,NO,,Asfalto,,Apto,Seca,,,,,,,,,Día,NO,Sin Restricción,Despejado,Buena,,
48830,OBSERVATORIO VIAL,2018-08-16,9:00:00,CORRIENTES,18,CAPITAL,21,CORRIENTES,Urbana,Avenida,AV. INDEPENDENCIA,3299,REPUBLICA DOMINICANA,,-2.747.882,-5.881.131,2,3,0,2,0,"Choque, Colisión entre vehículos",Colisión entre vehículos,S/D,,En calzada,2,Recta,Intersección / cruce,,NO,,Hormigón,,Apto,,,,,,,Si,,,Día,NO,Sin Restricción,Despejado,Buena,,No Funciona
49008,OBSERVATORIO VIAL,2018-10-11,11:30:00,CORRIENTES,18,CAPITAL,21,CORRIENTES,Urbana,Calle,25 DE mayo,500,MENDOZA,,-2.746.437,-5.883.527,3,0,0,3,0,Colisión entre vehículos,Colisión entre vehículos,S/D,,Alcance,3,Recta,Intersección / cruce,,NO,,Asfalto,,Apto,Seca,,Ninguna,,,,Si,S/D,S/D,Día,NO,Sin Restricción,Despejado,Buena,,Sin Semáforo
49163,OBSERVATORIO VIAL,2018-12-23,10:30:00,CORRIENTES,18,CAPITAL,21,CORRIENTES,Urbana,Calle,LAVALLE,2800,GOB MARTINEZ P.,,-2.747.881,-5.881.741,1,1,0,2,0,Colisión entre vehículos,Colisión entre vehículos,S/D,,Angulo,2,Recta,Intersección / cruce,,NO,,Hormigón,,Apto,Despejada,,Ninguna,,,,S/D,S/D,S/D,Día,NO,Sin Restricción,Despejado,Buena,,Sin Semáforo
49125,OBSERVATORIO VIAL,2018-12-01,10:12:00,CORRIENTES,18,CAPITAL,21,CORRIENTES,Urbana,Calle,ESTADOS UNIDOS,2900,VIRASORO,,-2.746.856,-5.881.325,1,0,1,2,0,Colisión entre vehículos,Colisión entre vehículos,S/D,,Frontal,2,Recta,Intersección / cruce,,NO,,Asfalto,,Apto,Despejada,,,,,,S/D,S/D,Si,Día,NO,Sin Restricción,Despejado,Buena,,Sin Semáforo
48851,OBSERVATORIO VIAL,2018-08-19,6:37:00,CORRIENTES,18,CAPITAL,21,CORRIENTES,Urbana,Avenida,AV PATAGONIA,1700,AV SARMIENTO,,-2.749.063,-5.883.113,2,0,0,2,0,Colisión entre vehículos,Colisión entre vehículos,S/D,,Rozamiento,2,Recta,Intersección / cruce,,NO,,Asfalto,,Apto,Seca,,Cordón Divisorio,,,,S/D,S/D,S/D,Amanecer,NO,Sin Restricción,Nublado,Buena,,Sin Semáforo
48858,OBSERVATORIO VIAL,2018-08-06,17:45:00,CORRIENTES,18,CAPITAL,21,CORRIENTES,Urbana,Calle,Belgrano,1900,Paraguay,,-2.747.302,-5.882.702,1,2,0,2,0,"Caída desde vehículo, Choque, Colisión entre vehículos",Colisión entre vehículos,S/D,,"Angulo, En calzada",2,Recta,Intersección / cruce,,NO,,Asfalto,,Apto,Despejada,,,,,,No,No,No,Día,NO,Sin Restricción,Despejado,Buena,,Sin Semáforo
48797,OBSERVATORIO VIAL,2018-08-01,7:50:00,CORRIENTES,18,CAPITAL,21,CORRIENTES,Urbana,Calle,RIVADAVIA,1600,ESPAÑA,,-2.747.501,-5.883.000,1,1,0,2,0,"Caída desde vehículo, Choque, Colisión entre vehículos",Colisión entre vehículos,S/D,,"Angulo, En calzada",2,Recta,Intersección / cruce,,NO,,Asfalto,,Apto,"Despejada, Seca",,Ninguna,,,,Si,S/D,No,Día,NO,Sin Restricción,Despejado,Buena,,Sin Semáforo
48810,OBSERVATORIO VIAL,2018-08-04,10:40:00,CORRIENTES,18,CAPITAL,21,CORRIENTES,Urbana,Avenida,JR.FERNANDEZ,100,,,-2.746.258,-5.878.738,1,1,0,2,0,Colisión entre vehículos,Colisión entre vehículos,S/D,,,2,Recta,Intersección / cruce,,NO,,Hormigón,,Apto,Seca,,Cordón Divisorio,,,,No,No,No,Día,NO,Sin Restricción,Despejado,Buena,,Sin Semáforo
49099,OBSERVATORIO VIAL,2018-11-19,7:15:00,CORRIENTES,18,CAPITAL,21,CORRIENTES,Urbana,Avenida,AV MAIPU,800,MADARIAGA,,-2.748.513,-5.882.427,1,1,0,1,1,"Atropello a peatón/es, Colisión entre vehículos",Colisión entre vehículos,S/D,,Angulo,2,Recta,Intersección / cruce,,NO,,Asfalto,,Apto,Seca,,Cordón Divisorio,,,,No,Si,No,Día,NO,Sin Restricción,Despejado,Buena,,Sin Semáforo
48848,OBSERVATORIO VIAL,2018-08-17,13:05:00,CORRIENTES,18,CAPITAL,21,CORRIENTES,Urbana,Calle,MEDRANO,2000,LAS HERAS,,-2.748.543,-5.879.904,2,0,0,2,0,Colisión entre vehículos,Colisión entre vehículos,S/D,,Angulo,2,Recta,Intersección / cruce,,NO,,Asfalto,,Apto,Seca,,Ninguna,,,,S/D,S/D,S/D,Día,NO,Sin Restricción,Despejado,Buena,,Sin Semáforo
48876,OBSERVATORIO VIAL,2018-08-26,22:40:00,CORRIENTES,18,CAPITAL,21,CORRIENTES,Urbana,Avenida,AVENIDA LA PAZ,2100,SANTA CRUZ,,-2.749.053,-5.882.595,0,2,0,2,0,Colisión entre vehículos,Colisión entre vehículos,S/D,,Alcance,2,Recta,Intersección / cruce,,NO,,Hormigón,,Apto,Seca,,Ninguna,,,,S/D,S/D,S/D,Noche,SI,Sin Restricción,Despejado,Buena,,
49124,OBSERVATORIO VIAL,2018-12-01,9:10:00,CORRIENTES,18,CAPITAL,21,CORRIENTES,Urbana,Avenida,AV CAZADORES CORRENTINO,3850,RESOAGLI,,-2.748.695,-5.880.535,0,3,0,1,1,Atropello a peatón/es,Atropello a peatón/es,S/D,,,2,Recta,Intersección / cruce,,NO,,Hormigón,,Apto,Seca,,Cordón Divisorio,,,,No,No,No,Día,NO,Sin Restricción,Despejado,Buena,,Sin Semáforo
49040,OBSERVATORIO VIAL,2018-10-25,9:30:00,CORRIENTES,18,CAPITAL,21,CORRIENTES,Urbana,Calle,RIVADAVIA,1700,ESPAÑA,,-2.747.500,-5.882.995,2,0,0,2,0,Colisión entre vehículos,Colisión entre vehículos,S/D,,Angulo,2,Recta,Intersección / cruce,,NO,,Asfalto,,Apto,Seca,,,,,,Si,Si,S/D,Día,NO,Sin Restricción,Despejado,Buena,,Sin Semáforo
48935,OBSERVATORIO VIAL,2018-09-13,19:30:00,CORRIENTES,18,CAPITAL,21,CORRIENTES,Urbana,Avenida,AVENIDA PUJOL,2200,AVENIDA GOBERNADOR RUIZ,,-2.746.672,-5.882.222,1,1,0,1,0,Caída desde vehículo,Caída desde vehículo,S/D,,,1,Curva,Distribuidor / Intercambiador,,NO,,Asfalto,,Apto,Seca,,Cordón Divisorio,,,,Si,No,Si,Noche,SI,Sin Restricción,Despejado,Buena,,Sin Semáforo
48863,OBSERVATORIO VIAL,2018-08-23,10:20:00,CORRIENTES,18,CAPITAL,21,CORRIENTES,Urbana,Calle,RUTA12 INGREZO AL PIRAYUII,1025,,,-2.750.066,-5.877.550,1,1,0,2,0,Colisión entre vehículos,Colisión entre vehículos,S/D,,Rozamiento,2,Recta,,,NO,,Tierra,,Apto,Seca,,Ninguna,,,,No,No,No,Día,NO,Sin Restricción,,,,Sin Semáforo
49045,OBSERVATORIO VIAL,2018-10-27,1:55:00,CORRIENTES,18,CAPITAL,21,CORRIENTES,Urbana,Avenida,MAIPU,3500,CARIBE,,-2.749.895,-5.881.488,1,1,0,2,0,Colisión entre vehículos,Colisión entre vehículos,S/D,,Frontal,2,Recta,Intersección / cruce,,,,Asfalto,,Apto,Despejada,,Ninguna,,,,Si,Si,No,Noche,SI,,Despejado,Buena,,Sin Semáforo
49133,OBSERVATORIO VIAL,2018-12-04,13:00:00,CORRIENTES,18,CAPITAL,21,CORRIENTES,Urbana,Calle,SAN MARTIN,100,PEDRO BORGATTI,,-2.746.876,-5.885.079,1,1,0,2,0,"Choque, Colisión entre vehículos",Colisión entre vehículos,S/D,,"Angulo, En calzada",2,Recta,Intersección / cruce,,NO,,Hormigón,,Apto,"Despejada, Seca",,Ninguna,,,,Si,S/D,S/D,Día,NO,Sin Restricción,Despejado,Buena,,Sin Semáforo
49147,OBSERVATORIO VIAL CIUDAD DE CORRIENTES,2018-12-07,12:05:00,CORRIENTES,18,CAPITAL,21,CORRIENTES,Urbana,Avenida,AV. MAIPU,6000,AV.PAYES,,-2.753.099,-5.879.125,1,1,0,2,0,Colisión entre vehículos,Colisión entre vehículos,S/D,,Angulo,2,Recta,Intersección / cruce,,NO,,Hormigón,,Apto,Seca,,Ninguna,,,,No,No,No,Día,NO,Sin Restricción,Despejado,Buena,,Sin Semáforo
49046,OBSERVATORIO VIAL,2018-10-27,9:42:00,CORRIENTES,18,CAPITAL,21,CORRIENTES,Urbana,Avenida,AV. COSTANERA,1049,SAN MARTIN,H. YRIGOYEN,-2.746.817,-5.885.229,1,1,0,2,0,"Choque, Colisión entre vehículos",Colisión entre vehículos,S/D,,"Alcance, En calzada",2,Curva,Intersección / cruce,,NO,,Asfalto,,Apto,Seca,,Ninguna,,,,No,No,No,Día,NO,Sin Restricción,Despejado,Buena,,Sin Semáforo
48825,OBSERVATORIO VIAL,2018-08-09,8:10:00,CORRIENTES,18,CAPITAL,21,CORRIENTES,Rural,Ruta Nacional,12,1028,,,-2.749.216,-5.877.896,1,1,0,2,0,Colisión entre vehículos,Colisión entre vehículos,S/D,,Alcance,2,Recta,Intersección / cruce,,NO,,Asfalto,,Apto,Seca,,,,,,S/D,S/D,,Día,NO,Sin Restricción,Nublado,Buena,,Sin Semáforo
48867,OBSERVATORIO VIAL,2018-08-25,7:30:00,CORRIENTES,18,CAPITAL,21,CORRIENTES,Rural,Ruta Provincial,RUTA 5,5600,CALLE CREMONTE,,-2.748.452,-5.877.937,0,2,0,1,0,"Caída desde vehículo, Despiste",Despiste,Si,,,1,Recta,Intersección / cruce,,NO,,Asfalto,,Apto,Seca,,Ninguna,,,,S/D,S/D,,Amanecer,SI,Sin Restricción,Despejado,Buena,,Sin Semáforo
48913,OBSERVATORIO VIAL,2018-09-07,20:15:00,CORRIENTES,18,CAPITAL,21,CORRIENTES,Urbana,Calle,JUJUY,1800,BELGRANO,,-2.747.287,-5.882.844,2,0,0,2,0,Colisión entre vehículos,Colisión entre vehículos,S/D,,Angulo,2,Recta,Intersección / cruce,,NO,,Asfalto,,Apto,Seca,,Ninguna,,,,Si,No,No,Noche,SI,Sin Restricción,Despejado,Buena,,Sin Semáforo
49152,OBSERVATORIO VIAL,2018-12-09,7:10:00,CORRIENTES,18,CAPITAL,21,CORRIENTES,Urbana,Calle,BENJAMIN DE LA VEGA,1700,GRAL PAZ,,-2.747.690,-5.884.722,1,1,0,2,0,Colisión entre vehículos,Colisión entre vehículos,S/D,,Frontal,2,Recta,,,NO,,Hormigón,,Apto,Seca,,Ninguna,,,,Si,S/D,S/D,Día,NO,Sin Restricción,Despejado,Buena,,Sin Semáforo
49178,OBSERVATORIO VIAL,2018-12-20,9:20:00,CORRIENTES,18,CAPITAL,21,CORRIENTES,Urbana,Calle,MENDOZA,1500,RIVADAVIA,,-2.747.443,-5.883.630,4,0,0,4,0,Colisión entre vehículos,Colisión entre vehículos,S/D,,Alcance,4,Recta,Intersección / cruce,,NO,,Asfalto,,Apto,Seca,,Ninguna,,,,Si,No,No,Día,NO,Sin Restricción,Despejado,Buena,,Sin Semáforo
48806,OBSERVATORIO VIAL,2018-08-03,8:50:00,CORRIENTES,18,CAPITAL,21,CORRIENTES,Urbana,Avenida,AV.INDEPENDENCIA,1600,AV. CHACABUCO,,-2.747.864,-5.881.473,0,2,0,2,0,Colisión entre vehículos,Colisión entre vehículos,S/D,,,2,Recta,Intersección / cruce,,NO,,Hormigón,,Apto,Seca,,Barrera de Hormigón,,,,Si,Si,Si,Día,NO,Obra en Construcción,Niebla / Neblina,Niebla/Neblina,,Funciona
48872,OBSERVATORIO VIAL,2018-08-26,7:10:00,CORRIENTES,18,CAPITAL,21,CORRIENTES,Urbana,Avenida,AV LIBERTAD,5000,J R FERNANDEZ,,-2.746.674,-5.878.999,1,1,0,2,0,Colisión entre vehículos,Colisión entre vehículos,S/D,,Frontal,2,Recta,Intersección / cruce,,NO,,Asfalto,,Apto,Seca,,Cordón Divisorio,,,,Si,,,Día,NO,Sin Restricción,Despejado,Buena,,Funciona
48950,OBSERVATORIO VIAL,2018-09-20,12:48:00,CORRIENTES,18,CAPITAL,21,CORRIENTES,Urbana,Avenida,AV 3 DE ABRIL,1600,SANTA FE,,-2.747.626,-5.883.138,2,0,0,2,0,Colisión entre vehículos,Colisión entre vehículos,S/D,,Alcance,2,Recta,Intersección / cruce,,NO,,Hormigón,,Apto,Seca,,Ninguna,,,,Si,Si,Si,Día,NO,Sin Restricción,Despejado,Buena,,Funciona
49162,OBSERVATORIO VIAL,2018-12-12,18:50:00,CORRIENTES,18,CAPITAL,21,CORRIENTES,Urbana,Calle,BOLIVAR,1400,CATAMARCA,,-2.747.121,-5.883.342,2,0,0,2,0,Colisión entre vehículos,Colisión entre vehículos,S/D,,Angulo,2,Recta,Intersección / cruce,,NO,,Asfalto,,Apto,"Despejada, Seca",,Ninguna,,,,Si,Si,No,Día,NO,Sin Restricción,Nublado,Buena,,Funciona
48813,OBSERVATORIO VIAL,2018-08-04,13:18:00,CORRIENTES,18,CAPITAL,21,CORRIENTES,Urbana,Avenida,YRIGOYEN,994,JUJUY,ESPAÑA,-2.746.939,-5.882.875,2,0,0,2,0,Colisión entre vehículos,Colisión entre vehículos,S/D,,Angulo,2,Recta,Intersección / cruce,,NO,,Asfalto,,Apto,Seca,,,,,,No,No,,Día,NO,Sin Restricción,Despejado,Buena,,Funciona
48906,OBSERVATORIO VIAL,2018-09-04,18:45:00,CORRIENTES,18,CAPITAL,21,CORRIENTES,Urbana,Calle,MADARIAGA,900,MISIONES,,-2.748.256,-5.884.087,1,1,0,2,0,Colisión entre vehículos,Colisión entre vehículos,S/D,,Angulo,2,Recta,Intersección / cruce,,NO,,Asfalto,,Apto,Seca,,Ninguna,,,,Si,Si,S/D,Atardecer,SI,Sin Restricción,Despejado,Buena,,Sin Semáforo
48943,OBSERVATORIO VIAL,2018-09-18,18:10:00,CORRIENTES,18,CAPITAL,21,CORRIENTES,Urbana,Avenida,SAN JUAN,1168,,,-2.747.222,-5.883.719,2,0,0,2,0,Colisión entre vehículos,Colisión entre vehículos,S/D,,,2,Recta,Intersección / cruce,,NO,,Asfalto,,Apto,Seca,,Ninguna,,,,Si,S/D,S/D,Día,NO,Sin Restricción,,,,Funciona
48983,OBSERVATORIO VIAL,2018-10-01,18:05:00,CORRIENTES,18,CAPITAL,21,CORRIENTES,Urbana,Avenida,AVENIDA MAIPU,800,MADARIAGA,,-2.748.513,-5.882.424,1,1,0,2,0,Colisión entre vehículos,Colisión entre vehículos,S/D,,Angulo,2,Recta,Intersección / cruce,,NO,,Hormigón,,Apto,Seca,,Barrera de Hormigón,,,,Si,Si,S/D,Atardecer,NO,,Nublado,,,Sin Semáforo
48816,OBSERVATORIO VIAL,2018-08-06,14:20:00,CORRIENTES,18,CAPITAL,21,CORRIENTES,Urbana,Avenida,AV. PEDROFERRE,2698,FERREIRA,,-2.747.812,-5.881.846,1,1,0,2,0,Colisión entre vehículos,Colisión entre vehículos,S/D,,,2,Recta,Intersección / cruce,,NO,,Asfalto,,Apto,Seca,,,,,,No,S/D,,Día,NO,Sin Restricción,Despejado,Buena,,Sin Semáforo
48959,OBSERVATORIO VIAL,2018-09-24,23:40:00,CORRIENTES,18,CAPITAL,21,CORRIENTES,Urbana,Avenida,AVENIDA MAIPU,1500,ASUNCION,,-2.749.126,-5.881.981,2,0,0,2,0,Colisión entre vehículos,Colisión entre vehículos,S/D,,Frontal,2,Recta,Intersección / cruce,,NO,,Asfalto,,Apto,Seca,,Ninguna,,,,Si,,,Noche,SI,Sin Restricción,Despejado,Buena,,Intermitente
49023,OBSERVATORIO VIAL,2018-10-18,14:10:00,CORRIENTES,18,CAPITAL,21,CORRIENTES,Urbana,Avenida,AVENIDA 3 DE ABRIL,1500,,JUJUY,-2.747.660,-5.882.878,1,1,0,2,0,Colisión entre vehículos,Colisión entre vehículos,S/D,,Alcance,2,Recta,Intersección / cruce,,NO,,Asfalto,,Apto,Seca,,Cordón Divisorio,,,,Si,Si,No,Día,NO,Sin Restricción,Despejado,Buena,,Funciona
48857,OBSERVATORIO VIAL,2018-08-06,20:30:00,CORRIENTES,18,CAPITAL,21,CORRIENTES,Urbana,Avenida,MEDRANO,1200,BELGRANO,,-2.747.820,-5.879.773,0,1,0,1,0,"Caída desde vehículo, Despiste",Despiste,Si,,,1,Recta,Intersección / cruce,,NO,,Hormigón,,Baches,Seca,,,,,,S/D,S/D,S/D,Día,NO,Sin Restricción,Despejado,Buena,,Sin Semáforo
48915,OBSERVATORIO VIAL,2018-09-11,16:00:00,CORRIENTES,18,CAPITAL,21,CORRIENTES,Urbana,Calle,SAN JUAN,1100,AVENIDA ITALIA,,-2.746.209,-5.883.638,2,0,0,2,0,Colisión entre vehículos,Colisión entre vehículos,S/D,,Angulo,2,Recta,Intersección / cruce,,NO,,Asfalto,,Apto,Seca,,Ninguna,,,,No,Si,No,Día,NO,Sin Restricción,Despejado,Buena,,Sin Semáforo
49101,OBSERVATORIO VIAL,2018-11-21,7:20:00,CORRIENTES,18,CAPITAL,21,CORRIENTES,Urbana,Avenida,AV. ARMENIA,2971,AV. CHACABUCO,,-2.746.743,-5.881.201,1,1,0,2,0,Colisión entre vehículos,Colisión entre vehículos,S/D,,Alcance,2,Recta,Intersección / cruce,,NO,,Hormigón,,Apto,Seca,,Ninguna,,,,Si,Si,,Día,NO,Sin Restricción,Despejado,Buena,,Funciona
49029,OBSERVATORIO VIAL,2018-10-21,12:15:00,CORRIENTES,18,CAPITAL,21,CORRIENTES,Urbana,Calle,MEDRANO,4100,,,-2.749.470,-5.879.986,3,1,0,2,0,Colisión entre vehículos,Colisión entre vehículos,S/D,,Rozamiento,2,Recta,Intersección / cruce,,NO,,Asfalto,,Apto,Seca,,Barrera de Hormigón,,,,S/D,No,,Día,NO,Sin Restricción,Despejado,Buena,,Sin Semáforo
49181,OBSERVATORIO VIAL,2018-12-21,9:37:00,CORRIENTES,18,CAPITAL,21,CORRIENTES,Urbana,Ruta Provincial,RUTA PROVINCIAL N°5,1040,B° SANTA RITA,,-2.748.616,-5.876.963,1,1,0,2,0,Colisión entre vehículos,Colisión entre vehículos,S/D,,,2,Recta,Intersección / cruce,,NO,,Asfalto,,Apto,Seca,,,,,,No,No,No,Día,NO,Sin Restricción,Nublado,Buena,,Sin Semáforo
48799,OBSERVATORIO VIAL,2018-08-01,12:30:00,CORRIENTES,18,CAPITAL,21,CORRIENTES,Urbana,Avenida,TENIENTE IBAÑEZ,2500,GUASTAVINO,,-2.748.462,-5.884.431,0,2,0,2,0,"Caída desde vehículo, Choque, Colisión entre vehículos",Colisión entre vehículos,S/D,,"En calzada, Frontal",2,Recta,Intersección / cruce,,NO,,Hormigón,,Apto,"Despejada, Seca",,Cordón Divisorio,,,,S/D,S/D,,Día,NO,Sin Restricción,Despejado,Buena,,Sin Semáforo
48921,OBSERVATORIO VIAL,2018-09-09,22:15:00,CORRIENTES,18,CAPITAL,21,CORRIENTES,Urbana,Calle,MENDOZA,1200,AVENIDA TENIENTE IBAÑEZ,,-2.748.528,-5.883.780,1,1,0,2,0,Colisión entre vehículos,Colisión entre vehículos,S/D,,Rozamiento,2,Recta,Intersección / cruce,,NO,,Hormigón,,Apto,Seca,,,,,,Si,No,S/D,Noche,SI,Sin Restricción,Despejado,Buena,,Sin Semáforo
48855,OBSERVATORIO VIAL,2018-08-21,7:35:00,CORRIENTES,18,CAPITAL,21,CORRIENTES,Urbana,Avenida,AV SANTA ROSA,1700,LAVALLE,,-2.747.854,-5.881.984,2,0,0,2,0,Colisión entre vehículos,Colisión entre vehículos,S/D,,Angulo,2,Recta,Intersección / cruce,,NO,,Asfalto,,,,,Ninguna,,,,S/D,S/D,S/D,Día,NO,Sin Restricción,Despejado,Buena,,Sin Semáforo
48890,OBSERVATORIO VIAL,2018-09-03,13:00:00,CORRIENTES,18,CAPITAL,21,CORRIENTES,Urbana,Calle,AV TENIENTE IBAÑEZ,1299,LISANDRO SEGOVIA,,-2.748.558,-5.883.642,2,1,0,2,0,"Caída desde vehículo, Colisión entre vehículos",Colisión entre vehículos,S/D,,Angulo,2,Recta,Intersección / cruce,,NO,,Asfalto,,Apto,"Despejada, Seca",,Cordón Divisorio,,,,No,No,No,Día,NO,Sin Restricción,Nublado,Buena,,Sin Semáforo
48977,OBSERVATORIO VIAL,2018-09-29,21:00:00,CORRIENTES,18,CAPITAL,21,CORRIENTES,Urbana,Calle,CESAR ALVAREZ,1700,MIRTA BLANCO,,-2.748.934,-5.877.114,2,0,0,2,0,Colisión entre vehículos,Colisión entre vehículos,S/D,,Frontal,2,Recta,Intersección / cruce,,NO,,Asfalto,,Apto,Seca,,,,,,No,No,No,Noche,SI,Sin Restricción,Despejado,Buena,,Sin Semáforo
49036,OBSERVATORIO VIAL,2018-10-26,12:40:00,CORRIENTES,18,CAPITAL,21,CORRIENTES,Urbana,Avenida,AVENIDA LAPRIDA,1092,LA FERRERE,,-2.747.081,-5.878.771,1,2,0,2,0,Colisión entre vehículos,Colisión entre vehículos,S/D,,Angulo,2,Recta,Intersección / cruce,,NO,,Asfalto,,Apto,Mojada,,Cordón Divisorio,,,,No,No,No,Día,NO,Sin Restricción,Nublado,Buena,,Sin Semáforo
49148,OBSERVATORIO VIAL,2018-12-07,13:35:00,CORRIENTES,18,CAPITAL,21,CORRIENTES,Urbana,Calle,ELIAS ABAD,300,LAMADRID,,,,1,1,0,2,0,Colisión entre vehículos,Colisión entre vehículos,S/D,,Angulo,2,Recta,Intersección / cruce,,NO,,Hormigón,,Apto,Seca,,Ninguna,,,,No,No,No,Día,NO,Sin Restricción,Despejado,Buena,,Sin Semáforo
48820,Observatorio Vial,2018-08-07,19:30:00,CORRIENTES,18,CAPITAL,21,CORRIENTES,Urbana,Avenida,Av Presidente Juan D Perón,2100,Sanchez de Bustamante,,-2.748.931,-5.878.973,1,1,0,2,0,Colisión entre vehículos,Colisión entre vehículos,S/D,,Rozamiento,2,Recta,Intersección / cruce,,,,Asfalto,,Apto,Despejada,,,,,,S/D,S/D,S/D,Noche,SI,,Despejado,,,Intermitente
48973,OBSERVATORIO VIAL,2018-09-26,16:30:00,CORRIENTES,18,CAPITAL,21,CORRIENTES,Urbana,Calle,LAMADRID,300,ELIAS ABAD,,-2.748.025,-5.884.900,4,0,0,2,0,Colisión entre vehículos,Colisión entre vehículos,S/D,,Angulo,2,Recta,Intersección / cruce,,NO,,Hormigón,,Apto,Seca,,Ninguna,,,,S/D,S/D,S/D,Día,NO,Sin Restricción,Despejado,Buena,,Sin Semáforo
49020,OBSERVATORIO VIAL,2018-10-18,0:06:00,CORRIENTES,18,CAPITAL,21,CORRIENTES,Urbana,Calle,LISANDRO SEGOVIA,2300,PERUGORRIA,,-2.748.428,-5.883.634,1,1,0,2,0,Colisión entre vehículos,Colisión entre vehículos,S/D,,Rozamiento,2,Recta,Fuera de calzada,,NO,,Hormigón,,Apto,Seca,,Ninguna,,,,S/D,S/D,S/D,Noche,SI,,Despejado,Buena,,Sin Semáforo
49166,OBSERVATORIO VIAL,2018-12-14,7:30:00,CORRIENTES,18,CAPITAL,21,CORRIENTES,Urbana,Avenida,AV PAISANDU,5900,AV IBERA,,-2.749.935,-5.882.565,2,0,0,2,0,Colisión entre vehículos,Colisión entre vehículos,S/D,,Angulo,2,Recta,Intersección / cruce,,NO,,Hormigón,,Apto,"Despejada, Seca",,Ninguna,,,,Si,Si,No,Día,,Sin Restricción,Despejado,Buena,,Funciona
49195,OBSERVATORIO VIAL,2018-12-29,10:50:00,CORRIENTES,18,CAPITAL,21,CORRIENTES,Urbana,Avenida,MAIPU,4000,ACONCAGUA,,-2.749.826,-5.881.522,1,1,0,1,1,"Caída desde vehículo, Colisión entre vehículos",Colisión entre vehículos,S/D,,,2,Recta,Intersección / cruce,,NO,,Asfalto,,Apto,Seca,,Cordón Divisorio,,,,Si,Si,No,Día,,Sin Restricción,,Buena,,Funciona
49097,OBSERVATORIO VIAL,2018-11-18,23:30:00,CORRIENTES,18,CAPITAL,21,CORRIENTES,Urbana,Avenida,AV ARMENIA,4700,,,-2.746.766,-5.879.369,1,1,0,2,0,Colisión entre vehículos,Colisión entre vehículos,S/D,,Alcance,2,Recta,,RECTA,NO,,Asfalto,,Apto,Seca,,Cordón Divisorio,,,,No,No,No,Noche,SI,Sin Restricción,Despejado,Buena,,Sin Semáforo
48866,OBSERVATORIO VIAL,2018-08-25,5:10:00,CORRIENTES,18,CAPITAL,21,CORRIENTES,Urbana,Avenida,AVENIDA INDEPENDENCIA,5200,SANTA MARIA DE ORO,,-2.748.381,-5.878.834,0,1,0,1,0,Despiste,Despiste,Si,,,1,Curva,Intersección / cruce,,NO,,Asfalto,,Apto,Mojada,,Cordón Divisorio,,,,S/D,S/D,S/D,Amanecer,NO,Sin Restricción,Despejado,Buena,,Sin Semáforo
48958,OBSERVATORIO VIAL,2018-09-24,11:20:00,CORRIENTES,18,CAPITAL,21,CORRIENTES,Urbana,Avenida,AVENIDA TENIENTE IBAÑEZ,1300,CORDOBA,,-2.748.547,-5.883.642,2,0,0,2,0,Colisión entre vehículos,Colisión entre vehículos,S/D,,Angulo,2,Recta,,,NO,,Asfalto,,Apto,,,,,,,No,S/D,S/D,Día,NO,,Nublado,Buena,,Sin Semáforo
48826,OBSERVATORIO VIAL,2018-08-15,8:12:00,CORRIENTES,18,CAPITAL,21,CORRIENTES,Urbana,Avenida,AV. Raul Alfonsin,3600,Pomar,,-2.747.271,-5.880.624,2,1,0,3,0,Colisión entre vehículos,Colisión entre vehículos,S/D,,Alcance,3,Recta,Intersección / cruce,,NO,,Asfalto,,Apto,,,Ninguna,,,,Si,,,Día,NO,Sin Restricción,Despejado,Buena,,Funciona
49010,OBSERVATORIO VIAL,2018-10-12,11:25:00,CORRIENTES,18,CAPITAL,21,CORRIENTES,Urbana,Calle,BOLIVAR,2000,URUGUAY,,-2.747.190,-5.882.539,1,1,0,2,0,Colisión entre vehículos,Colisión entre vehículos,S/D,,Angulo,2,Recta,Intersección / cruce,,NO,,Hormigón,,Apto,,,Ninguna,,,,S/D,Si,S/D,Día,NO,Sin Restricción,Nublado,Buena,,Sin Semáforo
48931,OBSERVATORIO VIAL,2018-09-14,7:45:00,CORRIENTES,18,CAPITAL,21,CORRIENTES,Urbana,Calle,MENDOZA,1198,TTE. IBAÑEZ,,-2.748.551,-5.883.788,2,0,0,2,0,Colisión entre vehículos,Colisión entre vehículos,S/D,,,2,Recta,Intersección / cruce,,,,Asfalto,,,,,,,,,S/D,Si,S/D,,NO,,Despejado,Buena,,Sin Semáforo
48981,OBSERVATORIO VIAL,2018-09-30,7:00:00,CORRIENTES,18,CAPITAL,21,CORRIENTES,Urbana,Avenida,AVENIDA PAISANDU,3100,GUALEGUAY,,-2.749.379,-5.882.465,1,0,0,1,0,Colisión entre vehículos,Colisión entre vehículos,S/D,COLUMNA DE ALUMBRADO,,1,Recta,Intersección / cruce,,NO,,Asfalto,,Apto,Mojada,,,PARTERRE,,,No,No,No,,NO,Sin Restricción,Despejado,Buena,,
48916,OBSERVATORIO VIAL,2018-09-08,19:00:00,CORRIENTES,18,CAPITAL,21,CORRIENTES,Urbana,Avenida,AVENIDA MAIPU,2500,VALPARAISO,,-2.749.722,-5.881.587,2,1,0,2,0,Colisión entre vehículos,Colisión entre vehículos,S/D,,Rozamiento,2,Recta,Intersección / cruce,,NO,,Asfalto,,Apto,,,Cordón Divisorio,,,,No,No,No,Noche,SI,Sin Restricción,Despejado,Buena,,Sin Semáforo
49015,OBSERVATORIO VIAL,2018-10-14,10:40:00,CORRIENTES,18,CAPITAL,21,CORRIENTES,Urbana,Avenida,AVENIDA FERRE,2200,,ROCA,-2.747.739,-5.882.368,2,0,0,2,0,Colisión entre vehículos,Colisión entre vehículos,S/D,,Angulo,2,Recta,Intersección / cruce,,NO,,Hormigón,,Apto,,,,,,,S/D,S/D,S/D,Día,NO,Sin Restricción,Despejado,Buena,,Funciona
49052,OBSERVATORIO VIAL,2018-10-29,7:50:00,CORRIENTES,18,CAPITAL,21,CORRIENTES,Urbana,Avenida,AV. PUJOL,1800,JUJUY,,-2.746.282,-5.882.729,1,1,0,2,0,Colisión entre vehículos,Colisión entre vehículos,S/D,,Angulo,2,Recta,Intersección / cruce,,NO,,Hormigón,,Apto,Seca,,Ninguna,,,,Si,Si,S/D,Día,NO,Sin Restricción,Despejado,Buena,,Sin Semáforo
49093,OBSERVATORIO VIAL,2018-11-16,7:30:00,CORRIENTES,18,CAPITAL,21,CORRIENTES,Urbana,Calle,BELGRANO,1300,SALTA,,-2.747.185,-5.883.945,1,1,0,2,0,Colisión entre vehículos,Colisión entre vehículos,S/D,,,2,Recta,Intersección / cruce,,NO,,Asfalto,,Apto,Seca,,Ninguna,,,,S/D,S/D,S/D,Día,NO,Sin Restricción,Despejado,Buena,,Sin Semáforo
48815,OBSERVATORIO VIAL,2018-07-04,18:25:00,CORRIENTES,18,CAPITAL,21,CORRIENTES,Urbana,Avenida,AV. ARMENIA,701,AV. CHACABUCO,,-2.746.747,-5.881.182,2,0,0,2,0,Colisión entre vehículos,Colisión entre vehículos,S/D,,Angulo,2,Recta,Intersección / cruce,,NO,,Asfalto,,Apto,Seca,,Cordón Divisorio,,,,Si,Si,No,Día,,Sin Restricción,Nublado,Buena,,Funciona
49016,OBSERVATORIO VIAL,2018-10-15,12:00:00,CORRIENTES,18,CAPITAL,21,CORRIENTES,Urbana,Avenida,AVENIDA FERRE,2600,,AVENIDA ARTIGAS,-2.747.788,-5.881.984,2,1,0,2,0,Colisión entre vehículos,Colisión entre vehículos,S/D,,Angulo,2,Recta,Intersección / cruce,,NO,,Hormigón,,Apto,Seca,,Cordón Divisorio,,,,Si,,,Día,NO,Sin Restricción,Despejado,Buena,,Funciona
48864,OBSERVATORIO VIAL,2018-08-23,12:10:00,CORRIENTES,18,CAPITAL,21,CORRIENTES,Urbana,Avenida,CAZADORES CORRENTINOS,3700,TACUARI,,-2.748.646,-5.880.728,0,2,0,2,0,"Caída desde vehículo, Colisión entre vehículos",Colisión entre vehículos,S/D,,Alcance,2,Recta,Intersección / cruce,,NO,,Asfalto,,Baches,Seca,,Ninguna,,,,Si,,,Día,NO,Sin Restricción,Nublado,Buena,,Funciona
49121,OBSERVATORIO VIAL,2018-11-30,9:15:00,CORRIENTES,18,CAPITAL,21,CORRIENTES,Urbana,Avenida,AV. ARMENIA,2900,CHACABUCO,,-2.746.750,-5.881.185,3,0,0,3,0,Colisión entre vehículos,Colisión entre vehículos,S/D,,,3,Recta,Intersección / cruce,,NO,,Asfalto,,Apto,Seca,,Ninguna,,,,Si,Si,S/D,Día,NO,Sin Restricción,,,,Funciona
48836,OBSERVATORIO VIAL,2018-08-11,7:55:00,CORRIENTES,18,CAPITAL,21,CORRIENTES,Urbana,Avenida,AV MAIPU,2500,TILCARA,,-2.750.207,-5.881.277,2,0,0,2,0,Colisión entre vehículos,Colisión entre vehículos,S/D,,Alcance,2,Recta,Intersección / cruce,,NO,,Asfalto,,Apto,Seca,,Ninguna,,,,S/D,S/D,S/D,Día,NO,Sin Restricción,Despejado,Buena,,Funciona
49066,OBSERVATORIO VIAL,2018-11-05,7:35:00,CORRIENTES,18,CAPITAL,21,CORRIENTES,Urbana,Calle,25 DE mayo,1200,,MENDOZA,-2.746.437,-5.883.527,2,0,0,2,0,Colisión entre vehículos,Colisión entre vehículos,S/D,,Angulo,2,Recta,Intersección / cruce,,NO,,Hormigón,,Apto,"Despejada, Seca",,Ninguna,,,,,,,Día,NO,Sin Restricción,Despejado,Buena,,
49070,OBSERVATORIO VIAL,2018-11-06,8:30:00,CORRIENTES,18,CAPITAL,21,CORRIENTES,Urbana,Avenida,AVENIDA CAZADORES CORRENTINOS,5500,TRENTON,,-2.749.057,-5.878.115,0,1,0,1,0,"Caída desde vehículo, Choque, Colisión entre vehículos",Colisión entre vehículos,S/D,,Otro,1,Recta,,,NO,,Hormigón,,Apto,Seca,,,,,,No,No,No,Día,NO,,Despejado,Buena,,Sin Semáforo
49089,OBSERVATORIO VIAL,2018-11-15,14:00:00,CORRIENTES,18,CAPITAL,21,CORRIENTES,Urbana,Avenida,AV. RAUL ALFONSIN,3845,,,-2.747.320,-5.880.452,2,0,0,2,0,Colisión entre vehículos,Colisión entre vehículos,S/D,,Alcance,2,Recta,Intersección / cruce,,NO,,Hormigón,,Apto,Despejada,,Ninguna,,,,Si,Si,S/D,Día,NO,,Despejado,Buena,,Funciona
49154,OBSERVATORIO VIAL,2018-12-09,10:08:00,CORRIENTES,18,CAPITAL,21,CORRIENTES,Urbana,Avenida,AVENIDA PUJOL,1777,,,-2.746.201,-5.882.854,1,0,0,1,0,Caída desde vehículo,Caída desde vehículo,S/D,,,1,Recta,Intersección / cruce,,NO,,Hormigón,,Apto,Seca,,Cordón Divisorio,,,,No,No,No,Día,NO,Sin Restricción,Despejado,Buena,,Sin Semáforo
48922,OBSERVATORIO VIAL,2018-09-08,19:30:00,CORRIENTES,18,CAPITAL,21,CORRIENTES,Urbana,Avenida,AVENIDA INDEPENDENCIA,4700,GASCON,,-2.748.239,-5.879.462,1,2,0,1,1,Atropello a peatón/es,Atropello a peatón/es,S/D,,,2,Recta,Intersección / cruce,,NO,,Hormigón,,Apto,Despejada,,Cordón Divisorio,,,,Si,Si,S/D,Noche,SI,Sin Restricción,Despejado,Buena,,Funciona
48837,OBSERVATORIO VAL,2018-08-11,9:15:00,CORRIENTES,18,CAPITAL,21,CORRIENTES,Urbana,Avenida,AV INDEPENDENCIA,3000,AV CHACABUCO,,-2.747.851,-5.881.467,2,0,0,2,0,Colisión entre vehículos,Colisión entre vehículos,S/D,,,2,Recta,,RECTA,NO,,Asfalto,,Apto,Despejada,,Cordón Divisorio,,,,Si,,,Día,NO,Sin Restricción,Despejado,Buena,,Funciona
48992,OBSERVATORIO VIAL,2018-10-04,10:06:00,CORRIENTES,18,CAPITAL,21,CORRIENTES,Urbana,Avenida,AV. ARTIGAS,1100,BOLIVAR,,-2.747.270,-5.881.891,2,0,0,2,0,Colisión entre vehículos,Colisión entre vehículos,S/D,,Angulo,2,Recta,Intersección / cruce,,NO,,Asfalto,,Apto,,,Ninguna,,,,No,No,S/D,Día,NO,,Despejado,Buena,,Sin Semáforo
49188,OBSERVATORIO VIAL,2018-12-23,11:11:00,CORRIENTES,18,CAPITAL,21,CORRIENTES,Urbana,Avenida,AV INDEPENDENCIA,4400,MEDRANO,,-2.748.155,-5.879.836,2,0,0,2,0,Colisión entre vehículos,Colisión entre vehículos,S/D,,,2,Recta,Intersección / cruce,,NO,,Asfalto,,Apto,Seca,,Cordón Divisorio,,,,Si,Si,No,Día,,Sin Restricción,Despejado,Buena,,Funciona
48910,OBSERVATORIO VIAL,2018-09-06,13:45:00,CORRIENTES,18,CAPITAL,21,CORRIENTES,Urbana,Calle,LIZANDRO SEGOVIA,1900,NECOCHEA,,-2.747.959,-5.883.561,0,2,0,2,0,Colisión entre vehículos,Colisión entre vehículos,S/D,,Angulo,2,Recta,Intersección / cruce,,NO,,Asfalto,,Apto,Seca,,Ninguna,,,,Si,No,No,Día,SI,Sin Restricción,Despejado,Buena,,Sin Semáforo
48912,OBSERVATORIO VIAL,2018-09-07,0:00:00,CORRIENTES,18,CAPITAL,21,CORRIENTES,Urbana,Avenida,CAZADORES CORRENTINOS,5500,MILAN,,-2.748.958,-5.878.516,2,0,0,2,0,Colisión entre vehículos,Colisión entre vehículos,S/D,,Angulo,2,Curva,Fuera de calzada,,NO,,Asfalto,,Apto,,,,,,,No,Si,No,Noche,SI,Sin Restricción,Despejado,Buena,,No Funciona
49028,OBSERVATORIO VIAL,2018-10-21,6:40:00,CORRIENTES,18,CAPITAL,21,CORRIENTES,Urbana,Avenida,AVENIDA 3 DE ABRIL,250,,SARGENTO ATIENZA,-2.747.397,-5.884.943,1,0,0,1,0,"Choque, Colisión entre vehículos",Colisión entre vehículos,S/D,,"Frontal, Inmueble",1,Recta,Intersección / cruce,,NO,,Asfalto,,Apto,Seca,,Cordón Divisorio,,,,Si,,,Día,NO,Sin Restricción,Despejado,Buena,,Sin Semáforo
48861,OBSERVATORIO VIAL.,2018-08-23,9:45:00,CORRIENTES,18,CAPITAL,21,CORRIENTES,Urbana,Avenida,CAZADORES CTINOS.,2198,TACUARI,,-2.748.646,-5.880.726,1,1,0,2,0,Colisión entre vehículos,Colisión entre vehículos,S/D,,Alcance,2,Recta,Intersección / cruce,,NO,,Asfalto,,Ahuellamiento,Seca,,Ninguna,,,,Si,,,Día,NO,Sin Restricción,Despejado,Buena,,Funciona
48939,OBSERVATORIO VIAL,2018-09-18,12:35:00,CORRIENTES,18,CAPITAL,21,CORRIENTES,Urbana,Avenida,AV. FERRE,1598,MAIPU,,-2.747.629,-5.883.130,1,1,0,2,0,Colisión entre vehículos,Colisión entre vehículos,S/D,,Angulo,2,Curva,,,NO,,Hormigón,,Apto,Seca,,Ninguna,,,,Si,Si,No,Día,NO,Sin Restricción,Despejado,Buena,,Sin Semáforo
49123,OBSERVATORIO VIAL,2018-12-01,7:30:00,CORRIENTES,18,CAPITAL,21,CORRIENTES,Urbana,Avenida,AV R ALFONSIN,5100,LA PRIDA,,-2.747.667,-5.878.862,0,2,0,2,0,Colisión entre vehículos,Colisión entre vehículos,S/D,,Angulo,2,Recta,,,NO,,Asfalto,,Apto,Seca,,Ninguna,,,,S/D,S/D,S/D,Día,NO,Sin Restricción,Despejado,Buena,,Funciona
49172,OBSERVATORIO VIAL,2018-12-13,18:35:00,CORRIENTES,18,CAPITAL,21,CORRIENTES,Urbana,Calle,LAS PIEDRAS,2500,GUAYANAS,,-2.748.901,-5.880.211,1,0,0,1,0,Atropello a animal/es,Atropello a animal/es,S/D,,,1,Recta,Intersección / cruce,,NO,,Asfalto,,Apto,"Despejada, Seca",,Ninguna,,,,No,No,No,Día,NO,Sin Restricción,Despejado,Buena,,Sin Semáforo
48954,OBSERVATORIO VIAL,2018-09-20,18:20:00,CORRIENTES,18,CAPITAL,21,CORRIENTES,Urbana,Calle,TRANSITO COCOMAROLA,870,AV ARMENIA,GOBERNADOR GALLINO,-2.746.745,-5.881.837,1,1,0,2,0,"Choque, Colisión entre vehículos",Colisión entre vehículos,S/D,,"En calzada, Rozamiento",2,Recta,,RECTA,NO,,Hormigón,,Apto,Seca,,Ninguna,,,,No,No,No,Día,NO,Sin Restricción,Despejado,Buena,,Sin Semáforo
48818,OBSERVATORIO VIAL,2018-08-07,11:25:00,CORRIENTES,18,CAPITAL,21,CORRIENTES,Urbana,Avenida,MENDOZA,1601,TRES DE ABRIL,,-2.747.586,-5.883.649,1,1,0,2,0,Colisión entre vehículos,Colisión entre vehículos,S/D,,,2,Recta,Intersección / cruce,,NO,,,,Apto,Seca,,,,,,S/D,S/D,S/D,Día,NO,Sin Restricción,Despejado,Buena,,Sin Semáforo
48996,OBSERVATORIO VIAL,2018-10-07,20:25:00,CORRIENTES,18,CAPITAL,21,CORRIENTES,Urbana,Avenida,MAIPU,2800,,,-2.749.967,-5.881.454,0,3,0,2,0,Colisión entre vehículos,Colisión entre vehículos,S/D,,Angulo,2,Recta,,,NO,,Hormigón,,Apto,,,,,,,S/D,S/D,S/D,Noche,SI,Sin Restricción,Despejado,Buena,,Sin Semáforo
49017,OBSERVATORIO VIAL,2018-10-18,19:45:00,CORRIENTES,18,CAPITAL,21,CORRIENTES,Rural,Ruta Nacional,12,1036,,,-2.744.535,-5.874.673,3,0,0,2,0,Colisión entre vehículos,Colisión entre vehículos,S/D,,Rozamiento,2,Recta,,,NO,,Tierra,,Apto,,,Ninguna,,,,S/D,S/D,S/D,Noche,NO,Sin Restricción,Despejado,Buena,,Sin Semáforo
49037,OBSERVATORIO VIAL,2018-10-24,17:00:00,CORRIENTES,18,CAPITAL,21,CORRIENTES,Urbana,Calle,25 DE mayo,1400,CATAMARCA,,-2.746.464,-5.883.273,1,1,0,2,0,Colisión entre vehículos,Colisión entre vehículos,S/D,,Angulo,2,Recta,Intersección / cruce,,NO,,Asfalto,,Baches,"Con charcos o inundada, Mojada",,Ninguna,,,,Si,S/D,S/D,,NO,Sin Restricción,Despejado,Buena,,Sin Semáforo
48839,OBSERVATORIO VIAL,2018-08-12,3:41:00,CORRIENTES,18,CAPITAL,21,CORRIENTES,Urbana,Calle,PELLEGRINI,1900,PARAGUAY,,-2.746.631,-5.882.638,2,0,0,2,0,Colisión entre vehículos,Colisión entre vehículos,S/D,,Frontal,2,Recta,Intersección / cruce,,NO,,Asfalto,,Apto,Despejada,,Ninguna,,,,S/D,S/D,S/D,Noche,SI,Sin Restricción,Despejado,Buena,,Sin Semáforo
48949,OBSERVATORIO VIAL,2018-02-20,8:15:00,CORRIENTES,18,CAPITAL,21,CORRIENTES,Urbana,Avenida,AV TTE IBAÑEZ,800,CASTILL0,,-2.748.488,-5.884.304,1,1,0,2,0,"Caída desde vehículo, Colisión entre vehículos",Colisión entre vehículos,S/D,,Angulo,2,Recta,Intersección / cruce,,NO,,Hormigón,,Apto,Seca,,Cordón Divisorio,,,,No,No,No,Día,NO,Sin Restricción,Despejado,Buena,,Sin Semáforo
49164,OBSERVATORIO VIAL,2018-12-13,11:30:00,CORRIENTES,18,CAPITAL,21,CORRIENTES,Urbana,Calle,LAS PIEDRAS,1500,LUIS BRAILE,,-2.748.007,-5.880.036,1,1,0,2,0,Colisión entre vehículos,Colisión entre vehículos,S/D,,Angulo,2,Recta,Intersección / cruce,,NO,,Asfalto,,Apto,"Despejada, Seca",,,,,,No,No,No,Día,NO,Sin Restricción,Despejado,Buena,,Sin Semáforo
48985,OBSERVATORIO VIAL,2018-09-28,13:00:00,CORRIENTES,18,CAPITAL,21,CORRIENTES,Urbana,Avenida,AVENIDA CENTENARIO,3000,AVENIDA CHACABUCO,,-2.747.127,-5.881.273,2,0,0,2,0,,,S/D,,,2,Recta,,,NO,,Hormigón,,Apto,Seca,,Ninguna,,,,Si,Si,,Día,NO,,Despejado,Buena,,Funciona
49080,OBSERVATORIO VIAL,2018-11-09,14:15:00,CORRIENTES,18,CAPITAL,21,CORRIENTES,Urbana,Calle,25 DE mayo,1800,ESPAÑA,,-2.746.499,-5.882.883,1,1,0,2,0,Colisión entre vehículos,Colisión entre vehículos,S/D,,Angulo,2,Recta,Intersección / cruce,,NO,,Hormigón,,Apto,"Despejada, Seca",,Ninguna,,,,Si,Si,No,Atardecer,NO,Sin Restricción,Despejado,Buena,,Sin Semáforo
49142,OBSERVATORIO VIAL,2018-11-06,22:20:00,CORRIENTES,18,CAPITAL,21,CORRIENTES,Urbana,Avenida,AV INDEPENDENCIA,4200,LAS PIEDRAS,,-2.748.099,-5.880.050,1,1,0,2,0,Colisión entre vehículos,Colisión entre vehículos,S/D,,Alcance,2,Recta,Intersección / cruce,,NO,,Asfalto,,Apto,Seca,,Ninguna,,,,Si,Si,No,Noche,NO,Sin Restricción,Despejado,Buena,,Funciona
49176,OBSERVATORIO VIAL,2018-12-18,17:30:00,CORRIENTES,18,CAPITAL,21,CORRIENTES,Urbana,Avenida,AV CAZADORES CORRENTINO,3400,CASTELLI,,-2.748.714,-5.881.102,2,0,0,2,0,Colisión entre vehículos,Colisión entre vehículos,S/D,,,2,Recta,Intersección / cruce,,NO,,Hormigón,,Apto,Seca,,Cordón Divisorio,,,,No,No,No,Día,NO,Sin Restricción,Nublado,Buena,,Sin Semáforo
49090,OBSERVATORIO VIAL,2018-11-15,18:30:00,CORRIENTES,18,CAPITAL,21,CORRIENTES,Urbana,Calle,CATAMARCA,1400,SAN MARTIN,,-2.747.016,-5.883.329,2,1,0,2,0,Colisión entre vehículos,Colisión entre vehículos,S/D,,Angulo,2,Recta,,,NO,,Asfalto,,Apto,Seca,,Ninguna,,,,S/D,Si,Si,Día,SI,Sin Restricción,,,,Sin Semáforo
49153,OBSERVATORIO VIAL,2018-12-09,7:15:00,CORRIENTES,18,CAPITAL,21,CORRIENTES,Urbana,Calle,PARAGUAY,1790,,,-2.747.068,-5.882.681,1,1,0,2,0,Colisión entre vehículos,Colisión entre vehículos,S/D,,,2,Recta,Intersección / cruce,,NO,,Asfalto,,Apto,Seca,,Ninguna,,,,No,No,No,Día,,Sin Restricción,Despejado,,,Sin Semáforo
48902,OBSERVAORIO VIAL,2018-09-05,6:50:00,CORRIENTES,18,CAPITAL,21,CORRIENTES,Urbana,Avenida,AVENIDA VERA,300,SAN JUAN,,-2.746.170,-5.883.633,2,0,0,2,0,Colisión entre vehículos,Colisión entre vehículos,S/D,,Angulo,2,Recta,Intersección / cruce,,NO,,Asfalto,,Apto,,,,,,,Si,Si,,Amanecer,SI,Sin Restricción,Despejado,Buena,,Sin Semáforo
49076,OBSERVATORIO VIAL,2018-11-07,18:00:00,CORRIENTES,18,CAPITAL,21,CORRIENTES,Urbana,Avenida,RIO CHICO,5600,UNNE,,-2.746.057,-5.877.980,1,1,0,2,0,Colisión entre vehículos,Colisión entre vehículos,S/D,,Angulo,2,Recta,Intersección / cruce,,NO,,Hormigón,,Apto,Seca,,,,,,No,No,No,Atardecer,NO,,Despejado,Buena,,Sin Semáforo
48901,OBSERVATORIO VIAL,2018-09-02,4:40:00,CORRIENTES,18,CAPITAL,21,CORRIENTES,Urbana,Avenida,AVENIDA ARMENIA,800,19 DE mayo,,-2.746.792,-5.880.506,1,1,0,2,0,Colisión entre vehículos,Colisión entre vehículos,S/D,,Rozamiento,2,Recta,Intersección / cruce,,NO,,Asfalto,,Apto,Mojada,,,,,,Si,,,Noche,SI,,Lluvia,Lluvia,,
48909,OBSERVATORIO VIAL,2018-09-06,10:00:00,CORRIENTES,18,CAPITAL,21,CORRIENTES,Urbana,Avenida,MORENO,1600,ESPAÑA,,-2.747.389,-5.882.986,1,1,0,2,0,Colisión entre vehículos,Colisión entre vehículos,S/D,,Angulo,2,Recta,Intersección / cruce,,,,Asfalto,,Apto,,,,,,,S/D,S/D,,Día,NO,Sin Restricción,Despejado,Buena,,Sin Semáforo
49112,OBSERBATORIO VIAL,2018-11-25,10:00:00,CORRIENTES,18,CAPITAL,21,CORRIENTES,Urbana,Calle,AV. JUAN DOMINGO PERON,3500,,,-2.748.695,-5.880.986,1,1,0,2,0,Colisión entre vehículos,Colisión entre vehículos,S/D,,,2,Recta,Intersección / cruce,,NO,,Hormigón,,Apto,Seca,,Cordón Divisorio,,,,No,No,No,Día,NO,Sin Restricción,Despejado,Buena,,Sin Semáforo
49139,OBSERVATORIO VIAL,2018-12-05,6:30:00,CORRIENTES,18,CAPITAL,21,CORRIENTES,Urbana,Calle,2 DE abril,2000,COSQUIN,,-2.749.421,-5.882.834,2,0,0,2,0,Despiste,Despiste,Si,,,2,Recta,Intersección / cruce,,NO,,Asfalto,,Apto,Seca,,,,,,S/D,S/D,S/D,Amanecer,NO,Sin Restricción,Despejado,Buena,,Sin Semáforo
49000,OBSERVATORIO VIAL,2018-10-09,11:40:00,CORRIENTES,18,CAPITAL,21,CORRIENTES,Urbana,Calle,SAN MARTIN,1500,SAN LORENZO,,-2.747.044,-5.883.207,2,1,0,2,0,Colisión entre vehículos,Colisión entre vehículos,S/D,,Angulo,2,Recta,Intersección / cruce,,NO,,Asfalto,,Apto,Seca,,,,,,Si,No,No,Día,NO,Sin Restricción,Despejado,Buena,,Sin Semáforo
48805,OBSERVATORIO VIAL.,2018-08-03,7:10:00,CORRIENTES,18,CAPITAL,21,CORRIENTES,Urbana,Ruta Provincial,RUTA 5,6500,VIUDEZ,CONTRERAS,-2.748.515,-5.877.535,0,1,0,1,0,"Caída desde vehículo, Despiste",Despiste,Si,,,1,Recta,Intersección / cruce,,NO,,Asfalto,,Apto,Seca,,Ninguna,,,,S/D,,,Amanecer,NO,Sin Restricción,Despejado,Buena,,Sin Semáforo
48841,OBSERVATORIO VIAL,2018-08-12,11:55:00,CORRIENTES,18,CAPITAL,21,CORRIENTES,Urbana,Calle,GUTEMBERG,1699,LA MADRID,,-2.748.232,-5.883.212,2,0,0,2,0,"Choque, Colisión entre vehículos",Colisión entre vehículos,S/D,,"Angulo, En calzada",2,Recta,Intersección / cruce,,NO,,Asfalto,,Apto,Seca,,Ninguna,,,,S/D,S/D,S/D,Día,SI,Sin Restricción,Despejado,Buena,,Sin Semáforo
48874,OBSERVATORIO VIAL,2018-08-27,11:25:00,CORRIENTES,18,CAPITAL,21,CORRIENTES,Urbana,Avenida,AV ARTIGAS,1200,BOLIVAR,BELGRANO,-2.747.280,-5.881.902,1,1,0,2,0,Colisión entre vehículos,Colisión entre vehículos,S/D,,Angulo,2,Recta,Intersección / cruce,,NO,,Hormigón,,Apto,"Despejada, Seca",,Ninguna,,,,Si,Si,,Noche,SI,Sin Restricción,Despejado,Buena,,Sin Semáforo
49086,OBSERVATORIO VIAL,2018-11-14,19:30:00,CORRIENTES,18,CAPITAL,21,CORRIENTES,Urbana,Calle,AV. ARMENIA,3800,POMAR,,-2.746.827,-5.880.386,2,0,0,2,0,Colisión entre vehículos,Colisión entre vehículos,S/D,,Alcance,2,Recta,Intersección / cruce,,NO,,Asfalto,,Apto,Seca,,Cordón Divisorio,,,,Si,Si,No,Atardecer,NO,Sin Restricción,Despejado,Buena,,Funciona
48800,OBSERVATORIO VIAL,2018-08-01,12:30:00,CORRIENTES,18,CAPITAL,21,CORRIENTES,Urbana,Avenida,chacabuco,2400,ALBERTI,,-2.748.764,-5.881.634,0,2,0,2,0,Colisión entre vehículos,Colisión entre vehículos,S/D,,,2,Recta,Intersección / cruce,,NO,,Hormigón,,Apto,"Despejada, Seca",,Cordón Divisorio,,,,S/D,S/D,,Día,NO,Sin Restricción,Despejado,Buena,,Sin Semáforo
48885,OBSERVATORIO VIAL,2018-08-30,13:00:00,CORRIENTES,18,CAPITAL,21,CORRIENTES,Urbana,Calle,VELEZ SARFIELD,2400,AV. PUJOL,,-2.746.847,-5.882.013,1,1,0,2,0,Colisión entre vehículos,Colisión entre vehículos,S/D,,Angulo,2,Recta,Intersección / cruce,,,,Asfalto,,Apto,,,Ninguna,,,,No,No,,,NO,Sin Restricción,Despejado,Buena,,Sin Semáforo
49156,OBSERVATORIO VIAL,2018-12-10,22:45:00,CORRIENTES,18,CAPITAL,21,CORRIENTES,Urbana,Calle,RUTA PROVINCIAL N° 5,1084,VIUDES,,-2.748.494,-5.877.591,1,1,0,1,1,Atropello a peatón/es,Atropello a peatón/es,S/D,,,2,Recta,Intersección / cruce,,NO,,Asfalto,,Apto,Seca,,Ninguna,,,,Si,Si,S/D,Noche,SI,,Despejado,Buena,,Sin Semáforo
48862,OBSERVATORIO VIAL,2018-08-23,8:00:00,CORRIENTES,18,CAPITAL,21,CORRIENTES,Rural,Ruta Nacional,12,1033,RIO CHICO,,-2.745.965,-5.876.574,2,0,0,2,0,Colisión entre vehículos,Colisión entre vehículos,S/D,,Frontal,2,Recta,Intersección / cruce,,NO,,Tierra,,Apto,Seca,,Ninguna,,,,No,No,Si,Día,NO,Sin Restricción,Nublado,Buena,,Sin Semáforo
49039,OBSERVATORIO VIAL,2018-10-25,9:15:00,CORRIENTES,18,CAPITAL,21,CORRIENTES,Urbana,Avenida,AV INDEPENDENCIA,4450,MEDRANO,,-2.748.137,-5.879.833,2,0,0,2,0,Colisión entre vehículos,Colisión entre vehículos,S/D,,Alcance,2,Recta,Intersección / cruce,,NO,,Hormigón,,Apto,Seca,,,,,,Si,Si,S/D,Día,NO,Sin Restricción,Despejado,Buena,,Funciona
48893,OBSERVATORIO VIAL,2018-08-30,19:30:00,CORRIENTES,18,CAPITAL,21,CORRIENTES,Rural,Ruta Provincial,5,KM3,,,-2.749.032,-5.875.645,1,1,0,1,1,Atropello a peatón/es,Atropello a peatón/es,S/D,,,2,Recta,Intersección / cruce,,NO,,Asfalto,,Apto,Seca,,Ninguna,,,,No,No,No,Atardecer,NO,Sin Restricción,Nublado,Buena,,Sin Semáforo
49119,OBSERVATORO VIAL,2018-11-28,17:40:00,CORRIENTES,18,CAPITAL,21,CORRIENTES,Urbana,Avenida,AV AYACUCHO,3400,CASTELLI,,-2.747.224,-5.880.830,1,1,0,2,0,Colisión entre vehículos,Colisión entre vehículos,S/D,,Alcance,2,Recta,Intersección / cruce,,NO,,Hormigón,,Apto,Despejada,,Ninguna,,,,Si,Si,No,Amanecer,NO,Sin Restricción,Nublado,Buena,,Funciona
48849,OBSERVATORIO VIAL,2018-08-17,14:00:00,CORRIENTES,18,CAPITAL,21,CORRIENTES,Urbana,Avenida,AV ALFONSIN,5000,GORRITI,,-2.747.658,-5.878.928,0,1,0,1,0,"Caída desde vehículo, Despiste",Despiste,Si,,,1,Recta,Intersección / cruce,,NO,,Asfalto,,Apto,Seca,,Cordón Divisorio,,,,S/D,S/D,S/D,Día,NO,Sin Restricción,Despejado,Buena,,Sin Semáforo
48880,OBSERVATORIO VIAL,2018-08-29,14:30:00,CORRIENTES,18,CAPITAL,21,CORRIENTES,Urbana,Avenida,ARTIGAS,2600,AV-. PEDRO FERRE,,-2.747.800,-5.881.979,1,1,0,2,0,"Colisión entre vehículos, Despiste",Colisión entre vehículos,Si,,Rozamiento,2,Recta,Intersección / cruce,,NO,,Hormigón,,Apto,Seca,,,,,,No,No,,Día,NO,Sin Restricción,Despejado,Buena,,Funciona
48999,OBSERVATORIO VIAL,2018-10-09,12:50:00,CORRIENTES,18,CAPITAL,21,CORRIENTES,Urbana,Avenida,AVENIDA ARMENIA,5000,MONTEAGUDO,,-2.746.689,-5.879.072,1,1,0,2,0,Colisión entre vehículos,Colisión entre vehículos,S/D,,Angulo,2,Recta,,,NO,,Hormigón,,,Seca,,Ninguna,,,,Si,Si,,Día,NO,Sin Restricción,Despejado,Buena,,Sin Semáforo
48838,OBSERVATORIO VIAL,2018-08-11,12:00:00,CORRIENTES,18,CAPITAL,21,CORRIENTES,Urbana,Calle,COLOMBIA,799,VIRASORO,,-2.746.815,-5.881.621,2,0,0,2,0,Colisión entre vehículos,Colisión entre vehículos,S/D,,Angulo,2,Recta,Intersección / cruce,,NO,,Hormigón,,Apto,Seca,,Ninguna,,,,Si,,,Día,NO,Sin Restricción,Despejado,Buena,,Sin Semáforo
49064,OBSERVATORIO VIAL,2018-11-06,7:00:00,CORRIENTES,18,CAPITAL,21,CORRIENTES,Urbana,Calle,SAN MARTIN,2100,BRASIL,,-2.747.100,-5.882.436,1,1,0,2,0,Colisión entre vehículos,Colisión entre vehículos,S/D,,Angulo,2,Recta,Intersección / cruce,,NO,,Asfalto,,Apto,Seca,,Ninguna,,,,Si,Si,,Día,NO,Sin Restricción,Despejado,Buena,,Sin Semáforo
48801,OBSERVATORIO VIAL,2018-08-01,15:30:00,CORRIENTES,18,CAPITAL,21,CORRIENTES,Urbana,Avenida,AV. SARMIENTO,2000,Rafaela,,-2.749.630,-5.883.242,1,1,0,2,0,"Choque, Colisión entre vehículos",Colisión entre vehículos,S/D,,"Angulo, En calzada",2,Recta,Intersección / cruce,,NO,,Hormigón,,Apto,Seca,,Cordón Divisorio,,,,S/D,S/D,,Día,NO,Sin Restricción,Despejado,Buena,,Sin Semáforo
48845,OBSERVATORIO VIAL,2018-08-16,13:00:00,CORRIENTES,18,CAPITAL,21,CORRIENTES,Urbana,Calle,MEXICO,599,25 DE mayo,,-2.746.589,-5.881.414,1,1,0,2,0,"Choque, Colisión entre vehículos",Colisión entre vehículos,S/D,,"Angulo, En calzada",2,Recta,Intersección / cruce,,NO,,Asfalto,,,,,Ninguna,,,,No,S/D,S/D,Día,,Sin Restricción,Despejado,Buena,,Intermitente
48917,OBSERVATORIO VIAL,2018-09-08,7:45:00,CORRIENTES,18,CAPITAL,21,CORRIENTES,Rural,Ruta Provincial,RUTA PROVINCIAL 5,2,BARRIO LOMAS,,-2.749.194,-5.874.679,2,0,0,2,0,Colisión entre vehículos,Colisión entre vehículos,S/D,,Frontal,2,Curva,Intersección / cruce,,NO,,,,Apto,Seca,,Ninguna,,,,No,No,No,Día,SI,,Despejado,Buena,,Sin Semáforo
48835,OBSERVATORIO VIAL,2018-08-11,7:40:00,CORRIENTES,18,CAPITAL,21,CORRIENTES,Urbana,Avenida,MEDRANO,2500,LARREA,,-2.749.139,-5.879.964,2,0,0,2,0,Colisión entre vehículos,Colisión entre vehículos,S/D,,Angulo,2,Recta,Intersección / cruce,,NO,,Hormigón,,Apto,Seca,,Ninguna,,,,No,No,No,Día,NO,Sin Restricción,Despejado,Buena,,Sin Semáforo
48822,OBSERVATORIO VIAL,2018-08-08,12:30:00,CORRIENTES,18,CAPITAL,21,CORRIENTES,Urbana,Avenida,Avenida Presidente Raúl Alfonsín,3100,Republica Dominicana y Reconquista,,-2.747.138,-5.881.157,1,1,0,2,0,"Choque, Colisión entre vehículos",Colisión entre vehículos,S/D,,"En calzada, Frontal",2,Recta,Intersección / cruce,,NO,,Asfalto,,Apto,Seca,,Ninguna,,,,S/D,S/D,S/D,Día,NO,Congestionamiento,Despejado,Buena,,Sin Semáforo
48875,OBSERVATORIO VIAL,2018-08-27,13:20:00,CORRIENTES,18,CAPITAL,21,CORRIENTES,Urbana,Calle,SANTA FE,1599,BOLIVAR,,-2.747.142,-5.883.089,3,0,0,3,0,Colisión entre vehículos,Colisión entre vehículos,S/D,,Alcance,3,Recta,Intersección / cruce,,NO,,Asfalto,,Apto,Seca,,Ninguna,,,,Si,Si,,Día,NO,Sin Restricción,Despejado,,,Funciona
48860,OBSERVATORIO VIAL,2018-08-22,23:30:00,CORRIENTES,18,CAPITAL,21,CORRIENTES,Urbana,Calle,AVENIDA MAIPU Y ASUNCION,1500,,,-2.749.116,-5.881.977,2,0,0,2,0,"Caída desde vehículo, Colisión entre vehículos",Colisión entre vehículos,S/D,,Alcance,2,Recta,Intersección / cruce,,NO,,Asfalto,,Apto,,,Cordón Divisorio,,,,Si,,,Noche,SI,Sin Restricción,Despejado,Buena,,Funciona
48842,OBSERVATORIO VIAL,2018-08-12,14:05:00,CORRIENTES,18,CAPITAL,21,CORRIENTES,Urbana,Calle,SAN MARTIN,2400,ITUZAINGO,,-2.747.155,-5.881.923,1,1,0,2,0,"Choque, Colisión entre vehículos",Colisión entre vehículos,S/D,,"En calzada, Frontal",2,Recta,Intersección / cruce,,NO,,Asfalto,,Apto,Seca,,Ninguna,,,,No,,,Día,SI,Sin Restricción,Despejado,Buena,,No Funciona
48957,OBSERVATORIO VIAL,2018-09-25,1:00:00,CORRIENTES,18,CAPITAL,21,CORRIENTES,Urbana,Avenida,RAUL ALFONSIN,4300,RIÓ JURAMENTO,,-2.747.504,-5.879.829,0,2,0,2,0,Colisión entre vehículos,Colisión entre vehículos,S/D,,Angulo,2,Recta,Intersección / cruce,,SI,,Asfalto,,,,,,,,,Si,S/D,S/D,Día,,,,,,Funciona
48979,OBSERVATORIO VIAL,2018-09-30,7:17:00,CORRIENTES,18,CAPITAL,21,CORRIENTES,Urbana,Avenida,AVENIDA MAIPU,900,AVENIDA CAZADORES CORRENTINOS,,-2.748.642,-5.882.312,4,0,0,2,0,Colisión entre vehículos,Colisión entre vehículos,S/D,,Angulo,2,Recta,Intersección / cruce,,,,Hormigón,,Apto,,,,,,,Si,,,Día,NO,Sin Restricción,Despejado,Buena,,
48952,OBSERVATORIO VIAL,2018-09-20,15:05:00,CORRIENTES,18,CAPITAL,21,CORRIENTES,Urbana,Avenida,AV MAIPU,850,HONDURAS,,-2.748.557,-5.882.390,2,0,0,2,0,Colisión entre vehículos,Colisión entre vehículos,S/D,,Angulo,2,Recta,Intersección / cruce,,NO,,Hormigón,,Apto,Seca,,Ninguna,,,,Si,,,Día,NO,Sin Restricción,Despejado,Buena,,Sin Semáforo
49079,OBSERVATORIO VIAL,2018-11-09,13:50:00,CORRIENTES,18,CAPITAL,21,CORRIENTES,Urbana,Calle,ROCA,2200,BELGRANO,,,,1,1,0,2,0,Colisión entre vehículos,Colisión entre vehículos,S/D,,Angulo,2,Recta,Intersección / cruce,,,,Hormigón,,Apto,Seca,,Ninguna,,,,Si,No,No,Atardecer,NO,Sin Restricción,Despejado,Buena,,Sin Semáforo
48947,OBSERVATORIO VIAL,2018-09-19,12:30:00,CORRIENTES,18,CAPITAL,21,CORRIENTES,Urbana,Avenida,R. ALFONSIN,4500,MORELO,,-2.747.620,-5.879.123,1,1,0,2,0,Colisión entre vehículos,Colisión entre vehículos,S/D,,,2,Recta,Intersección / cruce,,NO,,Hormigón,,Apto,Seca,,Cordón Divisorio,,,,S/D,,,Día,NO,,,,,Sin Semáforo
49116,OBSERVATORIO VIAL,2018-11-28,8:11:00,CORRIENTES,18,CAPITAL,21,CORRIENTES,Urbana,Calle,ROCA,1300,,,-2.746.944,-5.882.284,2,0,0,2,0,Colisión entre vehículos,Colisión entre vehículos,S/D,,,2,Recta,Intersección / cruce,,NO,,Asfalto,,Apto,,,Ninguna,,,,S/D,S/D,S/D,Día,SI,Sin Restricción,Nublado,Buena,,Sin Semáforo
48819,OBSERVATORIO VIAL,2018-08-07,19:30:00,CORRIENTES,18,CAPITAL,21,CORRIENTES,Urbana,Avenida,Av. Maipu,1600,,,-2.749.305,-5.881.863,1,1,0,2,0,Colisión entre vehículos,Colisión entre vehículos,S/D,,Alcance,2,Recta,Intersección / cruce,,NO,,Asfalto,,Apto,Seca,,,,,,S/D,S/D,S/D,Atardecer,NO,,Despejado,Buena,,Sin Semáforo
48907,OBSERVATORIO VIAL,2018-09-04,20:20:00,CORRIENTES,18,CAPITAL,21,CORRIENTES,Urbana,Calle,GUEMEZ,1800,LA PAZ,NECOCHEA,-2.748.252,-5.880.801,0,1,0,1,0,Caída desde vehículo,Caída desde vehículo,S/D,,,1,Recta,,RECTA,NO,,Asfalto,,Apto,Seca,,Barrera de Hormigón,,,,Si,Si,S/D,Noche,SI,Sin Restricción,Despejado,Buena,,Sin Semáforo
48936,OBSERVATORIO VIAL,2018-09-17,12:15:00,CORRIENTES,18,CAPITAL,21,CORRIENTES,Urbana,Avenida,AVENIDA MAIPU,1000,MADARIAGA,,-2.748.505,-5.882.415,2,0,0,1,1,Colisión entre vehículos,Colisión entre vehículos,S/D,,,2,Recta,,,NO,,Asfalto,,,Seca,,,,,,,,,Día,NO,,,,,
48911,OBSERVATORIO VIAL,2018-09-07,15:08:00,CORRIENTES,18,CAPITAL,21,CORRIENTES,Urbana,Avenida,AV. LIBERTAD,6031,,,-2.746.342,-5.877.643,2,1,0,3,0,Colisión entre vehículos,Colisión entre vehículos,S/D,,Frontal,3,Recta,,,NO,,Asfalto,,Apto,Seca,,Cordón Divisorio,,,,No,Si,S/D,Atardecer,SI,,Despejado,Buena,,Sin Semáforo
48883,OBSERVATORIO VIAL,2018-08-30,11:30:00,CORRIENTES,18,CAPITAL,21,CORRIENTES,Urbana,Avenida,AV. CHACABUCO,2400,,,-2.748.771,-5.881.652,2,0,0,2,0,Colisión entre vehículos,Colisión entre vehículos,S/D,,Alcance,2,Recta,,,NO,,Hormigón,,,Mojada,,Ninguna,,,,,,,,NO,Sin Restricción,Lluvia,Lluvia,,
48904,OBSERVATORIO VIAL,2018-09-04,10:30:00,CORRIENTES,18,CAPITAL,21,CORRIENTES,Urbana,Avenida,AV R ALFONSIN,3000,AV CHACABUCO,,-2.747.114,-5.881.266,1,1,0,1,1,Colisión entre vehículos,Colisión entre vehículos,S/D,,Angulo,2,Recta,Intersección / cruce,,NO,,Asfalto,,Apto,Seca,,Ninguna,,,,Si,,,Día,NO,Congestionamiento,Despejado,Buena,,Funciona
48919,OBSERVATORIO VIAL,2018-09-08,10:43:00,CORRIENTES,18,CAPITAL,21,CORRIENTES,Urbana,Calle,SANTA FE,1500,RIVADAVIA,MORENO,-2.747.488,-5.883.123,2,0,0,2,0,Colisión entre vehículos,Colisión entre vehículos,S/D,,Rozamiento,2,Recta,Intersección / cruce,,NO,,Asfalto,,Apto,Seca,,Ninguna,,,,Si,Si,S/D,Día,NO,,Despejado,Buena,,Funciona
49106,OBSERVATORIO VIAL,2018-11-22,10:15:00,CORRIENTES,18,CAPITAL,21,CORRIENTES,Urbana,Calle,PERU,1250,,,-2.747.329,-5.882.196,1,1,0,2,0,Colisión entre vehículos,Colisión entre vehículos,S/D,,Angulo,2,Recta,,,NO,,Hormigón,,Apto,Seca,,,,,,No,No,No,Día,,,Despejado,Buena,,Sin Semáforo
49102,OBSERVATORIO VIAL,2018-11-21,9:00:00,CORRIENTES,18,CAPITAL,21,CORRIENTES,Urbana,Calle,CATAMARCA,1400,BELGRANO,,-2.747.243,-5.883.359,1,5,0,1,0,Colisión entre vehículos,Colisión entre vehículos,S/D,,,1,Recta,,,NO,,Asfalto,,Apto,Seca,,Ninguna,,,,Si,No,No,Día,NO,Sin Restricción,Despejado,Buena,,Sin Semáforo
48932,OBSERVATORIO VIAL,2018-09-17,15:45:00,CORRIENTES,18,CAPITAL,21,CORRIENTES,Urbana,Avenida,AV. RAUL ALFONSIN,4000,LOS TILOS,,-2.747.415,-5.880.140,3,1,0,3,0,Colisión entre vehículos,Colisión entre vehículos,S/D,,"Alcance, Rozamiento",3,Recta,,,NO,,Hormigón,,Apto,Seca,,Cordón Divisorio,,,,Si,No,S/D,Día,NO,Sin Restricción,Despejado,Buena,,Sin Semáforo
48829,OBSERVATORIO VIAL,2018-08-15,15:15:00,CORRIENTES,18,CAPITAL,21,CORRIENTES,Urbana,Avenida,AVENIDA RAUL ALFONSIN,4000,DON JUSTINO,,-2.751.476,-5.875.405,0,3,0,2,0,Colisión entre vehículos,Colisión entre vehículos,S/D,,Angulo,2,Recta,,,NO,,Asfalto,,Apto,Seca,,,,,,No,No,No,Día,NO,Sin Restricción,Despejado,Buena,,Sin Semáforo
49141,OBSERVATORIO VIAL,2018-12-06,18:10:00,CORRIENTES,18,CAPITAL,21,CORRIENTES,Urbana,Calle,CUBA,5900,RUTA 12,,-2.750.460,-5.877.375,2,0,0,2,0,Colisión entre vehículos,Colisión entre vehículos,S/D,,Alcance,2,Recta,Intersección / cruce,,NO,,Asfalto,,Apto,"Despejada, Seca",,Ninguna,,,,No,No,No,Atardecer,NO,Sin Restricción,Despejado,Buena,,Sin Semáforo
48831,OBSERVATORIO VIAL,2018-08-10,8:20:00,CORRIENTES,18,CAPITAL,21,CORRIENTES,Urbana,Calle,GENERAL PAZ,1800,PIO XII,,-2.747.827,-5.883.681,1,1,0,2,0,Colisión entre vehículos,Colisión entre vehículos,S/D,,,2,Recta,Intersección / cruce,,NO,,Asfalto,,Apto,Seca,,Ninguna,,,,S/D,S/D,S/D,Día,NO,Sin Restricción,Niebla / Neblina,Niebla/Neblina,,Sin Semáforo
49063,OBSERVATORIO VIAL,2018-11-02,19:00:00,CORRIENTES,18,CAPITAL,21,CORRIENTES,Urbana,Calle,25 DE mayo,1852,JUJY,,-2.746.510,-5.882.754,1,1,0,2,0,Colisión entre vehículos,Colisión entre vehículos,S/D,,Rozamiento,2,Recta,,,NO,,Hormigón,,Apto,Seca,,Ninguna,,,,No,No,No,Atardecer,NO,Sin Restricción,Nublado,Buena,,Sin Semáforo
49193,OBSERVATORIO VIAL,2018-12-27,8:15:00,CORRIENTES,18,CAPITAL,21,CORRIENTES,Urbana,Avenida,ARMENIA,4800,MONTEAGUDO,,-2.746.681,-5.879.078,1,2,0,2,0,"Caída desde vehículo, Colisión entre vehículos",Colisión entre vehículos,S/D,,,2,Recta,Intersección / cruce,,NO,,Asfalto,,Baches,Despejada,,Ninguna,,,,No,No,No,Día,NO,Sin Restricción,Despejado,Buena,,Sin Semáforo
49120,OBSERVATORIO VIAL,2018-11-30,7:05:00,CORRIENTES,18,CAPITAL,21,CORRIENTES,Urbana,Calle,SAN MARTIN,2300,PERU,,-2.747.125,-5.882.184,2,0,0,2,0,Colisión entre vehículos,Colisión entre vehículos,S/D,,Angulo,2,Recta,Intersección / cruce,,NO,,Hormigón,,Apto,Seca,,Ninguna,,,,Si,S/D,S/D,Día,NO,Sin Restricción,Despejado,Buena,,Sin Semáforo
48803,OBSERVATORIO VIAL,2018-08-02,10:30:00,CORRIENTES,18,CAPITAL,21,CORRIENTES,Urbana,Calle,LAS HERAS,44000,MEDRANO,,-2.748.542,-5.879.905,1,1,0,2,0,Colisión entre vehículos,Colisión entre vehículos,S/D,,,2,Recta,Intersección / cruce,,NO,,Hormigón,,Apto,Seca,,Ninguna,,,,S/D,S/D,,Día,NO,,Nublado,Buena,,Sin Semáforo
49197,OBSEVATORIO VIAL,2018-12-29,21:00:00,CORRIENTES,18,CAPITAL,21,CORRIENTES,Urbana,Calle,CATAMARCA,1300,BELGRANO,,-2.747.238,-5.883.356,2,0,0,2,0,Colisión entre vehículos,Colisión entre vehículos,S/D,,Angulo,2,Recta,Intersección / cruce,,NO,,Asfalto,,Apto,Seca,,,,,,No,No,No,Noche,SI,Sin Restricción,Despejado,Buena,,Sin Semáforo
48899,OBSERVATORIO VIAL,2018-09-01,14:25:00,CORRIENTES,18,CAPITAL,21,CORRIENTES,Urbana,Calle,MADARIAGA,800,BLAS PARERA,,-2.748.239,-5.884.140,2,2,0,2,0,Colisión entre vehículos,Colisión entre vehículos,S/D,,Rozamiento,2,Recta,Intersección / cruce,,,,Hormigón,,Apto,Mojada,,Ninguna,,,,Si,,,Día,NO,Sin Restricción,Lluvia,,GARUA,Sin Semáforo
49003,OBSERVATORIO VIAL,2018-10-07,21:45:00,CORRIENTES,18,CAPITAL,21,CORRIENTES,Urbana,Calle,JUNIN,1900,PARAGUAY,,-2.746.851,-5.882.661,2,0,0,2,0,"Choque, Colisión entre vehículos",Colisión entre vehículos,S/D,,"En calzada, Rozamiento",2,Recta,Intersección / cruce,,NO,,Asfalto,,Apto,Seca,,Ninguna,,,,S/D,S/D,S/D,Día,SI,Sin Restricción,Despejado,Buena,,Sin Semáforo
49072,OBSERVATORIO VIAL,2018-11-06,17:35:00,CORRIENTES,18,CAPITAL,21,CORRIENTES,Urbana,Calle,COLOMBIA,900,PLAYA MIRAMAR,,-2.746.993,-5.881.660,1,1,0,2,0,Colisión entre vehículos,Colisión entre vehículos,S/D,,Angulo,2,Recta,,,NO,,Hormigón,,Apto,,,Ninguna,,,,Si,No,No,Atardecer,NO,Sin Restricción,Lluvia,Buena,,Sin Semáforo
48814,OBSERVATORIO VIAL,2018-08-04,14:05:00,CORRIENTES,18,CAPITAL,21,CORRIENTES,Urbana,Avenida,AV. INDEPENDENCIA,5098,GODOY CRUZ,,-2.748.379,-5.878.964,1,1,0,2,0,Colisión entre vehículos,Colisión entre vehículos,S/D,,Angulo,2,Recta,Intersección / cruce,,NO,,Asfalto,,Apto,,,Cordón Divisorio,,,,Si,Si,No,Día,SI,Sin Restricción,Despejado,Buena,,Funciona
48905,OBSERVATORIO VIAL,2018-09-04,19:00:00,CORRIENTES,18,CAPITAL,21,CORRIENTES,Urbana,Avenida,AV FERRE,2600,AV ARTIGAS,,-2.747.790,-5.881.974,2,0,0,2,0,Colisión entre vehículos,Colisión entre vehículos,S/D,,Alcance,2,Recta,Intersección / cruce,,NO,,Asfalto,,Apto,Seca,,Cordón Divisorio,,,,Si,Si,,Día,NO,Sin Restricción,Despejado,Buena,,Funciona
48889,OBSERVATORIO VIAL,2018-09-02,7:48:00,CORRIENTES,18,CAPITAL,21,CORRIENTES,Urbana,Avenida,AV LAPRIDA,750,GABRIELA MISTRAL,MARECHAL,-2.746.951,-5.878.743,0,2,0,2,0,Colisión entre vehículos,Colisión entre vehículos,S/D,ATROPELLO A BICICLETA,Rozamiento,2,Recta,,AVENIDA,NO,,Asfalto,,Apto,Mojada,,Cordón Divisorio,,,,No,No,No,Día,NO,,"Lluvia, Viento",Lluvia,,Sin Semáforo
48894,OBSERVATORIO VIAL,2018-08-31,6:00:00,CORRIENTES,18,CAPITAL,21,CORRIENTES,Urbana,Calle,NECOCHEA,1700,REPUBLICA DEL LIBANO,,-2.748.010,-5.883.020,0,1,0,1,0,Caída desde vehículo,Caída desde vehículo,S/D,,,1,Recta,Intersección / cruce,,NO,,Asfalto,,Apto,Mojada,,,,,,,,,Amanecer,NO,Sin Restricción,Granizo,Lluvia,,
48964,OBSERVATORIO VIAL,2018-09-26,9:00:00,CORRIENTES,18,CAPITAL,21,CORRIENTES,Urbana,Calle,JOSE RAMON VIDAL,3400,TARAGUI,,-2.749.504,-5.884.106,0,1,0,1,0,Atropello a animal/es,Atropello a animal/es,S/D,,,1,Recta,Intersección / cruce,,NO,,Hormigón,,Apto,Seca,,Ninguna,,,,No,No,No,Día,NO,Sin Restricción,Despejado,Buena,,Sin Semáforo
49095,OBSERVATORIO VIAL,2018-11-18,12:20:00,CORRIENTES,18,CAPITAL,21,CORRIENTES,Urbana,Calle,ALTA GRACIA,3996,LOS ATACAMAS,,-2.750.804,-5.881.330,1,1,0,2,0,Colisión entre vehículos,Colisión entre vehículos,S/D,,Alcance,2,Recta,Intersección / cruce,,NO,,Hormigón,,Apto,Seca,,Ninguna,,,,No,No,No,Día,NO,Sin Restricción,Nublado,Buena,,No Funciona
48993,OBSERVATORIO VIAL,2018-10-05,10:45:00,CORRIENTES,18,CAPITAL,21,CORRIENTES,Urbana,Calle,LAS PIEDRAS,1600,LAVALLE,,-2.748.273,-5.880.080,2,0,0,2,0,Colisión entre vehículos,Colisión entre vehículos,S/D,,Alcance,2,Recta,,,NO,,Hormigón,,Apto,Seca,,Ninguna,,,,S/D,S/D,S/D,Día,NO,Sin Restricción,Despejado,Buena,,Sin Semáforo
49049,OBSERVATORIO VIAL.,2018-10-27,17:00:00,CORRIENTES,18,CAPITAL,21,CORRIENTES,Urbana,Calle,SALTA,1500,,,-2.747.414,-5.883.957,2,0,0,2,0,Colisión entre vehículos,Colisión entre vehículos,S/D,,,2,Recta,Intersección / cruce,,NO,,Adoquín,,Apto,Seca,,Ninguna,,,,No,No,No,Día,NO,,Despejado,Buena,,Sin Semáforo
49115,OBSERVATORIO VIAL,2018-11-27,20:45:00,CORRIENTES,18,CAPITAL,21,CORRIENTES,Urbana,Avenida,AV. MAIPU,820,,,-2.748.636,-5.882.329,2,1,0,3,0,,,S/D,,,3,Recta,Intersección / cruce,,NO,,Asfalto,,Apto,Seca,,Cordón Divisorio,,,,Si,Si,No,Noche,NO,Sin Restricción,Nublado,Buena,,Funciona
49169,OBSERVATORIO VIAL,2018-12-14,10:00:00,CORRIENTES,18,CAPITAL,21,CORRIENTES,Urbana,Avenida,AV 3 DE ABRIL,1400,CATAMARCA,,-2.747.589,-5.883.392,1,1,0,2,0,Colisión entre vehículos,Colisión entre vehículos,S/D,,,2,Recta,Intersección / cruce,,NO,,Hormigón,,Apto,"Despejada, Seca",,Ninguna,,,,Si,Si,,Día,NO,Sin Restricción,"Despejado, Viento",Buena,,Funciona
49186,OBSERVATORIO VIAL,2018-12-22,11:45:00,CORRIENTES,18,CAPITAL,21,CORRIENTES,Urbana,Avenida,AV. 3 DE ABRIL,1598,SAN JUAN,,-2.747.572,-5.883.760,1,1,0,2,0,"Choque, Colisión entre vehículos",Colisión entre vehículos,S/D,,"Alcance, En calzada",2,Recta,Intersección / cruce,,NO,,Asfalto,,Apto,Seca,,Cordón Divisorio,,,,S/D,S/D,S/D,Día,,Sin Restricción,Despejado,Buena,,Funciona
48976,OBSERVATORIO VIAL,2018-09-29,6:50:00,CORRIENTES,18,CAPITAL,21,CORRIENTES,Rural,Ruta Nacional,12,1032,FRENTE A ERAGIA,,-2.747.835,-5.878.308,0,1,0,1,0,"Caída desde vehículo, Colisión entre vehículos",Colisión entre vehículos,S/D,COLISION A CARTEL INDICADOR,"Frontal, Rozamiento",1,Recta,Fuera de calzada,,NO,,Asfalto,,Apto,Seca,,,CONOS,,,Si,No,Si,Día,NO,,Despejado,Buena,,Sin Semáforo
48987,OBSERVATORIO VIAL,2018-10-02,17:00:00,CORRIENTES,18,CAPITAL,21,CORRIENTES,Urbana,Avenida,AVENIDA LIBERTAD,6690,RUTA 12,,-2.746.129,-5.876.819,1,2,0,2,0,Colisión entre vehículos,Colisión entre vehículos,S/D,,,2,Recta,Intersección / cruce,,NO,,Asfalto,,Apto,Seca,,,,,,No,No,No,Atardecer,NO,,Nublado,Buena,,Sin Semáforo
49103,OBSERVATORIO VIAL,2018-11-21,16:55:00,CORRIENTES,18,CAPITAL,21,CORRIENTES,Urbana,Avenida,AV. CAZADORES CORRENTINOS,2300,,,-2.748.622,-5.882.083,2,1,0,3,0,Colisión entre vehículos,Colisión entre vehículos,S/D,,,3,Recta,Intersección / cruce,,NO,,Hormigón,,Apto,Seca,,Cordón Divisorio,,,,Si,Si,No,Día,NO,Sin Restricción,,,,Funciona
48997,OBSERVATORIO VIAL,2018-10-07,11:40:00,CORRIENTES,18,CAPITAL,21,CORRIENTES,Urbana,Avenida,PATAGONIA,2300,JOSE HERNANDEZ,,-2.749.230,-5.882.256,1,2,0,2,1,Atropello a peatón/es,Atropello a peatón/es,S/D,,,3,Recta,,,NO,,Hormigón,,Apto,Despejada,,,PARTERRE,,,,Si,,Día,NO,,Despejado,Buena,,Sin Semáforo
48971,OBSERVATORIO VIAL,2018-09-27,7:20:00,CORRIENTES,18,CAPITAL,21,CORRIENTES,Urbana,Avenida,AVENIDA CENTENARIO,4900,ARAOS,,-2.748.187,-5.875.818,2,1,0,2,0,Colisión entre vehículos,Colisión entre vehículos,S/D,,Angulo,2,Recta,Intersección / cruce,,NO,,Hormigón,,Apto,Seca,,Vegetación,,,,,,,Día,NO,Sin Restricción,Despejado,Buena,,
49132,OBSERVATORIO VIAL,2018-12-04,8:10:00,CORRIENTES,18,CAPITAL,21,CORRIENTES,Urbana,Calle,SUIZA,3300,REPUBLICA DOMINICANA,,-2.747.613,-5.881.072,2,0,0,2,0,Colisión entre vehículos,Colisión entre vehículos,S/D,,Angulo,2,Recta,Intersección / cruce,,NO,,Asfalto,,Apto,Seca,,,,,,No,No,No,Día,SI,Sin Restricción,Despejado,Buena,,Sin Semáforo
48926,OBSERVATORIO VIAL,2018-09-13,5:00:00,CORRIENTES,18,CAPITAL,21,CORRIENTES,Urbana,Calle,PIO 12,1200,LAS HERAS,,-2.748.068,-5.883.714,1,1,0,2,0,Colisión entre vehículos,Colisión entre vehículos,S/D,,Angulo,2,Recta,Intersección / cruce,,NO,,Hormigón,,Apto,Mojada,,,,,,No,No,No,Noche,SI,Sin Restricción,Nublado,Buena,,Sin Semáforo
48804,OBSERVATORIO VIAL,2018-08-02,20:10:00,CORRIENTES,18,CAPITAL,21,CORRIENTES,Urbana,Calle,H. HIRIGOYEN,2299,PERU,ROCA,-2.747.014,-5.882.161,0,1,0,1,0,"Caída desde vehículo, Despiste",Despiste,Si,,,1,Recta,Intersección / cruce,,NO,,Asfalto,,Apto,,,Ninguna,,,,S/D,S/D,,Noche,SI,Sin Restricción,Despejado,Buena,,Sin Semáforo
49075,OBSERVATORIO VIAL,2018-11-07,17:45:00,CORRIENTES,18,CAPITAL,21,CORRIENTES,Urbana,Avenida,AVENIDA RAUL ALFONSIN,4800,ONTIVEROS,,-2.747.606,-5.879.265,1,1,0,2,0,Colisión entre vehículos,Colisión entre vehículos,S/D,,Angulo,2,Recta,Intersección / cruce,,NO,,Hormigón,,Apto,Seca,,Cordón Divisorio,,,,Si,No,No,Atardecer,NO,Sin Restricción,Despejado,Buena,,Sin Semáforo
49199,OBSERVATORIO VIAL,2018-12-30,7:00:00,CORRIENTES,18,CAPITAL,21,CORRIENTES,Urbana,Avenida,AV MAIPU,3763,,,-2.750.928,-5.881.025,1,0,0,1,0,"Choque, Colisión entre vehículos, Despiste",Colisión entre vehículos,Si,,Columna,1,Recta,Intersección / cruce,,NO,,Hormigón,,Apto,"Despejada, Seca",,Cordón Divisorio,,,,S/D,S/D,S/D,Día,NO,Sin Restricción,Despejado,Buena,,Sin Semáforo
48982,OBSERVATORIO VIAL,2018-10-01,18:15:00,CORRIENTES,18,CAPITAL,21,CORRIENTES,Urbana,Avenida,AVENIDA VIDAL,1796,GENERAL PAZ,CABILDO,-2.748.056,-5.881.520,1,1,0,1,1,Atropello a peatón/es,Atropello a peatón/es,S/D,,,2,Recta,Intersección / cruce,,NO,,Hormigón,,Apto,Seca,,Cordón Divisorio,,,,Si,Si,S/D,Atardecer,NO,Sin Restricción,Nublado,Buena,,Funciona
48953,OBSERVATORIO VIAL,2018-09-20,17:35:00,CORRIENTES,18,CAPITAL,21,CORRIENTES,Urbana,Calle,BUENOS AIRES,800,MORENO,,-2.747.294,-5.884.097,2,0,0,2,0,Colisión entre vehículos,Colisión entre vehículos,S/D,,Rozamiento,2,Recta,Intersección / cruce,,,,Hormigón,,Apto,Seca,,,,,,Si,No,S/D,Día,,,Despejado,Buena,,Sin Semáforo
48897,OBSERVATORIO VIAL,2018-08-31,8:30:00,CORRIENTES,18,CAPITAL,21,CORRIENTES,Urbana,Calle,GUTEMBERG,1598,TENIENTE CUNDOM,,-2.748.593,-5.883.251,1,1,1,2,0,Colisión entre vehículos,Colisión entre vehículos,S/D,,,2,Recta,Intersección / cruce,,NO,,Hormigón,,Ahuellamiento,Seca,,,,,,S/D,S/D,S/D,Día,NO,,Despejado,Buena,,Sin Semáforo
48908,OBSERVATORIO VIAL.,2018-09-05,13:30:00,CORRIENTES,18,CAPITAL,21,CORRIENTES,Urbana,Avenida,TRES DE ABRIL,1600,SANTA FE,,-2.747.633,-5.883.143,1,1,0,2,0,Colisión entre vehículos,Colisión entre vehículos,S/D,,Angulo,2,Recta,Intersección / cruce,,NO,,Hormigón,,Apto,Seca,,Ninguna,,,,Si,Si,,Día,NO,Sin Restricción,Despejado,Buena,,Funciona
48828,OBSERVATORIO VIAL,2018-08-16,20:10:00,CORRIENTES,18,CAPITAL,21,CORRIENTES,Urbana,Avenida,3 DE abril,1598,SAN JUAN,,-2.747.544,-5.883.758,0,2,0,1,0,"Caída desde vehículo, Despiste",Despiste,Si,,,1,Recta,Intersección / cruce,,SI,,Asfalto,,Apto,,,Ninguna,,,,Si,Si,No,Noche,SI,Sin Restricción,Despejado,Buena,,Funciona
48873,OBSERVATORIO VIAL,2018-08-26,21:02:00,CORRIENTES,18,CAPITAL,21,CORRIENTES,Urbana,Avenida,AV PAYSANDU,3400,RAFAELA,,-2.749.751,-5.882.537,1,1,0,2,0,Colisión entre vehículos,Colisión entre vehículos,S/D,,,2,Recta,Intersección / cruce,,NO,,Asfalto,,Apto,Seca,,,,,,,,,Noche,SI,,Despejado,Buena,,Sin Semáforo
49129,OBSERVATORIO VIAL,2018-12-02,13:05:00,CORRIENTES,18,CAPITAL,21,CORRIENTES,Urbana,Ruta Nacional,12,1080,FRENTE ERAGIA,,-2.747.458,-5.878.185,2,1,0,2,0,Colisión entre vehículos,Colisión entre vehículos,S/D,,Angulo,2,Curva,Intersección / cruce,,NO,,Asfalto,,,,,Ninguna,,,,Si,Si,Si,Día,NO,Sin Restricción,Despejado,Buena,,Sin Semáforo
48946,OBSERVATORIO VIAL,2018-09-18,23:05:00,CORRIENTES,18,CAPITAL,21,CORRIENTES,Urbana,Avenida,AV. PEDRO FERRE,1599,,AV. CHACABUCO,-2.747.844,-5.881.462,1,1,0,1,1,Atropello a peatón/es,Atropello a peatón/es,S/D,,,2,Recta,Intersección / cruce,,NO,,Hormigón,,Apto,Seca,,Cordón Divisorio,,,,Si,Si,S/D,Noche,SI,Sin Restricción,Despejado,Buena,,Funciona
49051,OBSERVATORIO VIAL,2018-10-28,21:00:00,CORRIENTES,18,CAPITAL,21,CORRIENTES,Urbana,Avenida,AV. CHACABUCO,1600,LAVALLE,,-2.747.934,-5.881.488,1,1,0,2,0,Colisión entre vehículos,Colisión entre vehículos,S/D,,Angulo,2,Recta,Intersección / cruce,,,,Hormigón,,Apto,Seca,,Ninguna,,,,No,No,No,,SI,Sin Restricción,,,,Sin Semáforo
49144,OBSERVATORIO VIAL,2018-11-07,8:40:00,CORRIENTES,18,CAPITAL,21,CORRIENTES,Urbana,Calle,GUASTAVINO,700,,MADARIAGA,-2.748.216,-5.884.399,1,1,0,2,0,Colisión entre vehículos,Colisión entre vehículos,S/D,,Angulo,2,Recta,,,NO,,Hormigón,,Apto,,,Ninguna,,,,Si,,,Día,NO,,Despejado,Buena,,
49151,OBSERVATORIO VIAL,2018-12-08,19:15:00,CORRIENTES,18,CAPITAL,21,CORRIENTES,Urbana,Avenida,AVENIDA CAZADORES CORRENTINOS,3729,,,,,0,1,0,1,0,Caída desde vehículo,Caída desde vehículo,S/D,,,1,Recta,Intersección / cruce,,NO,,Hormigón,,Apto,Seca,,Ninguna,,,,No,No,No,Atardecer,NO,,Despejado,,,Sin Semáforo
49158,OBSERVATORIO VIAL,2018-12-11,17:45:00,CORRIENTES,18,CAPITAL,21,CORRIENTES,Urbana,Calle,TUCUMAN,500,QUINTANA,,-2.746.265,-5.884.137,2,0,0,2,0,Colisión entre vehículos,Colisión entre vehículos,S/D,,Angulo,2,Recta,Intersección / cruce,,NO,,Asfalto,,Apto,"Despejada, Seca",,Ninguna,,,,No,No,No,Día,SI,Sin Restricción,Despejado,Buena,,Sin Semáforo
49146,OBSERVATORIO VIAL,2018-12-07,11:05:00,CORRIENTES,18,CAPITAL,21,CORRIENTES,Urbana,Avenida,AVENIDA COSTANERA,800,PAGO LARGO,,-2.746.565,-5.884.792,1,1,0,2,0,"Choque, Colisión entre vehículos",Colisión entre vehículos,S/D,,"En calzada, Rozamiento",2,Recta,Intersección / cruce,,NO,,Asfalto,,Apto,Seca,,Ninguna,,,,Si,Si,,Día,NO,,Despejado,Buena,,Sin Semáforo
48809,DIRECCIÓN GRAL. SEGURIDAD VIAL,2018-08-04,6:30:00,CORRIENTES,18,CAPITAL,21,CORRIENTES,Urbana,Calle,MADARIAGA,661,,,-2.748.207,-5.884.454,0,2,0,1,0,"Choque, Colisión entre vehículos, Despiste",Colisión entre vehículos,Si,,"Columna, Frontal",1,Recta,Intersección / cruce,,NO,,Asfalto,,Apto,Seca,,Ninguna,,,,No,No,Si,Día,,Sin Restricción,Niebla / Neblina,Niebla/Neblina,,Sin Semáforo
48923,OBSERVATORIO VIAL,2018-09-09,22:00:00,CORRIENTES,18,CAPITAL,21,CORRIENTES,Urbana,Avenida,AVENIDA INDEPENDENCIA,4200,LAS PIEDRAS,,-2.748.136,-5.880.067,0,1,0,1,0,Despiste,Despiste,Si,,,1,Recta,Intersección / cruce,,,,Hormigón,,Apto,,,,,,,S/D,S/D,S/D,Noche,SI,Sin Restricción,Despejado,Buena,,Sin Semáforo
49174,OBSERVATORIO VIAL,2018-12-17,15:50:00,CORRIENTES,18,CAPITAL,21,CORRIENTES,Urbana,Avenida,AV RIO CHICO,5400,LANARI,,-2.746.108,-5.878.153,1,1,0,2,0,Colisión entre vehículos,Colisión entre vehículos,S/D,,Angulo,2,Recta,Intersección / cruce,,NO,,Hormigón,,Apto,Despejada,,Cordón Divisorio,,,,No,No,No,Día,NO,Sin Restricción,Despejado,Buena,,No Funciona
48868,OBSERVATORIO VIAL,2018-08-25,8:00:00,CORRIENTES,18,CAPITAL,21,CORRIENTES,Urbana,Avenida,AV. SARMIENTO,1698,NECOCHEA,,-2.748.021,-5.883.055,1,1,0,2,0,Colisión entre vehículos,Colisión entre vehículos,S/D,,Frontal,2,Recta,Intersección / cruce,,NO,,Asfalto,,Apto,Seca,,Ninguna,,,,No,S/D,S/D,Día,NO,Sin Restricción,Despejado,Buena,,Sin Semáforo
49031,OBSERVATORIO VIAL,2018-10-14,18:20:00,CORRIENTES,18,,,CORRIENTES,Urbana,Avenida,LAS PIEDRA,2400,,HAWAY,-2.748.956,-5.880.249,2,0,0,2,0,Colisión entre vehículos,Colisión entre vehículos,S/D,,Angulo,2,Recta,Intersección / cruce,,NO,,Asfalto,,Apto,Seca,,Ninguna,,,,S/D,No,No,Día,NO,Sin Restricción,Despejado,Buena,,Sin Semáforo
49004,OBSERVATORIO VIAL,2018-10-09,19:00:00,CORRIENTES,18,CAPITAL,21,CORRIENTES,Urbana,Calle,CATAMARCA,900,JUNIN,,-2.746.798,-5.883.310,0,2,0,1,1,Atropello a peatón/es,Atropello a peatón/es,S/D,,,2,Recta,Intersección / cruce,,NO,,Hormigón,,Apto,Seca,,Ninguna,,,,Si,Si,No,Atardecer,NO,Sin Restricción,Nublado,Buena,,Funciona
49105,OBSERVATORIO VIAL,2018-11-22,8:00:00,CORRIENTES,18,CAPITAL,21,CORRIENTES,Urbana,Avenida,ARTIGAS,1200,BOLIVAR,,-2.747.271,-5.881.890,2,0,0,2,0,Colisión entre vehículos,Colisión entre vehículos,S/D,,,2,Recta,Intersección / cruce,,NO,,Asfalto,,Apto,Seca,,Ninguna,,,,S/D,S/D,S/D,Día,NO,,Despejado,Buena,,Sin Semáforo
49061,OBSERVATORIO VIAL,2018-11-01,18:05:00,CORRIENTES,18,CAPITAL,21,CORRIENTES,Urbana,Calle,107,900,BELASCOAIN,,-2.748.535,-5.876.789,2,1,0,2,0,Colisión entre vehículos,Colisión entre vehículos,S/D,,Angulo,2,Recta,Intersección / cruce,,NO,,Tierra,,Apto,Seca,,Ninguna,,,,No,No,No,Atardecer,NO,Sin Restricción,Nublado,Buena,,Sin Semáforo
48898,OBSERVATORIO VIAL,2018-09-04,18:15:00,CORRIENTES,18,CAPITAL,21,CORRIENTES,Urbana,Calle,CORDOBA,1500,RIVADAVIA,,-2.747.455,-5.883.521,2,0,0,2,0,Colisión entre vehículos,Colisión entre vehículos,S/D,,,2,Recta,Intersección / cruce,,NO,,Asfalto,,Apto,Seca,,Ninguna,,,,Si,,,Atardecer,NO,Sin Restricción,Despejado,Buena,,
48988,OBSERVATORIO VIAL,2018-10-05,9:10:00,CORRIENTES,18,CAPITAL,21,CORRIENTES,Urbana,Calle,SAN LUIS,1400,BOLIVAR,,-2.747.033,-5.884.321,1,1,0,2,0,Colisión entre vehículos,Colisión entre vehículos,S/D,,Angulo,2,Recta,Intersección / cruce,,NO,,Asfalto,,Apto,Seca,,Ninguna,,,,S/D,,,Día,NO,Sin Restricción,Despejado,Buena,,Sin Semáforo
49024,OBSERVATORIO VIAL,2018-10-18,16:50:00,CORRIENTES,18,CAPITAL,21,CORRIENTES,Urbana,Calle,DOMINGO LASTRA,900,,MARECHAL,-2.746.902,-5.878.861,2,1,0,2,0,Colisión entre vehículos,Colisión entre vehículos,S/D,,Angulo,2,Recta,Intersección / cruce,,NO,,Tierra,,Apto,Seca,,Ninguna,,,,No,No,No,Atardecer,NO,Sin Restricción,Despejado,Buena,,Sin Semáforo
48963,OBSERVATORIO VIAL,2018-09-26,7:55:00,CORRIENTES,18,CAPITAL,21,CORRIENTES,Urbana,Avenida,AVENIDA AGUIRRE,700,CALLE 522,,-2.752.105,-5.879.128,1,1,0,2,0,Colisión entre vehículos,Colisión entre vehículos,S/D,,Angulo,2,Recta,Intersección / cruce,,NO,,Hormigón,,Apto,Seca,,Ninguna,,,,No,No,No,Día,NO,Sin Restricción,Despejado,Buena,,Sin Semáforo
49021,OBSERVATORIO VIAL,2018-10-22,13:35:00,CORRIENTES,18,CAPITAL,21,CORRIENTES,Urbana,Avenida,AVENIDA CAZADORES CORRENTINOS,2290,,,-2.748.617,-5.882.268,1,1,0,2,0,Colisión entre vehículos,Colisión entre vehículos,S/D,,Angulo,2,Recta,Intersección / cruce,,NO,,Hormigón,,Apto,Seca,,Cordón Divisorio,,,,S/D,,,Día,NO,Obra en Construcción,Despejado,Buena,,Sin Semáforo
49038,OBSERVATORIO VIAL,2018-10-25,5:40:00,CORRIENTES,18,CAPITAL,21,CORRIENTES,Urbana,Calle,CORDOBA,1200,BELGRANO,,-2.747.226,-5.883.494,2,0,0,2,0,Colisión entre vehículos,Colisión entre vehículos,S/D,,Angulo,2,Recta,Intersección / cruce,,NO,,Asfalto,,Apto,"Despejada, Seca",,Ninguna,,,,No,Si,S/D,Día,SI,Sin Restricción,Despejado,Buena,,Sin Semáforo
49109,OBSERVATORIO VIAL,2018-11-24,8:15:00,CORRIENTES,18,CAPITAL,21,CORRIENTES,Urbana,Avenida,Av tres de abril,1120,MENDOZA,SAN JUAN,-2.747.583,-5.883.711,3,1,0,4,0,,,S/D,,,4,Recta,,,NO,,Asfalto,,Apto,Seca,,Ninguna,,,,S/D,S/D,S/D,Día,NO,Sin Restricción,Despejado,Buena,,Funciona
48879,OBSERVATORIO VIAL,2018-08-28,8:10:00,CORRIENTES,18,CAPITAL,21,CORRIENTES,Urbana,Avenida,AVENIDA PRESIDENTE RAUL ALFONSIN,4200,RIO JURAMENTO,,-2.747.502,-5.879.824,1,1,0,2,0,Colisión entre vehículos,Colisión entre vehículos,S/D,,Angulo,2,Recta,Intersección / cruce,,NO,,Asfalto,,Apto,,,,,,,,,,Día,NO,,Despejado,Buena,,Funciona
48895,OBSERVATORIO VIAL,2018-08-31,6:30:00,CORRIENTES,18,CAPITAL,21,CORRIENTES,Urbana,Avenida,AV. MAIPU,8000,,,-2.752.224,-5.879.936,0,1,0,1,0,"Caída desde vehículo, Despiste",Despiste,Si,,,1,Recta,Intersección / cruce,,NO,,Asfalto,,Apto,Seca,,,,,,S/D,S/D,S/D,Día,NO,Sin Restricción,Despejado,Buena,,Sin Semáforo
48990,OBSERVATORIO VIAL,2018-10-02,21:45:00,CORRIENTES,18,CAPITAL,21,CORRIENTES,Urbana,Avenida,RIVADAVIA,300,CNEL BLANCO,,-2.747.300,-5.884.767,1,1,0,2,0,Colisión entre vehículos,Colisión entre vehículos,S/D,,Rozamiento,2,Recta,Intersección / cruce,,NO,,Asfalto,,Apto,,,Ninguna,,,,No,No,No,Noche,SI,Sin Restricción,Despejado,Buena,,Sin Semáforo
48827,OBSERVATORIO VIAL,2018-08-15,14:40:00,CORRIENTES,18,CAPITAL,21,CORRIENTES,Urbana,Avenida,AV. INDEPENDENCIA,3700,TACUARI,,-2.747.962,-5.880.637,1,1,0,2,0,Colisión entre vehículos,Colisión entre vehículos,S/D,,Alcance,2,Recta,Intersección / cruce,,NO,,Asfalto,,Apto,Seca,,Cordón Divisorio,,,,Si,,,Día,NO,Sin Restricción,Despejado,Buena,,Funciona
48984,OBSERVATORIO VIAL,2018-10-01,3:30:00,CORRIENTES,18,CAPITAL,21,CORRIENTES,Urbana,Avenida,AVENIDA LIBERTAD,5100,,,-2.746.637,-5.878.821,0,1,0,1,0,Caída desde vehículo,Caída desde vehículo,S/D,,,1,Recta,Fuera de calzada,,,,Hormigón,,Apto,Seca,,Cordón Divisorio,,,,,,,Noche,,Sin Restricción,Despejado,Buena,,
49113,OBSERATORIO VIAL,2018-11-27,7:50:00,CORRIENTES,18,CAPITAL,21,CORRIENTES,Urbana,Avenida,AV. INDEPENDENCIA,5500,,,-2.748.396,-5.878.315,2,0,0,2,0,Colisión entre vehículos,Colisión entre vehículos,S/D,,Alcance,2,Recta,Intersección / cruce,,NO,,Hormigón,,Apto,Seca,,Ninguna,,,,No,No,No,,NO,,Despejado,Buena,,Sin Semáforo
48925,OBSERVATORIO VIAL,2018-09-11,11:45:00,CORRIENTES,18,CAPITAL,21,CORRIENTES,Urbana,Calle,SAN MARTIN,1100,SAN JUAN,,-2.746.980,-5.883.696,3,0,0,3,0,Colisión entre vehículos,Colisión entre vehículos,S/D,,Multiple,3,Recta,,,NO,,Asfalto,,Apto,Seca,,,,,,No,No,No,Día,NO,,Despejado,Buena,,Sin Semáforo
48994,OBSERVATORIO VIAL,2018-10-10,4:45:00,CORRIENTES,18,CAPITAL,21,CORRIENTES,Urbana,Avenida,AVENIDA INDEPENDENCIA,3405,CASTELLI,,-2.747.926,-5.880.960,1,1,0,2,0,Colisión entre vehículos,Colisión entre vehículos,S/D,,Angulo,2,Recta,Intersección / cruce,,NO,,Hormigón,,Apto,Seca,,Ninguna,,,,Si,Si,S/D,Noche,SI,Sin Restricción,Nublado,Buena,,Funciona
48871,OBSERVATORIO VIAL,2018-08-26,2:40:00,CORRIENTES,18,CAPITAL,21,CORRIENTES,Urbana,Avenida,AV VERA,1400,,,-2.746.126,-5.883.235,2,0,0,2,0,Colisión entre vehículos,Colisión entre vehículos,S/D,,Alcance,2,Recta,,RECTA,NO,,Asfalto,,Apto,,,Cordón Divisorio,,,,,,,Amanecer,SI,,Despejado,Buena,,
49055,OBSERVATORIO VIAL,2018-10-29,18:30:00,CORRIENTES,18,CAPITAL,21,CORRIENTES,Urbana,Avenida,AV. INDEPENDENCIA,5328,,,-2.748.416,-5.878.658,2,0,0,2,0,Colisión entre vehículos,Colisión entre vehículos,S/D,,,2,Recta,Intersección / cruce,,NO,,Hormigón,,Apto,Seca,,Cordón Divisorio,,,,Si,Si,No,Día,NO,Sin Restricción,Despejado,Buena,,Funciona
48920,OBSERVATORIO VIAL,2018-09-09,18:30:00,CORRIENTES,18,CAPITAL,21,CORRIENTES,Urbana,Avenida,AVENIDA JUAN ROMERO,600,ALBERDI,,-2.748.452,-5.884.558,2,0,0,2,0,Colisión entre vehículos,Colisión entre vehículos,S/D,,Angulo,2,Recta,Intersección / cruce,,NO,,Hormigón,,Apto,Seca,,Ninguna,,,,No,Si,S/D,Atardecer,NO,Sin Restricción,Despejado,Buena,,Funciona
48961,OBSERVATORIO VIAL,2018-09-25,12:20:00,CORRIENTES,18,CAPITAL,21,CORRIENTES,Urbana,Avenida,AV. TENIENTE IBAÑEZ,2400,CORDOBA,,-2.748.558,-5.883.649,1,1,0,2,0,Colisión entre vehículos,Colisión entre vehículos,S/D,,,2,Recta,Intersección / cruce,,NO,,,,Apto,Despejada,,Ninguna,,,,No,No,No,Día,,Sin Restricción,,,,Sin Semáforo
49048,OBSERVATORIO VIAL,2018-10-27,13:48:00,CORRIENTES,18,CAPITAL,21,CORRIENTES,Urbana,Calle,LA CUEVAS,3000,MERCEDARIAS,,-2.750.848,-5.882.123,2,0,0,2,0,Colisión entre vehículos,Colisión entre vehículos,S/D,,,2,Recta,Intersección / cruce,,NO,,Adoquín,,Apto,Seca,,Cordón Divisorio,,,,No,No,No,Día,NO,Sin Restricción,Despejado,Buena,,Sin Semáforo
49177,OBSERVATORIO VIAL,2018-12-19,13:30:00,CORRIENTES,18,CAPITAL,21,CORRIENTES,Urbana,Calle,GENERAL PAZ,1800,GUATAVINO,,-2.747.744,-5.884.334,1,1,0,2,0,Colisión entre vehículos,Colisión entre vehículos,S/D,,Angulo,2,Recta,Intersección / cruce,,NO,,Asfalto,,Apto,Despejada,,Ninguna,,,,No,No,No,Día,NO,Sin Restricción,Nublado,Buena,,Sin Semáforo
48886,OBSERVATORIO VIAL,2018-09-03,9:20:00,CORRIENTES,18,CAPITAL,21,CORRIENTES,Urbana,Calle,MENDOZA,1198,BOLIVAR,,-2.747.098,-5.883.596,1,1,0,2,0,Colisión entre vehículos,Colisión entre vehículos,S/D,,Rozamiento,2,Recta,Intersección / cruce,,NO,,Asfalto,,Apto,Mojada,,Ninguna,,,,S/D,S/D,,Día,NO,Sin Restricción,Nublado,Buena,,Sin Semáforo
49006,OBSERVATORIO VIAL,2018-10-11,8:30:00,CORRIENTES,18,CAPITAL,21,CORRIENTES,Urbana,Calle,CORDOBA,1200,BOLIVAR,,-2.747.104,-5.883.479,2,0,0,2,0,Colisión entre vehículos,Colisión entre vehículos,S/D,,Angulo,2,Recta,Intersección / cruce,,NO,,Hormigón,,Apto,Seca,,Ninguna,,,,No,No,No,Día,NO,Sin Restricción,Despejado,Buena,,Sin Semáforo
48903,OBSERVATORIO VIAL,2018-08-02,4:30:00,CORRIENTES,18,CAPITAL,21,CORRIENTES,Urbana,Avenida,AVENIDA ARMENIA,3800,19 DE mayo,,-2.746.784,-5.880.505,2,0,0,2,0,Colisión entre vehículos,Colisión entre vehículos,S/D,,Angulo,2,Recta,Intersección / cruce,,NO,,Asfalto,,Apto,,,,,,,,,,Noche,SI,Sin Restricción,Lluvia,Lluvia,,Intermitente
49085,OBSERVATORIO VIAL,2018-11-14,16:00:00,CORRIENTES,18,CAPITAL,21,CORRIENTES,Urbana,Avenida,MAIPU,2700,NICARAGUA,,-2.749.883,-5.881.466,2,0,0,2,0,Colisión entre vehículos,Colisión entre vehículos,S/D,,Angulo,2,Recta,Intersección / cruce,,NO,,Asfalto,,Apto,Seca,,Ninguna,,,,Si,Si,S/D,Atardecer,NO,Sin Restricción,Despejado,Buena,,Funciona
49138,OBSERVATORIO VIAL,2018-12-04,16:00:00,CORRIENTES,18,CAPITAL,21,CORRIENTES,Urbana,Avenida,AV MAIPU,6000,RUTA 12,,-2.752.981,-5.876.674,2,0,0,2,0,Colisión entre vehículos,Colisión entre vehículos,S/D,,Frontal,2,Recta,Intersección / cruce,,NO,,Asfalto,,Apto,Seca,,,,,,No,Si,No,Día,NO,Sin Restricción,Despejado,Buena,,Sin Semáforo
48887,OBSERVATORIO VIAL,2018-09-01,11:16:00,CORRIENTES,18,CAPITAL,21,CORRIENTES,Urbana,Calle,MENDOZA,1700,LAVALLE,,-2.747.713,-5.883.666,2,0,0,2,0,Colisión entre vehículos,Colisión entre vehículos,S/D,,Angulo,2,Recta,Intersección / cruce,,NO,,Asfalto,,Apto,Mojada,,Ninguna,,,,S/D,S/D,S/D,Día,NO,Sin Restricción,Lluvia,Lluvia,,Sin Semáforo
48948,OBSERVATORIO VIAL,2018-09-18,23:05:00,CORRIENTES,18,CAPITAL,21,CORRIENTES,Urbana,Avenida,AV FERRE,3000,AV CHACABUCO,,-2.747.861,-5.881.469,1,1,0,1,1,Colisión entre vehículos,Colisión entre vehículos,S/D,,Rozamiento,2,Recta,Intersección / cruce,,NO,,Asfalto,,Apto,Seca,,Cordón Divisorio,,,,Si,Si,,Noche,SI,Sin Restricción,Despejado,Buena,,Funciona
49007,OBSERVATORIO VIAL,2018-10-11,11:30:00,CORRIENTES,18,CAPITAL,21,CORRIENTES,Urbana,Avenida,AV CAZADORES CORRENTINOS,3850,PIROVANO,,-2.748.679,-5.880.574,1,1,0,2,0,Caída desde vehículo,Caída desde vehículo,S/D,,,2,Recta,Intersección / cruce,,NO,,Hormigón,,Apto,Seca,,Vegetación,,,,S/D,S/D,S/D,Día,NO,Sin Restricción,Despejado,Buena,,Sin Semáforo
49005,OBSERVATORIO VIAL,2018-10-11,0:15:00,CORRIENTES,18,CAPITAL,21,CORRIENTES,Urbana,Avenida,AV CHACABUCO,1900,GENERAL PAZ,,-2.748.099,-5.881.515,1,1,0,2,0,Colisión entre vehículos,Colisión entre vehículos,S/D,,Angulo,2,Recta,Intersección / cruce,,NO,,Asfalto,,Apto,Seca,,Ninguna,,,,Si,,,Noche,SI,,Nublado,Buena,,Intermitente
48929,OBSERVATORIO VIAL,2018-09-12,11:20:00,CORRIENTES,18,CAPITAL,21,CORRIENTES,Urbana,Avenida,AV INDEPENDENCIA,4400,MEDRANO,,-2.748.157,-5.879.848,1,1,0,2,0,Colisión entre vehículos,Colisión entre vehículos,S/D,,Alcance,2,Recta,Intersección / cruce,,NO,,Asfalto,,Apto,"Despejada, Seca",,Cordón Divisorio,,,,Si,Si,No,Día,NO,Sin Restricción,Despejado,Buena,,Funciona
48942,OBSERVATORIO VIAL.,2018-09-18,17:20:00,CORRIENTES,18,CAPITAL,21,CORRIENTES,Urbana,Calle,MENDOZA,1362,MORENO,BELGRANO,-2.747.280,-5.883.616,1,1,0,1,1,Colisión entre vehículos,Colisión entre vehículos,S/D,,Rozamiento,2,Recta,,,NO,,Asfalto,,Apto,Seca,,,,,,Si,Si,S/D,Día,NO,Sin Restricción,Despejado,Buena,,Sin Semáforo
48940,OBSERVATORIO VIAL,2018-09-18,17:30:00,CORRIENTES,18,CAPITAL,21,CORRIENTES,Urbana,Ruta Provincial,5,1KM. 1/2,,,-2.748.621,-5.876.928,1,1,0,2,0,Colisión entre vehículos,Colisión entre vehículos,S/D,,Alcance,2,Recta,Intersección / cruce,,NO,,Asfalto,,Apto,Seca,,,,,,S/D,S/D,S/D,Día,NO,,Despejado,Buena,,Sin Semáforo
49184,OBSERVATORIO VIAL CTES.,2018-12-09,10:30:00,CORRIENTES,18,CAPITAL,21,CORRIENTES,Urbana,Avenida,AV. GDOR. RUIZ.,2400,VELEZ SARFIELD,,-2.746.676,-5.881.938,1,1,0,2,0,Colisión entre vehículos,Colisión entre vehículos,S/D,,Angulo,2,Recta,Intersección / cruce,,NO,,Asfalto,,,Seca,,Cordón Divisorio,,,,No,No,No,Día,,Siniestro Previo,Despejado,Buena,,Sin Semáforo
49161,OBSERVATORIO VIAL,2018-12-12,18:15:00,CORRIENTES,18,CAPITAL,21,CORRIENTES,Urbana,Avenida,AV PUJOL,1900,PARAGUAY,URUGUAY,-2.746.409,-5.882.541,1,1,0,2,0,Colisión entre vehículos,Colisión entre vehículos,S/D,,Alcance,2,Recta,,RECTA,NO,,Hormigón,,Apto,"Despejada, Seca",,Cordón Divisorio,,,,Si,Si,No,Amanecer,SI,,Nublado,Buena,,Funciona
49032,OBSERVATORIO VIAL,2018-10-21,19:10:00,CORRIENTES,18,CAPITAL,21,CORRIENTES,Urbana,Avenida,AVENIDA J. R. FERNANDEZ,400,ESNAOLA,,-2.746.544,-5.878.928,1,2,0,2,0,"Caída desde vehículo, Choque, Colisión entre vehículos",Colisión entre vehículos,S/D,,"Angulo, En calzada",2,Recta,,,NO,,Asfalto,,Apto,Despejada,,,,,,No,No,No,Noche,SI,Sin Restricción,Despejado,Buena,,Sin Semáforo
49118,OBSERVATORIO VIAL,2018-11-28,14:20:00,CORRIENTES,18,CAPITAL,21,CORRIENTES,Urbana,Calle,MADARIAGA,800,GDOR CASTILLO,,-2.748.228,-5.884.268,1,1,0,2,0,Colisión entre vehículos,Colisión entre vehículos,S/D,,Angulo,2,Recta,Intersección / cruce,,NO,,Hormigón,,,,,Ninguna,,,,No,No,No,Día,NO,Sin Restricción,Nublado,Buena,,Sin Semáforo
49160,OBSERVATORIO VIAL,2018-12-11,21:00:00,CORRIENTES,18,CAPITAL,21,CORRIENTES,Urbana,Ruta Provincial,N°5,200,,,-2.748.551,-5.877.372,1,1,0,1,1,Atropello a peatón/es,Atropello a peatón/es,S/D,,,2,Recta,Intersección / cruce,,NO,,Asfalto,,Apto,"Despejada, Seca",,Ninguna,,,,Si,Si,No,Noche,SI,Sin Restricción,Despejado,Buena,,Sin Semáforo
49108,OBSERVATORIO VIAL,2018-11-22,22:50:00,CORRIENTES,18,CAPITAL,21,CORRIENTES,Urbana,Calle,BOLIVAR,2000,BRASIL,,-2.747.216,-5.882.445,2,0,0,2,0,Colisión entre vehículos,Colisión entre vehículos,S/D,,,2,Recta,Intersección / cruce,,NO,,Asfalto,,,Mojada,,Ninguna,,,,No,No,No,Noche,SI,Sin Restricción,Lluvia,Lluvia,,Sin Semáforo
49009,OBSERVATORIO VIAL,2018-10-12,9:20:00,CORRIENTES,18,CAPITAL,21,CORRIENTES,Urbana,Calle,MENDOZA,900,JUNIN,,-2.746.769,-5.883.556,1,1,0,1,1,"Atropello a peatón/es, Colisión entre vehículos",Colisión entre vehículos,S/D,,,2,Recta,Intersección / cruce,,NO,,Asfalto,,Apto,Seca,,Cordón Divisorio,,,,Si,Si,No,Día,NO,Sin Restricción,Despejado,Buena,,Funciona