id_feu,siniestro_fecha,provincia,id_provincia,numero,numero_ocupantes,tipo_involucrado,otro_tipo_involucrado,ano_vehiculo,uso_vehiculo,tipo_servicio_vehiculo,tipo_vehiculo_de_movilidad_personal,tipo_de_bicicleta,tipo_de_transporte_de_carga,sustancias_peligrosas,tipo_transporte_pasajeros,tipo_traccion_a_sangre
132615,2022-01-02 22:05:00,CORRIENTES,21,0,1,Automóvil,,,Privado,,,,,,,
132615,2022-01-02 22:05:00,CORRIENTES,21,1,1,Motocicleta,,,Privado,,,,,,,
132621,2022-01-09 7:27:00,CORRIENTES,21,0,2,Automóvil,,,Privado,,,,,,,
132621,2022-01-09 7:27:00,CORRIENTES,21,1,2,Motocicleta,,,Privado,,,,,,,
133416,2022-01-15 10:55:00,CORRIENTES,21,0,1,Automóvil,,,Privado,,,,,,,
133416,2022-01-15 10:55:00,CORRIENTES,21,1,1,Motocicleta,,,Privado,,,,,,,
134047,2022-01-03 12:25:00,CORRIENTES,21,0,1,Automóvil,,,Privado,,,,,,,
134047,2022-01-03 12:25:00,CORRIENTES,21,1,1,Motocicleta,,,Privado,,,,,,,
134050,2022-01-04 14:30:00,CORRIENTES,21,0,2,Automóvil,,,Privado,,,,,,,
134050,2022-01-04 14:30:00,CORRIENTES,21,1,1,Automóvil,,,Privado,,,,,,,
134825,2022-01-24 12:15:00,CORRIENTES,21,0,,Automóvil,,,,,,,,,,
134825,2022-01-24 12:15:00,CORRIENTES,21,1,1,Motocicleta,,,Privado,,,,,,,
134854,2022-01-26 12:00:00,CORRIENTES,21,0,1,Automóvil,,2013,,,,,,,,
134854,2022-01-26 12:00:00,CORRIENTES,21,1,1,Automóvil,,2016,,,,,,,,
134854,2022-01-26 12:00:00,CORRIENTES,21,2,1,Automóvil,,2017,,,,,,,,
134856,2022-01-26 13:30:00,CORRIENTES,21,0,1,Automóvil,,2017,Privado,,,,,,,
134856,2022-01-26 13:30:00,CORRIENTES,21,1,1,Motocicleta,,2018,,,,,,,,
134857,2022-01-30 11:00:00,CORRIENTES,21,0,1,Motocicleta,,1995,Privado,,,,,,,
134859,2022-01-27 12:30:00,CORRIENTES,21,0,1,Automóvil,,2010,Privado,,,,,,,
134859,2022-01-27 12:30:00,CORRIENTES,21,1,1,Automóvil,,2016,Privado,,,,,,,
134859,2022-01-27 12:30:00,CORRIENTES,21,2,1,Automóvil,,2010,Privado,,,,,,,
135581,2022-02-03 12:40:00,CORRIENTES,21,0,1,Automóvil,,2014,Privado,,,,,,,
135581,2022-02-03 12:40:00,CORRIENTES,21,1,1,Motocicleta,,1981,Privado,,,,,,,
136376,2022-02-08 9:14:00,CORRIENTES,21,0,1,Automóvil,,,Privado,,,,,,,
136376,2022-02-08 9:14:00,CORRIENTES,21,1,1,Motocicleta,,,Privado,,,,,,,
136414,2022-02-10 10:40:00,CORRIENTES,21,0,2,Motocicleta,,2017,Privado,,,,,,,
136414,2022-02-10 10:40:00,CORRIENTES,21,1,,Motocicleta,,2008,Privado,,,,,,,
139213,2022-02-20 15:50:00,CORRIENTES,21,0,1,Automóvil,,2019,Privado,,,,,,,
139213,2022-02-20 15:50:00,CORRIENTES,21,1,1,Automóvil,,2018,Privado,,,,,,,
139278,2022-03-09 14:34:00,CORRIENTES,21,0,1,Camioneta/Utilitario,,,Privado,,,,,,,
139278,2022-03-09 14:34:00,CORRIENTES,21,1,1,Motocicleta,,,Privado,,,,,,,
139936,2022-03-13 16:50:00,CORRIENTES,21,0,1,Motocicleta,,2022,Privado,,,,,,,
139999,2022-03-21 14:42:00,CORRIENTES,21,0,1,Automóvil,,2004,,,,,,,,
139999,2022-03-21 14:42:00,CORRIENTES,21,1,1,Peatón,,,,,,,,,,
140915,2022-03-26 5:30:00,CORRIENTES,21,0,1,Motocicleta,,,Privado,,,,,,,
140915,2022-03-26 5:30:00,CORRIENTES,21,1,1,Motocicleta,,,,,,,,,,
140974,2022-04-02 9:00:00,CORRIENTES,21,0,2,Automóvil,,2021,Privado,,,,,,,
140974,2022-04-02 9:00:00,CORRIENTES,21,1,2,Motocicleta,,,Privado,,,,,,,
141870,2022-04-02 19:10:00,CORRIENTES,21,0,1,Motocicleta,,,Privado,,,,,,,
141870,2022-04-02 19:10:00,CORRIENTES,21,1,1,Bicicleta,,,Privado,,,,,,,
142693,2022-04-13 22:00:00,CORRIENTES,21,0,1,Motocicleta,,2007,,,,,,,,
142755,2022-04-05 13:50:00,CORRIENTES,21,0,1,Automóvil,,2017,Privado,,,,,,,
142755,2022-04-05 13:50:00,CORRIENTES,21,1,1,Motocicleta,,,Privado,,,,,,,
143720,2022-04-21 19:15:00,CORRIENTES,21,0,1,Automóvil,,2013,Publico,,,,,,,
143720,2022-04-21 19:15:00,CORRIENTES,21,1,1,Motocicleta,,2011,Privado,,,,,,,
143759,2022-04-18 17:49:00,CORRIENTES,21,0,1,Automóvil,,,Privado,,,,,,,
143759,2022-04-18 17:49:00,CORRIENTES,21,1,1,Bicicleta,,,Privado,,,,,,,
143760,2022-04-19 12:58:00,CORRIENTES,21,0,1,Automóvil,,,Privado,,,,,,,
143760,2022-04-19 12:58:00,CORRIENTES,21,1,1,Automóvil,,,Privado,,,,,,,
143763,2022-04-20 8:14:00,CORRIENTES,21,0,0,Transporte de carga,,,Privado,,,,,,,
143763,2022-04-20 8:14:00,CORRIENTES,21,1,1,Motocicleta,,,Privado,,,,,,,
144739,2022-04-25 10:33:00,CORRIENTES,21,0,1,Automóvil,,,Privado,,,,,,,
144739,2022-04-25 10:33:00,CORRIENTES,21,1,1,Motocicleta,,,Privado,,,,,,,
145037,2022-04-21 22:30:00,CORRIENTES,21,0,1,Camioneta/Utilitario,,2018,Privado,,,,,,,
145037,2022-04-21 22:30:00,CORRIENTES,21,1,1,Motocicleta,,2006,Privado,,,,,,,
145740,2022-05-02 20:30:00,CORRIENTES,21,0,1,Automóvil,,,Privado,,,,,,,
145740,2022-05-02 20:30:00,CORRIENTES,21,1,1,Motocicleta,,,Privado,,,,,,,
146705,2022-05-07 19:13:00,CORRIENTES,21,0,2,Motocicleta,,,Privado,,,,,,,
146705,2022-05-07 19:13:00,CORRIENTES,21,1,1,Automóvil,,,Privado,,,,,,,
146706,2022-05-08 6:20:00,CORRIENTES,21,0,1,Automóvil,,,Privado,,,,,,,
146706,2022-05-08 6:20:00,CORRIENTES,21,1,2,Motocicleta,,,,,,,,,,
146710,2022-05-08 11:05:00,CORRIENTES,21,0,1,Motocicleta,,,,,,,,,,
146710,2022-05-08 11:05:00,CORRIENTES,21,1,2,Motocicleta,,,Privado,,,,,,,
146724,2022-05-10 14:34:00,CORRIENTES,21,0,1,Motocicleta,,,Privado,,,,,,,
146724,2022-05-10 14:34:00,CORRIENTES,21,1,1,Motocicleta,,,Privado,,,,,,,
148162,2022-05-21 8:30:00,CORRIENTES,21,0,2,Motocicleta,,2022,Privado,,,,,,,
148162,2022-05-21 8:30:00,CORRIENTES,21,1,1,Automóvil,,2018,Privado,,,,,,,
148162,2022-05-21 8:30:00,CORRIENTES,21,2,1,Automóvil,,2019,Privado,,,,,,,
148180,2022-05-28 15:10:00,CORRIENTES,21,0,1,Automóvil,,,Privado,,,,,,,
148180,2022-05-28 15:10:00,CORRIENTES,21,1,1,Motocicleta,,,,,,,,,,
148183,2022-05-23 10:17:00,CORRIENTES,21,0,2,Automóvil,,,Privado,,,,,,,
148183,2022-05-23 10:17:00,CORRIENTES,21,1,1,Motocicleta,,,Privado,,,,,,,
148212,2022-05-28 15:15:00,CORRIENTES,21,0,,Automóvil,,,Privado,,,,,,,
148212,2022-05-28 15:15:00,CORRIENTES,21,1,1,Motocicleta,,,Privado,,,,,,,
148992,2022-05-31 8:40:00,CORRIENTES,21,0,1,Automóvil,,2021,Privado,,,,,,,
148992,2022-05-31 8:40:00,CORRIENTES,21,1,1,Motocicleta,,2012,Privado,,,,,,,
151161,2022-06-04 15:21:00,CORRIENTES,21,0,1,Motocicleta,,,,,,,,,,
151161,2022-06-04 15:21:00,CORRIENTES,21,1,1,Motocicleta,,,Privado,,,,,,,
151188,2022-06-11 20:30:00,CORRIENTES,21,0,1,Automóvil,,2010,Privado,,,,,,,
151188,2022-06-11 20:30:00,CORRIENTES,21,1,1,Motocicleta,,2020,,,,,,,,
151197,2022-06-15 9:50:00,CORRIENTES,21,0,1,Motocicleta,,,Privado,,,,,,,
151197,2022-06-15 9:50:00,CORRIENTES,21,1,1,Motocicleta,,,Privado,,,,,,,
152105,2022-06-22 18:58:00,CORRIENTES,21,0,1,Automóvil,,,Privado,,,,,,,
152105,2022-06-22 18:58:00,CORRIENTES,21,1,1,Camioneta/Utilitario,,,Privado,,,,,,,
152105,2022-06-22 18:58:00,CORRIENTES,21,2,1,Camioneta/Utilitario,,,,,,,,,,
152943,2022-06-21 9:59:00,CORRIENTES,21,0,1,Automóvil,,2008,Privado,,,,,,,
152943,2022-06-21 9:59:00,CORRIENTES,21,1,1,Camioneta/Utilitario,,2020,Privado,,,,,,,
152945,2022-06-22 9:50:00,CORRIENTES,21,0,1,Motocicleta,,2011,Privado,,,,,,,
152946,2022-06-23 7:55:00,CORRIENTES,21,0,1,Automóvil,,2019,Privado,,,,,,,
152946,2022-06-23 7:55:00,CORRIENTES,21,1,1,Motocicleta,,2019,Privado,,,,,,,
152960,2022-06-25 14:15:00,CORRIENTES,21,0,1,Automóvil,,2011,Privado,,,,,,,
152960,2022-06-25 14:15:00,CORRIENTES,21,1,1,Motocicleta,,2017,Privado,,,,,,,
152961,2022-06-26 13:25:00,CORRIENTES,21,0,1,Automóvil,,2017,Privado,,,,,,,
152961,2022-06-26 13:25:00,CORRIENTES,21,1,1,Motocicleta,,2014,Privado,,,,,,,
153796,2022-07-13 8:28:00,CORRIENTES,21,0,1,Automóvil,,2017,Privado,,,,,,,
153796,2022-07-13 8:28:00,CORRIENTES,21,1,1,Camioneta/Utilitario,,2021,Privado,,,,,,,
153869,2022-07-12 7:20:00,CORRIENTES,21,0,1,Automóvil,,2010,Privado,,,,,,,
153869,2022-07-12 7:20:00,CORRIENTES,21,1,2,Motocicleta,,2005,Privado,,,,,,,
153889,2022-07-11 9:45:00,CORRIENTES,21,0,1,Camioneta/Utilitario,,,Privado,,,,,,,
153889,2022-07-11 9:45:00,CORRIENTES,21,1,1,Automóvil,,,,,,,,,,
155616,2022-07-09 14:30:00,CORRIENTES,21,0,2,Motocicleta,,2021,Privado,,,,,,,
155616,2022-07-09 14:30:00,CORRIENTES,21,1,1,Motocicleta,,2022,,,,,,,,
156562,2022-07-23 15:00:00,CORRIENTES,21,0,1,Motocicleta,,,,,,,,,,
157799,2022-07-30 10:49:00,CORRIENTES,21,0,1,Camioneta/Utilitario,,1998,Privado,,,,,,,
157804,2022-07-31 7:42:00,CORRIENTES,21,0,1,Automóvil,,2016,Privado,,,,,,,
157804,2022-07-31 7:42:00,CORRIENTES,21,1,1,Automóvil,,2015,Privado,,,,,,,
157807,2022-07-29 13:20:00,CORRIENTES,21,0,1,Automóvil,,,Privado,,,,,,,
157807,2022-07-29 13:20:00,CORRIENTES,21,1,1,Motocicleta,,,Privado,,,,,,,
157809,2022-08-13 17:08:00,CORRIENTES,21,0,1,Automóvil,,,Privado,,,,,,,
157809,2022-08-13 17:08:00,CORRIENTES,21,1,0,Automóvil,,,,,,,,,,
157821,2022-08-02 7:30:00,CORRIENTES,21,0,1,Automóvil,,2014,Privado,,,,,,,
157823,2022-08-05 14:06:00,CORRIENTES,21,0,1,Automóvil,,2020,Privado,,,,,,,
157823,2022-08-05 14:06:00,CORRIENTES,21,1,1,Transporte de carga,,2010,Privado,,,,,,,
159883,2022-08-15 8:45:00,CORRIENTES,21,0,1,Automóvil,,2017,Privado,,,,,,,
159883,2022-08-15 8:45:00,CORRIENTES,21,1,0,Transporte de carga,,2021,Privado,,,,,,,
160639,2022-08-19 22:30:00,CORRIENTES,21,0,1,Transporte de carga,,2007,Privado,,,,,,,
160639,2022-08-19 22:30:00,CORRIENTES,21,1,1,Transporte de carga,,2004,Privado,,,,,,,
160685,2022-08-26 10:30:00,CORRIENTES,21,0,1,Automóvil,,2022,Privado,,,,,,,
160685,2022-08-26 10:30:00,CORRIENTES,21,1,1,Motocicleta,,,Privado,,,,,,,
161491,2022-08-29 7:40:00,CORRIENTES,21,0,1,Automóvil,,2017,Privado,,,,,,,
161491,2022-08-29 7:40:00,CORRIENTES,21,1,1,Motocicleta,,2012,Privado,,,,,,,
162765,2022-09-05 8:40:00,CORRIENTES,21,0,1,Transporte de pasajeros,,2012,Privado,,,,,,,
162765,2022-09-05 8:40:00,CORRIENTES,21,1,1,Bicicleta,,2022,,,,,,,,
162787,2022-09-12 10:50:00,CORRIENTES,21,0,1,Peatón,,,,,,,,,,
162787,2022-09-12 10:50:00,CORRIENTES,21,1,1,Transporte de carga,,2006,Privado,,,,,,,
162788,2022-09-12 7:00:00,CORRIENTES,21,0,1,Motocicleta,,2020,Privado,,,,,,,
162788,2022-09-12 7:00:00,CORRIENTES,21,1,1,Camioneta/Utilitario,,2012,Privado,,,,,,,
163544,2022-09-07 23:20:00,CORRIENTES,21,0,1,Automóvil,,2018,Privado,,,,,,,
163544,2022-09-07 23:20:00,CORRIENTES,21,1,1,Motocicleta,,2018,Privado,,,,,,,
163572,2022-09-09 22:30:00,CORRIENTES,21,0,1,Automóvil,,2016,Privado,,,,,,,
163572,2022-09-09 22:30:00,CORRIENTES,21,1,1,Motocicleta,,2019,Privado,,,,,,,
163574,2022-09-15 9:15:00,CORRIENTES,21,0,1,Automóvil,,2006,Privado,,,,,,,
163574,2022-09-15 9:15:00,CORRIENTES,21,1,1,Transporte de pasajeros,,2014,Publico,,,,,,,
164577,2022-09-20 7:30:00,CORRIENTES,21,0,1,Automóvil,,2017,Privado,,,,,,,
164577,2022-09-20 7:30:00,CORRIENTES,21,1,2,Motocicleta,,2022,Privado,,,,,,,
164578,2022-09-20 11:50:00,CORRIENTES,21,0,1,Automóvil,,2016,Privado,,,,,,,
164578,2022-09-20 11:50:00,CORRIENTES,21,1,1,Automóvil,,2014,Privado,,,,,,,
164602,2022-09-26 18:05:00,CORRIENTES,21,0,1,Motocicleta,,2013,Privado,,,,,,,
165294,2022-10-01 9:15:00,CORRIENTES,21,0,1,Automóvil,,2019,Privado,,,,,,,
165294,2022-10-01 9:15:00,CORRIENTES,21,1,1,Motocicleta,,2013,Privado,,,,,,,
165346,2022-10-01 20:45:00,CORRIENTES,21,0,1,Motocicleta,,2018,Privado,,,,,,,
165346,2022-10-01 20:45:00,CORRIENTES,21,1,1,Motocicleta,,2015,Privado,,,,,,,
166826,2022-10-06 10:35:00,CORRIENTES,21,0,1,Camioneta/Utilitario,,2011,Privado,,,,,,,
166826,2022-10-06 10:35:00,CORRIENTES,21,1,1,Motocicleta,,2012,,,,,,,,
167697,2022-10-15 9:10:00,CORRIENTES,21,0,1,Automóvil,,1993,Privado,,,,,,,
167750,2022-10-19 11:13:00,CORRIENTES,21,0,1,Motocicleta,,2021,Privado,,,,,,,
167750,2022-10-19 11:13:00,CORRIENTES,21,1,1,Motocicleta,,2022,Privado,,,,,,,
167751,2022-10-19 23:05:00,CORRIENTES,21,0,1,Automóvil,,2012,Privado,,,,,,,
167751,2022-10-19 23:05:00,CORRIENTES,21,1,1,Motocicleta,,2016,Privado,,,,,,,
167752,2022-10-20 15:20:00,CORRIENTES,21,0,1,Automóvil,,2015,Privado,,,,,,,
167752,2022-10-20 15:20:00,CORRIENTES,21,1,1,Automóvil,,2021,Privado,,,,,,,
168134,2022-10-21 10:10:00,CORRIENTES,21,0,1,Motocicleta,,2013,Privado,,,,,,,
168134,2022-10-21 10:10:00,CORRIENTES,21,1,1,Camioneta/Utilitario,,2011,Privado,,,,,,,
168423,2022-10-23 9:50:00,CORRIENTES,21,0,1,Automóvil,,2013,Privado,,,,,,,
168423,2022-10-23 9:50:00,CORRIENTES,21,1,1,Motocicleta,,2018,Privado,,,,,,,
169161,2022-10-29 12:30:00,CORRIENTES,21,0,1,Automóvil,,2021,Privado,,,,,,,
169161,2022-10-29 12:30:00,CORRIENTES,21,1,1,Motocicleta,,2010,Privado,,,,,,,
169172,2022-10-30 9:42:00,CORRIENTES,21,0,1,Transporte de pasajeros,,2017,Publico,Pax,,,,,,
169172,2022-10-30 9:42:00,CORRIENTES,21,1,1,Motocicleta,,2020,Privado,,,,,,,
169850,2022-11-05 11:50:00,CORRIENTES,21,0,1,Automóvil,,2011,Privado,,,,,,,
169850,2022-11-05 11:50:00,CORRIENTES,21,1,1,Automóvil,,2012,Privado,,,,,,,
169850,2022-11-05 11:50:00,CORRIENTES,21,2,1,Automóvil,,2020,Privado,,,,,,,
169889,2022-11-11 8:40:00,CORRIENTES,21,0,1,Motocicleta,,2015,Privado,,,,,,,
169894,2022-11-13 14:30:00,CORRIENTES,21,0,1,Automóvil,,2012,Privado,,,,,,,
169894,2022-11-13 14:30:00,CORRIENTES,21,1,1,Motocicleta,,2021,Privado,,,,,,,
174254,2022-11-24 16:50:00,CORRIENTES,21,0,,Automóvil,,,,,,,,,,
174254,2022-11-24 16:50:00,CORRIENTES,21,1,,Automóvil,,,,,,,,,,
174254,2022-11-24 16:50:00,CORRIENTES,21,2,,Automóvil,,,,,,,,,,
174822,2022-11-28 11:15:00,CORRIENTES,21,0,,Motocicleta,,2020,,,,,,,,
174822,2022-11-28 11:15:00,CORRIENTES,21,1,,Motocicleta,,,,,,,,,,
174826,2022-11-30 13:00:00,CORRIENTES,21,0,,Automóvil,,2016,,,,,,,,
174826,2022-11-30 13:00:00,CORRIENTES,21,1,,Automóvil,,2006,,,,,,,,
174826,2022-11-30 13:00:00,CORRIENTES,21,2,,Automóvil,,2017,,,,,,,,
175448,2022-12-02 6:10:00,CORRIENTES,21,0,,Motocicleta,,2012,,,,,,,,
175448,2022-12-02 6:10:00,CORRIENTES,21,1,,Transporte de pasajeros,,2018,,,,,,,Ómnibus urbano,
175462,2022-12-05 10:47:00,CORRIENTES,21,0,,Automóvil,,,,,,,,,,
175462,2022-12-05 10:47:00,CORRIENTES,21,1,,Automóvil,,,,,,,,,,
175468,2022-12-06 11:30:00,CORRIENTES,21,0,,Automóvil,,,,,,,,,,
175468,2022-12-06 11:30:00,CORRIENTES,21,1,,Motocicleta,,,,,,,,,,
175472,2022-12-09 6:55:00,CORRIENTES,21,0,,Automóvil,,2011,,,,,,,,
175474,2022-12-09 10:59:00,CORRIENTES,21,0,,Automóvil,,2017,,,,,,,,
175474,2022-12-09 10:59:00,CORRIENTES,21,1,,Transporte de carga,,2014,,,,,Camión,No,,
176157,2022-12-28 23:30:00,CORRIENTES,21,0,,Motocicleta,,,,,,,,,,
176157,2022-12-28 23:30:00,CORRIENTES,21,1,,Motocicleta,,,,,,,,,,
133384,2022-01-22 12:20:00,CORRIENTES,21,0,1,Automóvil,,,Privado,,,,,,,
133384,2022-01-22 12:20:00,CORRIENTES,21,1,1,Automóvil,,,Privado,,,,,,,
134039,2022-01-01 7:55:00,CORRIENTES,21,0,1,Motocicleta,,,Privado,,,,,,,
134039,2022-01-01 7:55:00,CORRIENTES,21,1,3,Motocicleta,,,Privado,,,,,,,
134051,2022-01-05 9:10:00,CORRIENTES,21,0,1,Automóvil,,,Privado,,,,,,,
134051,2022-01-05 9:10:00,CORRIENTES,21,1,1,Camioneta/Utilitario,,,Privado,,,,,,,
134805,2022-01-10 7:10:00,CORRIENTES,21,0,1,Motocicleta,,2018,,,,,,,,
134805,2022-01-10 7:10:00,CORRIENTES,21,1,1,Camioneta/Utilitario,,2009,,,,,,,,
134815,2022-01-11 15:10:00,CORRIENTES,21,0,1,Automóvil,,2013,Privado,,,,,,,
134815,2022-01-11 15:10:00,CORRIENTES,21,1,1,Motocicleta,,2017,,,,,,,,
134820,2022-01-13 12:15:00,CORRIENTES,21,0,1,Motocicleta,,,Privado,,,,,,,
134820,2022-01-13 12:15:00,CORRIENTES,21,1,1,Motocicleta,,,Privado,,,,,,,
134821,2022-01-23 16:40:00,CORRIENTES,21,0,2,Motocicleta,,,Privado,,,,,,,
134822,2022-01-23 14:15:00,CORRIENTES,21,0,1,Automóvil,,,Privado,,,,,,,
134822,2022-01-23 14:15:00,CORRIENTES,21,1,3,Motocicleta,,,Privado,,,,,,,
134848,2022-01-25 12:15:00,CORRIENTES,21,0,1,Automóvil,,2021,Privado,,,,,,,
134848,2022-01-25 12:15:00,CORRIENTES,21,1,1,Motocicleta,,2017,Privado,,,,,,,
134855,2022-01-29 20:19:00,CORRIENTES,21,0,1,Camioneta/Utilitario,,2019,Privado,,,,,,,
134855,2022-01-29 20:19:00,CORRIENTES,21,1,2,Motocicleta,,2012,Privado,,,,,,,
134864,2022-02-06 12:50:00,CORRIENTES,21,0,2,Motocicleta,,,Privado,,,,,,,
134864,2022-02-06 12:50:00,CORRIENTES,21,1,1,Motocicleta,,,,,,,,,,
135580,2022-02-03 12:45:00,CORRIENTES,21,0,1,Motocicleta,,2018,Privado,,,,,,,
135580,2022-02-03 12:45:00,CORRIENTES,21,1,1,Motocicleta,,2013,Privado,,,,,,,
135580,2022-02-03 12:45:00,CORRIENTES,21,2,1,Transporte de pasajeros,,2008,Publico,,,,,,,
136368,2022-02-06 15:05:00,CORRIENTES,21,0,1,Camioneta/Utilitario,,,Privado,,,,,,,
136412,2022-02-09 19:00:00,CORRIENTES,21,0,1,Automóvil,,2008,Privado,,,,,,,
136412,2022-02-09 19:00:00,CORRIENTES,21,1,1,Automóvil,,2019,Privado,,,,,,,
137051,2022-02-10 12:00:00,CORRIENTES,21,0,1,Automóvil,,,Privado,,,,,,,
137051,2022-02-10 12:00:00,CORRIENTES,21,1,1,Motocicleta,,,Privado,,,,,,,
137576,2022-02-13 19:13:00,CORRIENTES,21,0,1,Motocicleta,,,Privado,,,,,,,
137576,2022-02-13 19:13:00,CORRIENTES,21,1,1,Motocicleta,,,Privado,,,,,,,
137580,2022-02-16 14:33:00,CORRIENTES,21,0,1,Automóvil,,,Privado,,,,,,,
137580,2022-02-16 14:33:00,CORRIENTES,21,1,1,Camioneta/Utilitario,,,Privado,,,,,,,
137580,2022-02-16 14:33:00,CORRIENTES,21,2,0,Motocicleta,,,Privado,,,,,,,
139222,2022-02-22 7:55:00,CORRIENTES,21,0,1,Automóvil,,2016,Privado,,,,,,,
139222,2022-02-22 7:55:00,CORRIENTES,21,1,1,Motocicleta,,2022,Privado,,,,,,,
139232,2022-02-24 8:55:00,CORRIENTES,21,0,1,Motocicleta,,,Privado,,,,,,,
139232,2022-02-24 8:55:00,CORRIENTES,21,1,1,Motocicleta,,,Privado,,,,,,,
139235,2022-02-25 8:45:00,CORRIENTES,21,0,1,Motocicleta,,,,,,,,,,
139235,2022-02-25 8:45:00,CORRIENTES,21,1,1,Camioneta/Utilitario,,,Privado,,,,,,,
139239,2022-02-28 19:09:00,CORRIENTES,21,0,1,Automóvil,,,,,,,,,,
139239,2022-02-28 19:09:00,CORRIENTES,21,1,1,Motocicleta,,,Privado,,,,,,,
139249,2022-03-01 7:00:00,CORRIENTES,21,0,1,Automóvil,,2017,,,,,,,,
139249,2022-03-01 7:00:00,CORRIENTES,21,1,1,Motocicleta,,2011,Privado,,,,,,,
139265,2022-03-05 7:10:00,CORRIENTES,21,0,1,Automóvil,,2011,Privado,,,,,,,
139275,2022-03-06 21:50:00,CORRIENTES,21,0,1,Automóvil,,,Privado,,,,,,,
139275,2022-03-06 21:50:00,CORRIENTES,21,1,1,Camioneta/Utilitario,,,Privado,,,,,,,
139736,2022-03-10 13:10:00,CORRIENTES,21,0,1,Automóvil,,2015,Privado,,,,,,,
139736,2022-03-10 13:10:00,CORRIENTES,21,1,1,Camioneta/Utilitario,,2015,Privado,,,,,,,
139742,2022-03-12 20:50:00,CORRIENTES,21,0,1,Motocicleta,,2013,Privado,,,,,,,
139742,2022-03-12 20:50:00,CORRIENTES,21,1,1,Camioneta/Utilitario,,2018,Privado,,,,,,,
139941,2022-03-18 18:07:00,CORRIENTES,21,0,1,Automóvil,,2013,Privado,,,,,,,
139941,2022-03-18 18:07:00,CORRIENTES,21,1,1,Automóvil,,2010,Privado,,,,,,,
139941,2022-03-18 18:07:00,CORRIENTES,21,2,1,Motocicleta,,2012,,,,,,,,
139943,2022-03-18 10:40:00,CORRIENTES,21,0,1,Motocicleta,,2012,,,,,,,,
139943,2022-03-18 10:40:00,CORRIENTES,21,1,2,Motocicleta,,2017,,,,,,,,
139945,2022-03-18 9:50:00,CORRIENTES,21,0,1,Automóvil,,2018,,,,,,,,
139945,2022-03-18 9:50:00,CORRIENTES,21,1,1,Automóvil,,2021,,,,,,,,
141872,2022-04-02 19:44:00,CORRIENTES,21,0,1,Automóvil,,,Privado,,,,,,,
141872,2022-04-02 19:44:00,CORRIENTES,21,1,1,Automóvil,,,Privado,,,,,,,
142692,2022-04-13 22:00:00,CORRIENTES,21,0,1,Automóvil,,2018,Privado,,,,,,,
142692,2022-04-13 22:00:00,CORRIENTES,21,1,1,Automóvil,,2007,,,,,,,,
142718,2022-04-03 7:00:00,CORRIENTES,21,0,1,Camioneta/Utilitario,,1990,Privado,,,,,,,
142718,2022-04-03 7:00:00,CORRIENTES,21,1,1,Motocicleta,,2016,Privado,,,,,,,
142762,2022-04-10 6:20:00,CORRIENTES,21,0,1,Automóvil,,2013,Privado,,,,,,,
142762,2022-04-10 6:20:00,CORRIENTES,21,1,2,Otro,,1995,Privado,,,,,,,
143723,2022-04-16 0:12:00,CORRIENTES,21,0,1,Automóvil,,2020,Privado,,,,,,,
143723,2022-04-16 0:12:00,CORRIENTES,21,1,1,Motocicleta,,2012,Privado,,,,,,,
144735,2022-04-24 14:47:00,CORRIENTES,21,0,3,Automóvil,,,Privado,,,,,,,
145047,2022-04-25 9:52:00,CORRIENTES,21,0,1,Automóvil,,2018,,,,,,,,
145047,2022-04-25 9:52:00,CORRIENTES,21,1,1,Motocicleta,,2012,Privado,,,,,,,
145050,2022-04-27 20:00:00,CORRIENTES,21,0,1,Motocicleta,,2016,Privado,,,,,,,
145182,2022-05-03 21:42:00,CORRIENTES,21,0,2,Camioneta/Utilitario,,,Oficial,,,,,,,
145182,2022-05-03 21:42:00,CORRIENTES,21,1,1,Motocicleta,,,Privado,,,,,,,
146703,2022-05-06 8:25:00,CORRIENTES,21,0,1,Automóvil,,,,,,,,,,
146703,2022-05-06 8:25:00,CORRIENTES,21,1,1,Motocicleta,,,Privado,,,,,,,
146712,2022-05-09 6:55:00,CORRIENTES,21,0,1,Automóvil,,,Privado,,,,,,,
146712,2022-05-09 6:55:00,CORRIENTES,21,1,1,Motocicleta,,,Privado,,,,,,,
146713,2022-05-09 8:42:00,CORRIENTES,21,0,1,Automóvil,,,Privado,,,,,,,
146713,2022-05-09 8:42:00,CORRIENTES,21,1,1,Motocicleta,,,Privado,,,,,,,
146723,2022-05-09 15:55:00,CORRIENTES,21,0,0,Automóvil,,,Privado,,,,,,,
146723,2022-05-09 15:55:00,CORRIENTES,21,1,1,Automóvil,,,Privado,,,,,,,
146729,2022-05-14 17:55:00,CORRIENTES,21,0,1,Camioneta/Utilitario,,,Privado,,,,,,,
146729,2022-05-14 17:55:00,CORRIENTES,21,1,1,Motocicleta,,,Privado,,,,,,,
147417,2022-05-19 18:41:00,CORRIENTES,21,0,1,Motocicleta,,,Privado,,,,,,,
147417,2022-05-19 18:41:00,CORRIENTES,21,1,,Automóvil,,,Privado,,,,,,,
148187,2022-05-24 17:20:00,CORRIENTES,21,0,1,Camioneta/Utilitario,,,Privado,,,,,,,
148187,2022-05-24 17:20:00,CORRIENTES,21,1,,Bicicleta,,,,,,,,,,
148993,2022-05-31 12:12:00,CORRIENTES,21,0,1,Automóvil,,2012,Privado,,,,,,,
148993,2022-05-31 12:12:00,CORRIENTES,21,1,1,Automóvil,,2007,Privado,,,,,,,
148998,2022-06-03 6:30:00,CORRIENTES,21,0,1,Motocicleta,,2012,Privado,,,,,,,
148998,2022-06-03 6:30:00,CORRIENTES,21,1,1,Transporte de pasajeros,,2005,Publico,,,,,,,
151190,2022-06-12 20:35:00,CORRIENTES,21,0,1,Transporte de pasajeros,,2015,Publico,,,,,,,
151193,2022-06-14 10:08:00,CORRIENTES,21,0,1,Automóvil,,,Privado,,,,,,,
151193,2022-06-14 10:08:00,CORRIENTES,21,1,1,Motocicleta,,,Privado,,,,,,,
151198,2022-06-15 21:55:00,CORRIENTES,21,0,1,Automóvil,,,Privado,,,,,,,
151198,2022-06-15 21:55:00,CORRIENTES,21,1,1,Otro,,,Publico,Carga,,,,,,
151205,2022-06-17 18:40:00,CORRIENTES,21,0,3,Motocicleta,,2008,Privado,,,,,,,
151206,2022-06-17 20:00:00,CORRIENTES,21,0,1,Automóvil,,2021,Privado,,,,,,,
151206,2022-06-17 20:00:00,CORRIENTES,21,1,2,Motocicleta,,2004,Privado,,,,,,,
151222,2022-06-19 20:40:00,CORRIENTES,21,0,2,Automóvil,,,Privado,,,,,,,
151222,2022-06-19 20:40:00,CORRIENTES,21,1,1,Motocicleta,,,Privado,,,,,,,
152092,2022-06-29 11:10:00,CORRIENTES,21,0,1,Automóvil,,,Privado,,,,,,,
152092,2022-06-29 11:10:00,CORRIENTES,21,1,1,Motocicleta,,,Privado,,,,,,,
152959,2022-06-23 20:00:00,CORRIENTES,21,0,1,Motocicleta,,,Privado,,,,,,,
152959,2022-06-23 20:00:00,CORRIENTES,21,1,1,Camioneta/Utilitario,,,,,,,,,,
152973,2022-07-02 7:05:00,CORRIENTES,21,0,1,Automóvil,,,Privado,,,,,,,
153795,2022-07-12 16:11:00,CORRIENTES,21,0,1,Automóvil,,2013,Privado,,,,,,,
153795,2022-07-12 16:11:00,CORRIENTES,21,1,1,Motocicleta,,2017,Privado,,,,,,,
153797,2022-07-11 14:40:00,CORRIENTES,21,0,1,Automóvil,,2011,Privado,,,,,,,
153797,2022-07-11 14:40:00,CORRIENTES,21,1,1,Motocicleta,,2019,Privado,,,,,,,
155562,2022-07-05 17:34:00,CORRIENTES,21,0,1,Automóvil,,2017,Privado,,,,,,,
155562,2022-07-05 17:34:00,CORRIENTES,21,1,1,Motocicleta,,,Privado,,,,,,,
157805,2022-07-31 8:35:00,CORRIENTES,21,0,2,Automóvil,,2017,Privado,,,,,,,
157805,2022-07-31 8:35:00,CORRIENTES,21,1,1,Motocicleta,,2022,Privado,,,,,,,
157811,2022-08-13 17:30:00,CORRIENTES,21,0,1,Automóvil,,,,,,,,,,
157811,2022-08-13 17:30:00,CORRIENTES,21,1,1,Motocicleta,,,,,,,,,,
158364,2022-08-11 9:54:00,CORRIENTES,21,0,1,Automóvil,,2012,,,,,,,,
158364,2022-08-11 9:54:00,CORRIENTES,21,1,1,Motocicleta,,2015,,,,,,,,
158365,2022-08-11 10:15:00,CORRIENTES,21,0,1,Automóvil,,2013,,,,,,,,
158365,2022-08-11 10:15:00,CORRIENTES,21,1,1,Motocicleta,,2020,,,,,,,,
158368,2022-08-11 11:41:00,CORRIENTES,21,0,1,Automóvil,,2009,,,,,,,,
158368,2022-08-11 11:41:00,CORRIENTES,21,1,1,Automóvil,,2016,,,,,,,,
159877,2022-06-08 8:50:00,CORRIENTES,21,0,1,Automóvil,,2020,,,,,,,,
159877,2022-06-08 8:50:00,CORRIENTES,21,1,3,Motocicleta,,,,,,,,,,
159882,2022-08-14 16:20:00,CORRIENTES,21,0,1,Automóvil,,2012,Privado,,,,,,,
159882,2022-08-14 16:20:00,CORRIENTES,21,1,1,Motocicleta,,2017,Privado,,,,,,,
159927,2022-08-18 11:35:00,CORRIENTES,21,0,1,Transporte de pasajeros,,,Publico,,,,,,,
159927,2022-08-18 11:35:00,CORRIENTES,21,1,1,Automóvil,,,Privado,,,,,,,
161516,2022-09-01 12:30:00,CORRIENTES,21,0,1,Automóvil,,2013,Privado,,,,,,,
161516,2022-09-01 12:30:00,CORRIENTES,21,1,1,Motocicleta,,2018,Privado,,,,,,,
161517,2022-09-01 8:16:00,CORRIENTES,21,0,1,Automóvil,,1996,Privado,,,,,,,
161517,2022-09-01 8:16:00,CORRIENTES,21,1,1,Camioneta/Utilitario,,2017,Privado,,,,,,,
161519,2022-09-01 14:46:00,CORRIENTES,21,0,1,Automóvil,,2016,Privado,,,,,,,
161519,2022-09-01 14:46:00,CORRIENTES,21,1,1,Motocicleta,,2020,Privado,,,,,,,
161543,2022-09-09 9:02:00,CORRIENTES,21,0,1,Motocicleta,,,Privado,,,,,,,
162744,2022-09-02 10:40:00,CORRIENTES,21,0,2,Motocicleta,,2020,Privado,,,,,,,
162744,2022-09-02 10:40:00,CORRIENTES,21,1,2,Camioneta/Utilitario,,2013,Privado,,,,,,,
162764,2022-09-05 10:45:00,CORRIENTES,21,0,1,Camioneta/Utilitario,,2011,Privado,,,,,,,
162764,2022-09-05 10:45:00,CORRIENTES,21,1,1,Motocicleta,,2014,Privado,,,,,,,
162768,2022-09-06 6:20:00,CORRIENTES,21,0,1,Motocicleta,,2019,,,,,,,,
162768,2022-09-06 6:20:00,CORRIENTES,21,1,1,Motocicleta,,2008,Privado,,,,,,,
163573,2022-09-13 14:06:00,CORRIENTES,21,0,1,Automóvil,,2014,Publico,,,,,,,
163573,2022-09-13 14:06:00,CORRIENTES,21,1,1,Motocicleta,,2019,Privado,,,,,,,
163590,2022-09-18 16:40:00,CORRIENTES,21,0,2,Motocicleta,,2021,Privado,,,,,,,
163594,2022-09-19 19:00:00,CORRIENTES,21,0,1,Automóvil,,2021,Privado,,,,,,,
163594,2022-09-19 19:00:00,CORRIENTES,21,1,1,Motocicleta,,2008,,,,,,,,
164583,2022-09-22 7:00:00,CORRIENTES,21,0,2,Motocicleta,,2011,Privado,,,,,,,
164590,2022-09-25 3:57:00,CORRIENTES,21,0,1,Automóvil,,2014,Privado,,,,,,,
165345,2022-10-04 16:30:00,CORRIENTES,21,0,1,Automóvil,,2001,Privado,,,,,,,
165387,2022-04-05 10:44:00,CORRIENTES,21,0,1,Motocicleta,,2017,,,,,,,,
165387,2022-04-05 10:44:00,CORRIENTES,21,1,1,Camioneta/Utilitario,,2014,Privado,,,,,,,
165420,2022-10-05 12:26:00,CORRIENTES,21,0,1,Automóvil,,2013,Privado,,,,,,,
165420,2022-10-05 12:26:00,CORRIENTES,21,1,1,Transporte de carga,,2019,Privado,Carga,,,,,,
165427,2022-10-09 9:50:00,CORRIENTES,21,0,3,Automóvil,,2005,Privado,,,,,,,
165427,2022-10-09 9:50:00,CORRIENTES,21,1,3,Automóvil,,2016,Privado,,,,,,,
167702,2022-10-16 0:14:00,CORRIENTES,21,0,1,Automóvil,,2008,Privado,,,,,,,
167702,2022-10-16 0:14:00,CORRIENTES,21,1,2,Camioneta/Utilitario,,2018,Oficial,,,,,,,
168132,2022-10-28 7:15:00,CORRIENTES,21,0,1,Automóvil,,2014,Privado,,,,,,,
168132,2022-10-28 7:15:00,CORRIENTES,21,1,1,Bicicleta,,2015,Privado,,,,,,,
169146,2022-10-26 8:00:00,CORRIENTES,21,0,1,Automóvil,,2016,Privado,,,,,,,
169146,2022-10-26 8:00:00,CORRIENTES,21,1,1,Motocicleta,,1992,Privado,,,,,,,
169149,2022-10-26 13:30:00,CORRIENTES,21,0,1,Automóvil,,2016,Privado,,,,,,,
169149,2022-10-26 13:30:00,CORRIENTES,21,1,2,Motocicleta,,2020,Privado,,,,,,,
169867,2022-11-06 15:45:00,CORRIENTES,21,0,1,Transporte de pasajeros,,2013,Publico,Pax,,,,,,
169867,2022-11-06 15:45:00,CORRIENTES,21,1,2,Automóvil,,2007,Privado,,,,,,,
169872,2022-11-09 8:16:00,CORRIENTES,21,0,1,Automóvil,,2015,Privado,,,,,,,
169872,2022-11-09 8:16:00,CORRIENTES,21,1,1,Motocicleta,,2017,Privado,,,,,,,
169888,2022-11-11 8:30:00,CORRIENTES,21,0,1,Automóvil,,2018,Privado,,,,,,,
169888,2022-11-11 8:30:00,CORRIENTES,21,1,1,Bicicleta,,2010,Privado,,,,,,,
169893,2022-11-12 13:55:00,CORRIENTES,21,0,1,Automóvil,,2000,Privado,,,,,,,
169893,2022-11-12 13:55:00,CORRIENTES,21,1,1,Motocicleta,,2012,Privado,,,,,,,
171737,2022-11-15 7:54:00,CORRIENTES,21,0,1,Automóvil,,2011,Privado,,,,,,,
171737,2022-11-15 7:54:00,CORRIENTES,21,1,1,Transporte de pasajeros,,2011,Publico,Pax,,,,,,
172477,2022-11-17 8:00:00,CORRIENTES,21,0,,Automóvil,,2016,,,,,,,,
172477,2022-11-17 8:00:00,CORRIENTES,21,1,,Transporte de pasajeros,,2016,,,,,,,,
174258,2022-11-23 13:30:00,CORRIENTES,21,0,,Motocicleta,,2018,,,,,,,,
174258,2022-11-23 13:30:00,CORRIENTES,21,1,,Automóvil,,,,,,,,,,
174635,2022-11-26 15:10:00,CORRIENTES,21,0,,Automóvil,,,,,,,,,,
174635,2022-11-26 15:10:00,CORRIENTES,21,1,,Motocicleta,,,,,,,,,,
174827,2022-11-30 8:35:00,CORRIENTES,21,0,,Automóvil,,2009,,,,,,,,
174827,2022-11-30 8:35:00,CORRIENTES,21,1,,Motocicleta,,2010,,,,,,,,
175477,2022-12-12 18:50:00,CORRIENTES,21,0,,Automóvil,,2012,,,,,,,,
175477,2022-12-12 18:50:00,CORRIENTES,21,1,,Automóvil,,2009,,,,,,,,
175478,2022-12-13 11:30:00,CORRIENTES,21,0,,Automóvil,,2014,,,,,,,,
175478,2022-12-13 11:30:00,CORRIENTES,21,1,,Motocicleta,,2019,,,,,,,,
175479,2022-12-14 6:50:00,CORRIENTES,21,0,,Automóvil,,2016,,,,,,,,
175479,2022-12-14 6:50:00,CORRIENTES,21,1,1,Peatón,,,,,,,,,,
175494,2022-12-14 18:30:00,CORRIENTES,21,0,,Automóvil,,,,,,,,,,
175494,2022-12-14 18:30:00,CORRIENTES,21,1,,Motocicleta,,,,,,,,,,
176148,2022-12-20 19:00:00,CORRIENTES,21,0,,Automóvil,,2010,,,,,,,,
176148,2022-12-20 19:00:00,CORRIENTES,21,1,1,Peatón,,,,,,,,,,
201970,2022-08-23 20:30:00,CORRIENTES,21,0,,Motocicleta,,,,,,,,,,
201970,2022-08-23 20:30:00,CORRIENTES,21,1,1,Peatón,,,,,,,,,,
134045,2022-01-01 12:45:00,CORRIENTES,21,0,1,Automóvil,,,Privado,,,,,,,
134049,2022-01-04 7:33:00,CORRIENTES,21,0,1,Motocicleta,,,Privado,,,,,,,
134049,2022-01-04 7:33:00,CORRIENTES,21,1,1,Transporte de pasajeros,,,Privado,,,,,,,
134089,2022-01-06 15:30:00,CORRIENTES,21,0,1,Automóvil,,,Privado,,,,,,,
134089,2022-01-06 15:30:00,CORRIENTES,21,1,2,Motocicleta,,,Privado,,,,,,,
134801,2022-01-07 11:55:00,CORRIENTES,21,0,1,Automóvil,,2019,,,,,,,,
134801,2022-01-07 11:55:00,CORRIENTES,21,1,1,Motocicleta,,2010,,,,,,,,
134831,2022-01-24 12:50:00,CORRIENTES,21,0,1,Camioneta/Utilitario,,,Privado,,,,,,,
134831,2022-01-24 12:50:00,CORRIENTES,21,1,1,Motocicleta,,,Privado,,,,,,,
134861,2022-01-31 22:51:00,CORRIENTES,21,0,2,Motocicleta,,,Privado,,,,,,,
134861,2022-01-31 22:51:00,CORRIENTES,21,1,1,Motocicleta,,,Privado,,,,,,,
134865,2022-02-01 9:37:00,CORRIENTES,21,0,1,Automóvil,,,Privado,,,,,,,
134865,2022-02-01 9:37:00,CORRIENTES,21,1,,Motocicleta,,,,,,,,,,
135574,2022-02-03 12:13:00,CORRIENTES,21,0,1,Automóvil,,,,,,,,,,
135574,2022-02-03 12:13:00,CORRIENTES,21,1,1,Automóvil,,,,,,,,,,
135576,2022-02-03 6:45:00,CORRIENTES,21,0,1,Motocicleta,,,Privado,,,,,,,
135582,2022-02-03 17:49:00,CORRIENTES,21,0,1,Automóvil,,2019,Privado,,,,,,,
135582,2022-02-03 17:49:00,CORRIENTES,21,1,1,Motocicleta,,2011,Privado,,,,,,,
135583,2022-02-03 6:45:00,CORRIENTES,21,0,1,Motocicleta,,2015,Privado,,,,,,,
135583,2022-02-03 6:45:00,CORRIENTES,21,1,1,Motocicleta,,2011,Privado,,,,,,,
136373,2022-02-07 13:27:00,CORRIENTES,21,0,1,Automóvil,,,Privado,,,,,,,
136373,2022-02-07 13:27:00,CORRIENTES,21,1,1,Camioneta/Utilitario,,,Privado,,,,,,,
137572,2022-02-12 20:00:00,CORRIENTES,21,0,1,Motocicleta,,,Privado,,,,,,,
137572,2022-02-12 20:00:00,CORRIENTES,21,1,1,Bicicleta,,,Privado,,,,,,,
137578,2022-02-15 8:45:00,CORRIENTES,21,0,1,Motocicleta,,,Privado,,,,,,,
137578,2022-02-15 8:45:00,CORRIENTES,21,1,1,Automóvil,,,Privado,,,,,,,
137584,2022-02-17 11:45:00,CORRIENTES,21,0,1,Automóvil,,,Privado,,,,,,,
137584,2022-02-17 11:45:00,CORRIENTES,21,1,1,Camioneta/Utilitario,,,Privado,,,,,,,
137592,2022-02-17 13:39:00,CORRIENTES,21,0,1,Automóvil,,,,,,,,,,
137592,2022-02-17 13:39:00,CORRIENTES,21,1,1,Motocicleta,,,Privado,,,,,,,
138508,2022-02-20 6:50:00,CORRIENTES,21,0,1,Motocicleta,,,Privado,,,,,,,
139237,2022-02-26 12:30:00,CORRIENTES,21,0,1,Motocicleta,,,Privado,,,,,,,
139237,2022-02-26 12:30:00,CORRIENTES,21,1,1,Transporte de pasajeros,,,Publico,,,,,,,
139250,2022-03-02 6:20:00,CORRIENTES,21,0,1,Motocicleta,,2010,,,,,,,,
139254,2022-03-03 16:45:00,CORRIENTES,21,0,1,Automóvil,,2014,,,,,,,,
139254,2022-03-03 16:45:00,CORRIENTES,21,1,1,Motocicleta,,2021,,,,,,,,
139937,2022-03-13 18:45:00,CORRIENTES,21,0,1,Automóvil,,2019,Privado,,,,,,,
139937,2022-03-13 18:45:00,CORRIENTES,21,1,1,Motocicleta,,2022,Privado,,,,,,,
139940,2022-03-16 14:38:00,CORRIENTES,21,0,1,Motocicleta,,2020,Privado,,,,,,,
139940,2022-03-16 14:38:00,CORRIENTES,21,1,,Motocicleta,,2018,Privado,,,,,,,
139968,2022-03-19 12:23:00,CORRIENTES,21,0,1,Automóvil,,2018,Privado,,,,,,,
139968,2022-03-19 12:23:00,CORRIENTES,21,1,1,Motocicleta,,2018,,,,,,,,
139997,2022-03-20 21:10:00,CORRIENTES,21,0,1,Motocicleta,,2022,,,,,,,,
139997,2022-03-20 21:10:00,CORRIENTES,21,1,1,Automóvil,,2009,Privado,,,,,,,
140971,2022-04-02 8:30:00,CORRIENTES,21,0,1,Automóvil,,,Privado,,,,,,,
140971,2022-04-02 8:30:00,CORRIENTES,21,1,1,Camioneta/Utilitario,,2018,Privado,,,,,,,
142694,2022-04-14 15:40:00,CORRIENTES,21,0,1,Camioneta/Utilitario,,2017,Privado,Emergencia,,,,,,
142694,2022-04-14 15:40:00,CORRIENTES,21,1,1,Automóvil,,2013,Privado,,,,,,,
142699,2022-04-12 12:29:00,CORRIENTES,21,0,1,Automóvil,,2012,,,,,,,,
142699,2022-04-12 12:29:00,CORRIENTES,21,1,1,Automóvil,,2008,,,,,,,,
142732,2022-04-04 15:15:00,CORRIENTES,21,0,1,Automóvil,,2014,Privado,,,,,,,
142732,2022-04-04 15:15:00,CORRIENTES,21,1,1,Automóvil,,2019,,,,,,,,
142732,2022-04-04 15:15:00,CORRIENTES,21,2,1,Automóvil,,2016,,,,,,,,
142757,2022-04-06 22:30:00,CORRIENTES,21,0,0,Automóvil,,2015,Privado,,,,,,,
142757,2022-04-06 22:30:00,CORRIENTES,21,1,1,Motocicleta,,2019,Privado,,,,,,,
143722,2022-04-20 17:34:00,CORRIENTES,21,0,1,Automóvil,,2017,Privado,,,,,,,
143722,2022-04-20 17:34:00,CORRIENTES,21,1,1,Automóvil,,2015,Privado,,,,,,,
143722,2022-04-20 17:34:00,CORRIENTES,21,2,1,Automóvil,,2011,,,,,,,,
143755,2022-04-14 5:36:00,CORRIENTES,21,0,1,Camioneta/Utilitario,,1995,,,,,,,,
143765,2022-04-23 11:34:00,CORRIENTES,21,0,1,Automóvil,,2021,Privado,,,,,,,
143765,2022-04-23 11:34:00,CORRIENTES,21,1,1,Camioneta/Utilitario,,2018,Privado,,,,,,,
143765,2022-04-23 11:34:00,CORRIENTES,21,2,1,Automóvil,,2020,Privado,,,,,,,
145741,2022-05-03 11:00:00,CORRIENTES,21,0,1,Automóvil,,,Privado,,,,,,,
145741,2022-05-03 11:00:00,CORRIENTES,21,1,1,Bicicleta,,,Privado,,,,,,,
146715,2022-05-09 15:15:00,CORRIENTES,21,0,,Transporte de pasajeros,,,Publico,,,,,,,
146715,2022-05-09 15:15:00,CORRIENTES,21,1,1,Motocicleta,,,Privado,,,,,,,
146725,2022-05-11 13:18:00,CORRIENTES,21,0,0,Automóvil,,,,,,,,,,
146725,2022-05-11 13:18:00,CORRIENTES,21,1,1,Motocicleta,,,Privado,,,,,,,
147088,2022-05-16 10:59:00,CORRIENTES,21,0,1,Automóvil,,,Privado,,,,,,,
147088,2022-05-16 10:59:00,CORRIENTES,21,1,1,Automóvil,,,Privado,,,,,,,
147090,2022-05-18 15:50:00,CORRIENTES,21,0,1,Motocicleta,,,Privado,,,,,,,
147090,2022-05-18 15:50:00,CORRIENTES,21,1,1,Motocicleta,,,Privado,,,,,,,
148186,2022-05-23 12:56:00,CORRIENTES,21,0,,Automóvil,,,Privado,,,,,,,
148186,2022-05-23 12:56:00,CORRIENTES,21,1,1,Bicicleta,,,Privado,,,,,,,
148950,2022-05-27 8:00:00,CORRIENTES,21,0,1,Automóvil,,2007,Privado,,,,,,,
148950,2022-05-27 8:00:00,CORRIENTES,21,1,1,Motocicleta,,2017,Privado,,,,,,,
148955,2022-05-30 17:30:00,CORRIENTES,21,0,1,Motocicleta,,2014,Privado,,,,,,,
148955,2022-05-30 17:30:00,CORRIENTES,21,1,1,Automóvil,,2011,,,,,,,,
151164,2022-06-04 13:50:00,CORRIENTES,21,0,1,Automóvil,,,,,,,,,,
151164,2022-06-04 13:50:00,CORRIENTES,21,1,1,Automóvil,,,,,,,,,,
151166,2022-06-05 8:08:00,CORRIENTES,21,0,1,Motocicleta,,2022,Privado,,,,,,,
151166,2022-06-05 8:08:00,CORRIENTES,21,1,3,Camioneta/Utilitario,,2019,Privado,,,,,,,
151170,2022-06-10 18:40:00,CORRIENTES,21,0,1,Bicicleta,,,Privado,,,,,,,
151170,2022-06-10 18:40:00,CORRIENTES,21,1,1,Automóvil,,2021,Privado,,,,,,,
151208,2022-06-18 14:10:00,CORRIENTES,21,0,1,Automóvil,,2005,Privado,,,,,,,
152046,2022-06-04 23:20:00,CORRIENTES,21,0,1,Automóvil,,,Privado,,,,,,,
152046,2022-06-04 23:20:00,CORRIENTES,21,1,1,Automóvil,,,Privado,,,,,,,
152047,2022-06-06 21:30:00,CORRIENTES,21,0,1,Automóvil,,,Privado,,,,,,,
152047,2022-06-06 21:30:00,CORRIENTES,21,1,1,Automóvil,,,,,,,,,,
152054,2022-06-09 8:40:00,CORRIENTES,21,0,1,Motocicleta,,,,,,,,,,
152054,2022-06-09 8:40:00,CORRIENTES,21,1,,Automóvil,,,,,,,,,,
152056,2022-06-28 12:20:00,CORRIENTES,21,0,1,Motocicleta,,,Privado,,,,,,,
152103,2022-06-30 18:00:00,CORRIENTES,21,0,1,Automóvil,,,Privado,,,,,,,
152103,2022-06-30 18:00:00,CORRIENTES,21,1,1,Motocicleta,,,,,,,,,,
152939,2022-06-23 10:35:00,CORRIENTES,21,0,1,Automóvil,,2012,Privado,,,,,,,
152939,2022-06-23 10:35:00,CORRIENTES,21,1,1,Automóvil,,2016,Privado,,,,,,,
152966,2022-06-30 8:10:00,CORRIENTES,21,0,1,Automóvil,,2017,Privado,,,,,,,
152966,2022-06-30 8:10:00,CORRIENTES,21,1,1,Motocicleta,,2010,Privado,,,,,,,
152967,2022-06-27 6:10:00,CORRIENTES,21,0,1,Motocicleta,,2015,Privado,,,,,,,
152970,2022-07-01 14:21:00,CORRIENTES,21,0,1,Automóvil,,,Privado,,,,,,,
152970,2022-07-01 14:21:00,CORRIENTES,21,1,2,Motocicleta,,,Privado,,,,,,,
152972,2022-07-01 20:15:00,CORRIENTES,21,0,1,Motocicleta,,,Privado,,,,,,,
152981,2022-07-03 14:55:00,CORRIENTES,21,0,1,Motocicleta,,,Privado,,,,,,,
152981,2022-07-03 14:55:00,CORRIENTES,21,1,1,Motocicleta,,,Privado,,,,,,,
152982,2022-07-04 7:52:00,CORRIENTES,21,0,,Motocicleta,,,,,,,,,,
153809,2022-07-12 9:15:00,CORRIENTES,21,0,1,Automóvil,,2016,Privado,,,,,,,
153809,2022-07-12 9:15:00,CORRIENTES,21,1,1,Motocicleta,,2017,Privado,,,,,,,
153895,2022-07-05 8:10:00,CORRIENTES,21,0,1,Automóvil,,,Privado,,,,,,,
153895,2022-07-05 8:10:00,CORRIENTES,21,1,1,Automóvil,,,Privado,,,,,,,
156555,2022-07-18 18:00:00,CORRIENTES,21,0,1,Automóvil,,2018,Privado,,,,,,,
156555,2022-07-18 18:00:00,CORRIENTES,21,1,1,Camioneta/Utilitario,,2017,Privado,,,,,,,
156557,2022-07-22 22:30:00,CORRIENTES,21,0,1,Automóvil,,2007,Privado,,,,,,,
156557,2022-07-22 22:30:00,CORRIENTES,21,1,2,Motocicleta,,2018,Privado,,,,,,,
156559,2022-07-14 13:37:00,CORRIENTES,21,0,1,Automóvil,,2018,Privado,,,,,,,
156559,2022-07-14 13:37:00,CORRIENTES,21,1,1,Motocicleta,,2014,Privado,,,,,,,
156560,2022-07-23 10:20:00,CORRIENTES,21,0,1,Transporte de carga,,1997,Privado,,,,,,,
156560,2022-07-23 10:20:00,CORRIENTES,21,1,1,Automóvil,,2012,Privado,,,,,,,
157741,2022-07-28 13:36:00,CORRIENTES,21,0,1,Motocicleta,,2021,Privado,,,,,,,
157741,2022-07-28 13:36:00,CORRIENTES,21,1,1,Transporte de carga,,2012,,,,,,,,
157785,2022-07-30 10:24:00,CORRIENTES,21,0,1,Peatón,,,,,,,,,,
157785,2022-07-30 10:24:00,CORRIENTES,21,1,1,Motocicleta,,2015,Privado,,,,,,,
157798,2022-07-30 11:05:00,CORRIENTES,21,0,2,Automóvil,,2021,Privado,,,,,,,
157798,2022-07-30 11:05:00,CORRIENTES,21,1,2,Automóvil,,2018,Privado,,,,,,,
157798,2022-07-30 11:05:00,CORRIENTES,21,2,2,Camioneta/Utilitario,,2018,Privado,,,,,,,
157798,2022-07-30 11:05:00,CORRIENTES,21,3,2,Camioneta/Utilitario,,2018,Privado,,,,,,,
157800,2022-07-29 16:45:00,CORRIENTES,21,0,1,Automóvil,,2017,Privado,,,,,,,
157800,2022-07-29 16:45:00,CORRIENTES,21,1,1,Camioneta/Utilitario,,2021,Privado,,,,,,,
157803,2022-07-30 19:11:00,CORRIENTES,21,0,1,Automóvil,,,,,,,,,,
157803,2022-07-30 19:11:00,CORRIENTES,21,1,,Automóvil,,,Privado,,,,,,,
157808,2022-08-13 19:00:00,CORRIENTES,21,0,1,Automóvil,,,Privado,,,,,,,
157808,2022-08-13 19:00:00,CORRIENTES,21,1,1,Camioneta/Utilitario,,,Privado,,,,,,,
157849,2022-08-06 19:30:00,CORRIENTES,21,0,1,Motocicleta,,2018,Privado,,,,,,,
158362,2022-08-11 8:10:00,CORRIENTES,21,0,2,Motocicleta,,2013,,,,,,,,
158362,2022-08-11 8:10:00,CORRIENTES,21,1,2,Camioneta/Utilitario,,2007,,,,,,,,
158373,2022-08-12 18:50:00,CORRIENTES,21,0,1,Motocicleta,,2018,Privado,,,,,,,
158373,2022-08-12 18:50:00,CORRIENTES,21,1,2,Motocicleta,,2014,Privado,,,,,,,
158373,2022-08-12 18:50:00,CORRIENTES,21,2,2,Motocicleta,,,,,,,,,,
159881,2022-08-12 22:15:00,CORRIENTES,21,0,1,Motocicleta,,2012,Privado,,,,,,,
159881,2022-08-12 22:15:00,CORRIENTES,21,1,2,Camioneta/Utilitario,,2018,Privado,,,,,,,
159884,2022-08-15 19:25:00,CORRIENTES,21,0,1,Motocicleta,,2021,,,,,,,,
159884,2022-08-15 19:25:00,CORRIENTES,21,1,1,Motocicleta,,2007,Privado,,,,,,,
159930,2022-08-20 13:50:00,CORRIENTES,21,0,1,Automóvil,,,Privado,,,,,,,
159930,2022-08-20 13:50:00,CORRIENTES,21,1,1,Motocicleta,,,Privado,,,,,,,
160646,2022-08-22 0:45:00,CORRIENTES,21,0,1,Automóvil,,2008,Privado,,,,,,,
160646,2022-08-22 0:45:00,CORRIENTES,21,1,1,Motocicleta,,,Privado,,,,,,,
160648,2022-08-20 9:14:00,CORRIENTES,21,0,1,Automóvil,,,,,,,,,,
160648,2022-08-20 9:14:00,CORRIENTES,21,1,,Motocicleta,,,,,,,,,,
160651,2022-08-24 13:15:00,CORRIENTES,21,0,1,Motocicleta,,2005,,,,,,,,
160684,2022-08-26 9:30:00,CORRIENTES,21,0,1,Automóvil,,2018,Privado,,,,,,,
160684,2022-08-26 9:30:00,CORRIENTES,21,1,1,Camioneta/Utilitario,,2012,,,,,,,,
160686,2022-08-26 11:50:00,CORRIENTES,21,0,1,Motocicleta,,2015,Privado,,,,,,,
160686,2022-08-26 11:50:00,CORRIENTES,21,1,,Bicicleta,,,,,,,,,,
161483,2022-08-24 21:45:00,CORRIENTES,21,0,1,Transporte de pasajeros,,,Publico,,,,,,,
161483,2022-08-24 21:45:00,CORRIENTES,21,1,1,Motocicleta,,,Privado,,,,,,,
161493,2022-08-29 9:11:00,CORRIENTES,21,0,1,Automóvil,,2012,Privado,,,,,,,
161493,2022-08-29 9:11:00,CORRIENTES,21,1,1,Motocicleta,,2012,,,,,,,,
161495,2022-08-31 13:05:00,CORRIENTES,21,0,1,Automóvil,,2020,Privado,,,,,,,
161495,2022-08-31 13:05:00,CORRIENTES,21,1,1,Motocicleta,,2021,Privado,,,,,,,
161497,2022-08-31 15:45:00,CORRIENTES,21,0,1,Motocicleta,,2020,Privado,,,,,,,
163579,2022-09-16 19:00:00,CORRIENTES,21,0,1,Automóvil,,2010,Privado,,,,,,,
163579,2022-09-16 19:00:00,CORRIENTES,21,1,1,Motocicleta,,2009,Privado,,,,,,,
164580,2022-09-21 12:00:00,CORRIENTES,21,0,1,Automóvil,,2022,Privado,,,,,,,
164580,2022-09-21 12:00:00,CORRIENTES,21,1,1,Automóvil,,2017,Privado,,,,,,,
164589,2022-09-23 8:32:00,CORRIENTES,21,0,1,Transporte de carga,,2004,Privado,,,,,,,
164589,2022-09-23 8:32:00,CORRIENTES,21,1,1,Transporte de pasajeros,,2008,Privado,,,,,,,
164598,2022-09-25 13:00:00,CORRIENTES,21,0,1,Motocicleta,,2020,Privado,,,,,,,
164598,2022-09-25 13:00:00,CORRIENTES,21,1,1,Motocicleta,,2021,Privado,,,,,,,
164600,2022-09-26 8:11:00,CORRIENTES,21,0,1,Motocicleta,,2018,Privado,,,,,,,
164600,2022-09-26 8:11:00,CORRIENTES,21,1,1,Motocicleta,,2015,Privado,,,,,,,
164601,2022-09-23 16:30:00,CORRIENTES,21,0,1,Transporte de carga,,1993,Privado,Carga,,,,,,
164613,2022-09-27 7:30:00,CORRIENTES,21,0,1,Motocicleta,,2019,Privado,,,,,,,
164613,2022-09-27 7:30:00,CORRIENTES,21,1,1,Peatón,,,,,,,,,,
164616,2022-09-27 8:20:00,CORRIENTES,21,0,,Motocicleta,,,,,,,,,,
164616,2022-09-27 8:20:00,CORRIENTES,21,1,1,Bicicleta,,,Privado,,,,,,,
164617,2022-09-28 11:20:00,CORRIENTES,21,0,1,Automóvil,,2005,,,,,,,,
164617,2022-09-28 11:20:00,CORRIENTES,21,1,1,Transporte de carga,,2014,,,,,,,,
164620,2022-09-29 10:15:00,CORRIENTES,21,0,1,Motocicleta,,2013,Privado,,,,,,,
164620,2022-09-29 10:15:00,CORRIENTES,21,1,1,Camioneta/Utilitario,,2017,,,,,,,,
165340,2022-10-01 13:03:00,CORRIENTES,21,0,1,Motocicleta,,2016,Privado,,,,,,,
165340,2022-10-01 13:03:00,CORRIENTES,21,1,1,Peatón,,,,,,,,,,
165422,2022-10-06 14:25:00,CORRIENTES,21,0,1,Automóvil,,1991,Privado,,,,,,,
165422,2022-10-06 14:25:00,CORRIENTES,21,1,1,Motocicleta,,2018,Privado,,,,,,,
166823,2022-10-04 8:05:00,CORRIENTES,21,0,1,Automóvil,,2022,Privado,,,,,,,
166823,2022-10-04 8:05:00,CORRIENTES,21,1,1,Automóvil,,2022,,,,,,,,
166823,2022-10-04 8:05:00,CORRIENTES,21,2,1,Automóvil,,2009,,,,,,,,
167742,2022-10-17 10:38:00,CORRIENTES,21,0,1,Automóvil,,2019,Privado,,,,,,,
167742,2022-10-17 10:38:00,CORRIENTES,21,1,1,Motocicleta,,2020,Privado,,,,,,,
167742,2022-10-17 10:38:00,CORRIENTES,21,2,1,Bicicleta,,2000,Privado,,,,,,,
167745,2022-10-17 14:00:00,CORRIENTES,21,0,1,Motocicleta,,2015,Privado,,,,,,,
167745,2022-10-17 14:00:00,CORRIENTES,21,1,1,Motocicleta,,2022,Privado,,,,,,,
168421,2022-10-23 6:30:00,CORRIENTES,21,0,0,Automóvil,,2012,Privado,,,,,,,
168421,2022-10-23 6:30:00,CORRIENTES,21,1,1,Motocicleta,,2020,Privado,,,,,,,
169152,2022-10-27 11:20:00,CORRIENTES,21,0,1,Automóvil,,2021,Privado,,,,,,,
169152,2022-10-27 11:20:00,CORRIENTES,21,1,1,Camioneta/Utilitario,,2016,Privado,,,,,,,
169846,2022-11-03 17:15:00,CORRIENTES,21,0,1,Motocicleta,,2014,Privado,,,,,,,
169846,2022-11-03 17:15:00,CORRIENTES,21,1,1,Automóvil,,2017,Privado,Pax,,,,,,
169847,2022-11-03 17:40:00,CORRIENTES,21,0,1,Motocicleta,,2010,Privado,,,,,,,
169847,2022-11-03 17:40:00,CORRIENTES,21,1,1,Automóvil,,2010,Privado,,,,,,,
169848,2022-11-04 12:15:00,CORRIENTES,21,0,2,Camioneta/Utilitario,,2015,Privado,,,,,,,
169848,2022-11-04 12:15:00,CORRIENTES,21,1,2,Motocicleta,,2021,Privado,,,,,,,
169849,2022-11-05 7:50:00,CORRIENTES,21,0,1,Motocicleta,,2013,Privado,,,,,,,
169849,2022-11-05 7:50:00,CORRIENTES,21,1,2,Motocicleta,,,Privado,,,,,,,
169869,2022-11-08 12:15:00,CORRIENTES,21,0,1,Automóvil,,2018,Privado,,,,,,,
169869,2022-11-08 12:15:00,CORRIENTES,21,1,1,Motocicleta,,2022,Privado,,,,,,,
169887,2022-11-11 8:10:00,CORRIENTES,21,0,1,Peatón,,,,,,,,,,
171740,2022-11-15 16:50:00,CORRIENTES,21,0,1,Motocicleta,,1994,Privado,,,,,,,
171740,2022-11-15 16:50:00,CORRIENTES,21,1,1,Bicicleta,,2000,,,,,,,,
171743,2022-11-16 17:59:00,CORRIENTES,21,0,1,Camioneta/Utilitario,,2021,,,,,,,,
171743,2022-11-16 17:59:00,CORRIENTES,21,1,1,Motocicleta,,2012,Privado,,,,,,,
171748,2022-11-17 17:52:00,CORRIENTES,21,0,1,Automóvil,,2022,Privado,,,,,,,
171748,2022-11-17 17:52:00,CORRIENTES,21,1,1,Motocicleta,,2020,Privado,,,,,,,
173503,2022-11-17 14:20:00,CORRIENTES,21,0,,Automóvil,,0,,,,,,,,
173503,2022-11-17 14:20:00,CORRIENTES,21,1,,Transporte de pasajeros,,0,,,,,,,,
174820,2022-11-26 19:10:00,CORRIENTES,21,0,,Motocicleta,,2017,,,,,,,,
174820,2022-11-26 19:10:00,CORRIENTES,21,1,,Transporte de pasajeros,,2005,,,,,,,Ómnibus urbano,
174825,2022-11-29 16:45:00,CORRIENTES,21,0,,Automóvil,,2011,,,,,,,,
174825,2022-11-29 16:45:00,CORRIENTES,21,1,,Motocicleta,,2009,,,,,,,,
175449,2022-12-01 20:20:00,CORRIENTES,21,0,,Motocicleta,,,,,,,,,,
175449,2022-12-01 20:20:00,CORRIENTES,21,1,,Automóvil,,,,,,,,,,
175449,2022-12-01 20:20:00,CORRIENTES,21,2,,Automóvil,,,,,,,,,,
175459,2022-12-04 18:30:00,CORRIENTES,21,0,,Motocicleta,,,,,,,,,,
175459,2022-12-04 18:30:00,CORRIENTES,21,1,,Automóvil,,,,,,,,,,
175461,2022-12-05 9:35:00,CORRIENTES,21,0,,Automóvil,,,,,,,,,,
175461,2022-12-05 9:35:00,CORRIENTES,21,1,,Motocicleta,,,,,,,,,,
133385,2022-01-20 20:00:00,CORRIENTES,21,0,1,Camioneta/Utilitario,,,Privado,,,,,,,
133385,2022-01-20 20:00:00,CORRIENTES,21,1,1,Motocicleta,,,,,,,,,,
134814,2022-01-11 12:30:00,CORRIENTES,21,0,1,Automóvil,,2018,Privado,,,,,,,
134814,2022-01-11 12:30:00,CORRIENTES,21,1,1,Motocicleta,,2022,,,,,,,,
134830,2022-01-24 10:00:00,CORRIENTES,21,0,,Automóvil,,,,,,,,,,
134830,2022-01-24 10:00:00,CORRIENTES,21,1,1,Motocicleta,,,Privado,,,,,,,
135559,2022-02-01 14:30:00,CORRIENTES,21,0,1,Automóvil,,2013,Privado,,,,,,,
135559,2022-02-01 14:30:00,CORRIENTES,21,1,1,Transporte de pasajeros,,2012,,,,,,,,
135573,2022-02-02 11:05:00,CORRIENTES,21,0,1,Bicicleta,,,,,,,,,,
136337,2022-02-05 9:45:00,CORRIENTES,21,0,1,Automóvil,,2012,Privado,,,,,,,
136337,2022-02-05 9:45:00,CORRIENTES,21,1,1,Automóvil,,2012,Privado,,,,,,,
136354,2022-02-06 9:00:00,CORRIENTES,21,0,1,Motocicleta,,2021,Privado,,,,,,,
136369,2022-02-06 23:48:00,CORRIENTES,21,0,1,Automóvil,,,,,,,,,,
136369,2022-02-06 23:48:00,CORRIENTES,21,1,1,Motocicleta,,,,,,,,,,
137052,2022-02-11 10:24:00,CORRIENTES,21,0,1,Automóvil,,,,,,,,,,
137052,2022-02-11 10:24:00,CORRIENTES,21,1,1,Camioneta/Utilitario,,,Privado,,,,,,,
138493,2022-02-19 8:45:00,CORRIENTES,21,0,1,Motocicleta,,2012,Privado,,,,,,,
139220,2022-02-21 12:39:00,CORRIENTES,21,0,1,Automóvil,,2013,Privado,,,,,,,
139220,2022-02-21 12:39:00,CORRIENTES,21,1,1,Automóvil,,2019,Privado,,,,,,,
139234,2022-02-24 19:14:00,CORRIENTES,21,0,1,Automóvil,,,Privado,,,,,,,
139234,2022-02-24 19:14:00,CORRIENTES,21,1,1,Automóvil,,,Privado,,,,,,,
139238,2022-02-26 13:10:00,CORRIENTES,21,0,1,Motocicleta,,,Privado,,,,,,,
139238,2022-02-26 13:10:00,CORRIENTES,21,1,1,Automóvil,,,Privado,,,,,,,
139241,2022-02-28 7:00:00,CORRIENTES,21,0,1,Automóvil,,,Privado,,,,,,,
139277,2022-03-07 9:50:00,CORRIENTES,21,0,1,Automóvil,,,Privado,,,,,,,
139277,2022-03-07 9:50:00,CORRIENTES,21,1,1,Motocicleta,,,Privado,,,,,,,
139741,2022-03-12 12:20:00,CORRIENTES,21,0,1,Motocicleta,,2012,Privado,,,,,,,
139974,2022-03-20 13:39:00,CORRIENTES,21,0,1,Automóvil,,2014,Privado,,,,,,,
139974,2022-03-20 13:39:00,CORRIENTES,21,1,1,Transporte de carga,,1970,,,,,,,,
139998,2022-03-20 17:30:00,CORRIENTES,21,0,1,Automóvil,,1998,Privado,,,,,,,
139998,2022-03-20 17:30:00,CORRIENTES,21,1,1,Automóvil,,2010,Privado,,,,,,,
140969,2022-04-02 6:50:00,CORRIENTES,21,0,1,Automóvil,,,Privado,,,,,,,
141866,2022-04-06 8:50:00,CORRIENTES,21,0,1,Automóvil,,2019,Privado,,,,,,,
141866,2022-04-06 8:50:00,CORRIENTES,21,1,1,Motocicleta,,2018,Privado,,,,,,,
141868,2022-04-05 12:00:00,CORRIENTES,21,0,1,Motocicleta,,2022,,,,,,,,
141871,2022-04-02 19:00:00,CORRIENTES,21,0,1,Bicicleta,,,Privado,,,,,,,
143756,2022-04-08 17:30:00,CORRIENTES,21,0,1,Motocicleta,,,Privado,,,,,,,
143756,2022-04-08 17:30:00,CORRIENTES,21,1,1,Transporte de carga,,,Privado,,,,,,,
144736,2022-04-24 20:00:00,CORRIENTES,21,0,1,Automóvil,,,Privado,,,,,,,
144736,2022-04-24 20:00:00,CORRIENTES,21,1,1,Motocicleta,,,Privado,,,,,,,
145061,2022-04-30 10:08:00,CORRIENTES,21,0,1,Automóvil,,2020,,,,,,,,
145061,2022-04-30 10:08:00,CORRIENTES,21,1,3,Motocicleta,,2011,Privado,,,,,,,
145156,2022-04-26 14:00:00,CORRIENTES,21,0,1,Camioneta/Utilitario,,,Privado,,,,,,,
145156,2022-04-26 14:00:00,CORRIENTES,21,1,1,Automóvil,,,Privado,,,,,,,
145156,2022-04-26 14:00:00,CORRIENTES,21,2,1,Automóvil,,,Privado,,,,,,,
145156,2022-04-26 14:00:00,CORRIENTES,21,3,1,Automóvil,,,Privado,,,,,,,
146702,2022-05-05 9:25:00,CORRIENTES,21,0,1,Camioneta/Utilitario,,,Privado,,,,,,,
146702,2022-05-05 9:25:00,CORRIENTES,21,1,1,Bicicleta,,,,,,,,,,
146708,2022-05-07 12:50:00,CORRIENTES,21,0,1,Automóvil,,2018,Privado,,,,,,,
146708,2022-05-07 12:50:00,CORRIENTES,21,1,1,Motocicleta,,,Privado,,,,,,,
146711,2022-05-08 15:38:00,CORRIENTES,21,0,1,Automóvil,,,Privado,,,,,,,
146711,2022-05-08 15:38:00,CORRIENTES,21,1,1,Motocicleta,,,Privado,,,,,,,
147089,2022-05-18 15:25:00,CORRIENTES,21,0,1,Automóvil,,,Privado,,,,,,,
147089,2022-05-18 15:25:00,CORRIENTES,21,1,1,Automóvil,,,Privado,,,,,,,
147089,2022-05-18 15:25:00,CORRIENTES,21,2,1,Motocicleta,,,Privado,,,,,,,
147419,2022-05-20 11:55:00,CORRIENTES,21,0,1,Motocicleta,,,Privado,,,,,,,
147419,2022-05-20 11:55:00,CORRIENTES,21,1,1,Camioneta/Utilitario,,,Privado,,,,,,,
148213,2022-05-29 8:50:00,CORRIENTES,21,0,1,Automóvil,,1998,Privado,,,,,,,
148213,2022-05-29 8:50:00,CORRIENTES,21,1,1,Automóvil,,2016,Publico,,,,,,,
148952,2022-05-30 0:28:00,CORRIENTES,21,0,1,Automóvil,,2017,Privado,,,,,,,
148952,2022-05-30 0:28:00,CORRIENTES,21,1,1,Motocicleta,,2018,Privado,,,,,,,
148953,2022-05-30 9:45:00,CORRIENTES,21,0,1,Motocicleta,,2008,Privado,,,,,,,
148953,2022-05-30 9:45:00,CORRIENTES,21,1,1,Peatón,,,,,,,,,,
148997,2022-06-02 18:40:00,CORRIENTES,21,0,1,Transporte de carga,,,Privado,,,,,,,
151152,2022-06-22 10:06:00,CORRIENTES,21,0,,Automóvil,,,,,,,,,,
151152,2022-06-22 10:06:00,CORRIENTES,21,1,1,Motocicleta,,,Privado,,,,,,,
151158,2022-06-03 10:30:00,CORRIENTES,21,0,1,Camioneta/Utilitario,,,Privado,,,,,,,
151158,2022-06-03 10:30:00,CORRIENTES,21,1,1,Camioneta/Utilitario,,,Privado,,,,,,,
151162,2022-06-04 19:30:00,CORRIENTES,21,0,,Camioneta/Utilitario,,,Privado,,,,,,,
151162,2022-06-04 19:30:00,CORRIENTES,21,1,1,Motocicleta,,,Privado,,,,,,,
151191,2022-06-13 17:56:00,CORRIENTES,21,0,1,Automóvil,,,Privado,,,,,,,
151191,2022-06-13 17:56:00,CORRIENTES,21,1,1,Motocicleta,,,Privado,,,,,,,
151192,2022-06-14 7:20:00,CORRIENTES,21,0,1,Automóvil,,,Privado,,,,,,,
151192,2022-06-14 7:20:00,CORRIENTES,21,1,1,Motocicleta,,,,,,,,,,
151219,2022-06-19 22:00:00,CORRIENTES,21,0,0,Motocicleta,,,Privado,,,,,,,
151220,2022-06-19 14:10:00,CORRIENTES,21,0,1,Motocicleta,,,Privado,,,,,,,
151220,2022-06-19 14:10:00,CORRIENTES,21,1,1,Automóvil,,,Privado,,,,,,,
152053,2022-06-06 4:20:00,CORRIENTES,21,0,1,Motocicleta,,,,,,,,,,
152104,2022-06-20 11:22:00,CORRIENTES,21,0,,Motocicleta,,2021,Privado,,,,,,,
152938,2022-06-20 22:30:00,CORRIENTES,21,0,1,Automóvil,,2014,Privado,,,,,,,
152947,2022-06-26 10:40:00,CORRIENTES,21,0,1,Automóvil,,1998,Privado,,,,,,,
152971,2022-07-01 14:43:00,CORRIENTES,21,0,1,Automóvil,,,Privado,,,,,,,
152971,2022-07-01 14:43:00,CORRIENTES,21,1,0,Motocicleta,,,Privado,,,,,,,
152979,2022-07-02 17:55:00,CORRIENTES,21,0,1,Automóvil,,,Privado,,,,,,,
152979,2022-07-02 17:55:00,CORRIENTES,21,1,1,Motocicleta,,,Privado,,,,,,,
152980,2022-07-02 17:15:00,CORRIENTES,21,0,2,Motocicleta,,,Privado,,,,,,,
153888,2022-07-11 13:15:00,CORRIENTES,21,0,1,Automóvil,,,Privado,,,,,,,
153888,2022-07-11 13:15:00,CORRIENTES,21,1,1,Transporte de carga,,,,,,,,,,
155608,2022-07-08 8:00:00,CORRIENTES,21,0,1,Motocicleta,,2016,Privado,,,,,,,
155608,2022-07-08 8:00:00,CORRIENTES,21,1,1,Bicicleta,,2020,,,,,,,,
155612,2022-07-09 7:45:00,CORRIENTES,21,0,1,Motocicleta,,2019,,,,,,,,
156532,2022-07-15 17:21:00,CORRIENTES,21,0,1,Automóvil,,,Privado,,,,,,,
156532,2022-07-15 17:21:00,CORRIENTES,21,1,1,Bicicleta,,,,,,,,,,
156533,2022-07-16 21:37:00,CORRIENTES,21,0,1,Automóvil,,,Privado,,,,,,,
156533,2022-07-16 21:37:00,CORRIENTES,21,1,1,Motocicleta,,,Privado,,,,,,,
156535,2022-07-16 6:05:00,CORRIENTES,21,0,1,Automóvil,,2017,Privado,,,,,,,
156535,2022-07-16 6:05:00,CORRIENTES,21,1,,Transporte de pasajeros,,,,,,,,,,
157728,2022-07-28 7:00:00,CORRIENTES,21,0,1,Motocicleta,,2013,Privado,,,,,,,
157728,2022-07-28 7:00:00,CORRIENTES,21,1,1,Motocicleta,,2007,Privado,,,,,,,
157783,2022-07-29 13:00:00,CORRIENTES,21,0,1,Automóvil,,2017,Privado,,,,,,,
157783,2022-07-29 13:00:00,CORRIENTES,21,1,1,Camioneta/Utilitario,,2021,Privado,,,,,,,
159880,2022-08-12 22:00:00,CORRIENTES,21,0,1,Automóvil,,2015,Privado,,,,,,,
159880,2022-08-12 22:00:00,CORRIENTES,21,1,1,Motocicleta,,2016,Privado,,,,,,,
159928,2022-08-18 11:45:00,CORRIENTES,21,0,1,Camioneta/Utilitario,,,Privado,,,,,,,
159928,2022-08-18 11:45:00,CORRIENTES,21,1,1,Automóvil,,,Privado,,,,,,,
160641,2022-08-21 5:20:00,CORRIENTES,21,0,1,Automóvil,,2017,Privado,,,,,,,
160641,2022-08-21 5:20:00,CORRIENTES,21,1,2,Motocicleta,,2022,,,,,,,,
160683,2022-08-26 9:00:00,CORRIENTES,21,0,1,Automóvil,,2020,Privado,,,,,,,
160683,2022-08-26 9:00:00,CORRIENTES,21,1,1,Motocicleta,,2011,Privado,,,,,,,
161548,2022-09-02 7:20:00,CORRIENTES,21,0,1,Automóvil,,,Privado,,,,,,,
161548,2022-09-02 7:20:00,CORRIENTES,21,1,1,Motocicleta,,,Privado,,,,,,,
162769,2022-09-07 10:30:00,CORRIENTES,21,0,1,Camioneta/Utilitario,,2017,Privado,Emergencia,,,,,,
162769,2022-09-07 10:30:00,CORRIENTES,21,1,1,Transporte de carga,,1965,Privado,,,,,,,
164586,2022-09-22 14:00:00,CORRIENTES,21,0,2,Automóvil,,2018,Privado,,,,,,,
164586,2022-09-22 14:00:00,CORRIENTES,21,1,1,Peatón,,,,,,,,,,
164615,2022-09-27 8:18:00,CORRIENTES,21,0,2,Motocicleta,,2018,Privado,,,,,,,
164615,2022-09-27 8:18:00,CORRIENTES,21,1,1,Motocicleta,,2018,Privado,,,,,,,
165291,2022-09-30 9:20:00,CORRIENTES,21,0,1,Automóvil,,2017,Privado,,,,,,,
165291,2022-09-30 9:20:00,CORRIENTES,21,1,1,Automóvil,,2021,Privado,,,,,,,
165349,2022-10-04 13:50:00,CORRIENTES,21,0,1,Automóvil,,2012,Privado,,,,,,,
165349,2022-10-04 13:50:00,CORRIENTES,21,1,2,Motocicleta,,2015,Privado,,,,,,,
165386,2022-10-02 14:02:00,CORRIENTES,21,0,1,Automóvil,,2014,Privado,,,,,,,
165386,2022-10-02 14:02:00,CORRIENTES,21,1,2,Motocicleta,,2011,Privado,,,,,,,
165424,2022-10-07 11:18:00,CORRIENTES,21,0,2,Automóvil,,2022,Privado,,,,,,,
165424,2022-10-07 11:18:00,CORRIENTES,21,1,1,Motocicleta,,2022,Privado,,,,,,,
167695,2022-10-14 23:30:00,CORRIENTES,21,0,1,Automóvil,,2003,,,,,,,,
167695,2022-10-14 23:30:00,CORRIENTES,21,1,1,Motocicleta,,2020,Privado,,,,,,,
167696,2022-10-15 12:30:00,CORRIENTES,21,0,1,Automóvil,,2004,Privado,,,,,,,
167696,2022-10-15 12:30:00,CORRIENTES,21,1,1,Motocicleta,,2019,Privado,,,,,,,
167699,2022-10-15 5:00:00,CORRIENTES,21,0,1,Automóvil,,2016,Privado,,,,,,,
167699,2022-10-15 5:00:00,CORRIENTES,21,1,1,Automóvil,,2017,Publico,,,,,,,
167699,2022-10-15 5:00:00,CORRIENTES,21,2,1,Automóvil,,2021,Privado,,,,,,,
167701,2022-10-15 3:45:00,CORRIENTES,21,0,1,Automóvil,,1986,Privado,,,,,,,
167701,2022-10-15 3:45:00,CORRIENTES,21,1,1,Motocicleta,,2016,Privado,,,,,,,
167705,2022-10-16 14:10:00,CORRIENTES,21,0,3,Automóvil,,1972,Privado,,,,,,,
168136,2022-10-22 8:48:00,CORRIENTES,21,0,1,Automóvil,,2021,Privado,,,,,,,
168136,2022-10-22 8:48:00,CORRIENTES,21,1,1,Automóvil,,2016,Privado,Pax,,,,,,
168422,2022-10-23 9:30:00,CORRIENTES,21,0,1,Motocicleta,,2019,,,,,,,,
168422,2022-10-23 9:30:00,CORRIENTES,21,1,1,Automóvil,,2013,Privado,,,,,,,
168562,2022-10-24 10:15:00,CORRIENTES,21,0,1,Motocicleta,,2012,,,,,,,,
168562,2022-10-24 10:15:00,CORRIENTES,21,1,1,Motocicleta,,2010,Privado,,,,,,,
169151,2022-10-27 10:53:00,CORRIENTES,21,0,1,Transporte de pasajeros,,2011,Publico,Pax,,,,,,
169151,2022-10-27 10:53:00,CORRIENTES,21,1,1,Automóvil,,2019,Privado,Pax,,,,,,
169153,2022-10-27 13:30:00,CORRIENTES,21,0,2,Motocicleta,,2010,Privado,,,,,,,
169153,2022-10-27 13:30:00,CORRIENTES,21,1,1,Automóvil,,2019,Privado,,,,,,,
169155,2022-10-29 17:25:00,CORRIENTES,21,0,1,Automóvil,,2017,Privado,,,,,,,
169155,2022-10-29 17:25:00,CORRIENTES,21,1,1,Camioneta/Utilitario,,2017,Oficial,,,,,,,
169158,2022-10-29 9:05:00,CORRIENTES,21,0,1,Automóvil,,2017,Privado,,,,,,,
169158,2022-10-29 9:05:00,CORRIENTES,21,1,2,Motocicleta,,2014,Privado,,,,,,,
169870,2022-11-09 9:25:00,CORRIENTES,21,0,1,Motocicleta,,2018,Privado,,,,,,,
169870,2022-11-09 9:25:00,CORRIENTES,21,1,1,Camioneta/Utilitario,,2022,Privado,,,,,,,
171745,2022-11-16 18:16:00,CORRIENTES,21,0,1,Automóvil,,2014,Privado,,,,,,,
171745,2022-11-16 18:16:00,CORRIENTES,21,1,1,Motocicleta,,2017,Privado,,,,,,,
174253,2022-11-24 10:20:00,CORRIENTES,21,0,,Motocicleta,,,,,,,,,,
174253,2022-11-24 10:20:00,CORRIENTES,21,1,,Camioneta/Utilitario,,,,,,,,,,
175496,2022-12-15 8:10:00,CORRIENTES,21,0,,Automóvil,,,,,,,,,,
175496,2022-12-15 8:10:00,CORRIENTES,21,1,,Motocicleta,,,,,,,,,,
175500,2022-12-15 16:15:00,CORRIENTES,21,0,,Automóvil,,,,,,,,,,
175500,2022-12-15 16:15:00,CORRIENTES,21,1,,Motocicleta,,,,,,,,,,
175503,2022-12-16 10:13:00,CORRIENTES,21,0,,Automóvil,,,,,,,,,,
175503,2022-12-16 10:13:00,CORRIENTES,21,1,,Automóvil,,,,,,,,,,
176147,2022-12-20 9:20:00,CORRIENTES,21,0,,Automóvil,,2007,,,,,,,,
176147,2022-12-20 9:20:00,CORRIENTES,21,1,,Motocicleta,,2014,,,,,,,,
132629,2022-01-09 15:45:00,CORRIENTES,21,0,1,Automóvil,,,Privado,,,,,,,
132629,2022-01-09 15:45:00,CORRIENTES,21,1,1,Motocicleta,,,Privado,,,,,,,
133402,2022-01-18 11:55:00,CORRIENTES,21,0,1,Camioneta/Utilitario,,,,,,,,,,
133402,2022-01-18 11:55:00,CORRIENTES,21,1,1,Transporte de carga,,,,,,,,,,
133414,2022-01-17 8:45:00,CORRIENTES,21,0,1,Automóvil,,,Privado,,,,,,,
133414,2022-01-17 8:45:00,CORRIENTES,21,1,1,Motocicleta,,,Privado,,,,,,,
133417,2022-01-15 7:00:00,CORRIENTES,21,0,1,Automóvil,,,,,,,,,,
133417,2022-01-15 7:00:00,CORRIENTES,21,1,1,Transporte de carga,,,,,,,,,,
134088,2022-01-05 13:15:00,CORRIENTES,21,0,1,Automóvil,,,Privado,,,,,,,
134088,2022-01-05 13:15:00,CORRIENTES,21,1,,Motocicleta,,,,,,,,,,
134803,2022-01-08 7:20:00,CORRIENTES,21,0,1,Automóvil,,2019,Privado,,,,,,,
134803,2022-01-08 7:20:00,CORRIENTES,21,1,1,Automóvil,,2014,Privado,,,,,,,
134819,2022-01-13 11:30:00,CORRIENTES,21,0,1,Automóvil,,,Privado,,,,,,,
134819,2022-01-13 11:30:00,CORRIENTES,21,1,1,Automóvil,,,Privado,,,,,,,
134862,2022-01-31 17:00:00,CORRIENTES,21,0,1,Automóvil,,,Privado,,,,,,,
134862,2022-01-31 17:00:00,CORRIENTES,21,1,3,Motocicleta,,,Privado,,,,,,,
134863,2022-01-30 19:40:00,CORRIENTES,21,0,1,Automóvil,,,Privado,,,,,,,
134863,2022-01-30 19:40:00,CORRIENTES,21,1,1,Automóvil,,,Privado,,,,,,,
135575,2022-02-02 18:01:00,CORRIENTES,21,0,1,Automóvil,,,Privado,,,,,,,
135575,2022-02-02 18:01:00,CORRIENTES,21,1,0,Motocicleta,,,Privado,,,,,,,
135584,2022-02-04 19:00:00,CORRIENTES,21,0,1,Automóvil,,2019,Privado,,,,,,,
135584,2022-02-04 19:00:00,CORRIENTES,21,1,1,Motocicleta,,2012,Privado,,,,,,,
136374,2022-02-07 8:10:00,CORRIENTES,21,0,1,Motocicleta,,,,,,,,,,
136374,2022-02-07 8:10:00,CORRIENTES,21,1,1,Peatón,,,,,,,,,,
137575,2022-02-13 14:10:00,CORRIENTES,21,0,1,Automóvil,,,Privado,,,,,,,
137579,2022-02-15 17:40:00,CORRIENTES,21,0,1,Automóvil,,,Privado,,,,,,,
137579,2022-02-15 17:40:00,CORRIENTES,21,1,1,Motocicleta,,,Privado,,,,,,,
137591,2022-02-17 12:45:00,CORRIENTES,21,0,2,Automóvil,,,Privado,,,,,,,
137591,2022-02-17 12:45:00,CORRIENTES,21,1,2,Motocicleta,,,Privado,,,,,,,
139229,2022-02-23 9:00:00,CORRIENTES,21,0,1,Motocicleta,,,Privado,,,,,,,
139229,2022-02-23 9:00:00,CORRIENTES,21,1,1,Maquinaria,,,Privado,,,,,,,
139948,2022-03-19 10:52:00,CORRIENTES,21,0,3,Automóvil,,2017,Privado,,,,,,,
139948,2022-03-19 10:52:00,CORRIENTES,21,1,3,Camioneta/Utilitario,,2017,Privado,,,,,,,
139948,2022-03-19 10:52:00,CORRIENTES,21,2,1,Camioneta/Utilitario,,2018,Privado,,,,,,,
140917,2022-03-26 13:15:00,CORRIENTES,21,0,1,Automóvil,,2017,Privado,,,,,,,
140917,2022-03-26 13:15:00,CORRIENTES,21,1,1,Camioneta/Utilitario,,2018,Privado,Emergencia,,,,,,
140938,2022-03-31 2:30:00,CORRIENTES,21,0,1,Automóvil,,,Privado,,,,,,,
140938,2022-03-31 2:30:00,CORRIENTES,21,1,1,Motocicleta,,,Privado,,,,,,,
141854,2022-03-28 11:00:00,CORRIENTES,21,0,0,Camioneta/Utilitario,,2015,Privado,,,,,,,
141854,2022-03-28 11:00:00,CORRIENTES,21,1,1,Motocicleta,,2019,Privado,,,,,,,
141865,2022-04-08 6:10:00,CORRIENTES,21,0,1,Camioneta/Utilitario,,2018,,,,,,,,
142707,2022-04-03 16:40:00,CORRIENTES,21,0,1,Motocicleta,,2021,Privado,,,,,,,
142710,2022-04-11 7:45:00,CORRIENTES,21,0,1,Automóvil,,2018,Privado,,,,,,,
142710,2022-04-11 7:45:00,CORRIENTES,21,1,1,Automóvil,,2010,Privado,,,,,,,
142758,2022-04-06 2:15:00,CORRIENTES,21,0,,Automóvil,,2007,Privado,,,,,,,
142758,2022-04-06 2:15:00,CORRIENTES,21,1,1,Bicicleta,,,,,,,,,,
142760,2022-04-09 17:28:00,CORRIENTES,21,0,1,Automóvil,,2015,Privado,,,,,,,
142760,2022-04-09 17:28:00,CORRIENTES,21,1,1,Motocicleta,,,Privado,,,,,,,
143757,2022-04-16 11:52:00,CORRIENTES,21,0,1,Motocicleta,,2020,Privado,,,,,,,
143757,2022-04-16 11:52:00,CORRIENTES,21,1,2,Automóvil,,2021,Privado,,,,,,,
143764,2022-04-20 12:15:00,CORRIENTES,21,0,2,Motocicleta,,,Privado,,,,,,,
144734,2022-04-24 16:52:00,CORRIENTES,21,0,1,Automóvil,,,Privado,,,,,,,
144734,2022-04-24 16:52:00,CORRIENTES,21,1,1,Motocicleta,,,Privado,,,,,,,
145039,2022-04-25 15:21:00,CORRIENTES,21,0,1,Automóvil,,2018,Privado,,,,,,,
145039,2022-04-25 15:21:00,CORRIENTES,21,1,1,Motocicleta,,2013,Privado,,,,,,,
145058,2022-04-28 14:00:00,CORRIENTES,21,0,1,Automóvil,,2008,Privado,,,,,,,
145058,2022-04-28 14:00:00,CORRIENTES,21,1,1,Motocicleta,,2016,Privado,,,,,,,
145119,2022-04-28 13:30:00,CORRIENTES,21,0,1,Automóvil,,2018,Privado,,,,,,,
145119,2022-04-28 13:30:00,CORRIENTES,21,1,1,Motocicleta,,2018,Privado,,,,,,,
145180,2022-04-30 17:20:00,CORRIENTES,21,0,0,Automóvil,,,Privado,,,,,,,
145180,2022-04-30 17:20:00,CORRIENTES,21,1,1,Camioneta/Utilitario,,,Privado,,,,,,,
146709,2022-05-08 7:10:00,CORRIENTES,21,0,1,Automóvil,,,Privado,,,,,,,
146709,2022-05-08 7:10:00,CORRIENTES,21,1,1,Motocicleta,,,Privado,,,,,,,
146726,2022-05-11 9:15:00,CORRIENTES,21,0,1,Automóvil,,,Privado,,,,,,,
146726,2022-05-11 9:15:00,CORRIENTES,21,1,1,Motocicleta,,,Privado,,,,,,,
146727,2022-05-12 0:10:00,CORRIENTES,21,0,1,Motocicleta,,,Privado,,,,,,,
146727,2022-05-12 0:10:00,CORRIENTES,21,1,1,Automóvil,,,Privado,,,,,,,
146728,2022-05-14 16:50:00,CORRIENTES,21,0,1,Motocicleta,,,Privado,,,,,,,
146728,2022-05-14 16:50:00,CORRIENTES,21,1,1,Motocicleta,,,Privado,,,,,,,
147085,2022-05-15 9:20:00,CORRIENTES,21,0,1,Automóvil,,,,,,,,,,
147085,2022-05-15 9:20:00,CORRIENTES,21,1,1,Motocicleta,,,Privado,,,,,,,
147087,2022-05-16 10:10:00,CORRIENTES,21,0,1,Automóvil,,,Privado,,,,,,,
147418,2022-05-20 10:43:00,CORRIENTES,21,0,1,Motocicleta,,,Privado,,,,,,,
147418,2022-05-20 10:43:00,CORRIENTES,21,1,1,Camioneta/Utilitario,,,Privado,,,,,,,
148158,2022-05-21 10:40:00,CORRIENTES,21,0,2,Camioneta/Utilitario,,2006,Privado,,,,,,,
148158,2022-05-21 10:40:00,CORRIENTES,21,1,3,Automóvil,,2015,Privado,,,,,,,
151157,2022-06-03 12:45:00,CORRIENTES,21,0,1,Motocicleta,,,Privado,,,,,,,
151157,2022-06-03 12:45:00,CORRIENTES,21,1,1,Bicicleta,,,Privado,,,,,,,
151160,2022-06-03 7:15:00,CORRIENTES,21,0,1,Automóvil,,,Privado,,,,,,,
151160,2022-06-03 7:15:00,CORRIENTES,21,1,1,Motocicleta,,,,,,,,,,
151163,2022-06-04 10:00:00,CORRIENTES,21,0,1,Automóvil,,,,,,,,,,
151163,2022-06-04 10:00:00,CORRIENTES,21,1,1,Motocicleta,,,Privado,,,,,,,
151168,2022-06-07 12:50:00,CORRIENTES,21,0,1,Automóvil,,1995,Publico,,,,,,,
151168,2022-06-07 12:50:00,CORRIENTES,21,1,1,Motocicleta,,2021,Privado,,,,,,,
151169,2022-06-09 7:35:00,CORRIENTES,21,0,1,Motocicleta,,2017,Privado,,,,,,,
151196,2022-06-14 12:12:00,CORRIENTES,21,0,1,Automóvil,,,Privado,,,,,,,
151196,2022-06-14 12:12:00,CORRIENTES,21,1,1,Motocicleta,,,Privado,,,,,,,
151207,2022-06-18 17:25:00,CORRIENTES,21,0,2,Motocicleta,,0,Privado,,,,,,,
151207,2022-06-18 17:25:00,CORRIENTES,21,1,1,Automóvil,,2019,Privado,,,,,,,
151223,2022-06-19 15:12:00,CORRIENTES,21,0,1,Transporte de pasajeros,,,Privado,,,,,,,
151223,2022-06-19 15:12:00,CORRIENTES,21,1,3,Motocicleta,,,Privado,,,,,,,
151228,2022-06-20 6:34:00,CORRIENTES,21,0,1,Automóvil,,2013,Privado,,,,,,,
151228,2022-06-20 6:34:00,CORRIENTES,21,1,0,Motocicleta,,,Privado,,,,,,,
152095,2022-06-29 16:50:00,CORRIENTES,21,0,1,Motocicleta,,,Privado,,,,,,,
152095,2022-06-29 16:50:00,CORRIENTES,21,1,1,Camioneta/Utilitario,,,Privado,,,,,,,
152096,2022-06-29 20:10:00,CORRIENTES,21,0,1,Motocicleta,,,Privado,,,,,,,
152096,2022-06-29 20:10:00,CORRIENTES,21,1,1,Automóvil,,,,,,,,,,
152097,2022-06-30 17:20:00,CORRIENTES,21,0,1,Motocicleta,,,Privado,,,,,,,
152097,2022-06-30 17:20:00,CORRIENTES,21,1,,Motocicleta,,,,,,,,,,
156531,2022-07-10 22:15:00,CORRIENTES,21,0,1,Camioneta/Utilitario,,,Privado,,,,,,,
156531,2022-07-10 22:15:00,CORRIENTES,21,1,1,Motocicleta,,,Privado,,,,,,,
156534,2022-07-16 6:20:00,CORRIENTES,21,0,1,Bicicleta,,,Privado,,,,,,,
156553,2022-07-17 18:10:00,CORRIENTES,21,0,1,Automóvil,,2001,Privado,,,,,,,
156553,2022-07-17 18:10:00,CORRIENTES,21,1,1,Motocicleta,,2002,Privado,,,,,,,
156561,2022-07-23 12:20:00,CORRIENTES,21,0,1,Automóvil,,2018,Privado,,,,,,,
156561,2022-07-23 12:20:00,CORRIENTES,21,1,1,Camioneta/Utilitario,,2016,Privado,,,,,,,
156561,2022-07-23 12:20:00,CORRIENTES,21,2,1,Motocicleta,,2017,Privado,,,,,,,
156581,2022-07-23 19:00:00,CORRIENTES,21,0,1,Motocicleta,,,Privado,,,,,,,
156581,2022-07-23 19:00:00,CORRIENTES,21,1,1,Automóvil,,,Privado,,,,,,,
156585,2022-07-24 12:50:00,CORRIENTES,21,0,1,Automóvil,,,Privado,,,,,,,
156585,2022-07-24 12:50:00,CORRIENTES,21,1,1,Automóvil,,,Privado,,,,,,,
156585,2022-07-24 12:50:00,CORRIENTES,21,2,1,Motocicleta,,,Privado,,,,,,,
157743,2022-07-28 14:27:00,CORRIENTES,21,0,1,Motocicleta,,2022,,,,,,,,
157743,2022-07-28 14:27:00,CORRIENTES,21,1,1,Motocicleta,,2020,Privado,,,,,,,
157745,2022-07-28 17:28:00,CORRIENTES,21,0,2,Motocicleta,,,Privado,,,,,,,
157822,2022-08-04 8:30:00,CORRIENTES,21,0,1,Automóvil,,2007,Privado,,,,,,,
157822,2022-08-04 8:30:00,CORRIENTES,21,1,2,Motocicleta,,2000,Privado,,,,,,,
158155,2022-07-20 11:35:00,CORRIENTES,21,0,1,Automóvil,,2018,Privado,,,,,,,
158155,2022-07-20 11:35:00,CORRIENTES,21,1,1,Motocicleta,,2017,Privado,,,,,,,
158159,2022-08-06 21:50:00,CORRIENTES,21,0,1,Motocicleta,,2022,,,,,,,,
158159,2022-08-06 21:50:00,CORRIENTES,21,1,1,Automóvil,,2011,Privado,,,,,,,
158366,2022-08-11 10:31:00,CORRIENTES,21,0,1,Peatón,,,,,,,,,,
158366,2022-08-11 10:31:00,CORRIENTES,21,1,,Tracción a sangre,,,,,,,,,,
159879,2022-08-12 12:10:00,CORRIENTES,21,0,2,Motocicleta,,2017,Privado,,,,,,,
159879,2022-08-12 12:10:00,CORRIENTES,21,1,1,Motocicleta,,2020,,,,,,,,
160647,2022-08-24 21:45:00,CORRIENTES,21,0,2,Motocicleta,,2016,,,,,,,,
160647,2022-08-24 21:45:00,CORRIENTES,21,1,1,Motocicleta,,2017,Privado,,,,,,,
161494,2022-08-30 8:45:00,CORRIENTES,21,0,1,Automóvil,,2019,Privado,,,,,,,
161494,2022-08-30 8:45:00,CORRIENTES,21,1,1,Automóvil,,2013,Privado,,,,,,,
161498,2022-08-31 9:45:00,CORRIENTES,21,0,1,Automóvil,,2021,Privado,,,,,,,
161498,2022-08-31 9:45:00,CORRIENTES,21,1,1,Automóvil,,2012,,,,,,,,
162766,2022-09-05 16:45:00,CORRIENTES,21,0,1,Automóvil,,2015,Privado,,,,,,,
162766,2022-09-05 16:45:00,CORRIENTES,21,1,1,Motocicleta,,2020,Privado,,,,,,,
162773,2022-09-09 12:20:00,CORRIENTES,21,0,1,Motocicleta,,2020,Privado,,,,,,,
162783,2022-09-09 12:40:00,CORRIENTES,21,0,1,Automóvil,,2019,Privado,,,,,,,
162783,2022-09-09 12:40:00,CORRIENTES,21,1,1,Motocicleta,,2018,Privado,,,,,,,
162789,2022-09-14 11:00:00,CORRIENTES,21,0,1,Motocicleta,,2010,Privado,,,,,,,
163593,2022-09-19 15:58:00,CORRIENTES,21,0,1,Motocicleta,,2015,,,,,,,,
164614,2022-09-27 8:05:00,CORRIENTES,21,0,1,Automóvil,,2010,Privado,,,,,,,
164614,2022-09-27 8:05:00,CORRIENTES,21,1,1,Transporte de pasajeros,,2009,Publico,,,,,,,
164618,2022-09-29 12:20:00,CORRIENTES,21,0,2,Motocicleta,,2022,Privado,,,,,,,
165287,2022-09-30 11:40:00,CORRIENTES,21,0,1,Camioneta/Utilitario,,2010,Privado,,,,,,,
165287,2022-09-30 11:40:00,CORRIENTES,21,1,2,Automóvil,,2015,Privado,,,,,,,
165287,2022-09-30 11:40:00,CORRIENTES,21,2,1,Camioneta/Utilitario,,2022,Privado,,,,,,,
165287,2022-09-30 11:40:00,CORRIENTES,21,3,1,Automóvil,,2012,Privado,,,,,,,
165344,2022-10-02 9:20:00,CORRIENTES,21,0,1,Automóvil,,2019,,,,,,,,
165347,2022-10-01 20:10:00,CORRIENTES,21,0,1,Automóvil,,2010,,,,,,,,
165347,2022-10-01 20:10:00,CORRIENTES,21,1,1,Motocicleta,,2016,Privado,,,,,,,
166828,2022-10-12 7:03:00,CORRIENTES,21,0,1,Motocicleta,,2018,Privado,,,,,,,
166828,2022-10-12 7:03:00,CORRIENTES,21,1,1,Peatón,,,,,,,,,,
166845,2022-10-13 10:20:00,CORRIENTES,21,0,1,Automóvil,,2016,Privado,,,,,,,
166845,2022-10-13 10:20:00,CORRIENTES,21,1,1,Motocicleta,,2019,Privado,,,,,,,
166847,2022-10-14 8:13:00,CORRIENTES,21,0,1,Camioneta/Utilitario,,2016,Privado,,,,,,,
166847,2022-10-14 8:13:00,CORRIENTES,21,1,1,Motocicleta,,2005,Privado,,,,,,,
167748,2022-10-17 16:00:00,CORRIENTES,21,0,1,Bicicleta,,2020,Privado,,,,,,,
167748,2022-10-17 16:00:00,CORRIENTES,21,1,1,Motocicleta,,2018,Privado,,,,,,,
168133,2022-10-21 8:57:00,CORRIENTES,21,0,1,Camioneta/Utilitario,,2019,Privado,,,,,,,
168133,2022-10-21 8:57:00,CORRIENTES,21,1,2,Motocicleta,,2018,Privado,,,,,,,
168135,2022-10-21 10:15:00,CORRIENTES,21,0,1,Motocicleta,,2016,Privado,,,,,,,
168135,2022-10-21 10:15:00,CORRIENTES,21,1,1,Motocicleta,,2018,Privado,,,,,,,
169147,2022-10-26 8:48:00,CORRIENTES,21,0,1,Automóvil,,2021,Privado,,,,,,,
169147,2022-10-26 8:48:00,CORRIENTES,21,1,1,Motocicleta,,2021,Privado,,,,,,,
169874,2022-11-11 7:05:00,CORRIENTES,21,0,1,Motocicleta,,2015,Privado,,,,,,,
169896,2022-11-14 14:30:00,CORRIENTES,21,0,1,Automóvil,,2019,Privado,,,,,,,
169896,2022-11-14 14:30:00,CORRIENTES,21,1,1,Motocicleta,,2013,Privado,,,,,,,
171746,2022-11-17 15:35:00,CORRIENTES,21,0,1,Automóvil,,2021,Privado,,,,,,,
171746,2022-11-17 15:35:00,CORRIENTES,21,1,1,Automóvil,,2018,Privado,,,,,,,
174257,2022-11-23 8:40:00,CORRIENTES,21,0,,Automóvil,,,,,,,,,,
174257,2022-11-23 8:40:00,CORRIENTES,21,1,,Automóvil,,,,,,,,,,
175460,2022-12-04 20:10:00,CORRIENTES,21,0,,Motocicleta,,,,,,,,,,
175463,2022-12-06 7:15:00,CORRIENTES,21,0,,Automóvil,,,,,,,,,,
175463,2022-12-06 7:15:00,CORRIENTES,21,1,,Automóvil,,,,,,,,,,
175470,2022-12-08 7:35:00,CORRIENTES,21,0,,Motocicleta,,2018,,,,,,,,
175505,2022-12-18 19:40:00,CORRIENTES,21,0,,Motocicleta,,,,,,,,,,
175505,2022-12-18 19:40:00,CORRIENTES,21,1,,Motocicleta,,,,,,,,,,
176146,2022-12-19 10:20:00,CORRIENTES,21,0,,Automóvil,,2016,,,,,,,,
176146,2022-12-19 10:20:00,CORRIENTES,21,1,,Bicicleta,,,,,,Pedal,,,,
176149,2022-12-21 16:45:00,CORRIENTES,21,0,,Automóvil,,2015,,,,,,,,
176149,2022-12-21 16:45:00,CORRIENTES,21,1,,Motocicleta,,2023,,,,,,,,
176151,2022-12-24 9:00:00,CORRIENTES,21,0,,Automóvil,,,,,,,,,,
176151,2022-12-24 9:00:00,CORRIENTES,21,1,,Automóvil,,,,,,,,,,
132618,2022-01-08 20:55:00,CORRIENTES,21,0,1,Automóvil,,,Privado,,,,,,,
132618,2022-01-08 20:55:00,CORRIENTES,21,1,1,Motocicleta,,,Privado,,,,,,,
133387,2022-01-20 9:55:00,CORRIENTES,21,0,1,Automóvil,,,Privado,,,,,,,
133387,2022-01-20 9:55:00,CORRIENTES,21,1,1,Camioneta/Utilitario,,,Privado,,,,,,,
133387,2022-01-20 9:55:00,CORRIENTES,21,2,1,Automóvil,,,Privado,,,,,,,
133401,2022-01-19 15:30:00,CORRIENTES,21,0,1,Automóvil,,,Privado,,,,,,,
133401,2022-01-19 15:30:00,CORRIENTES,21,1,2,Motocicleta,,,Privado,,,,,,,
133406,2022-01-17 7:30:00,CORRIENTES,21,0,1,Automóvil,,,Privado,,,,,,,
133406,2022-01-17 7:30:00,CORRIENTES,21,1,2,Motocicleta,,,Privado,,,,,,,
134069,2022-01-05 12:57:00,CORRIENTES,21,0,1,Automóvil,,,Privado,,,,,,,
134069,2022-01-05 12:57:00,CORRIENTES,21,1,1,Motocicleta,,,Privado,,,,,,,
134090,2022-01-07 10:20:00,CORRIENTES,21,0,1,Automóvil,,,Privado,,,,,,,
134090,2022-01-07 10:20:00,CORRIENTES,21,1,1,Motocicleta,,,,,,,,,,
134797,2022-01-07 11:10:00,CORRIENTES,21,0,1,Automóvil,,2013,,,,,,,,
134797,2022-01-07 11:10:00,CORRIENTES,21,1,1,Camioneta/Utilitario,,2018,,,,,,,,
134824,2022-01-23 19:47:00,CORRIENTES,21,0,1,Automóvil,,,,,,,,,,
134824,2022-01-23 19:47:00,CORRIENTES,21,1,1,Motocicleta,,,Privado,,,,,,,
134846,2022-01-24 19:20:00,CORRIENTES,21,0,1,Camioneta/Utilitario,,2018,,,,,,,,
134846,2022-01-24 19:20:00,CORRIENTES,21,1,1,Transporte de carga,,1981,,,,,,,,
135570,2022-02-02 12:50:00,CORRIENTES,21,0,1,Motocicleta,,,Privado,,,,,,,
135570,2022-02-02 12:50:00,CORRIENTES,21,1,1,Camioneta/Utilitario,,,Privado,,,,,,,
136336,2022-02-05 11:37:00,CORRIENTES,21,0,1,Automóvil,,2021,Privado,,,,,,,
136336,2022-02-05 11:37:00,CORRIENTES,21,1,1,Motocicleta,,2019,Privado,,,,,,,
136375,2022-02-08 11:26:00,CORRIENTES,21,0,1,Transporte de carga,,,Privado,,,,,,,
136375,2022-02-08 11:26:00,CORRIENTES,21,1,1,Bicicleta,,,,,,,,,,
136377,2022-02-09 10:45:00,CORRIENTES,21,0,1,Automóvil,,,Privado,,,,,,,
136377,2022-02-09 10:45:00,CORRIENTES,21,1,1,Automóvil,,,Privado,,,,,,,
137054,2022-02-11 10:35:00,CORRIENTES,21,0,1,Automóvil,,,Privado,,,,,,,
137054,2022-02-11 10:35:00,CORRIENTES,21,1,1,Automóvil,,,Privado,,,,,,,
137577,2022-02-13 19:30:00,CORRIENTES,21,0,1,Motocicleta,,,Privado,,,,,,,
137589,2022-02-17 14:09:00,CORRIENTES,21,0,1,Motocicleta,,,Privado,,,,,,,
137589,2022-02-17 14:09:00,CORRIENTES,21,1,1,Automóvil,,,Privado,,,,,,,
139224,2022-02-22 8:30:00,CORRIENTES,21,0,1,Automóvil,,2014,Privado,,,,,,,
139224,2022-02-22 8:30:00,CORRIENTES,21,1,1,Motocicleta,,2016,Privado,,,,,,,
139230,2022-02-23 13:30:00,CORRIENTES,21,0,1,Automóvil,,,Privado,,,,,,,
139230,2022-02-23 13:30:00,CORRIENTES,21,1,0,Motocicleta,,,Privado,,,,,,,
139233,2022-02-24 8:25:00,CORRIENTES,21,0,1,Camioneta/Utilitario,,,Privado,,,,,,,
139233,2022-02-24 8:25:00,CORRIENTES,21,1,,Automóvil,,,,,,,,,,
139236,2022-02-26 6:00:00,CORRIENTES,21,0,1,Automóvil,,,Privado,,,,,,,
139236,2022-02-26 6:00:00,CORRIENTES,21,1,,Camioneta/Utilitario,,,,,,,,,,
139236,2022-02-26 6:00:00,CORRIENTES,21,2,,Automóvil,,,,,,,,,,
139251,2022-03-03 10:00:00,CORRIENTES,21,0,1,Automóvil,,2014,Privado,,,,,,,
139255,2022-03-04 1:24:00,CORRIENTES,21,0,1,Camioneta/Utilitario,,2019,Privado,,,,,,,
139255,2022-03-04 1:24:00,CORRIENTES,21,1,1,Motocicleta,,2018,Privado,,,,,,,
139264,2022-03-05 13:30:00,CORRIENTES,21,0,1,Automóvil,,2018,Privado,,,,,,,
139264,2022-03-05 13:30:00,CORRIENTES,21,1,1,Automóvil,,2019,Privado,,,,,,,
139273,2022-03-05 20:21:00,CORRIENTES,21,0,1,Bicicleta,,,Privado,,,,,,,
139273,2022-03-05 20:21:00,CORRIENTES,21,1,1,Motocicleta,,,Privado,,,,,,,
139737,2022-03-12 6:50:00,CORRIENTES,21,0,1,Camioneta/Utilitario,,2015,Privado,,,,,,,
139738,2022-03-12 10:50:00,CORRIENTES,21,0,1,Motocicleta,,2012,Privado,,,,,,,
139738,2022-03-12 10:50:00,CORRIENTES,21,1,1,Motocicleta,,2022,Privado,,,,,,,
139938,2022-03-15 10:00:00,CORRIENTES,21,0,1,Automóvil,,2013,,,,,,,,
139938,2022-03-15 10:00:00,CORRIENTES,21,1,1,Automóvil,,2013,,,,,,,,
141873,2022-04-02 12:40:00,CORRIENTES,21,0,1,Automóvil,,,Privado,,,,,,,
141873,2022-04-02 12:40:00,CORRIENTES,21,1,1,Motocicleta,,,Privado,,,,,,,
142691,2022-04-14 0:15:00,CORRIENTES,21,0,1,Automóvil,,2018,Privado,,,,,,,
142691,2022-04-14 0:15:00,CORRIENTES,21,1,1,Motocicleta,,2015,,,,,,,,
142701,2022-04-09 10:15:00,CORRIENTES,21,0,1,Automóvil,,1994,,,,,,,,
142701,2022-04-09 10:15:00,CORRIENTES,21,1,1,Motocicleta,,2010,,,,,,,,
142706,2022-04-02 18:39:00,CORRIENTES,21,0,1,Motocicleta,,2017,,,,,,,,
142706,2022-04-02 18:39:00,CORRIENTES,21,1,2,Motocicleta,,2022,,,,,,,,
142756,2022-04-05 13:50:00,CORRIENTES,21,0,1,Automóvil,,2018,Privado,,,,,,,
142756,2022-04-05 13:50:00,CORRIENTES,21,1,1,Motocicleta,,2021,Privado,,,,,,,
143728,2022-04-20 7:45:00,CORRIENTES,21,0,1,Automóvil,,2022,Privado,,,,,,,
143728,2022-04-20 7:45:00,CORRIENTES,21,1,1,Automóvil,,2014,Privado,,,,,,,
143761,2022-04-19 13:07:00,CORRIENTES,21,0,1,Automóvil,,,Privado,,,,,,,
143761,2022-04-19 13:07:00,CORRIENTES,21,1,1,Automóvil,,,Privado,,,,,,,
145134,2022-04-28 2:15:00,CORRIENTES,21,0,2,Motocicleta,,2022,Privado,,,,,,,
145173,2022-04-29 16:15:00,CORRIENTES,21,0,1,Automóvil,,,Privado,,,,,,,
145173,2022-04-29 16:15:00,CORRIENTES,21,1,1,Motocicleta,,,Privado,,,,,,,
146704,2022-05-07 7:15:00,CORRIENTES,21,0,1,Automóvil,,,Privado,,,,,,,
146704,2022-05-07 7:15:00,CORRIENTES,21,1,,Motocicleta,,,,,,,,,,
147086,2022-05-16 9:30:00,CORRIENTES,21,0,1,Automóvil,,,Privado,,,,,,,
147086,2022-05-16 9:30:00,CORRIENTES,21,1,1,Camioneta/Utilitario,,,Privado,,,,,,,
148146,2022-05-20 8:37:00,CORRIENTES,21,0,1,Motocicleta,,2022,Privado,,,,,,,
148146,2022-05-20 8:37:00,CORRIENTES,21,1,1,Transporte de carga,,2008,Privado,,,,,,,
148155,2022-05-17 14:19:00,CORRIENTES,21,0,1,Automóvil,,2022,Privado,,,,,,,
148155,2022-05-17 14:19:00,CORRIENTES,21,1,1,Motocicleta,,2021,Privado,,,,,,,
148175,2022-05-21 17:15:00,CORRIENTES,21,0,1,Automóvil,,2012,,,,,,,,
148175,2022-05-21 17:15:00,CORRIENTES,21,1,1,Motocicleta,,2021,Privado,,,,,,,
148181,2022-05-22 16:15:00,CORRIENTES,21,0,1,Automóvil,,,Privado,,,,,,,
148181,2022-05-22 16:15:00,CORRIENTES,21,1,1,Automóvil,,,,,,,,,,
148182,2022-05-23 7:30:00,CORRIENTES,21,0,1,Automóvil,,,Privado,,,,,,,
148182,2022-05-23 7:30:00,CORRIENTES,21,1,0,Motocicleta,,,Privado,,,,,,,
148209,2022-05-27 9:18:00,CORRIENTES,21,0,1,Motocicleta,,,Privado,,,,,,,
148209,2022-05-27 9:18:00,CORRIENTES,21,1,1,Camioneta/Utilitario,,,,,,,,,,
148994,2022-06-02 13:50:00,CORRIENTES,21,0,1,Automóvil,,2021,Privado,,,,,,,
148994,2022-06-02 13:50:00,CORRIENTES,21,1,1,Automóvil,,2016,Privado,,,,,,,
151183,2022-06-11 18:10:00,CORRIENTES,21,0,2,Motocicleta,,2019,Privado,,,,,,,
151183,2022-06-11 18:10:00,CORRIENTES,21,1,2,Motocicleta,,2022,Privado,,,,,,,
151187,2022-06-12 5:25:00,CORRIENTES,21,0,1,Motocicleta,,2014,Privado,,,,,,,
151187,2022-06-12 5:25:00,CORRIENTES,21,1,1,Camioneta/Utilitario,,1999,Privado,,,,,,,
151189,2022-06-12 15:15:00,CORRIENTES,21,0,1,Automóvil,,2015,Publico,,,,,,,
151189,2022-06-12 15:15:00,CORRIENTES,21,1,1,Motocicleta,,2022,,,,,,,,
151195,2022-06-14 12:01:00,CORRIENTES,21,0,1,Motocicleta,,,Privado,,,,,,,
151195,2022-06-14 12:01:00,CORRIENTES,21,1,1,Motocicleta,,,,,,,,,,
151199,2022-06-17 12:00:00,CORRIENTES,21,0,2,Motocicleta,,,Privado,,,,,,,
151211,2022-06-18 14:50:00,CORRIENTES,21,0,1,Motocicleta,,2016,Privado,,,,,,,
151211,2022-06-18 14:50:00,CORRIENTES,21,1,1,Transporte de pasajeros,,2014,Publico,,,,,,,
151217,2022-06-18 12:30:00,CORRIENTES,21,0,1,Motocicleta,,,Privado,,,,,,,
151217,2022-06-18 12:30:00,CORRIENTES,21,1,1,Peatón,,,,,,,,,,
152106,2022-06-22 18:22:00,CORRIENTES,21,0,1,Automóvil,,,Privado,,,,,,,
152106,2022-06-22 18:22:00,CORRIENTES,21,1,1,Motocicleta,,,Privado,,,,,,,
152977,2022-07-02 20:50:00,CORRIENTES,21,0,1,Motocicleta,,,Privado,,,,,,,
152977,2022-07-02 20:50:00,CORRIENTES,21,1,1,Automóvil,,,Privado,,,,,,,
155597,2022-07-06 18:50:00,CORRIENTES,21,0,1,Automóvil,,2020,Privado,,,,,,,
155597,2022-07-06 18:50:00,CORRIENTES,21,1,2,Motocicleta,,2005,Privado,,,,,,,
155607,2022-07-06 10:35:00,CORRIENTES,21,0,1,Automóvil,,2014,Privado,,,,,,,
155607,2022-07-06 10:35:00,CORRIENTES,21,1,1,Motocicleta,,2014,Privado,,,,,,,
157726,2022-07-26 17:29:00,CORRIENTES,21,0,2,Automóvil,,2018,Privado,,,,,,,
157726,2022-07-26 17:29:00,CORRIENTES,21,1,1,Automóvil,,2017,Privado,,,,,,,
157802,2022-07-30 7:20:00,CORRIENTES,21,0,1,Automóvil,,2018,,,,,,,,
157802,2022-07-30 7:20:00,CORRIENTES,21,1,,Automóvil,,2017,,,,,,,,
157802,2022-07-30 7:20:00,CORRIENTES,21,2,,Automóvil,,,,,,,,,,
157802,2022-07-30 7:20:00,CORRIENTES,21,3,,Motocicleta,,2017,,,,,,,,
157820,2022-08-01 12:25:00,CORRIENTES,21,0,1,Automóvil,,2008,Privado,,,,,,,
157820,2022-08-01 12:25:00,CORRIENTES,21,1,1,Bicicleta,,,Privado,,,,,,,
158350,2022-08-07 12:13:00,CORRIENTES,21,0,1,Automóvil,,2012,Privado,,,,,,,
158350,2022-08-07 12:13:00,CORRIENTES,21,1,1,Motocicleta,,2013,Privado,,,,,,,
158356,2022-08-08 12:50:00,CORRIENTES,21,0,2,Automóvil,,2021,,,,,,,,
158356,2022-08-08 12:50:00,CORRIENTES,21,1,1,Automóvil,,2021,Privado,,,,,,,
158361,2022-08-09 13:10:00,CORRIENTES,21,0,0,Automóvil,,1996,,,,,,,,
158361,2022-08-09 13:10:00,CORRIENTES,21,1,1,Motocicleta,,2016,Privado,,,,,,,
159878,2022-08-11 8:37:00,CORRIENTES,21,0,1,Automóvil,,2018,,,,,,,,
159878,2022-08-11 8:37:00,CORRIENTES,21,1,1,Motocicleta,,2022,,,,,,,,
159887,2022-08-17 8:28:00,CORRIENTES,21,0,2,Motocicleta,,2021,Privado,,,,,,,
159887,2022-08-17 8:28:00,CORRIENTES,21,1,1,Camioneta/Utilitario,,1997,Privado,,,,,,,
159929,2022-08-20 10:19:00,CORRIENTES,21,0,2,Automóvil,,,Privado,,,,,,,
159929,2022-08-20 10:19:00,CORRIENTES,21,1,5,Automóvil,,,Privado,,,,,,,
159929,2022-08-20 10:19:00,CORRIENTES,21,2,,Automóvil,,,,,,,,,,
159931,2022-08-20 17:35:00,CORRIENTES,21,0,1,Motocicleta,,,Privado,,,,,,,
159931,2022-08-20 17:35:00,CORRIENTES,21,1,1,Automóvil,,,Privado,,,,,,,
160640,2022-08-20 22:45:00,CORRIENTES,21,0,1,Motocicleta,,2016,Privado,,,,,,,
160640,2022-08-20 22:45:00,CORRIENTES,21,1,1,Motocicleta,,2014,Privado,,,,,,,
160643,2022-08-21 12:18:00,CORRIENTES,21,0,1,Automóvil,,2018,,,,,,,,
160643,2022-08-21 12:18:00,CORRIENTES,21,1,1,Motocicleta,,2010,Privado,,,,,,,
161487,2022-08-27 7:45:00,CORRIENTES,21,0,1,Motocicleta,,2018,Privado,,,,,,,
161488,2022-08-28 23:50:00,CORRIENTES,21,0,1,Automóvil,,2009,Privado,,,,,,,
161488,2022-08-28 23:50:00,CORRIENTES,21,1,1,Automóvil,,2010,Privado,,,,,,,
161490,2022-08-29 22:50:00,CORRIENTES,21,0,1,Camioneta/Utilitario,,2013,Privado,,,,,,,
161490,2022-08-29 22:50:00,CORRIENTES,21,1,1,Motocicleta,,,Privado,,,,,,,
161496,2022-08-31 14:30:00,CORRIENTES,21,0,1,Automóvil,,2015,,,,,,,,
161496,2022-08-31 14:30:00,CORRIENTES,21,1,1,Motocicleta,,2016,,,,,,,,
161499,2022-08-31 6:40:00,CORRIENTES,21,0,1,Automóvil,,2014,,,,,,,,
161499,2022-08-31 6:40:00,CORRIENTES,21,1,1,Motocicleta,,,Privado,,,,,,,
162784,2022-09-09 8:00:00,CORRIENTES,21,0,1,Automóvil,,2019,Privado,,,,,,,
162784,2022-09-09 8:00:00,CORRIENTES,21,1,2,Motocicleta,,2021,Privado,,,,,,,
163578,2022-09-15 10:05:00,CORRIENTES,21,0,1,Motocicleta,,2000,Privado,,,,,,,
163578,2022-09-15 10:05:00,CORRIENTES,21,1,1,Automóvil,,2008,Privado,,,,,,,
163596,2022-09-19 23:05:00,CORRIENTES,21,0,1,Automóvil,,2016,Privado,,,,,,,
163596,2022-09-19 23:05:00,CORRIENTES,21,1,1,Motocicleta,,2019,Privado,,,,,,,
164599,2022-09-26 7:50:00,CORRIENTES,21,0,1,Automóvil,,2009,Privado,,,,,,,
164599,2022-09-26 7:50:00,CORRIENTES,21,1,2,Motocicleta,,2020,Privado,,,,,,,
165343,2022-10-01 15:20:00,CORRIENTES,21,0,1,Automóvil,,2016,Privado,,,,,,,
165343,2022-10-01 15:20:00,CORRIENTES,21,1,1,Motocicleta,,2015,Privado,,,,,,,
165351,2022-10-04 14:40:00,CORRIENTES,21,0,1,Transporte de pasajeros,,2013,Publico,,,,,,,
165351,2022-10-04 14:40:00,CORRIENTES,21,1,1,Automóvil,,2012,Privado,,,,,,,
165423,2022-10-07 6:10:00,CORRIENTES,21,0,1,Automóvil,,2016,Privado,,,,,,,
165423,2022-10-07 6:10:00,CORRIENTES,21,1,1,Automóvil,,2015,Privado,,,,,,,
165426,2022-10-09 6:50:00,CORRIENTES,21,0,2,Automóvil,,2015,Privado,,,,,,,
165426,2022-10-09 6:50:00,CORRIENTES,21,1,1,Motocicleta,,2015,Privado,,,,,,,
166063,2022-10-02 22:25:00,CORRIENTES,21,0,1,Motocicleta,,2021,Privado,,,,,,,
166846,2022-10-13 13:30:00,CORRIENTES,21,0,1,Automóvil,,2009,,,,,,,,
166846,2022-10-13 13:30:00,CORRIENTES,21,1,2,Motocicleta,,2018,Privado,,,,,,,
167704,2022-10-16 13:15:00,CORRIENTES,21,0,2,Automóvil,,2018,Privado,,,,,,,
167704,2022-10-16 13:15:00,CORRIENTES,21,1,1,Automóvil,,2013,Privado,,,,,,,
167743,2022-10-17 6:46:00,CORRIENTES,21,0,1,Motocicleta,,2018,Privado,,,,,,,
167743,2022-10-17 6:46:00,CORRIENTES,21,1,1,Motocicleta,,2011,Privado,,,,,,,
168418,2022-10-22 9:10:00,CORRIENTES,21,0,1,Camioneta/Utilitario,,2014,Privado,,,,,,,
168418,2022-10-22 9:10:00,CORRIENTES,21,1,1,Motocicleta,,2021,Privado,,,,,,,
168419,2022-10-22 15:10:00,CORRIENTES,21,0,1,Camioneta/Utilitario,,1998,Privado,,,,,,,
168419,2022-10-22 15:10:00,CORRIENTES,21,1,2,Motocicleta,,2018,,,,,,,,
169148,2022-10-26 9:36:00,CORRIENTES,21,0,1,Automóvil,,2012,,,,,,,,
169148,2022-10-26 9:36:00,CORRIENTES,21,1,1,Motocicleta,,2016,Privado,,,,,,,
169150,2022-10-26 20:00:00,CORRIENTES,21,0,1,Motocicleta,,2018,Privado,,,,,,,
169150,2022-10-26 20:00:00,CORRIENTES,21,1,1,Automóvil,,2010,Privado,,,,,,,
169838,2022-11-02 12:35:00,CORRIENTES,21,0,0,Automóvil,,2014,,,,,,,,
169838,2022-11-02 12:35:00,CORRIENTES,21,1,1,Camioneta/Utilitario,,2013,Privado,,,,,,,
169845,2022-11-05 4:00:00,CORRIENTES,21,0,3,Automóvil,,2013,Privado,,,,,,,
169873,2022-11-10 6:50:00,CORRIENTES,21,0,1,Motocicleta,,2006,Privado,,,,,,,
169891,2022-11-11 9:30:00,CORRIENTES,21,0,1,Automóvil,,2013,Privado,,,,,,,
169891,2022-11-11 9:30:00,CORRIENTES,21,1,1,Motocicleta,,2020,Privado,,,,,,,
169895,2022-11-13 16:30:00,CORRIENTES,21,0,1,Motocicleta,,2016,Privado,,,,,,,
169895,2022-11-13 16:30:00,CORRIENTES,21,1,1,Bicicleta,,2000,Privado,,,,,,,
171750,2022-11-18 6:00:00,CORRIENTES,21,0,1,Automóvil,,2021,Privado,,,,,,,
171750,2022-11-18 6:00:00,CORRIENTES,21,1,1,Motocicleta,,2011,Privado,,,,,,,
173772,2022-11-22 17:50:00,CORRIENTES,21,0,,Automóvil,,0,,,,,,,,
173772,2022-11-22 17:50:00,CORRIENTES,21,1,,Bicicleta,,,,,,Pedal,,,,
174824,2022-11-29 11:10:00,CORRIENTES,21,0,,Automóvil,,2017,,,,,,,,
174824,2022-11-29 11:10:00,CORRIENTES,21,1,,Automóvil,,2016,,,,,,,,
175458,2022-12-04 9:50:00,CORRIENTES,21,0,,Automóvil,,,,,,,,,,
175458,2022-12-04 9:50:00,CORRIENTES,21,1,,Automóvil,,,,,,,,,,
175475,2022-12-09 11:24:00,CORRIENTES,21,0,,Automóvil,,2017,,,,,,,,
175475,2022-12-09 11:24:00,CORRIENTES,21,1,,Motocicleta,,2011,,,,,,,,
175475,2022-12-09 11:24:00,CORRIENTES,21,2,,Motocicleta,,2021,,,,,,,,
175493,2022-12-14 23:40:00,CORRIENTES,21,0,,Motocicleta,,,,,,,,,,
175495,2022-12-15 6:20:00,CORRIENTES,21,0,,Automóvil,,,,,,,,,,
175495,2022-12-15 6:20:00,CORRIENTES,21,1,,Motocicleta,,,,,,,,,,
175499,2022-12-15 15:10:00,CORRIENTES,21,0,,Automóvil,,,,,,,,,,
175499,2022-12-15 15:10:00,CORRIENTES,21,1,,Automóvil,,,,,,,,,,
176145,2022-12-19 7:50:00,CORRIENTES,21,0,,Automóvil,,2015,,,,,,,,
176145,2022-12-19 7:50:00,CORRIENTES,21,1,,Motocicleta,,2011,,,,,,,,
132632,2022-01-09 16:37:00,CORRIENTES,21,0,1,Automóvil,,,Privado,,,,,,,
132632,2022-01-09 16:37:00,CORRIENTES,21,1,1,Camioneta/Utilitario,,,Privado,,,,,,,
133405,2022-01-17 19:45:00,CORRIENTES,21,0,1,Motocicleta,,,,,,,,,,
133405,2022-01-17 19:45:00,CORRIENTES,21,1,2,Motocicleta,,,Privado,,,,,,,
133415,2022-01-16 8:10:00,CORRIENTES,21,0,1,Automóvil,,,Privado,,,,,,,
133415,2022-01-16 8:10:00,CORRIENTES,21,1,1,Motocicleta,,,Privado,,,,,,,
134042,2022-01-01 9:40:00,CORRIENTES,21,0,1,Automóvil,,,Privado,,,,,,,
134048,2022-01-03 16:35:00,CORRIENTES,21,0,1,Automóvil,,,Privado,,,,,,,
134048,2022-01-03 16:35:00,CORRIENTES,21,1,,Motocicleta,,,,,,,,,,
134804,2022-01-10 7:05:00,CORRIENTES,21,0,1,Automóvil,,2018,,,,,,,,
134804,2022-01-10 7:05:00,CORRIENTES,21,1,1,Motocicleta,,2022,,,,,,,,
134817,2022-01-12 10:00:00,CORRIENTES,21,0,,Automóvil,,,,,,,,,,
134817,2022-01-12 10:00:00,CORRIENTES,21,1,,Motocicleta,,,,,,,,,,
134850,2022-01-24 19:50:00,CORRIENTES,21,0,1,Camioneta/Utilitario,,2018,Privado,,,,,,,
134850,2022-01-24 19:50:00,CORRIENTES,21,1,1,Motocicleta,,2016,,,,,,,,
134853,2022-01-25 12:38:00,CORRIENTES,21,0,1,Automóvil,,2012,Privado,,,,,,,
134853,2022-01-25 12:38:00,CORRIENTES,21,1,1,Motocicleta,,2018,Privado,,,,,,,
134866,2022-02-01 13:40:00,CORRIENTES,21,0,1,Motocicleta,,,Privado,,,,,,,
134866,2022-02-01 13:40:00,CORRIENTES,21,1,1,Camioneta/Utilitario,,,Privado,,,,,,,
135558,2022-01-24 11:15:00,CORRIENTES,21,0,1,Motocicleta,,2019,,,,,,,,
135558,2022-01-24 11:15:00,CORRIENTES,21,1,1,Transporte de carga,,1995,,,,,,,,
137581,2022-02-17 8:30:00,CORRIENTES,21,0,1,Automóvil,,,Privado,,,,,,,
137581,2022-02-17 8:30:00,CORRIENTES,21,1,2,Motocicleta,,,Privado,,,,,,,
137590,2022-02-17 11:20:00,CORRIENTES,21,0,1,Automóvil,,,Privado,,,,,,,
137590,2022-02-17 11:20:00,CORRIENTES,21,1,2,Motocicleta,,,Privado,,,,,,,
139261,2022-03-04 12:25:00,CORRIENTES,21,0,1,Motocicleta,,2018,,,,,,,,
139261,2022-03-04 12:25:00,CORRIENTES,21,1,1,Bicicleta,,2005,,,,,,,,
139262,2022-03-05 15:59:00,CORRIENTES,21,0,1,Automóvil,,2012,Privado,,,,,,,
139262,2022-03-05 15:59:00,CORRIENTES,21,1,1,Automóvil,,2020,Privado,,,,,,,
139942,2022-03-18 10:54:00,CORRIENTES,21,0,1,Automóvil,,2013,,,,,,,,
139942,2022-03-18 10:54:00,CORRIENTES,21,1,1,Motocicleta,,2012,,,,,,,,
139942,2022-03-18 10:54:00,CORRIENTES,21,2,1,Motocicleta,,2012,,,,,,,,
139972,2022-03-19 22:15:00,CORRIENTES,21,0,2,Motocicleta,,2017,Privado,,,,,,,
140963,2022-04-02 5:30:00,CORRIENTES,21,0,1,Automóvil,,2009,Privado,,,,,,,
141857,2022-04-08 9:10:00,CORRIENTES,21,0,1,Motocicleta,,2016,Oficial,,,,,,,
141875,2022-04-02 13:02:00,CORRIENTES,21,0,1,Automóvil,,,,,,,,,,
141875,2022-04-02 13:02:00,CORRIENTES,21,1,2,Motocicleta,,,Privado,,,,,,,
142696,2022-04-14 14:53:00,CORRIENTES,21,0,1,Motocicleta,,2016,Privado,,,,,,,
142753,2022-04-04 15:30:00,CORRIENTES,21,0,1,Automóvil,,2017,Privado,,,,,,,
142753,2022-04-04 15:30:00,CORRIENTES,21,1,1,Automóvil,,2009,Privado,,,,,,,
143758,2022-04-18 14:05:00,CORRIENTES,21,0,1,Automóvil,,,,,,,,,,
143758,2022-04-18 14:05:00,CORRIENTES,21,1,1,Motocicleta,,,Privado,,,,,,,
145170,2022-04-28 7:58:00,CORRIENTES,21,0,1,Automóvil,,,Privado,,,,,,,
145170,2022-04-28 7:58:00,CORRIENTES,21,1,1,Motocicleta,,,Privado,,,,,,,
145739,2022-04-29 14:00:00,CORRIENTES,21,0,1,Automóvil,,,Privado,,,,,,,
145739,2022-04-29 14:00:00,CORRIENTES,21,1,1,Motocicleta,,,Privado,,,,,,,
146707,2022-05-08 6:39:00,CORRIENTES,21,0,1,Automóvil,,,Privado,,,,,,,
146707,2022-05-08 6:39:00,CORRIENTES,21,1,2,Motocicleta,,2013,Privado,,,,,,,
148210,2022-05-27 20:32:00,CORRIENTES,21,0,1,Automóvil,,,Privado,,,,,,,
148210,2022-05-27 20:32:00,CORRIENTES,21,1,1,Motocicleta,,,Privado,,,,,,,
151194,2022-06-14 11:24:00,CORRIENTES,21,0,1,Automóvil,,,Privado,,,,,,,
151194,2022-06-14 11:24:00,CORRIENTES,21,1,,Transporte de carga,,,,,,,,,,
151200,2022-06-17 16:50:00,CORRIENTES,21,0,1,Automóvil,,,Privado,,,,,,,
151200,2022-06-17 16:50:00,CORRIENTES,21,1,1,Motocicleta,,,Privado,,,,,,,
151213,2022-06-18 17:05:00,CORRIENTES,21,0,2,Motocicleta,,2016,Privado,,,,,,,
151213,2022-06-18 17:05:00,CORRIENTES,21,1,1,Automóvil,,2016,Privado,,,,,,,
151224,2022-06-19 9:44:00,CORRIENTES,21,0,3,Automóvil,,,Privado,,,,,,,
151224,2022-06-19 9:44:00,CORRIENTES,21,1,2,Automóvil,,,Privado,,,,,,,
151225,2022-06-19 11:40:00,CORRIENTES,21,0,2,Motocicleta,,,Privado,,,,,,,
151225,2022-06-19 11:40:00,CORRIENTES,21,1,1,Motocicleta,,,,,,,,,,
151227,2022-06-20 6:00:00,CORRIENTES,21,0,1,Automóvil,,2020,Publico,,,,,,,
151227,2022-06-20 6:00:00,CORRIENTES,21,1,1,Motocicleta,,2018,,,,,,,,
152940,2022-06-20 16:45:00,CORRIENTES,21,0,1,Automóvil,,2014,Privado,,,,,,,
152940,2022-06-20 16:45:00,CORRIENTES,21,1,1,Camioneta/Utilitario,,2015,Privado,,,,,,,
152942,2022-06-25 7:30:00,CORRIENTES,21,0,1,Automóvil,,2017,Privado,,,,,,,
152944,2022-06-26 10:40:00,CORRIENTES,21,0,1,Automóvil,,2019,Privado,,,,,,,
152963,2022-06-27 10:40:00,CORRIENTES,21,0,1,Automóvil,,2017,Privado,,,,,,,
152963,2022-06-27 10:40:00,CORRIENTES,21,1,1,Motocicleta,,2019,Privado,,,,,,,
152964,2022-06-26 20:30:00,CORRIENTES,21,0,1,Automóvil,,2015,Privado,,,,,,,
152964,2022-06-26 20:30:00,CORRIENTES,21,1,1,Automóvil,,2012,Privado,,,,,,,
152964,2022-06-26 20:30:00,CORRIENTES,21,2,1,Automóvil,,2016,Privado,,,,,,,
152974,2022-07-02 11:45:00,CORRIENTES,21,0,1,Automóvil,,2014,Privado,,,,,,,
152974,2022-07-02 11:45:00,CORRIENTES,21,1,1,Motocicleta,,,,,,,,,,
152985,2022-07-05 6:55:00,CORRIENTES,21,0,1,Motocicleta,,,Privado,,,,,,,
153812,2022-07-13 8:40:00,CORRIENTES,21,0,1,Automóvil,,2016,Privado,,,,,,,
153812,2022-07-13 8:40:00,CORRIENTES,21,1,1,Automóvil,,2017,Privado,,,,,,,
153890,2022-07-11 11:10:00,CORRIENTES,21,0,1,Motocicleta,,,Privado,,,,,,,
153890,2022-07-11 11:10:00,CORRIENTES,21,1,1,Camioneta/Utilitario,,,Privado,,,,,,,
153906,2022-07-05 14:20:00,CORRIENTES,21,0,1,Automóvil,,,Privado,,,,,,,
153906,2022-07-05 14:20:00,CORRIENTES,21,1,1,Camioneta/Utilitario,,,Privado,,,,,,,
156524,2022-07-10 16:35:00,CORRIENTES,21,0,1,Automóvil,,2016,,,,,,,,
156524,2022-07-10 16:35:00,CORRIENTES,21,1,1,Motocicleta,,2019,Privado,,,,,,,
156556,2022-07-19 18:50:00,CORRIENTES,21,0,1,Automóvil,,2012,Privado,,,,,,,
156556,2022-07-19 18:50:00,CORRIENTES,21,1,1,Motocicleta,,2012,Privado,,,,,,,
157725,2022-07-26 11:15:00,CORRIENTES,21,0,1,Automóvil,,2018,Privado,,,,,,,
157725,2022-07-26 11:15:00,CORRIENTES,21,1,2,Automóvil,,2019,Privado,,,,,,,
157725,2022-07-26 11:15:00,CORRIENTES,21,2,4,Automóvil,,2020,Privado,,,,,,,
157806,2022-07-31 9:15:00,CORRIENTES,21,0,5,Automóvil,,2010,Privado,,,,,,,
157806,2022-07-31 9:15:00,CORRIENTES,21,1,2,Automóvil,,2000,Privado,,,,,,,
157824,2022-08-06 10:55:00,CORRIENTES,21,0,1,Automóvil,,2011,Privado,,,,,,,
157824,2022-08-06 10:55:00,CORRIENTES,21,1,1,Motocicleta,,2017,Privado,,,,,,,
158157,2022-08-06 21:30:00,CORRIENTES,21,0,1,Motocicleta,,2018,Privado,,,,,,,
158157,2022-08-06 21:30:00,CORRIENTES,21,1,1,Automóvil,,2011,Privado,,,,,,,
158360,2022-08-09 12:40:00,CORRIENTES,21,0,1,Automóvil,,2016,Privado,,,,,,,
158360,2022-08-09 12:40:00,CORRIENTES,21,1,1,Motocicleta,,2017,,,,,,,,
160642,2022-08-21 11:35:00,CORRIENTES,21,0,1,Automóvil,,2022,,,,,,,,
160642,2022-08-21 11:35:00,CORRIENTES,21,1,1,Motocicleta,,2009,Privado,,,,,,,
160644,2022-08-22 8:40:00,CORRIENTES,21,0,1,Automóvil,,2011,,,,,,,,
160644,2022-08-22 8:40:00,CORRIENTES,21,1,1,Camioneta/Utilitario,,2014,,Carga,,,,,,
160644,2022-08-22 8:40:00,CORRIENTES,21,2,1,Camioneta/Utilitario,,2013,,,,,,,,
160644,2022-08-22 8:40:00,CORRIENTES,21,3,1,Transporte de carga,,2018,,,,,,,,
160644,2022-08-22 8:40:00,CORRIENTES,21,4,1,Automóvil,,2017,,,,,,,,
160645,2022-08-22 14:45:00,CORRIENTES,21,0,1,Automóvil,,2007,,,,,,,,
160645,2022-08-22 14:45:00,CORRIENTES,21,1,1,Motocicleta,,2019,,,,,,,,
160649,2022-08-23 15:38:00,CORRIENTES,21,0,1,Motocicleta,,2011,,,,,,,,
160649,2022-08-23 15:38:00,CORRIENTES,21,1,1,Motocicleta,,2012,,,,,,,,
160653,2022-08-24 18:40:00,CORRIENTES,21,0,1,Transporte de carga,,2005,,,,,,,,
160653,2022-08-24 18:40:00,CORRIENTES,21,1,1,Motocicleta,,2018,Privado,,,,,,,
160654,2022-08-25 6:00:00,CORRIENTES,21,0,1,Automóvil,,2017,,,,,,,,
160654,2022-08-25 6:00:00,CORRIENTES,21,1,1,Automóvil,,2021,,,,,,,,
160681,2022-08-25 8:45:00,CORRIENTES,21,0,1,Automóvil,,2017,Privado,,,,,,,
160681,2022-08-25 8:45:00,CORRIENTES,21,1,1,Motocicleta,,,Privado,,,,,,,
160682,2022-08-25 13:15:00,CORRIENTES,21,0,1,Automóvil,,2014,,,,,,,,
160682,2022-08-25 13:15:00,CORRIENTES,21,1,2,Motocicleta,,2013,,,,,,,,
161553,2022-09-02 12:40:00,CORRIENTES,21,0,1,Motocicleta,,,Privado,,,,,,,
161553,2022-09-02 12:40:00,CORRIENTES,21,1,3,Motocicleta,,,Privado,,,,,,,
162782,2022-08-09 13:20:00,CORRIENTES,21,0,2,Automóvil,,2001,Privado,,,,,,,
162782,2022-08-09 13:20:00,CORRIENTES,21,1,1,Transporte de carga,,2020,Privado,Carga,,,,,,
162785,2022-09-11 6:20:00,CORRIENTES,21,0,1,Camioneta/Utilitario,,2020,Privado,,,,,,,
162785,2022-09-11 6:20:00,CORRIENTES,21,1,1,Transporte de pasajeros,,2017,Publico,,,,,,,
163575,2022-09-15 10:00:00,CORRIENTES,21,0,1,Automóvil,,2001,Privado,,,,,,,
163575,2022-09-15 10:00:00,CORRIENTES,21,1,1,Motocicleta,,2010,Privado,,,,,,,
163587,2022-09-18 6:20:00,CORRIENTES,21,0,1,Automóvil,,2011,Privado,,,,,,,
164579,2022-09-20 18:00:00,CORRIENTES,21,0,1,Transporte de pasajeros,,2010,Publico,,,,,,,
164579,2022-09-20 18:00:00,CORRIENTES,21,1,1,Motocicleta,,2022,Privado,,,,,,,
165295,2022-10-01 10:58:00,CORRIENTES,21,0,1,Automóvil,,2012,Privado,,,,,,,
165295,2022-10-01 10:58:00,CORRIENTES,21,1,1,Automóvil,,2007,Privado,,,,,,,
165421,2022-10-06 13:23:00,CORRIENTES,21,0,1,Transporte de pasajeros,,2012,Publico,,,,,,,
165421,2022-10-06 13:23:00,CORRIENTES,21,1,1,Motocicleta,,2018,Privado,,,,,,,
166848,2022-10-14 8:15:00,CORRIENTES,21,0,1,Camioneta/Utilitario,,2020,Privado,,,,,,,
166848,2022-10-14 8:15:00,CORRIENTES,21,1,2,Motocicleta,,2010,Privado,,,,,,,
168420,2022-10-22 17:00:00,CORRIENTES,21,0,1,Automóvil,,2010,,,,,,,,
168420,2022-10-22 17:00:00,CORRIENTES,21,1,2,Motocicleta,,2011,Privado,,,,,,,
169154,2022-10-28 6:00:00,CORRIENTES,21,0,1,Automóvil,,2017,Privado,,,,,,,
169154,2022-10-28 6:00:00,CORRIENTES,21,1,1,Motocicleta,,2022,Privado,,,,,,,
169864,2022-11-05 11:05:00,CORRIENTES,21,0,1,Automóvil,,2011,Privado,,,,,,,
169864,2022-11-05 11:05:00,CORRIENTES,21,1,2,Automóvil,,2014,Privado,,,,,,,
169866,2022-11-05 23:15:00,CORRIENTES,21,0,1,Automóvil,,2000,Privado,,,,,,,
169866,2022-11-05 23:15:00,CORRIENTES,21,1,2,Motocicleta,,2020,Privado,,,,,,,
171739,2022-11-15 13:20:00,CORRIENTES,21,0,1,Automóvil,,2017,Privado,,,,,,,
171739,2022-11-15 13:20:00,CORRIENTES,21,1,1,Motocicleta,,2021,Privado,,,,,,,
174618,2022-11-26 5:50:00,CORRIENTES,21,0,,Motocicleta,,2017,,,,,,,,
174821,2022-11-27 7:00:00,CORRIENTES,21,0,,Automóvil,,1967,,,,,,,,
174821,2022-11-27 7:00:00,CORRIENTES,21,1,,Motocicleta,,2010,,,,,,,,
175452,2022-12-04 6:15:00,CORRIENTES,21,0,,Automóvil,,,,,,,,,,
175471,2022-12-08 12:46:00,CORRIENTES,21,0,,Automóvil,,2017,,,,,,,,
175471,2022-12-08 12:46:00,CORRIENTES,21,1,,Automóvil,,2017,,,,,,,,
175471,2022-12-08 12:46:00,CORRIENTES,21,2,,Automóvil,,2010,,,,,,,,
175492,2022-12-14 10:00:00,CORRIENTES,21,0,,Automóvil,,,,,,,,,,
175492,2022-12-14 10:00:00,CORRIENTES,21,1,,Motocicleta,,,,,,,,,,
176153,2022-12-24 22:05:00,CORRIENTES,21,0,,Automóvil,,,,,,,,,,
176153,2022-12-24 22:05:00,CORRIENTES,21,1,,Motocicleta,,,,,,,,,,
132625,2022-01-09 14:20:00,CORRIENTES,21,0,,Automóvil,,,,,,,,,,
132625,2022-01-09 14:20:00,CORRIENTES,21,1,1,Motocicleta,,,Privado,,,,,,,
134807,2022-01-10 12:27:00,CORRIENTES,21,0,1,Automóvil,,2011,,,,,,,,
134807,2022-01-10 12:27:00,CORRIENTES,21,1,1,Automóvil,,2018,,,,,,,,
134818,2022-01-31 7:50:00,CORRIENTES,21,0,1,Automóvil,,,Privado,,,,,,,
134818,2022-01-31 7:50:00,CORRIENTES,21,1,1,Motocicleta,,,Privado,,,,,,,
135568,2022-02-02 10:15:00,CORRIENTES,21,0,1,Camioneta/Utilitario,,,Privado,,,,,,,
135568,2022-02-02 10:15:00,CORRIENTES,21,1,1,Motocicleta,,,Privado,,,,,,,
135569,2022-02-02 7:30:00,CORRIENTES,21,0,1,Motocicleta,,,,,,,,,,
136411,2022-02-08 19:00:00,CORRIENTES,21,0,1,Automóvil,,2014,Privado,,,,,,,
136411,2022-02-08 19:00:00,CORRIENTES,21,1,1,Automóvil,,1992,Privado,,,,,,,
137055,2022-02-12 16:05:00,CORRIENTES,21,0,1,Transporte de carga,,,Privado,,,,,,,
137055,2022-02-12 16:05:00,CORRIENTES,21,1,1,Transporte de carga,,,Privado,,,,,,,
137573,2022-02-12 19:15:00,CORRIENTES,21,0,1,Automóvil,,,Privado,,,,,,,
137573,2022-02-12 19:15:00,CORRIENTES,21,1,1,Motocicleta,,,Privado,,,,,,,
137574,2022-02-12 21:00:00,CORRIENTES,21,0,1,Automóvil,,,Privado,,,,,,,
137574,2022-02-12 21:00:00,CORRIENTES,21,1,1,Automóvil,,,Privado,,,,,,,
137593,2022-02-17 19:19:00,CORRIENTES,21,0,1,Automóvil,,,Privado,,,,,,,
137593,2022-02-17 19:19:00,CORRIENTES,21,1,1,Motocicleta,,,Privado,,,,,,,
138492,2022-02-18 13:36:00,CORRIENTES,21,0,1,Motocicleta,,2011,Privado,,,,,,,
138492,2022-02-18 13:36:00,CORRIENTES,21,1,2,Automóvil,,2018,Privado,,,,,,,
139214,2022-02-20 19:59:00,CORRIENTES,21,0,1,Motocicleta,,2016,Privado,,,,,,,
139214,2022-02-20 19:59:00,CORRIENTES,21,1,1,Automóvil,,2018,Privado,,,,,,,
139227,2022-02-23 8:31:00,CORRIENTES,21,0,1,Automóvil,,,Privado,,,,,,,
139227,2022-02-23 8:31:00,CORRIENTES,21,1,1,Motocicleta,,,Privado,,,,,,,
139231,2022-02-24 9:50:00,CORRIENTES,21,0,1,Automóvil,,,Privado,,,,,,,
139231,2022-02-24 9:50:00,CORRIENTES,21,1,1,Automóvil,,,Privado,,,,,,,
139240,2022-02-27 13:30:00,CORRIENTES,21,0,1,Motocicleta,,,Privado,,,,,,,
139240,2022-02-27 13:30:00,CORRIENTES,21,1,1,Automóvil,,,Privado,,,,,,,
139253,2022-03-03 12:30:00,CORRIENTES,21,0,1,Automóvil,,2013,,,,,,,,
139253,2022-03-03 12:30:00,CORRIENTES,21,1,1,Motocicleta,,2022,,,,,,,,
139258,2022-03-04 9:40:00,CORRIENTES,21,0,1,Motocicleta,,2013,,,,,,,,
139747,2022-03-13 7:40:00,CORRIENTES,21,0,1,Automóvil,,2013,Privado,,,,,,,
139753,2022-03-13 11:00:00,CORRIENTES,21,0,2,Motocicleta,,2015,Privado,,,,,,,
139753,2022-03-13 11:00:00,CORRIENTES,21,1,2,Motocicleta,,2011,Privado,,,,,,,
139935,2022-03-13 9:10:00,CORRIENTES,21,0,3,Automóvil,,2014,,,,,,,,
139975,2022-03-20 13:15:00,CORRIENTES,21,0,1,Automóvil,,2005,Privado,,,,,,,
139975,2022-03-20 13:15:00,CORRIENTES,21,1,1,Camioneta/Utilitario,,2006,,,,,,,,
140000,2022-03-23 17:50:00,CORRIENTES,21,0,2,Motocicleta,,2018,,,,,,,,
140000,2022-03-23 17:50:00,CORRIENTES,21,1,2,Motocicleta,,2017,,,,,,,,
140918,2022-03-28 22:20:00,CORRIENTES,21,0,0,Motocicleta,,,Privado,,,,,,,
140918,2022-03-28 22:20:00,CORRIENTES,21,1,1,Bicicleta,,,Privado,,,,,,,
141867,2022-04-05 11:30:00,CORRIENTES,21,0,1,Automóvil,,2015,,,,,,,,
141867,2022-04-05 11:30:00,CORRIENTES,21,1,1,Motocicleta,,2013,,,,,,,,
142702,2022-04-08 8:23:00,CORRIENTES,21,0,1,Automóvil,,2018,Privado,,,,,,,
142702,2022-04-08 8:23:00,CORRIENTES,21,1,1,Motocicleta,,2012,Privado,,,,,,,
142715,2022-04-03 20:15:00,CORRIENTES,21,0,1,Automóvil,,2013,Privado,,,,,,,
142715,2022-04-03 20:15:00,CORRIENTES,21,1,2,Motocicleta,,,,,,,,,,
142754,2022-04-04 15:00:00,CORRIENTES,21,0,1,Motocicleta,,2022,Privado,,,,,,,
142754,2022-04-04 15:00:00,CORRIENTES,21,1,1,Motocicleta,,2017,Privado,,,,,,,
142761,2022-04-14 13:18:00,CORRIENTES,21,0,1,Transporte de pasajeros,,2014,Privado,,,,,,,
142761,2022-04-14 13:18:00,CORRIENTES,21,1,1,Motocicleta,,2018,Privado,,,,,,,
143762,2022-04-20 8:00:00,CORRIENTES,21,0,1,Automóvil,,,Privado,,,,,,,
143762,2022-04-20 8:00:00,CORRIENTES,21,1,1,Motocicleta,,,,,,,,,,
143771,2022-04-22 22:17:00,CORRIENTES,21,0,1,Automóvil,,2013,Privado,,,,,,,
143771,2022-04-22 22:17:00,CORRIENTES,21,1,1,Motocicleta,,2022,Privado,,,,,,,
145171,2022-04-29 17:18:00,CORRIENTES,21,0,1,Motocicleta,,,Privado,,,,,,,
145171,2022-04-29 17:18:00,CORRIENTES,21,1,2,Motocicleta,,,Privado,,,,,,,
145178,2022-04-30 17:50:00,CORRIENTES,21,0,1,Automóvil,,,Privado,,,,,,,
145178,2022-04-30 17:50:00,CORRIENTES,21,1,1,Camioneta/Utilitario,,,Privado,,,,,,,
145178,2022-04-30 17:50:00,CORRIENTES,21,2,1,Transporte de pasajeros,,,Publico,,,,,,,
146701,2022-05-05 7:58:00,CORRIENTES,21,0,1,Automóvil,,,Privado,,,,,,,
146701,2022-05-05 7:58:00,CORRIENTES,21,1,,Automóvil,,,,,,,,,,
146714,2022-05-09 10:20:00,CORRIENTES,21,0,1,Automóvil,,,Privado,,,,,,,
146714,2022-05-09 10:20:00,CORRIENTES,21,1,1,Bicicleta,,,Privado,,,,,,,
146722,2022-05-09 15:40:00,CORRIENTES,21,0,1,Motocicleta,,,Privado,,,,,,,
148190,2022-05-25 17:00:00,CORRIENTES,21,0,1,Motocicleta,,,Privado,,,,,,,
148190,2022-05-25 17:00:00,CORRIENTES,21,1,1,Motocicleta,,,Privado,,,,,,,
148995,2022-06-02 15:00:00,CORRIENTES,21,0,1,Transporte de pasajeros,,2018,,,,,,,,
148995,2022-06-02 15:00:00,CORRIENTES,21,1,1,Motocicleta,,,Publico,,,,,,,
151156,2022-06-02 13:50:00,CORRIENTES,21,0,0,Automóvil,,,Privado,,,,,,,
151156,2022-06-02 13:50:00,CORRIENTES,21,1,1,Automóvil,,,Privado,,,,,,,
151167,2022-06-05 19:10:00,CORRIENTES,21,0,1,Automóvil,,2013,Privado,,,,,,,
151212,2022-06-18 16:02:00,CORRIENTES,21,0,1,Automóvil,,1992,Privado,,,,,,,
151212,2022-06-18 16:02:00,CORRIENTES,21,1,1,Automóvil,,2012,Privado,,,,,,,
151215,2022-06-18 9:18:00,CORRIENTES,21,0,2,Automóvil,,,Privado,,,,,,,
151215,2022-06-18 9:18:00,CORRIENTES,21,1,2,Automóvil,,,Privado,,,,,,,
151218,2022-06-19 21:50:00,CORRIENTES,21,0,1,Automóvil,,,Privado,,,,,,,
151226,2022-06-19 11:18:00,CORRIENTES,21,0,0,Automóvil,,,Privado,,,,,,,
151226,2022-06-19 11:18:00,CORRIENTES,21,1,1,Motocicleta,,,Privado,,,,,,,
152941,2022-06-20 18:30:00,CORRIENTES,21,0,1,Automóvil,,2015,Privado,,,,,,,
152941,2022-06-20 18:30:00,CORRIENTES,21,1,1,Motocicleta,,2014,Privado,,,,,,,
152969,2022-07-01 6:45:00,CORRIENTES,21,0,1,Motocicleta,,,Privado,,,,,,,
152969,2022-07-01 6:45:00,CORRIENTES,21,1,1,Motocicleta,,,Privado,,,,,,,
152978,2022-07-02 19:30:00,CORRIENTES,21,0,1,Automóvil,,,Privado,,,,,,,
152978,2022-07-02 19:30:00,CORRIENTES,21,1,1,Camioneta/Utilitario,,,Privado,,,,,,,
153894,2022-07-04 18:14:00,CORRIENTES,21,0,1,Motocicleta,,,,,,,,,,
153894,2022-07-04 18:14:00,CORRIENTES,21,1,1,Motocicleta,,,,,,,,,,
155567,2022-07-05 16:50:00,CORRIENTES,21,0,1,Automóvil,,2015,Privado,,,,,,,
155567,2022-07-05 16:50:00,CORRIENTES,21,1,1,Motocicleta,,2011,Privado,,,,,,,
156529,2022-07-10 18:50:00,CORRIENTES,21,0,1,Motocicleta,,2018,Privado,,,,,,,
156529,2022-07-10 18:50:00,CORRIENTES,21,1,1,Bicicleta,,2022,Privado,,,,,,,
156536,2022-07-17 19:20:00,CORRIENTES,21,0,1,Motocicleta,,,,,,,,,,
156536,2022-07-17 19:20:00,CORRIENTES,21,1,1,Motocicleta,,,Privado,,,,,,,
156554,2022-07-18 16:15:00,CORRIENTES,21,0,1,Automóvil,,2016,Privado,,,,,,,
156554,2022-07-18 16:15:00,CORRIENTES,21,1,1,Automóvil,,2002,,,,,,,,
156587,2022-07-24 19:30:00,CORRIENTES,21,0,2,Motocicleta,,,Privado,,,,,,,
156587,2022-07-24 19:30:00,CORRIENTES,21,1,1,Motocicleta,,,,,,,,,,
157727,2022-07-27 9:20:00,CORRIENTES,21,0,2,Camioneta/Utilitario,,2016,Privado,,,,,,,
158344,2022-08-07 10:20:00,CORRIENTES,21,0,1,Automóvil,,2012,Privado,,,,,,,
158344,2022-08-07 10:20:00,CORRIENTES,21,1,1,Automóvil,,2005,Privado,,,,,,,
159885,2022-08-16 7:11:00,CORRIENTES,21,0,1,Bicicleta,,2018,Privado,,,,,,,
159886,2022-08-16 8:14:00,CORRIENTES,21,0,1,Automóvil,,2017,,,,,,,,
159886,2022-08-16 8:14:00,CORRIENTES,21,1,1,Motocicleta,,2020,,,,,,,,
161485,2022-08-26 7:45:00,CORRIENTES,21,0,1,Motocicleta,,2020,Privado,,,,,,,
161485,2022-08-26 7:45:00,CORRIENTES,21,1,1,Motocicleta,,2019,,,,,,,,
161552,2022-09-02 9:10:00,CORRIENTES,21,0,1,Automóvil,,,Privado,,,,,,,
161552,2022-09-02 9:10:00,CORRIENTES,21,1,1,Automóvil,,,Privado,,,,,,,
162767,2022-09-06 14:30:00,CORRIENTES,21,0,1,Automóvil,,2021,Privado,,,,,,,
162767,2022-09-06 14:30:00,CORRIENTES,21,1,1,Motocicleta,,2017,Privado,,,,,,,
162767,2022-09-06 14:30:00,CORRIENTES,21,2,1,Motocicleta,,2013,Privado,,,,,,,
162786,2022-09-11 11:10:00,CORRIENTES,21,0,1,Automóvil,,2008,Privado,,,,,,,
162786,2022-09-11 11:10:00,CORRIENTES,21,1,1,Transporte de pasajeros,,2014,Publico,,,,,,,
162790,2022-09-15 9:40:00,CORRIENTES,21,0,1,Motocicleta,,2020,Privado,,,,,,,
162790,2022-09-15 9:40:00,CORRIENTES,21,1,1,Transporte de carga,,2006,Oficial,Carga,,,,,,
163586,2022-09-18 6:10:00,CORRIENTES,21,0,1,Automóvil,,2014,,,,,,,,
163586,2022-09-18 6:10:00,CORRIENTES,21,1,2,Motocicleta,,2018,Privado,,,,,,,
163588,2022-09-18 6:40:00,CORRIENTES,21,0,1,Automóvil,,2011,,,,,,,,
163588,2022-09-18 6:40:00,CORRIENTES,21,1,1,Motocicleta,,2021,Privado,,,,,,,
163589,2022-09-18 12:00:00,CORRIENTES,21,0,1,Motocicleta,,2010,,,,,,,,
163589,2022-09-18 12:00:00,CORRIENTES,21,1,1,Peatón,,,,,,,,,,
163591,2022-09-18 19:31:00,CORRIENTES,21,0,1,Automóvil,,2007,Privado,,,,,,,
163591,2022-09-18 19:31:00,CORRIENTES,21,1,1,Motocicleta,,2007,Privado,,,,,,,
164585,2022-09-22 11:01:00,CORRIENTES,21,0,1,Automóvil,,2014,Privado,,,,,,,
164585,2022-09-22 11:01:00,CORRIENTES,21,1,1,Motocicleta,,2018,Privado,,,,,,,
164619,2022-09-29 6:32:00,CORRIENTES,21,0,1,Motocicleta,,2014,Privado,,,,,,,
164619,2022-09-29 6:32:00,CORRIENTES,21,1,1,Motocicleta,,2016,Privado,,,,,,,
165293,2022-10-01 8:24:00,CORRIENTES,21,0,1,Motocicleta,,2022,Privado,,,,,,,
165341,2022-10-02 4:30:00,CORRIENTES,21,0,1,Automóvil,,2010,,,,,,,,
165372,2022-09-21 17:27:00,CORRIENTES,21,0,1,Automóvil,,2002,Privado,,,,,,,
165372,2022-09-21 17:27:00,CORRIENTES,21,1,1,Motocicleta,,2021,Privado,,,,,,,
165425,2022-10-10 6:35:00,CORRIENTES,21,0,4,Automóvil,,2015,Privado,,,,,,,
165428,2022-10-10 6:10:00,CORRIENTES,21,0,1,Motocicleta,,2017,,,,,,,,
165428,2022-10-10 6:10:00,CORRIENTES,21,1,1,Motocicleta,,2010,,,,,,,,
166824,2022-10-04 22:10:00,CORRIENTES,21,0,1,Automóvil,,2017,Privado,,,,,,,
166824,2022-10-04 22:10:00,CORRIENTES,21,1,1,Motocicleta,,2017,Privado,,,,,,,
166827,2022-10-11 10:30:00,CORRIENTES,21,0,1,Motocicleta,,2010,Privado,,,,,,,
166827,2022-10-11 10:30:00,CORRIENTES,21,1,1,Automóvil,,2005,,,,,,,,
166829,2022-10-12 10:50:00,CORRIENTES,21,0,1,Automóvil,,2014,Privado,,,,,,,
166829,2022-10-12 10:50:00,CORRIENTES,21,1,1,Otro,,2011,,,,,,,,
166830,2022-10-13 8:31:00,CORRIENTES,21,0,1,Camioneta/Utilitario,,2016,Privado,,,,,,,
166830,2022-10-13 8:31:00,CORRIENTES,21,1,1,Motocicleta,,2021,,,,,,,,
167715,2022-10-16 14:00:00,CORRIENTES,21,0,1,Automóvil,,1969,Privado,,,,,,,
167715,2022-10-16 14:00:00,CORRIENTES,21,1,1,Motocicleta,,2021,Privado,,,,,,,
167749,2022-10-18 18:30:00,CORRIENTES,21,0,1,Automóvil,,2004,Privado,,,,,,,
167749,2022-10-18 18:30:00,CORRIENTES,21,1,1,Motocicleta,,2019,Privado,,,,,,,
169159,2022-10-29 6:30:00,CORRIENTES,21,0,1,Automóvil,,2019,Privado,,,,,,,
169171,2022-10-30 7:55:00,CORRIENTES,21,0,1,Automóvil,,2020,Privado,,,,,,,
169171,2022-10-30 7:55:00,CORRIENTES,21,1,1,Motocicleta,,2022,Privado,,,,,,,
169173,2022-10-30 10:20:00,CORRIENTES,21,0,1,Automóvil,,2010,Privado,,,,,,,
169865,2022-11-05 16:40:00,CORRIENTES,21,0,1,Automóvil,,2010,Privado,,,,,,,
169865,2022-11-05 16:40:00,CORRIENTES,21,1,1,Motocicleta,,2018,,,,,,,,
169868,2022-11-07 18:30:00,CORRIENTES,21,0,1,Automóvil,,2007,Privado,,,,,,,
169868,2022-11-07 18:30:00,CORRIENTES,21,1,1,Automóvil,,2013,Privado,,,,,,,
169871,2022-11-09 11:30:00,CORRIENTES,21,0,1,Automóvil,,2009,Privado,,,,,,,
169871,2022-11-09 11:30:00,CORRIENTES,21,1,1,Camioneta/Utilitario,,2021,Privado,,,,,,,
169890,2022-11-05 13:45:00,CORRIENTES,21,0,1,Automóvil,,2019,Privado,,,,,,,
169890,2022-11-05 13:45:00,CORRIENTES,21,1,1,Motocicleta,,2014,Privado,,,,,,,
169892,2022-11-12 13:30:00,CORRIENTES,21,0,1,Motocicleta,,2009,Privado,,,,,,,
169892,2022-11-12 13:30:00,CORRIENTES,21,1,1,Peatón,,,,,,,,,,
169897,2022-11-14 23:55:00,CORRIENTES,21,0,2,Motocicleta,,2010,Privado,,,,,,,
171741,2022-11-15 12:15:00,CORRIENTES,21,0,1,Automóvil,,2007,Privado,,,,,,,
171741,2022-11-15 12:15:00,CORRIENTES,21,1,1,Motocicleta,,2012,Privado,,,,,,,
171742,2022-11-15 22:15:00,CORRIENTES,21,0,1,Motocicleta,,2012,Privado,,,,,,,
171742,2022-11-15 22:15:00,CORRIENTES,21,1,1,Automóvil,,2003,Privado,,,,,,,
174215,2022-11-22 7:40:00,CORRIENTES,21,0,,Motocicleta,,,,,,,,,,
174215,2022-11-22 7:40:00,CORRIENTES,21,1,,Motocicleta,,,,,,,,,,
174255,2022-11-25 18:00:00,CORRIENTES,21,0,,Automóvil,,,,,,,,,,
174255,2022-11-25 18:00:00,CORRIENTES,21,1,,Motocicleta,,,,,,,,,,
174256,2022-11-26 11:30:00,CORRIENTES,21,0,,Automóvil,,2015,,,,,,,,
174256,2022-11-26 11:30:00,CORRIENTES,21,1,,Motocicleta,,2017,,,,,,,,
174823,2022-11-28 16:20:00,CORRIENTES,21,0,,Automóvil,,2022,,,,,,,,
174823,2022-11-28 16:20:00,CORRIENTES,21,1,,Bicicleta,,,,,,Pedal,,,,
175447,2022-12-01 10:50:00,CORRIENTES,21,0,,Automóvil,,2015,,,,,,,,
175447,2022-12-01 10:50:00,CORRIENTES,21,1,,Motocicleta,,2011,,,,,,,,
175451,2022-12-02 13:10:00,CORRIENTES,21,0,,Automóvil,,,,,,,,,,
175451,2022-12-02 13:10:00,CORRIENTES,21,1,,Bicicleta,,,,,,,,,,
175469,2022-12-07 10:30:00,CORRIENTES,21,0,,Camioneta/Utilitario,,,,,,,,,,
175469,2022-12-07 10:30:00,CORRIENTES,21,1,,Motocicleta,,,,,,,,,,
175473,2022-12-09 8:25:00,CORRIENTES,21,0,,Motocicleta,,2013,,,,,,,,
175473,2022-12-09 8:25:00,CORRIENTES,21,1,,Motocicleta,,2012,,,,,,,,
175473,2022-12-09 8:25:00,CORRIENTES,21,2,,Bicicleta,,,,,,Pedal,,,,
175476,2022-12-11 15:00:00,CORRIENTES,21,0,,Automóvil,,2013,,,,,,,,
175476,2022-12-11 15:00:00,CORRIENTES,21,1,,Motocicleta,,2021,,,,,,,,
175504,2022-12-18 7:40:00,CORRIENTES,21,0,,Automóvil,,,,,,,,,,
176150,2022-12-22 14:34:00,CORRIENTES,21,0,,Motocicleta,,,,,,,,,,
176150,2022-12-22 14:34:00,CORRIENTES,21,1,,Motocicleta,,,,,,,,,,
176154,2022-12-25 13:20:00,CORRIENTES,21,0,,Automóvil,,,,,,,,,,