id_feu,siniestro_fecha,provincia,id_provincia,numero,numero_ocupantes,tipo_involucrado,otro_tipo_involucrado,modelo,ano_vehiculo,uso_vehiculo,tipo_servicio_vehiculo,tipo_vehiculo_de_movilidad_personal,tipo_de_bicicleta,tipo_de_transporte_de_carga,sustancias_peligrosas,tipo_transporte_pasajeros,tipo_traccion_a_sangre
49205,2019-01-06 19:50:00,CORRIENTES,21,0,1,Camioneta/Utilitario,,HILUX 4X4 D/C SRX 2.8 TDI 6 A/T,2009,Publico,,,,,,,
49205,2019-01-06 19:50:00,CORRIENTES,21,1,1,Camioneta/Utilitario,,RANGER2 DC 4X4 LTD MT 3.2L DSL,2008,Publico,,,,,,,
49208,2019-01-12 13:15:00,CORRIENTES,21,0,1,Automóvil,,CORSA,2009,Privado,,,,,,,
49208,2019-01-12 13:15:00,CORRIENTES,21,1,1,Automóvil,,COROLLA,2013,Privado,,,,,,,
49229,2019-01-21 13:17:00,CORRIENTES,21,0,1,Automóvil,,ONIX 1.4 N LTZ,2018,Privado,,,,,,,
49229,2019-01-21 13:17:00,CORRIENTES,21,1,1,Motocicleta,,B110,2013,Privado,,,,,,,
49232,2019-01-21 18:30:00,CORRIENTES,21,0,1,Automóvil,,FIESTA 1.6L FLEET,2016,Privado,,,,,,,
49232,2019-01-21 18:30:00,CORRIENTES,21,1,1,Automóvil,,KA 1.6 XR,2012,Privado,,,,,,,
49237,2019-01-22 11:30:00,CORRIENTES,21,0,1,Motocicleta,,STYLER 250 CRUISER,2018,Privado,,,,,,,
49237,2019-01-22 11:30:00,CORRIENTES,21,1,1,Camioneta/Utilitario,,KANGOO RL GNC PLC IZQ,2006,Privado,,,,,,,
49255,2019-01-31 11:00:00,CORRIENTES,21,0,1,Motocicleta,,NX 650 R,2018,Privado,,,,,,,
49255,2019-01-31 11:00:00,CORRIENTES,21,1,1,Camioneta/Utilitario,,HILUX,2018,Privado,,,,,,,
49256,2019-01-31 10:30:00,CORRIENTES,21,0,1,Automóvil,,DUSTER CONFORT PLUS 1.6 4X2 ABS,2014,Privado,,,,,,,
49256,2019-01-31 10:30:00,CORRIENTES,21,1,1,Camioneta/Utilitario,,SAVEIRO,2012,Oficial,Carga,,,,,,
49258,2019-02-01 8:00:00,CORRIENTES,21,0,1,Automóvil,,CORSA GL 1.6 M.P.F.I.,2018,Privado,,,,,,,
49258,2019-02-01 8:00:00,CORRIENTES,21,1,1,Camioneta/Utilitario,,FRONTIER 4X4  XE 2.8TD(CAB.DOB.),2019,Privado,,,,,,,
49262,2019-02-02 20:40:00,CORRIENTES,21,0,1,Automóvil,,CROSSFOX 1.6,2012,Privado,,,,,,,
49262,2019-02-02 20:40:00,CORRIENTES,21,1,1,Motocicleta,,WAVE,2011,Privado,,,,,,,
49264,2019-02-03 7:00:00,CORRIENTES,21,0,1,Automóvil,,FOX,2014,Privado,,,,,,,
49264,2019-02-03 7:00:00,CORRIENTES,21,1,1,Motocicleta,,CG 150 TITAN,2018,Privado,,,,,,,
49295,2019-02-19 12:20:00,CORRIENTES,21,0,1,Automóvil,,SANDERO AUTHENTIQUE PACK I 1.6,,Privado,,,,,,,
49295,2019-02-19 12:20:00,CORRIENTES,21,1,1,Motocicleta,,WAVE 110,,Privado,,,,,,,
49309,2019-02-22 10:40:00,CORRIENTES,21,0,2,Motocicleta,,BLITZ,2018,Privado,,,,,,,
49309,2019-02-22 10:40:00,CORRIENTES,21,1,1,Automóvil,,DUSTER,2018,Privado,,,,,,,
49320,2019-02-27 7:45:00,CORRIENTES,21,0,1,Automóvil,,PALIO WEEKEND (F4) ADVENTURE 1.6 16V,2012,Privado,,,,,,,
49320,2019-02-27 7:45:00,CORRIENTES,21,1,1,Motocicleta,,WAVE 110,2017,Privado,,,,,,,
49328,2019-03-02 17:30:00,CORRIENTES,21,0,1,Automóvil,,PRISMA,2017,Privado,,,,,,,
49328,2019-03-02 17:30:00,CORRIENTES,21,1,1,Automóvil,,SIENA,2019,Privado,,,,,,,
49338,2019-03-09 7:36:00,CORRIENTES,21,0,1,Motocicleta,,QM 110,2018,Privado,,,,,,,
49342,2019-03-11 19:59:00,CORRIENTES,21,0,2,Automóvil,,SIENA,2011,,,,,,,,
49342,2019-03-11 19:59:00,CORRIENTES,21,1,1,Motocicleta,,STYLER,2017,,,,,,,,
49346,2019-03-11 17:40:00,CORRIENTES,21,0,2,Motocicleta,,T110 CRYPTON,2018,Privado,,,,,,,
49346,2019-03-11 17:40:00,CORRIENTES,21,1,1,Automóvil,,CORSA GL 1.4,2013,Publico,,,,,,,
49359,2019-03-17 4:20:00,CORRIENTES,21,0,1,Motocicleta,,C110,2018,Privado,,,,,,,
49364,2019-03-19 12:30:00,CORRIENTES,21,0,3,Automóvil,,LOGAN,2017,Publico,,,,,,,
49364,2019-03-19 12:30:00,CORRIENTES,21,1,2,Camioneta/Utilitario,,DUSTER PH2 EXPRESSION 1.6,2017,Privado,,,,,,,
49381,2019-03-21 12:10:00,CORRIENTES,21,0,2,Automóvil,,KA,2010,,,,,,,,
49381,2019-03-21 12:10:00,CORRIENTES,21,1,2,Motocicleta,,110 CC,,,,,,,,,
49381,2019-03-21 12:10:00,CORRIENTES,21,2,2,Camioneta/Utilitario,,AMAROK 2.0L TDI 180 CV 4X4 561,2014,Oficial,,,,,,,
49387,2019-03-25 14:40:00,CORRIENTES,21,0,1,Automóvil,,AGILE LTZ 5P 1.4N,2013,Privado,Pax,,,,,,
49387,2019-03-25 14:40:00,CORRIENTES,21,1,1,Motocicleta,,DUKE 200,2012,Privado,,,,,,,
49389,2019-03-25 17:00:00,CORRIENTES,21,0,1,Motocicleta,,WAVE 110,2011,Privado,,,,,,,
49392,2019-03-27 13:08:00,CORRIENTES,21,0,1,Motocicleta,,RX 150,2008,Privado,,,,,,,
49392,2019-03-27 13:08:00,CORRIENTES,21,1,2,Motocicleta,,ZB110D,2018,Privado,,,,,,,
49393,2019-03-27 15:30:00,CORRIENTES,21,0,1,Automóvil,,FIESTA,2008,Privado,,,,,,,
49393,2019-03-27 15:30:00,CORRIENTES,21,1,1,Camioneta/Utilitario,,FIORINO,2014,Privado,,,,,,,
49403,2019-04-01 14:40:00,CORRIENTES,21,0,1,Automóvil,,MEGANE II DCI CONFORT PLUS,2017,Publico,,,,,,,
49403,2019-04-01 14:40:00,CORRIENTES,21,1,1,Motocicleta,,SMASH,2018,Privado,,,,,,,
49408,2019-04-02 10:15:00,CORRIENTES,21,0,2,Motocicleta,,FZR,2018,Privado,,,,,,,
49408,2019-04-02 10:15:00,CORRIENTES,21,1,1,Camioneta/Utilitario,,,2013,,,,,,,,
49409,2019-04-02 10:15:00,CORRIENTES,21,0,2,Motocicleta,,FZR,2018,Privado,,,,,,,
49409,2019-04-02 10:15:00,CORRIENTES,21,1,1,Camioneta/Utilitario,,,2013,,,,,,,,
49416,2019-04-03 9:20:00,CORRIENTES,21,0,1,Motocicleta,,110 CC,2018,Privado,,,,,,,
49416,2019-04-03 9:20:00,CORRIENTES,21,1,1,Motocicleta,,110 C.C.,2018,Privado,,,,,,,
49419,2019-04-05 18:00:00,CORRIENTES,21,0,1,Automóvil,,PALIO,2016,Publico,,,,,,,
49419,2019-04-05 18:00:00,CORRIENTES,21,1,1,Motocicleta,,SMASH,2017,Privado,,,,,,,
49422,2019-04-08 5:40:00,CORRIENTES,21,0,3,Motocicleta,,TORNADO,2018,Privado,,,,,,,
49443,2019-04-04 6:20:00,CORRIENTES,21,0,1,Motocicleta,,SMASH,2018,Privado,,,,,,,
49449,2019-04-13 15:10:00,CORRIENTES,21,0,1,Automóvil,,CLASSIC 4P LT SPIRIT PACK 1.4N,2016,Privado,,,,,,,
49449,2019-04-13 15:10:00,CORRIENTES,21,1,1,Motocicleta,,FZ 16,2012,Privado,,,,,,,
49477,2019-04-24 15:30:00,CORRIENTES,21,0,1,Automóvil,,GOL TREND COMFORTLINE 1.6 MSI,2011,Privado,,,,,,,
49477,2019-04-24 15:30:00,CORRIENTES,21,1,1,Camioneta/Utilitario,,PARTNER,2016,Privado,,,,,,,
49481,2019-04-25 19:35:00,CORRIENTES,21,0,1,Transporte de carga,,R164 GA4X2NA 480,2012,Privado,,,,,,,
49481,2019-04-25 19:35:00,CORRIENTES,21,1,1,Motocicleta,,TRX 90,2011,Privado,,,,,,,
49484,2019-04-27 8:40:00,CORRIENTES,21,0,1,Automóvil,,PRISMA 1.4 N LT,2015,Privado,,,,,,,
49484,2019-04-27 8:40:00,CORRIENTES,21,1,1,Automóvil,,207 COMPACT ACTIVE 1.4 N 5P,2014,Privado,,,,,,,
49494,2019-05-01 11:45:00,CORRIENTES,21,0,2,Motocicleta,,CG 150 TITAN,2018,Privado,,,,,,,
49494,2019-05-01 11:45:00,CORRIENTES,21,1,1,Camioneta/Utilitario,,FIORINO,2018,Privado,Pax,,,,,,
49495,2019-05-01 6:00:00,CORRIENTES,21,0,1,Automóvil,,FOX 1.6 I MOTION,2012,Privado,,,,,,,
49495,2019-05-01 6:00:00,CORRIENTES,21,1,1,Motocicleta,,ZB110,2014,Privado,,,,,,,
49498,2019-05-04 6:00:00,CORRIENTES,21,0,1,Motocicleta,,CBX 1100,2018,Privado,,,,,,,
49508,2019-05-10 1:15:00,CORRIENTES,21,0,1,Automóvil,,FIESTA,2005,Privado,,,,,,,
49508,2019-05-10 1:15:00,CORRIENTES,21,1,1,Motocicleta,,WAVE 110,2011,Privado,,,,,,,
49523,2019-05-14 8:00:00,CORRIENTES,21,0,1,Automóvil,,ONIX,2016,Privado,,,,,,,
49523,2019-05-14 8:00:00,CORRIENTES,21,1,2,Motocicleta,,G 100 TRIP,2008,Privado,,,,,,,
49525,2019-05-14 23:00:00,CORRIENTES,21,0,1,Automóvil,,FOCUS,2016,Privado,Pax,,,,,,
49525,2019-05-14 23:00:00,CORRIENTES,21,1,1,Motocicleta,,YBR 125,2010,,,,,,,,
49544,2019-05-29 9:30:00,CORRIENTES,21,0,1,Motocicleta,,TORNADO,2018,Oficial,,,,,,,
49544,2019-05-29 9:30:00,CORRIENTES,21,1,1,Automóvil,,CLASSIC 4P LT SPIRIT PACK 1.4N,2015,Privado,,,,,,,
49554,2019-06-03 12:10:00,CORRIENTES,21,0,2,Automóvil,,CIVIC,2012,Privado,,,,,,,
49554,2019-06-03 12:10:00,CORRIENTES,21,1,2,Camioneta/Utilitario,,HILUX,2017,Privado,,,,,,,
49560,2019-06-04 15:45:00,CORRIENTES,21,0,2,Automóvil,,PALIO,2016,Privado,,,,,,,
49560,2019-06-04 15:45:00,CORRIENTES,21,1,1,Camioneta/Utilitario,,F 100 DIESEL 4X4,1990,Privado,,,,,,,
49574,2019-06-11 22:10:00,CORRIENTES,21,0,1,Motocicleta,,CG 150 TITAN,2018,Privado,,,,,,,
49574,2019-06-11 22:10:00,CORRIENTES,21,1,1,Motocicleta,,SKUA 150,2012,Privado,,,,,,,
49579,2019-06-12 14:55:00,CORRIENTES,21,0,1,Motocicleta,,XTZ125E,2018,Privado,,,,,,,
49579,2019-06-12 14:55:00,CORRIENTES,21,1,1,Automóvil,,DUSTER,2017,Privado,,,,,,,
49581,2019-06-13 9:15:00,CORRIENTES,21,0,1,Motocicleta,,ZB 110 R,2018,Privado,,,,,,,
49581,2019-06-13 9:15:00,CORRIENTES,21,1,1,Automóvil,,GOL,2014,Privado,,,,,,,
49583,2019-06-13 17:55:00,CORRIENTES,21,0,1,Automóvil,,CELTA,2014,Privado,,,,,,,
49583,2019-06-13 17:55:00,CORRIENTES,21,1,1,Camioneta/Utilitario,,PARTNER 1.9D,2012,Privado,,,,,,,
49602,2019-06-22 11:30:00,CORRIENTES,21,0,1,Automóvil,,CORSA,2018,Publico,,,,,,,
49602,2019-06-22 11:30:00,CORRIENTES,21,1,1,Automóvil,,DUSTER PH2 EXPRESSION 1.6,2018,Privado,,,,,,,
52574,2019-07-07 21:30:00,CORRIENTES,21,0,1,Automóvil,,PARTNER,2000,Privado,,,,,,,
53769,2019-07-19 18:15:00,CORRIENTES,21,0,1,Automóvil,,UNO,2008,Privado,,,,,,,
53769,2019-07-19 18:15:00,CORRIENTES,21,1,2,Automóvil,,FIESTA,2018,,,,,,,,
53769,2019-07-19 18:15:00,CORRIENTES,21,2,1,Automóvil,,208 GTI,2018,Privado,,,,,,,
53679,2019-07-14 6:00:00,CORRIENTES,21,0,1,Automóvil,,207 CC 156 CV,2006,Privado,Pax,,,,,,
53679,2019-07-14 6:00:00,CORRIENTES,21,1,1,Automóvil,,MEGANE 1.9D,2010,Privado,,,,,,,
53865,2019-08-01 22:30:00,CORRIENTES,21,0,1,Automóvil,,SIENA,2018,Privado,,,,,,,
53865,2019-08-01 22:30:00,CORRIENTES,21,1,2,Motocicleta,,YBR,2012,Privado,,,,,,,
53931,2019-08-06 11:38:00,CORRIENTES,21,0,1,Automóvil,,70,2008,Privado,,,,,,,
53931,2019-08-06 11:38:00,CORRIENTES,21,1,1,Camioneta/Utilitario,,ETIOS XLS 1.5 4A/T,2014,Privado,,,,,,,
54113,2019-08-07 8:05:00,CORRIENTES,21,0,1,Automóvil,,ECOSPORT,2014,Privado,,,,,,,
54113,2019-08-07 8:05:00,CORRIENTES,21,1,1,Motocicleta,,ECO,2005,Privado,,,,,,,
54490,2019-08-10 11:30:00,CORRIENTES,21,0,1,Automóvil,,GOL TREND 1.6 SPORTLINE,2014,Privado,,,,,,,
54490,2019-08-10 11:30:00,CORRIENTES,21,1,1,Motocicleta,,125 CC,2008,Privado,,,,,,,
54496,2019-08-10 20:00:00,CORRIENTES,21,0,1,Motocicleta,,110CC,2017,Privado,,,,,,,
54496,2019-08-10 20:00:00,CORRIENTES,21,1,1,Motocicleta,,110CC,2010,Privado,,,,,,,
54497,2019-08-12 13:10:00,CORRIENTES,21,0,1,Automóvil,,CLASSIC 4P LT SPIRIT PACK 1.4N,2008,Privado,,,,,,,
54497,2019-08-12 13:10:00,CORRIENTES,21,1,1,Motocicleta,,YBR,2018,Privado,,,,,,,
54979,2019-08-20 18:10:00,CORRIENTES,21,0,1,Automóvil,,SEDAN,2015,Privado,,,,,,,
54979,2019-08-20 18:10:00,CORRIENTES,21,1,1,Automóvil,,ONIX 1.4 N LTZ,2016,Privado,,,,,,,
55782,2019-08-27 10:40:00,CORRIENTES,21,0,1,Motocicleta,,CG 150 TITAN,2002,Privado,,,,,,,
55782,2019-08-27 10:40:00,CORRIENTES,21,1,1,Automóvil,,1315,2013,Publico,,,,,,,
56125,2019-08-21 15:15:00,CORRIENTES,21,0,1,Motocicleta,,ROUSER RS 200,2018,Privado,,,,,,,
56125,2019-08-21 15:15:00,CORRIENTES,21,1,1,Motocicleta,,BLITZ,2018,Privado,,,,,,,
56615,2019-09-01 7:00:00,CORRIENTES,21,0,1,Automóvil,,208S,2019,Privado,,,,,,,
56615,2019-09-01 7:00:00,CORRIENTES,21,1,,Automóvil,,KA,2010,,,,,,,,
56626,2019-08-31 1:20:00,CORRIENTES,21,0,1,Automóvil,,SPIN,2015,Privado,,,,,,,
56626,2019-08-31 1:20:00,CORRIENTES,21,1,1,Motocicleta,,BIZ 125,2019,Privado,,,,,,,
56773,2019-09-03 10:30:00,CORRIENTES,21,0,1,Automóvil,,UNO,2012,Privado,,,,,,,
56773,2019-09-03 10:30:00,CORRIENTES,21,1,1,Motocicleta,,BLITZ,2018,Privado,,,,,,,
56777,2019-09-03 12:08:00,CORRIENTES,21,0,1,Automóvil,,CORSA CLASSIC WAGON GLS 1.4 N,2013,Privado,,,,,,,
56777,2019-09-03 12:08:00,CORRIENTES,21,1,1,Motocicleta,,110 C.C.,2019,Privado,,,,,,,
57094,2019-09-09 8:50:00,CORRIENTES,21,0,1,Automóvil,,ETIOS XLS 1.5 4A/T,2018,Privado,,,,,,,
57094,2019-09-09 8:50:00,CORRIENTES,21,1,1,Motocicleta,,MIRAGE 110,2007,Privado,,,,,,,
58305,2019-09-11 22:40:00,CORRIENTES,21,0,1,Automóvil,,AMAROK 2.0L TDI 180 CV 4X4 561,2019,Privado,,,,,,,
58305,2019-09-11 22:40:00,CORRIENTES,21,1,1,Camioneta/Utilitario,,KA,2012,Privado,,,,,,,
58475,2019-09-13 8:05:00,CORRIENTES,21,0,1,Transporte de carga,,BMO 390 VERSION 1621 L/59 C.A.,2005,Privado,,,,,,,
58475,2019-09-13 8:05:00,CORRIENTES,21,1,1,Automóvil,,SHADOW,2007,,,,,,,,
61386,2019-10-08 8:45:00,CORRIENTES,21,0,1,Automóvil,,GOL 1.6 012,2010,Privado,,,,,,,
61386,2019-10-08 8:45:00,CORRIENTES,21,1,1,Automóvil,,AMAROK 2.0L TDI 180 CV 4X4 561,2018,Privado,,,,,,,
62286,2019-10-04 17:45:00,CORRIENTES,21,0,1,Automóvil,,FIESTA 1.6L TITANIUM,2018,Privado,,,,,,,
62286,2019-10-04 17:45:00,CORRIENTES,21,1,1,Automóvil,,PALIO,2013,Privado,,,,,,,
62850,2019-10-10 5:50:00,CORRIENTES,21,0,1,Automóvil,,GLA 250 4MATIC,2015,,,,,,,,
62869,2019-10-15 8:10:00,CORRIENTES,21,0,1,Motocicleta,,WAVE 110,2019,Privado,,,,,,,
62884,2019-10-16 15:15:00,CORRIENTES,21,0,1,Transporte de carga,,C60,1973,Privado,Carga,,,,,,
62884,2019-10-16 15:15:00,CORRIENTES,21,1,1,Motocicleta,,110 C.C.,2019,Privado,,,,,,,
62906,2019-10-25 16:03:00,CORRIENTES,21,0,2,Motocicleta,,STYLER,2018,Privado,,,,,,,
62906,2019-10-25 16:03:00,CORRIENTES,21,1,1,Automóvil,,RS7 SPORTBACK 4.0 TFSI QUATTRO,2013,Privado,,,,,,,
64843,2019-11-04 10:45:00,CORRIENTES,21,0,1,Camioneta/Utilitario,,HILUX 4X2 CABINA SIMPLE DX 2.7 VVT-I,2011,Privado,,,,,,,
64843,2019-11-04 10:45:00,CORRIENTES,21,1,1,Bicicleta,,10,2018,Privado,,,,,,,
64845,2019-11-10 11:10:00,CORRIENTES,21,0,1,Motocicleta,,110CC,2006,Privado,,,,,,,
64872,2019-11-12 8:00:00,CORRIENTES,21,0,1,Automóvil,,206 PREMIUM,2007,Privado,,,,,,,
64872,2019-11-12 8:00:00,CORRIENTES,21,1,1,Otro,,CHEVROLET TRACKER FWD LTZ,2017,Privado,,,,,,,
65541,2019-11-19 15:00:00,CORRIENTES,21,0,2,Automóvil,,COROLLA,2013,Privado,,,,,,,
65541,2019-11-19 15:00:00,CORRIENTES,21,1,1,Camioneta/Utilitario,,HILUX,2011,Privado,,,,,,,
67479,2019-11-22 20:00:00,CORRIENTES,21,0,1,Automóvil,,SANDERO 1.6 16V LUXE,2018,Privado,,,,,,,
67479,2019-11-22 20:00:00,CORRIENTES,21,1,1,Motocicleta,,FX 90 SERIES,2019,Privado,,,,,,,
67484,2019-11-27 11:40:00,CORRIENTES,21,0,1,Automóvil,,POLO 1.9 SD 302,2019,Privado,,,,,,,
67484,2019-11-27 11:40:00,CORRIENTES,21,1,1,Motocicleta,,BIZ 125,2016,Privado,,,,,,,
67508,2019-12-01 8:00:00,CORRIENTES,21,0,1,Motocicleta,,110 CC,2007,Privado,,,,,,,
67515,2019-12-04 8:15:00,CORRIENTES,21,0,1,Motocicleta,,CG 150 TITAN,2011,Privado,,,,,,,
67515,2019-12-04 8:15:00,CORRIENTES,21,1,1,Automóvil,,323 F (BC9B LBJ) GLX,2010,Privado,,,,,,,
67698,2019-12-04 9:00:00,CORRIENTES,21,0,1,Motocicleta,,TORNADO,2015,Privado,,,,,,,
67707,2019-12-09 6:50:00,CORRIENTES,21,0,1,Motocicleta,,YBR,2019,Privado,,,,,,,
67707,2019-12-09 6:50:00,CORRIENTES,21,1,1,Motocicleta,,WAVE 110,2010,Privado,,,,,,,
68433,2019-12-09 13:00:00,CORRIENTES,21,0,0,Automóvil,,AVEO,,Privado,,,,,,,
68433,2019-12-09 13:00:00,CORRIENTES,21,1,1,Automóvil,,SANDERO,,,,,,,,,
68738,2019-12-03 2:30:00,CORRIENTES,21,0,1,Automóvil,,TRACKER,0,Privado,,,,,,,
68738,2019-12-03 2:30:00,CORRIENTES,21,1,1,Bicicleta,,,0,,,,,,,,
68794,2019-12-16 10:00:00,CORRIENTES,21,0,1,Motocicleta,,CG 150,,Privado,,,,,,,
68838,2019-12-13 12:45:00,CORRIENTES,21,0,1,Automóvil,,M,,,,,,,,,
68838,2019-12-13 12:45:00,CORRIENTES,21,1,1,Motocicleta,,CG 150 TITAN,,,,,,,,,
68839,2019-12-31 2:20:00,CORRIENTES,21,0,1,Automóvil,,CORSA,,Privado,,,,,,,
68839,2019-12-31 2:20:00,CORRIENTES,21,1,1,Automóvil,,PRISMA,,Privado,,,,,,,
68846,2019-12-12 7:50:00,CORRIENTES,21,0,1,Automóvil,,PALIO,,,,,,,,,
68846,2019-12-12 7:50:00,CORRIENTES,21,1,1,Automóvil,,CORSA,,,,,,,,,
68846,2019-12-12 7:50:00,CORRIENTES,21,2,1,Automóvil,,CORSA,,Privado,,,,,,,
68871,2019-12-26 22:30:00,CORRIENTES,21,0,1,Motocicleta,,STORM,,,,,,,,,
49210,2019-01-12 11:30:00,CORRIENTES,21,0,1,Motocicleta,,ZB 110 R,2017,Privado,,,,,,,
49210,2019-01-12 11:30:00,CORRIENTES,21,1,1,Bicicleta,,CROSSBLADE,2010,Privado,,,,,,,
49211,2019-01-13 6:00:00,CORRIENTES,21,0,1,Motocicleta,,STREAM,2013,Privado,,,,,,,
49213,2019-01-11 0:30:00,CORRIENTES,21,0,1,Camioneta/Utilitario,,S 10 EFI,2015,,,,,,,,
49213,2019-01-11 0:30:00,CORRIENTES,21,1,1,Motocicleta,,ZANELLA,2018,Privado,,,,,,,
49224,2019-01-19 8:24:00,CORRIENTES,21,0,1,Automóvil,,AGILE,2014,Privado,,,,,,,
49224,2019-01-19 8:24:00,CORRIENTES,21,1,1,Automóvil,,DUNA,2002,Privado,,,,,,,
49227,2019-01-21 13:15:00,CORRIENTES,21,0,1,Automóvil,,SURAN 1.6L 5D 618,2017,Privado,,,,,,,
49227,2019-01-21 13:15:00,CORRIENTES,21,1,1,Motocicleta,,HOT,2018,Privado,,,,,,,
49231,2019-01-21 15:00:00,CORRIENTES,21,0,1,Automóvil,,GOL,2006,Privado,,,,,,,
49231,2019-01-21 15:00:00,CORRIENTES,21,1,1,Motocicleta,,SOL 70,2005,,,,,,,,
49231,2019-01-21 15:00:00,CORRIENTES,21,2,1,Automóvil,,ONIX JOY 5P 1.4 N LS MT +,2018,Publico,Pax,,,,,,
49248,2019-01-28 13:30:00,CORRIENTES,21,0,1,Motocicleta,,DUCATO 15  2..8D,2018,Privado,,,,,,,
49248,2019-01-28 13:30:00,CORRIENTES,21,1,1,Camioneta/Utilitario,,ZB110D,2018,Privado,,,,,,,
49250,2019-01-29 12:45:00,CORRIENTES,21,0,1,Automóvil,,GOL TREND COMFORTLINE 1.6 MSI,2016,Privado,,,,,,,
49250,2019-01-29 12:45:00,CORRIENTES,21,1,1,Motocicleta,,WAVE 110,2018,Privado,,,,,,,
49252,2019-01-31 7:00:00,CORRIENTES,21,0,1,Automóvil,,IDEA ATTRACTIVE 1.4 8V,2013,Privado,,,,,,,
49252,2019-01-31 7:00:00,CORRIENTES,21,1,1,Motocicleta,,CG150,2018,Privado,,,,,,,
49268,2019-02-04 18:27:00,CORRIENTES,21,0,1,Automóvil,,DAILY 50.13 FURGON VIDRIADO 3950,2003,Privado,,,,,,,
49268,2019-02-04 18:27:00,CORRIENTES,21,1,1,Automóvil,,ETIOS XLS 1.5 4A/T,2018,Privado,,,,,,,
49268,2019-02-04 18:27:00,CORRIENTES,21,2,1,Automóvil,,HILUX 4X4 D/C SRX 2.8 TDI 6 A/T,2010,Privado,,,,,,,
49307,2019-02-21 16:45:00,CORRIENTES,21,0,2,Motocicleta,,BIZ 125,2012,Privado,,,,,,,
49311,2019-02-23 21:20:00,CORRIENTES,21,0,1,Motocicleta,,110,2011,Privado,,,,,,,
49322,2019-02-28 1:45:00,CORRIENTES,21,0,1,Automóvil,,CORSA CLASSIC WAGON GLS 1.4 N,2007,Privado,,,,,,,
49322,2019-02-28 1:45:00,CORRIENTES,21,1,1,Motocicleta,,ZB 110 R,2018,Privado,,,,,,,
49325,2019-03-02 0:20:00,CORRIENTES,21,0,1,Automóvil,,CORSA,2009,Privado,,,,,,,
49325,2019-03-02 0:20:00,CORRIENTES,21,1,1,Motocicleta,,SKUA 150,2017,Privado,,,,,,,
49335,2019-03-07 9:30:00,CORRIENTES,21,0,1,Automóvil,,F 250/TD/XL,1988,Privado,,,,,,,
49335,2019-03-07 9:30:00,CORRIENTES,21,1,1,Automóvil,,SENTRA SR CVT PURE DRIVE,1989,Privado,,,,,,,
49336,2019-03-08 13:45:00,CORRIENTES,21,0,1,Automóvil,,GOL 1.6 012,2018,Privado,,,,,,,
49336,2019-03-08 13:45:00,CORRIENTES,21,1,1,Motocicleta,,ZB 110 R,2011,Privado,,,,,,,
49345,2019-03-11 17:00:00,CORRIENTES,21,0,1,Automóvil,,GOL TREND 1.6 SPORTLINE,2015,Privado,,,,,,,
49345,2019-03-11 17:00:00,CORRIENTES,21,1,1,Automóvil,,AP 827 1.6CFI,2019,Privado,,,,,,,
49345,2019-03-11 17:00:00,CORRIENTES,21,2,1,Automóvil,,BLAZER S10,2016,Privado,,,,,,,
49348,2019-03-13 1:30:00,CORRIENTES,21,0,1,Automóvil,,GOL,2013,Privado,,,,,,,
49348,2019-03-13 1:30:00,CORRIENTES,21,1,1,Automóvil,,FUN,2009,,,,,,,,
49358,2019-03-17 2:35:00,CORRIENTES,21,0,1,Motocicleta,,CG 150 TITAN,2011,Privado,,,,,,,
49358,2019-03-17 2:35:00,CORRIENTES,21,1,1,Automóvil,,GOL,2017,,,,,,,,
49369,2019-03-17 23:30:00,CORRIENTES,21,0,1,Motocicleta,,110 CC,2019,Privado,,,,,,,
49379,2019-03-23 22:36:00,CORRIENTES,21,0,1,Motocicleta,,BLITZ,2010,Privado,,,,,,,
49383,2019-03-24 17:50:00,CORRIENTES,21,0,1,Automóvil,,BORA,2010,Privado,,,,,,,
49383,2019-03-24 17:50:00,CORRIENTES,21,1,2,Motocicleta,,ZB110D,2018,Privado,,,,,,,
49390,2019-03-27 11:10:00,CORRIENTES,21,0,1,Automóvil,,307,2010,Privado,,,,,,,
49390,2019-03-27 11:10:00,CORRIENTES,21,1,1,Motocicleta,,YBR,2009,Privado,,,,,,,
49391,2019-03-27 9:35:00,CORRIENTES,21,0,1,Automóvil,,,,Privado,,,,,,,
49391,2019-03-27 9:35:00,CORRIENTES,21,1,1,Motocicleta,,BIZ 125,2012,Privado,,,,,,,
49399,2019-03-29 7:30:00,CORRIENTES,21,0,1,Motocicleta,,110 CC,2010,,,,,,,,
49399,2019-03-29 7:30:00,CORRIENTES,21,1,1,Motocicleta,,150 CC,2012,Privado,,,,,,,
49410,2019-04-02 10:15:00,CORRIENTES,21,0,2,Motocicleta,,FZR,2018,Privado,,,,,,,
49410,2019-04-02 10:15:00,CORRIENTES,21,1,1,Camioneta/Utilitario,,,2013,,,,,,,,
49414,2019-04-01 21:10:00,CORRIENTES,21,0,1,Bicicleta,,80 CC,,,,,,,,,
49414,2019-04-01 21:10:00,CORRIENTES,21,1,1,Camioneta/Utilitario,,RANGER2 DC 4X4 LTD MT 3.2L DSL,2017,Privado,,,,,,,
49417,2019-04-03 15:20:00,CORRIENTES,21,0,1,Motocicleta,,BIZ 125,2010,Privado,,,,,,,
49427,2019-04-09 6:40:00,CORRIENTES,21,0,1,Motocicleta,,WAVE,2013,Privado,Pax,,,,,,
49427,2019-04-09 6:40:00,CORRIENTES,21,1,1,Automóvil,,LOGAN PH2 PACK 1.6 8V,2010,Privado,,,,,,,
49459,2019-04-17 8:40:00,CORRIENTES,21,0,1,Automóvil,,DUSTER PH2 EXPRESSION 1.6,2018,Privado,,,,,,,
49459,2019-04-17 8:40:00,CORRIENTES,21,1,1,Transporte de carga,,CURSOR 9,2012,Privado,,,,,,,
49460,2019-04-17 16:30:00,CORRIENTES,21,0,1,Motocicleta,,HOT 90 SWEET SERIES,2019,Privado,,,,,,,
49467,2019-04-19 17:10:00,CORRIENTES,21,0,1,Motocicleta,,150CC,2018,Privado,,,,,,,
49467,2019-04-19 17:10:00,CORRIENTES,21,1,1,Automóvil,,STRADA,2010,Privado,,,,,,,
49482,2019-04-25 23:20:00,CORRIENTES,21,0,1,Automóvil,,ECOSPORT,2019,Privado,,,,,,,
49482,2019-04-25 23:20:00,CORRIENTES,21,1,1,Motocicleta,,ZB110D,2018,Privado,,,,,,,
49488,2019-04-28 15:10:00,CORRIENTES,21,0,3,Motocicleta,,110 C.C.,2018,Privado,,,,,,,
49488,2019-04-28 15:10:00,CORRIENTES,21,1,1,Automóvil,,12,2010,Privado,,,,,,,
49490,2019-04-29 18:50:00,CORRIENTES,21,0,1,Automóvil,,CORSA,2010,Privado,,,,,,,
49490,2019-04-29 18:50:00,CORRIENTES,21,1,1,Motocicleta,,BLITZ,2019,Privado,,,,,,,
49497,2019-05-02 12:40:00,CORRIENTES,21,0,1,Motocicleta,,G 110 TRIP,2007,Privado,,,,,,,
49531,2019-05-20 14:40:00,CORRIENTES,21,0,1,Motocicleta,,ZB110D,2008,Privado,,,,,,,
49531,2019-05-20 14:40:00,CORRIENTES,21,1,1,Motocicleta,,ZB110D,2019,Privado,,,,,,,
49531,2019-05-20 14:40:00,CORRIENTES,21,2,2,Automóvil,,LOGAN 1.6 8V PACK,2017,Privado,,,,,,,
49532,2019-05-21 7:10:00,CORRIENTES,21,0,1,Motocicleta,,ZB 110 R,2018,Privado,,,,,,,
49535,2019-05-22 12:10:00,CORRIENTES,21,0,1,Transporte de pasajeros,,1315,2009,Publico,,,,,,,
49535,2019-05-22 12:10:00,CORRIENTES,21,1,1,Automóvil,,MERIVA GLS 1.8,2007,Privado,Pax,,,,,,
49551,2019-06-03 16:25:00,CORRIENTES,21,0,1,Motocicleta,,DAX 70,2012,Privado,,,,,,,
49551,2019-06-03 16:25:00,CORRIENTES,21,1,1,Automóvil,,ECOSPORT 2.0L XLS 4X2,2009,Privado,,,,,,,
49552,2019-06-03 19:30:00,CORRIENTES,21,0,1,Automóvil,,PARTNER,2014,Privado,,,,,,,
49552,2019-06-03 19:30:00,CORRIENTES,21,1,1,Motocicleta,,XR 125 L,2014,Privado,,,,,,,
49553,2019-05-17 9:50:00,CORRIENTES,21,0,2,Motocicleta,,CITIPLUS 110 T,2010,Privado,,,,,,,
49553,2019-05-17 9:50:00,CORRIENTES,21,1,1,Camioneta/Utilitario,,AMAROK 2.0L TDI 180 CV 4X2 569,2014,Privado,,,,,,,
49568,2019-06-07 17:00:00,CORRIENTES,21,0,1,Automóvil,,KA,2018,Privado,,,,,,,
49568,2019-06-07 17:00:00,CORRIENTES,21,1,1,Automóvil,,FIRE,2010,Privado,,,,,,,
49578,2019-06-12 12:30:00,CORRIENTES,21,0,1,Motocicleta,,FZ,2010,Privado,,,,,,,
49578,2019-06-12 12:30:00,CORRIENTES,21,1,1,Automóvil,,GOL 1.6 012,2010,Privado,,,,,,,
49586,2019-06-14 7:40:00,CORRIENTES,21,0,1,Automóvil,,GOL,2018,Privado,,,,,,,
49586,2019-06-14 7:40:00,CORRIENTES,21,1,1,Automóvil,,GOL,2018,Privado,Pax,,,,,,
49609,2019-06-29 7:00:00,CORRIENTES,21,0,1,Automóvil,,SPRINTER 310 D / C3550,2012,Privado,,,,,,,
49609,2019-06-29 7:00:00,CORRIENTES,21,1,1,Motocicleta,,ZB110D,2016,Privado,,,,,,,
52268,2019-07-02 19:45:00,CORRIENTES,21,0,1,Automóvil,,NOTE,2013,Privado,,,,,,,
52268,2019-07-02 19:45:00,CORRIENTES,21,1,1,Motocicleta,,ZB110D,2019,Privado,,,,,,,
52271,2019-07-03 12:44:00,CORRIENTES,21,0,1,Motocicleta,,BAJAJ,2017,Privado,,,,,,,
52272,2019-07-03 13:00:00,CORRIENTES,21,0,1,Motocicleta,,G 100 TRIP,2012,Privado,,,,,,,
53206,2019-07-08 20:15:00,CORRIENTES,21,0,1,Automóvil,,KA,2004,Privado,,,,,,,
53206,2019-07-08 20:15:00,CORRIENTES,21,1,1,Motocicleta,,ROUSER NS 150,2018,Privado,,,,,,,
53724,2019-07-17 9:00:00,CORRIENTES,21,0,1,Motocicleta,,G 110 TRIP,2018,Privado,,,,,,,
53724,2019-07-17 9:00:00,CORRIENTES,21,1,1,Peatón,,,,,,,,,,,
53745,2019-07-21 10:30:00,CORRIENTES,21,0,1,Automóvil,,207 RC,2018,,,,,,,,
53745,2019-07-21 10:30:00,CORRIENTES,21,1,1,Automóvil,,ONIX,2017,Privado,,,,,,,
53745,2019-07-21 10:30:00,CORRIENTES,21,2,1,Automóvil,,CLASSIC 4P LT SPIRIT PACK 1.4N,2015,Publico,,,,,,,
53853,2019-07-26 8:26:00,CORRIENTES,21,0,1,Camioneta/Utilitario,,RANGER2 DC 4X4 LTD MT 3.2L DSL,2019,Privado,,,,,,,
53853,2019-07-26 8:26:00,CORRIENTES,21,1,1,Motocicleta,,110CC,2018,Privado,,,,,,,
53864,2019-08-01 8:45:00,CORRIENTES,21,0,1,Automóvil,,ESCORT GHIA 5P D,2012,Privado,,,,,,,
53864,2019-08-01 8:45:00,CORRIENTES,21,1,2,Automóvil,,HILUX 4X4 COVER DX PACK 2.5 TDI CON VENTANAS,2018,Privado,,,,,,,
53873,2019-08-04 11:15:00,CORRIENTES,21,0,1,Automóvil,,SAVEIRO,2014,Privado,,,,,,,
53873,2019-08-04 11:15:00,CORRIENTES,21,1,1,Motocicleta,,ZB 110 R,2019,Privado,,,,,,,
53877,2019-08-05 9:15:00,CORRIENTES,21,0,1,Automóvil,,FIESTA,2014,Privado,,,,,,,
53877,2019-08-05 9:15:00,CORRIENTES,21,1,1,Transporte de pasajeros,,PALIO,2015,Publico,,,,,,,
54633,2019-08-14 8:05:00,CORRIENTES,21,0,1,Motocicleta,,SKUA 150,2018,Privado,,,,,,,
54633,2019-08-14 8:05:00,CORRIENTES,21,1,1,Automóvil,,KA,2000,Privado,,,,,,,
54768,2019-08-14 14:00:00,CORRIENTES,21,0,1,Motocicleta,,HOT 90 G2,2011,Privado,,,,,,,
54768,2019-08-14 14:00:00,CORRIENTES,21,1,3,Automóvil,,FOX,2010,Privado,,,,,,,
54970,2019-08-16 12:10:00,CORRIENTES,21,0,2,Motocicleta,,SKUA 150,2011,Privado,,,,,,,
54970,2019-08-16 12:10:00,CORRIENTES,21,1,,Automóvil,,,,,,,,,,,
55224,2019-08-21 18:00:00,CORRIENTES,21,0,1,Automóvil,,SIENA,2012,Privado,,,,,,,
55224,2019-08-21 18:00:00,CORRIENTES,21,1,1,Motocicleta,,CG 150,2013,Privado,,,,,,,
55767,2019-08-27 19:15:00,CORRIENTES,21,0,1,Automóvil,,PALIO,2016,Privado,,,,,,,
55767,2019-08-27 19:15:00,CORRIENTES,21,1,1,Motocicleta,,YBR 125,2009,Privado,,,,,,,
56168,2019-08-28 8:10:00,CORRIENTES,21,0,1,Motocicleta,,WAVE 110,2002,Privado,,,,,,,
56168,2019-08-28 8:10:00,CORRIENTES,21,1,1,Automóvil,,SURAN,2014,Privado,,,,,,,
56317,2019-08-29 14:30:00,CORRIENTES,21,0,1,Automóvil,,HILUX,2002,Publico,,,,,,,
56317,2019-08-29 14:30:00,CORRIENTES,21,1,1,Motocicleta,,FZR,2018,Privado,,,,,,,
56438,2019-08-30 0:15:00,CORRIENTES,21,0,1,Automóvil,,ETIOS XLS 1.5 4A/T,2018,Privado,,,,,,,
56438,2019-08-30 0:15:00,CORRIENTES,21,1,1,Motocicleta,,CR-V,2019,Privado,,,,,,,
56519,2019-08-30 18:28:00,CORRIENTES,21,0,1,Motocicleta,,SMASH,2019,Privado,,,,,,,
56519,2019-08-30 18:28:00,CORRIENTES,21,1,1,Motocicleta,,SMASH,2018,Privado,,,,,,,
56640,2019-09-02 10:00:00,CORRIENTES,21,0,1,Automóvil,,YBR 125,2009,Privado,,,,,,,
56640,2019-09-02 10:00:00,CORRIENTES,21,1,1,Peatón,,,,,,,,,,,
56772,2019-09-03 6:50:00,CORRIENTES,21,0,1,Motocicleta,,CBR,2012,Privado,,,,,,,
56844,2019-09-08 12:03:00,CORRIENTES,21,0,1,Automóvil,,SURAN,2011,Privado,,,,,,,
56844,2019-09-08 12:03:00,CORRIENTES,21,1,1,Camioneta/Utilitario,,HILUX,2005,Privado,,,,,,,
60696,2019-10-11 22:30:00,CORRIENTES,21,0,1,Motocicleta,,G 100 TRIP,2018,Privado,,,,,,,
60696,2019-10-11 22:30:00,CORRIENTES,21,1,1,Automóvil,,VOYAGE 1.6 MSI,2012,,,,,,,,
62878,2019-10-16 10:10:00,CORRIENTES,21,0,1,Motocicleta,,YBR 125,2010,Privado,,,,,,,
62878,2019-10-16 10:10:00,CORRIENTES,21,1,5,Camioneta/Utilitario,,SAVEIRO CL 1.6MI,2015,,,,,,,,
62896,2019-10-21 18:20:00,CORRIENTES,21,0,1,Motocicleta,,CITIPLUS 110 T,2018,Privado,,,,,,,
62896,2019-10-21 18:20:00,CORRIENTES,21,1,1,Motocicleta,,ZB110D,2017,Privado,,,,,,,
62899,2019-10-21 11:00:00,CORRIENTES,21,0,2,Automóvil,,G 110 TRIP,2018,Privado,,,,,,,
62899,2019-10-21 11:00:00,CORRIENTES,21,1,1,Camioneta/Utilitario,,STRADA,2017,Privado,,,,,,,
62912,2019-10-30 17:10:00,CORRIENTES,21,0,1,Motocicleta,,WR 250 FD,2014,Privado,,,,,,,
62912,2019-10-30 17:10:00,CORRIENTES,21,1,1,Peatón,,,,,,,,,,,
62918,2019-10-31 18:45:00,CORRIENTES,21,0,1,Automóvil,,CLIO 1.6 AUTHENTIQUE AA,2017,Privado,,,,,,,
62918,2019-10-31 18:45:00,CORRIENTES,21,1,1,Automóvil,,CORSA,2014,Publico,Pax,,,,,,
62918,2019-10-31 18:45:00,CORRIENTES,21,2,1,Automóvil,,LOGAN PH2 PACK 1.5 DCI,2011,Privado,,,,,,,
64183,2019-11-04 13:00:00,CORRIENTES,21,0,2,Motocicleta,,FZ 16,2014,Privado,,,,,,,
64183,2019-11-04 13:00:00,CORRIENTES,21,1,2,Motocicleta,,GN110 KEOKEN,2013,Privado,Pax,,,,,,
64875,2019-11-14 23:30:00,CORRIENTES,21,0,1,Automóvil,,TRACKER DELUXE 2.0 L,2018,Privado,,,,,,,
64875,2019-11-14 23:30:00,CORRIENTES,21,1,1,Motocicleta,,G 110,2005,Privado,,,,,,,
64878,2019-11-17 9:00:00,CORRIENTES,21,0,1,Automóvil,,COROLLA,2005,,,,,,,,
64878,2019-11-17 9:00:00,CORRIENTES,21,1,1,Camioneta/Utilitario,,AMAROK 2.0L TDI 180 CV 4X4 561,2018,Privado,,,,,,,
64882,2019-11-18 10:30:00,CORRIENTES,21,0,1,Motocicleta,,110CC,2019,Privado,,,,,,,
64884,2019-11-18 10:45:00,CORRIENTES,21,0,-1,Automóvil,,CLASSIC 4P LT SPIRIT PACK 1.4N,2019,Privado,,,,,,,
64884,2019-11-18 10:45:00,CORRIENTES,21,1,1,Automóvil,,PRISMA 1.4 N LT,2018,Privado,,,,,,,
67477,2019-11-22 6:10:00,CORRIENTES,21,0,1,Automóvil,,FLUENCE PH2 1.6 DYNAMIQUE PACK,2013,Privado,,,,,,,
67477,2019-11-22 6:10:00,CORRIENTES,21,1,1,Automóvil,,ONIX 1.4 N LTZ,2015,Privado,,,,,,,
67510,2019-12-02 9:10:00,CORRIENTES,21,0,1,Automóvil,,PARTNER FURGON 1.4 N,2010,Privado,,,,,,,
67510,2019-12-02 9:10:00,CORRIENTES,21,1,1,Motocicleta,,GN110 KEOKEN,2009,Privado,,,,,,,
67511,2019-12-02 13:30:00,CORRIENTES,21,0,1,Automóvil,,KANGOO RL GNC PLC IZQ,2019,Privado,,,,,,,
67511,2019-12-02 13:30:00,CORRIENTES,21,1,1,Motocicleta,,WAVE 110,2019,Privado,,,,,,,
67512,2019-12-03 0:48:00,CORRIENTES,21,0,1,Automóvil,,ONIX 1.4 N LTZ,2010,Privado,,,,,,,
67512,2019-12-03 0:48:00,CORRIENTES,21,1,1,Automóvil,,FIESTA,2005,Privado,,,,,,,
67697,2019-12-04 8:40:00,CORRIENTES,21,0,2,Automóvil,,KA,2016,Privado,,,,,,,
67697,2019-12-04 8:40:00,CORRIENTES,21,1,1,Motocicleta,,SMASH,2017,Privado,,,,,,,
67701,2019-12-05 12:45:00,CORRIENTES,21,0,1,Automóvil,,AMAROK 2.0L TDI 180 CV 4X4 561,2018,Privado,,,,,,,
67701,2019-12-05 12:45:00,CORRIENTES,21,1,1,Motocicleta,,ZB110D,2014,Privado,,,,,,,
68440,2019-12-10 9:00:00,CORRIENTES,21,0,1,Automóvil,,ASTRA,,Privado,,,,,,,
68440,2019-12-10 9:00:00,CORRIENTES,21,1,1,Motocicleta,,110,,Privado,,,,,,,
68783,2019-12-18 15:30:00,CORRIENTES,21,0,1,Motocicleta,,ROUSER NS 150,,,,,,,,,
68783,2019-12-18 15:30:00,CORRIENTES,21,1,1,Motocicleta,,ZB110D,,,,,,,,,
68787,2019-12-17 19:30:00,CORRIENTES,21,0,1,Automóvil,,,,Privado,,,,,,,
68787,2019-12-17 19:30:00,CORRIENTES,21,1,1,Bicicleta,,,,,,,,,,,
68821,2019-12-16 18:30:00,CORRIENTES,21,0,1,Automóvil,,,,,,,,,,,
68821,2019-12-16 18:30:00,CORRIENTES,21,1,1,Motocicleta,,ENERGY 110 BY CORVEN,,,,,,,,,
68852,2019-12-30 18:01:00,CORRIENTES,21,0,1,Automóvil,,SAVEIRO,,Privado,,,,,,,
68852,2019-12-30 18:01:00,CORRIENTES,21,1,1,Motocicleta,,WAVE,,Privado,,,,,,,
68872,2019-12-27 1:30:00,CORRIENTES,21,0,1,Automóvil,,PARTNER,,Privado,,,,,,,
68872,2019-12-27 1:30:00,CORRIENTES,21,1,1,Motocicleta,,BIZ 125,,Privado,,,,,,,
72343,2019-12-30 14:30:00,CORRIENTES,21,0,1,Automóvil,,208 ACTIVE 1.6,,,,,,,,,
72343,2019-12-30 14:30:00,CORRIENTES,21,1,2,Motocicleta,,110,,,,,,,,,
72343,2019-12-30 14:30:00,CORRIENTES,21,2,1,Motocicleta,,WAVE,,,,,,,,,
49311,2019-02-23 21:20:00,CORRIENTES,21,1,1,Peatón,,,,,,,,,,,
49206,2019-01-11 8:52:00,CORRIENTES,21,0,1,Motocicleta,,ZB110D,2018,Privado,,,,,,,
49206,2019-01-11 8:52:00,CORRIENTES,21,1,1,Motocicleta,,ZB110D,2011,Privado,,,,,,,
49221,2019-01-17 12:30:00,CORRIENTES,21,0,1,Automóvil,,HILUX 4X4 D/C SRX 2.8 TDI 6 A/T,2013,Privado,,,,,,,
49221,2019-01-17 12:30:00,CORRIENTES,21,1,1,Motocicleta,,ZR 150,2015,Privado,,,,,,,
49226,2019-01-20 22:23:00,CORRIENTES,21,0,1,Camioneta/Utilitario,,PARTNER URBANA D AA,2010,Privado,,,,,,,
49226,2019-01-20 22:23:00,CORRIENTES,21,1,1,Motocicleta,,XR 250 LLP,2009,,,,,,,,
49233,2019-01-21 18:45:00,CORRIENTES,21,0,1,Motocicleta,,TNT300,2018,,,,,,,,
49233,2019-01-21 18:45:00,CORRIENTES,21,1,1,Motocicleta,,NF 100 WAVE SD,2018,Privado,,,,,,,
49234,2019-01-20 17:20:00,CORRIENTES,21,0,1,Motocicleta,,HUNTER 150,2018,Privado,,,,,,,
49239,2019-01-22 17:30:00,CORRIENTES,21,0,1,Automóvil,,SANDERO AUTHENTIQUE PACK I 1.6,2018,,,,,,,,
49239,2019-01-22 17:30:00,CORRIENTES,21,1,1,Motocicleta,,110CC,2018,,,,,,,,
49265,2019-02-03 19:00:00,CORRIENTES,21,0,1,Automóvil,,FLUENCE,2009,Publico,,,,,,,
49265,2019-02-03 19:00:00,CORRIENTES,21,1,1,Motocicleta,,CROSS,2019,Privado,,,,,,,
49273,2019-02-06 14:54:00,CORRIENTES,21,0,1,Automóvil,,GOL,,Privado,,,,,,,
49273,2019-02-06 14:54:00,CORRIENTES,21,1,1,Motocicleta,,GN110 KEOKEN,2007,,,,,,,,
49288,2019-02-13 18:00:00,CORRIENTES,21,0,1,Motocicleta,,110 CC,,Privado,,,,,,,
49294,2019-02-19 17:20:00,CORRIENTES,21,0,1,Motocicleta,,CT 110,2018,Privado,,,,,,,
49294,2019-02-19 17:20:00,CORRIENTES,21,1,1,Automóvil,,S 10 2.8TD 4X2 LTZ,2013,Privado,,,,,,,
49306,2019-02-21 11:10:00,CORRIENTES,21,0,3,Transporte de carga,,VENTO 1.4TSI BM TECH,2017,Privado,,,,,,,
49306,2019-02-21 11:10:00,CORRIENTES,21,1,1,Motocicleta,,150CC,2013,Privado,,,,,,,
49310,2019-02-23 11:00:00,CORRIENTES,21,0,1,Automóvil,,LOGAN PH2 PACK 1.5 DCI,2009,Privado,,,,,,,
49310,2019-02-23 11:00:00,CORRIENTES,21,1,1,Motocicleta,,XR 250 LLP,2015,Privado,,,,,,,
49316,2019-02-26 8:00:00,CORRIENTES,21,0,1,Automóvil,,SIENA,2007,Privado,,,,,,,
49321,2019-02-27 8:00:00,CORRIENTES,21,0,1,Automóvil,,CORSA,2012,Privado,,,,,,,
49321,2019-02-27 8:00:00,CORRIENTES,21,1,1,Transporte de pasajeros,,190.36 TS,2010,Publico,,,,,,,
49331,2019-03-07 8:30:00,CORRIENTES,21,0,1,Motocicleta,,NEVADA 110 SP,2010,Privado,,,,,,,
49352,2019-03-13 18:35:00,CORRIENTES,21,0,1,Bicicleta,,,,Privado,,,,,,,
49352,2019-03-13 18:35:00,CORRIENTES,21,1,1,Motocicleta,,ZB110D,2018,Privado,,,,,,,
49365,2019-03-19 16:40:00,CORRIENTES,21,0,1,Camioneta/Utilitario,,AMAROK 2.0L TDI 180 CV 4X2 569,2018,Privado,,,,,,,
49367,2019-03-19 18:40:00,CORRIENTES,21,0,1,Motocicleta,,B110 TUNNING,2018,Privado,,,,,,,
49368,2019-03-21 6:20:00,CORRIENTES,21,0,1,Automóvil,,FOX,2012,Privado,,,,,,,
49368,2019-03-21 6:20:00,CORRIENTES,21,1,1,Automóvil,,GOL 1.6 012,2018,Privado,,,,,,,
49377,2019-03-20 20:40:00,CORRIENTES,21,0,2,Motocicleta,,WAVE 110,2012,Privado,,,,,,,
49380,2019-03-21 10:50:00,CORRIENTES,21,0,2,Motocicleta,,WAVE 110,2008,Privado,,,,,,,
49380,2019-03-21 10:50:00,CORRIENTES,21,1,1,Camioneta/Utilitario,,HILUX,2019,Privado,,,,,,,
49384,2019-03-23 23:15:00,CORRIENTES,21,0,1,Automóvil,,SANDERO 1.6 16V LUXE,2019,Privado,,,,,,,
49384,2019-03-23 23:15:00,CORRIENTES,21,1,1,Motocicleta,,DUE,,Privado,,,,,,,
49385,2019-03-25 7:55:00,CORRIENTES,21,0,1,Motocicleta,,ZB110D,2018,Privado,,,,,,,
49385,2019-03-25 7:55:00,CORRIENTES,21,1,1,Automóvil,,SPAZIO,1995,Privado,,,,,,,
49394,2019-03-28 15:25:00,CORRIENTES,21,0,2,Motocicleta,,CBX 250,2013,Privado,Pax,,,,,,
49394,2019-03-28 15:25:00,CORRIENTES,21,1,1,Camioneta/Utilitario,,ECOSPORT,2012,Privado,Pax,,,,,,
49406,2019-04-02 10:15:00,CORRIENTES,21,0,2,Motocicleta,,FZR,2018,Privado,,,,,,,
49406,2019-04-02 10:15:00,CORRIENTES,21,1,1,Camioneta/Utilitario,,,2013,,,,,,,,
49426,2019-04-08 18:20:00,CORRIENTES,21,0,1,Automóvil,,CLIO,2012,Privado,Pax,,,,,,
49426,2019-04-08 18:20:00,CORRIENTES,21,1,1,Motocicleta,,NEVADA 110 SP,,Privado,,,,,,,
49428,2019-04-09 11:50:00,CORRIENTES,21,0,1,Automóvil,,,2018,Oficial,Pax,,,,,,
49428,2019-04-09 11:50:00,CORRIENTES,21,1,1,Motocicleta,,CG 150 TITAN,,Privado,Pax,,,,,,
49433,2019-04-10 17:50:00,CORRIENTES,21,0,1,Motocicleta,,ZB110D,2011,Privado,Pax,,,,,,
49433,2019-04-10 17:50:00,CORRIENTES,21,1,1,Camioneta/Utilitario,,JOURNEY R/T 3.6L,2009,Privado,Pax,,,,,,
49439,2019-04-13 11:15:00,CORRIENTES,21,0,2,Automóvil,,SIENA,2012,Privado,Pax,,,,,,
49439,2019-04-13 11:15:00,CORRIENTES,21,1,4,Motocicleta,,YBR 125,2018,Privado,,,,,,,
49448,2019-04-16 20:30:00,CORRIENTES,21,0,1,Motocicleta,,STORM,2007,Privado,,,,,,,
49448,2019-04-16 20:30:00,CORRIENTES,21,1,1,Motocicleta,,ZR 150,2008,Privado,,,,,,,
49450,2019-04-13 11:48:00,CORRIENTES,21,0,1,Motocicleta,,,2006,Privado,,,,,,,
49450,2019-04-13 11:48:00,CORRIENTES,21,1,1,Motocicleta,,BLITZ,,Privado,,,,,,,
49451,2019-04-13 11:48:00,CORRIENTES,21,0,1,Motocicleta,,,2006,Privado,,,,,,,
49451,2019-04-13 11:48:00,CORRIENTES,21,1,1,Motocicleta,,BLITZ,,Privado,,,,,,,
49453,2019-04-15 9:20:00,CORRIENTES,21,0,1,Automóvil,,PARTNER FURGON 1.4 N,2017,Privado,Carga,,,,,,
49453,2019-04-15 9:20:00,CORRIENTES,21,1,1,Motocicleta,,C 105 BIZ,2003,,,,,,,,
49461,2019-04-02 16:30:00,CORRIENTES,21,0,1,Automóvil,,GOL 1.6 012,2018,Privado,,,,,,,
49462,2019-04-13 18:35:00,CORRIENTES,21,0,1,Motocicleta,,C110,2012,Privado,,,,,,,
49462,2019-04-13 18:35:00,CORRIENTES,21,1,1,Motocicleta,,RX 150,2017,Privado,,,,,,,
49463,2019-04-18 7:30:00,CORRIENTES,21,0,1,Automóvil,,CLASSIC 4P LT SPIRIT PACK 1.4N,2012,Privado,,,,,,,
49463,2019-04-18 7:30:00,CORRIENTES,21,1,1,Transporte de pasajeros,,C 200 KOMPRESSOR,2017,Publico,,,,,,,
49463,2019-04-18 7:30:00,CORRIENTES,21,2,1,Motocicleta,,FX 110,2006,Privado,,,,,,,
49478,2019-04-26 17:45:00,CORRIENTES,21,0,2,Motocicleta,,T105 CRYPTON,2018,Privado,,,,,,,
49478,2019-04-26 17:45:00,CORRIENTES,21,1,1,Camioneta/Utilitario,,F 100 DIESEL,1985,Privado,,,,,,,
49492,2019-04-30 18:30:00,CORRIENTES,21,0,1,Motocicleta,,WAVE 110,2009,Privado,,,,,,,
49492,2019-04-30 18:30:00,CORRIENTES,21,1,1,Automóvil,,TUCSON 2.0 4WD CRDI,2010,Privado,,,,,,,
49493,2019-05-01 11:45:00,CORRIENTES,21,0,2,Motocicleta,,CG 150 TITAN,2018,Privado,,,,,,,
49493,2019-05-01 11:45:00,CORRIENTES,21,1,1,Camioneta/Utilitario,,FIORINO FIRE 1.3,2018,Privado,Pax,,,,,,
49499,2019-05-04 15:20:00,CORRIENTES,21,0,1,Automóvil,,208S,2014,Privado,,,,,,,
49499,2019-05-04 15:20:00,CORRIENTES,21,1,1,Automóvil,,5008 ALLURE,2013,Privado,,,,,,,
49509,2019-05-10 9:00:00,CORRIENTES,21,0,1,Motocicleta,,ZB110D,2018,Privado,,,,,,,
49509,2019-05-10 9:00:00,CORRIENTES,21,1,1,Motocicleta,,WAVE 110,2018,Privado,,,,,,,
49521,2019-05-13 13:45:00,CORRIENTES,21,0,2,Automóvil,,GOL 1.6 012,2004,Privado,Pax,,,,,,
49521,2019-05-13 13:45:00,CORRIENTES,21,1,1,Motocicleta,,T110 CRYPTON,2008,Privado,,,,,,,
49522,2019-05-15 13:10:00,CORRIENTES,21,0,1,Automóvil,,SIENA,2015,Privado,Pax,,,,,,
49522,2019-05-15 13:10:00,CORRIENTES,21,1,2,Motocicleta,,ST 70 DAX,2004,Privado,,,,,,,
49524,2019-05-14 18:20:00,CORRIENTES,21,0,1,Automóvil,,5008 ALLURE,2013,Privado,,,,,,,
49524,2019-05-14 18:20:00,CORRIENTES,21,1,4,Motocicleta,,SDH125T 22,2008,Privado,,,,,,,
49528,2019-05-16 11:00:00,CORRIENTES,21,0,1,Camioneta/Utilitario,,HILUX 4X4 D/C SRX 2.8 TDI 6 A/T,2008,Privado,,,,,,,
49528,2019-05-16 11:00:00,CORRIENTES,21,1,1,Camioneta/Utilitario,,HILUX,2019,Privado,,,,,,,
49530,2019-05-18 17:15:00,CORRIENTES,21,0,1,Automóvil,,CELTA ADVANTAGE PACK,2012,Privado,Pax,,,,,,
49530,2019-05-18 17:15:00,CORRIENTES,21,1,2,Motocicleta,,ZB 110 R,2008,Privado,,,,,,,
49534,2019-05-23 9:00:00,CORRIENTES,21,0,1,Automóvil,,MARCH VISIA,2018,Privado,Pax,,,,,,
49534,2019-05-23 9:00:00,CORRIENTES,21,1,1,Automóvil,,CLASSIC,2012,Privado,Pax,,,,,,
49534,2019-05-23 9:00:00,CORRIENTES,21,2,1,Camioneta/Utilitario,,MASTER,2010,Privado,Carga,,,,,,
49537,2019-05-25 14:40:00,CORRIENTES,21,0,1,Motocicleta,,CG 150 TITAN,2011,Privado,,,,,,,
49537,2019-05-25 14:40:00,CORRIENTES,21,1,1,Automóvil,,VOYAGE,2016,Privado,,,,,,,
49563,2019-06-05 9:40:00,CORRIENTES,21,0,1,Automóvil,,NUEVO UNO WAY 1.4 8V,2018,Privado,,,,,,,
49563,2019-06-05 9:40:00,CORRIENTES,21,1,1,Motocicleta,,CG 150 TITAN,2019,Privado,,,,,,,
49566,2019-06-06 8:10:00,CORRIENTES,21,0,1,Automóvil,,LOGAN PH2 PACK 1.6 8V,2019,Publico,,,,,,,
49566,2019-06-06 8:10:00,CORRIENTES,21,1,1,Motocicleta,,CG 150 TITAN,2011,Privado,,,,,,,
49571,2019-06-08 5:47:00,CORRIENTES,21,0,1,Automóvil,,ECOSPORT,2011,Privado,,,,,,,
49571,2019-06-08 5:47:00,CORRIENTES,21,1,1,Transporte de pasajeros,,1715,2012,Publico,Pax,,,,,,
49572,2019-06-10 22:35:00,CORRIENTES,21,0,1,Automóvil,,LOGAN,2018,Privado,,,,,,,
49572,2019-06-10 22:35:00,CORRIENTES,21,1,1,Automóvil,,ONIX,2017,Privado,,,,,,,
49573,2019-06-11 16:05:00,CORRIENTES,21,0,2,Motocicleta,,BLITZ,2018,Privado,,,,,,,
49573,2019-06-11 16:05:00,CORRIENTES,21,1,1,Motocicleta,,CG 150 TITAN,2013,Privado,,,,,,,
49575,2019-06-12 0:50:00,CORRIENTES,21,0,1,Motocicleta,,WAVE 110,2018,Privado,,,,,,,
49575,2019-06-12 0:50:00,CORRIENTES,21,1,1,Motocicleta,,G 110 TRIP,2018,Privado,,,,,,,
49589,2019-06-16 3:35:00,CORRIENTES,21,0,1,Automóvil,,GOL 1.6 012,2012,Privado,,,,,,,
49589,2019-06-16 3:35:00,CORRIENTES,21,1,1,Motocicleta,,WAVE 110,2018,Privado,,,,,,,
49591,2019-06-16 6:31:00,CORRIENTES,21,0,1,Automóvil,,ONIX JOY 5P 1.4 N LS MT,2018,Privado,,,,,,,
49591,2019-06-16 6:31:00,CORRIENTES,21,1,1,Automóvil,,CLASSIC 4P LT SPIRIT PACK 1.4N,2016,Privado,,,,,,,
49593,2019-06-17 15:37:00,CORRIENTES,21,0,1,Automóvil,,HR-V EX CVT,2018,Privado,,,,,,,
49593,2019-06-17 15:37:00,CORRIENTES,21,1,1,Automóvil,,ECOSPORT 2.0L XLS 4X2,2016,Privado,,,,,,,
49595,2019-06-18 13:10:00,CORRIENTES,21,0,1,Camioneta/Utilitario,,FRONTIER 4X4  XE 2.8TD(CAB.DOB.),2007,Privado,,,,,,,
49595,2019-06-18 13:10:00,CORRIENTES,21,1,2,Motocicleta,,XR 150 L,2018,Privado,,,,,,,
49597,2019-06-20 7:15:00,CORRIENTES,21,0,2,Automóvil,,207 CC 156 CV,2014,,,,,,,,
49600,2019-06-21 7:27:00,CORRIENTES,21,0,2,Motocicleta,,ZR 150,2018,Privado,,,,,,,
49600,2019-06-21 7:27:00,CORRIENTES,21,1,1,Automóvil,,CAPTUR ZEN 2.0,2019,Privado,,,,,,,
49603,2019-06-24 12:30:00,CORRIENTES,21,0,1,Automóvil,,UNO,2000,Privado,,,,,,,
49603,2019-06-24 12:30:00,CORRIENTES,21,1,1,Automóvil,,FOCUS,2019,Privado,,,,,,,
49604,2019-06-25 9:45:00,CORRIENTES,21,0,1,Motocicleta,,TRIAX 150,2018,Privado,,,,,,,
52307,2019-07-07 12:36:00,CORRIENTES,21,0,1,Automóvil,,CLASSIC 4P LT SPIRIT PACK 1.4N,2014,Privado,,,,,,,
52307,2019-07-07 12:36:00,CORRIENTES,21,1,1,Automóvil,,COROLLA,2008,Privado,,,,,,,
53352,2019-07-10 13:40:00,CORRIENTES,21,0,1,Bicicleta,,,2019,Privado,,,,,,,
53352,2019-07-10 13:40:00,CORRIENTES,21,1,1,Transporte de pasajeros,,1715,2014,Publico,,,,,,,
53390,2019-07-11 10:20:00,CORRIENTES,21,0,1,Automóvil,,PRIUS 1.8 CVT,2019,Privado,,,,,,,
53390,2019-07-11 10:20:00,CORRIENTES,21,1,1,Bicicleta,,CB,2018,Privado,,,,,,,
53400,2019-07-11 13:10:00,CORRIENTES,21,0,1,Motocicleta,,ZB110D,2019,Privado,,,,,,,
53400,2019-07-11 13:10:00,CORRIENTES,21,1,1,Automóvil,,SANDERO AUTHENTIQUE PACK I 1.6,2018,Privado,,,,,,,
53779,2019-07-20 8:00:00,CORRIENTES,21,0,1,Motocicleta,,125,2018,Privado,,,,,,,
53779,2019-07-20 8:00:00,CORRIENTES,21,1,1,Automóvil,,CLASSIC 4P LT SPIRIT PACK 1.4N,2016,Publico,Pax,,,,,,
53855,2019-07-29 8:30:00,CORRIENTES,21,0,1,Automóvil,,FIESTA,2012,Privado,,,,,,,
53855,2019-07-29 8:30:00,CORRIENTES,21,1,1,Motocicleta,,HOT 90 G2,2018,Privado,,,,,,,
53855,2019-07-29 8:30:00,CORRIENTES,21,2,1,Motocicleta,,BLITZ,2018,Privado,,,,,,,
53987,2019-08-06 16:05:00,CORRIENTES,21,0,1,Automóvil,,FIT EXL,2017,Privado,,,,,,,
53987,2019-08-06 16:05:00,CORRIENTES,21,1,1,Automóvil,,PALIO,2017,Privado,,,,,,,
54457,2019-08-08 11:00:00,CORRIENTES,21,0,1,Automóvil,,408,2017,Privado,,,,,,,
54457,2019-08-08 11:00:00,CORRIENTES,21,1,1,Motocicleta,,WAVE 110,2018,Privado,,,,,,,
54458,2019-08-10 7:35:00,CORRIENTES,21,0,1,Automóvil,,COROLLA XEI PACK 1.8 6M/T,2015,Privado,,,,,,,
54494,2019-08-10 16:00:00,CORRIENTES,21,0,1,Automóvil,,ONIX 1.4 N LTZ,2008,Privado,,,,,,,
54494,2019-08-10 16:00:00,CORRIENTES,21,1,1,Camioneta/Utilitario,,PICK-UP,2008,Privado,,,,,,,
54553,2019-08-12 9:05:00,CORRIENTES,21,0,1,Motocicleta,,CITIPLUS,2019,Privado,,,,,,,
54553,2019-08-12 9:05:00,CORRIENTES,21,1,1,Transporte de pasajeros,,UNO,2011,Publico,,,,,,,
55117,2019-08-18 0:30:00,CORRIENTES,21,0,1,Motocicleta,,ZB 110 R,2018,Privado,,,,,,,
55117,2019-08-18 0:30:00,CORRIENTES,21,1,1,Automóvil,,PALIO,2003,Privado,,,,,,,
55299,2019-08-24 6:20:00,CORRIENTES,21,0,1,Automóvil,,GOLF,2018,Privado,,,,,,,
55299,2019-08-24 6:20:00,CORRIENTES,21,1,1,Motocicleta,,110 CC,2013,Privado,,,,,,,
55381,2019-08-24 13:19:00,CORRIENTES,21,0,1,Automóvil,,RANGER,2017,Privado,,,,,,,
55381,2019-08-24 13:19:00,CORRIENTES,21,1,1,Motocicleta,,DUE,2019,Privado,,,,,,,
55682,2019-08-26 18:15:00,CORRIENTES,21,0,1,Automóvil,,RANGER XL 4X2 S/C 2.3L N,2017,Privado,,,,,,,
55682,2019-08-26 18:15:00,CORRIENTES,21,1,2,Motocicleta,,WAVE,2019,Privado,,,,,,,
55718,2019-08-26 9:30:00,CORRIENTES,21,0,1,Automóvil,,207 RC,2013,Privado,,,,,,,
55718,2019-08-26 9:30:00,CORRIENTES,21,1,1,Bicicleta,,XR 250 LLP,2019,Privado,,,,,,,
56477,2019-08-30 11:10:00,CORRIENTES,21,0,2,Automóvil,,FOX,2006,Privado,,,,,,,
56477,2019-08-30 11:10:00,CORRIENTES,21,1,1,Motocicleta,,YBR 125,2011,Privado,,,,,,,
56780,2019-09-06 6:00:00,CORRIENTES,21,0,2,Automóvil,,404,2012,Privado,,,,,,,
56861,2019-09-08 15:15:00,CORRIENTES,21,0,1,Automóvil,,HILUX,2017,Privado,,,,,,,
56861,2019-09-08 15:15:00,CORRIENTES,21,1,2,Motocicleta,,BREZZA,2008,Privado,,,,,,,
58987,2019-09-20 13:35:00,CORRIENTES,21,0,1,Automóvil,,FIESTA,2004,Privado,,,,,,,
58987,2019-09-20 13:35:00,CORRIENTES,21,1,1,Motocicleta,,ZR 150,2018,Privado,,,,,,,
59001,2019-09-27 10:25:00,CORRIENTES,21,0,1,Motocicleta,,WAVE 110,2018,Privado,,,,,,,
59001,2019-09-27 10:25:00,CORRIENTES,21,1,1,Motocicleta,,XR,2019,Privado,,,,,,,
62288,2019-10-06 3:27:00,CORRIENTES,21,0,1,Automóvil,,CORSA CLASSIC 4 PTAS GLS 1.6 N,2011,Privado,,,,,,,
62288,2019-10-06 3:27:00,CORRIENTES,21,1,1,Motocicleta,,ZB110D,2018,Privado,,,,,,,
62291,2019-10-06 6:30:00,CORRIENTES,21,0,1,Automóvil,,F 150 CUSTOM 4X4,2005,,,,,,,,
62291,2019-10-06 6:30:00,CORRIENTES,21,1,1,Camioneta/Utilitario,,ONIX 1.4 N LTZ,2012,Privado,,,,,,,
62852,2019-10-11 0:55:00,CORRIENTES,21,0,1,Motocicleta,,YBR 125,2018,Privado,,,,,,,
62853,2019-10-12 6:00:00,CORRIENTES,21,0,1,Automóvil,,SIENA,2009,Publico,Pax,,,,,,
62853,2019-10-12 6:00:00,CORRIENTES,21,1,1,Motocicleta,,ZB 110 R,2011,Privado,,,,,,,
62889,2019-10-19 15:30:00,CORRIENTES,21,0,1,Transporte de carga,,CARGO 1933,2009,Privado,Carga,,,,,,
62889,2019-10-19 15:30:00,CORRIENTES,21,1,1,Motocicleta,,CROSS,2017,Privado,,,,,,,
62894,2019-10-21 8:10:00,CORRIENTES,21,0,2,Automóvil,,BORA TDI,2010,Privado,,,,,,,
62894,2019-10-21 8:10:00,CORRIENTES,21,1,1,Camioneta/Utilitario,,COURRIER E350,2000,,,,,,,,
62902,2019-10-23 17:15:00,CORRIENTES,21,0,2,Motocicleta,,BLITZ,2019,Privado,,,,,,,
64180,2019-10-29 14:25:00,CORRIENTES,21,0,1,Automóvil,,ZR 150,2018,Privado,,,,,,,
64180,2019-10-29 14:25:00,CORRIENTES,21,1,7,Motocicleta,,UNO,2015,,,,,,,,
64865,2019-11-12 23:30:00,CORRIENTES,21,0,1,Motocicleta,,DUE,2018,Privado,,,,,,,
64865,2019-11-12 23:30:00,CORRIENTES,21,1,1,Peatón,,,,,,,,,,,
64870,2019-11-12 10:00:00,CORRIENTES,21,0,1,Motocicleta,,CD100,2018,,,,,,,,
64870,2019-11-12 10:00:00,CORRIENTES,21,1,1,Automóvil,,COROLLA,2009,,,,,,,,
64874,2019-11-13 13:30:00,CORRIENTES,21,0,1,Camioneta/Utilitario,,F 100,2017,Privado,,,,,,,
64874,2019-11-13 13:30:00,CORRIENTES,21,1,1,Motocicleta,,XR 250 LLP,2018,Privado,,,,,,,
67480,2019-11-24 7:40:00,CORRIENTES,21,0,1,Motocicleta,,FZR,2017,Privado,,,,,,,
67482,2019-11-24 6:00:00,CORRIENTES,21,0,1,Automóvil,,PALIO,2017,Privado,,,,,,,
67482,2019-11-24 6:00:00,CORRIENTES,21,1,1,Motocicleta,,T110 CRYPTON,2018,Privado,,,,,,,
67514,2019-12-03 15:49:00,CORRIENTES,21,0,1,Automóvil,,FIT LX,2008,Privado,,,,,,,
67514,2019-12-03 15:49:00,CORRIENTES,21,1,1,Motocicleta,,G 110,2007,Privado,,,,,,,
67699,2019-12-04 10:34:00,CORRIENTES,21,0,1,Motocicleta,,GT 110,2010,Privado,,,,,,,
67699,2019-12-04 10:34:00,CORRIENTES,21,1,1,Bicicleta,,MARBELLA,2018,Privado,,,,,,,
67708,2019-12-09 11:30:00,CORRIENTES,21,0,1,Automóvil,,FALCON FUTURA,1979,Privado,,,,,,,
68740,2019-12-10 7:59:00,CORRIENTES,21,0,1,Motocicleta,,GC 150,0,Privado,,,,,,,
68740,2019-12-10 7:59:00,CORRIENTES,21,1,1,Automóvil,,SURAN 1.6L 5D 618,1995,Oficial,,,,,,,
68856,2019-12-11 19:15:00,CORRIENTES,21,0,1,Motocicleta,,XR,,,,,,,,,
68856,2019-12-11 19:15:00,CORRIENTES,21,1,1,Bicicleta,,,,,,,,,,,
49604,2019-06-25 9:45:00,CORRIENTES,21,1,1,Peatón,,,,,,,,,,,
49461,2019-04-02 16:30:00,CORRIENTES,21,1,1,Peatón,,,,,,,,,,,
49377,2019-03-20 20:40:00,CORRIENTES,21,1,1,Peatón,,,,,,,,,,,
49367,2019-03-19 18:40:00,CORRIENTES,21,1,1,Peatón,,,,,,,,,,,
49365,2019-03-19 16:40:00,CORRIENTES,21,1,1,Peatón,,,,,,,,,,,
49288,2019-02-13 18:00:00,CORRIENTES,21,1,1,Peatón,,,,,,,,,,,
49234,2019-01-20 17:20:00,CORRIENTES,21,1,1,Peatón,,,,,,,,,,,
49201,2019-01-03 9:20:00,CORRIENTES,21,0,1,Motocicleta,,ZB110D,2018,Privado,,,,,,,
49201,2019-01-03 9:20:00,CORRIENTES,21,1,1,Automóvil,,GOL,2013,Privado,,,,,,,
49203,2019-01-04 7:50:00,CORRIENTES,21,0,1,Motocicleta,,ZB110D,2005,Privado,,,,,,,
49203,2019-01-04 7:50:00,CORRIENTES,21,1,1,Automóvil,,408 ALLURE+ 2.0N,2014,Privado,,,,,,,
49217,2019-01-15 2:30:00,CORRIENTES,21,0,1,Motocicleta,,G 110 TRIP,2018,Privado,,,,,,,
49220,2019-01-17 10:30:00,CORRIENTES,21,0,1,Motocicleta,,XJ 600,2013,Privado,,,,,,,
49220,2019-01-17 10:30:00,CORRIENTES,21,1,1,Maquinaria,,BMO 693 VERSION ATRON 1720 36,2016,Privado,,,,,,,
49223,2019-01-18 10:00:00,CORRIENTES,21,0,1,Automóvil,,BORA 2.0,2013,Privado,,,,,,,
49223,2019-01-18 10:00:00,CORRIENTES,21,1,1,Motocicleta,,CB 190 R,2018,Privado,,,,,,,
49238,2019-01-22 16:50:00,CORRIENTES,21,0,1,Automóvil,,FIESTA,2018,Privado,,,,,,,
49238,2019-01-22 16:50:00,CORRIENTES,21,1,-1,Automóvil,,GOL,2010,,,,,,,,
49242,2019-01-25 7:40:00,CORRIENTES,21,0,3,Automóvil,,FIESTA,2017,Privado,,,,,,,
49243,2019-01-24 22:25:00,CORRIENTES,21,0,1,Automóvil,,SIENA,2017,Privado,,,,,,,
49243,2019-01-24 22:25:00,CORRIENTES,21,1,1,Motocicleta,,DUE,2017,Privado,,,,,,,
49253,2019-01-31 9:10:00,CORRIENTES,21,0,1,Motocicleta,,CT 110,2018,Privado,,,,,,,
49253,2019-01-31 9:10:00,CORRIENTES,21,1,1,Bicicleta,,BOXER,2017,,,,,,,,
49271,2019-02-06 8:05:00,CORRIENTES,21,0,1,Automóvil,,C3,2015,Privado,,,,,,,
49271,2019-02-06 8:05:00,CORRIENTES,21,1,1,Motocicleta,,CH-110,2006,Privado,,,,,,,
49276,2019-02-09 14:30:00,CORRIENTES,21,0,1,Motocicleta,,NISSAN,2018,Privado,,,,,,,
49276,2019-02-09 14:30:00,CORRIENTES,21,1,1,Automóvil,,AMAROK 2.0L TDI 180 CV 4X4 561,2018,Privado,,,,,,,
49279,2019-02-11 8:45:00,CORRIENTES,21,0,1,Automóvil,,MERIVA,2014,Privado,,,,,,,
49279,2019-02-11 8:45:00,CORRIENTES,21,1,2,Motocicleta,,SMASH,2018,Privado,,,,,,,
49285,2019-02-12 13:20:00,CORRIENTES,21,0,1,Automóvil,,SORENTO,2010,Privado,,,,,,,
49285,2019-02-12 13:20:00,CORRIENTES,21,1,1,Automóvil,,COROLLA,2011,Privado,,,,,,,
49303,2019-02-20 11:50:00,CORRIENTES,21,0,1,Automóvil,,CORSA CLASSIC WAGON GLS 1.4 N,2012,Privado,,,,,,,
49303,2019-02-20 11:50:00,CORRIENTES,21,1,1,Motocicleta,,YBR 150,,Privado,,,,,,,
49317,2019-02-26 8:50:00,CORRIENTES,21,0,1,Automóvil,,1722,2015,Publico,,,,,,,
49317,2019-02-26 8:50:00,CORRIENTES,21,1,1,Motocicleta,,GS 125 ESP,2018,Privado,,,,,,,
49333,2019-03-06 9:35:00,CORRIENTES,21,0,1,Automóvil,,,2018,Privado,,,,,,,
49333,2019-03-06 9:35:00,CORRIENTES,21,1,2,Automóvil,,CLASSIC 4P LT SPIRIT PACK 1.4N,2012,Privado,,,,,,,
49337,2019-03-08 18:40:00,CORRIENTES,21,0,2,Automóvil,,18 GTL,1989,,,,,,,,
49337,2019-03-08 18:40:00,CORRIENTES,21,1,1,Motocicleta,,LD 110,2010,Privado,,,,,,,
49340,2019-03-10 13:30:00,CORRIENTES,21,0,1,Automóvil,,C3 1.4HDI XTR,2017,Privado,,,,,,,
49340,2019-03-10 13:30:00,CORRIENTES,21,1,1,Automóvil,,GOL,2007,Privado,,,,,,,
49344,2019-03-11 13:45:00,CORRIENTES,21,0,1,Motocicleta,,SMASH,2018,Privado,,,,,,,
49344,2019-03-11 13:45:00,CORRIENTES,21,1,1,Bicicleta,,,,Privado,,,,,,,
49353,2019-03-13 19:30:00,CORRIENTES,21,0,1,Transporte de carga,,SEMI REMOLQUE PORTA VOLQUETE AS5300 - LARGO15500,2013,Privado,Carga,,,,,,
49353,2019-03-13 19:30:00,CORRIENTES,21,1,1,Transporte de carga,,320,2010,Privado,Carga,,,,,,
49354,2019-03-14 12:30:00,CORRIENTES,21,0,2,Automóvil,,GOL,2012,Privado,,,,,,,
49354,2019-03-14 12:30:00,CORRIENTES,21,1,1,Motocicleta,,WAVE 110,2012,Privado,,,,,,,
49354,2019-03-14 12:30:00,CORRIENTES,21,2,1,Automóvil,,GOL,2018,Privado,,,,,,,
49371,2019-03-22 8:45:00,CORRIENTES,21,0,1,Motocicleta,,ZB 110,2018,Privado,,,,,,,
49371,2019-03-22 8:45:00,CORRIENTES,21,1,1,Automóvil,,KANGOO RL GNC PLC IZQ,2012,Privado,,,,,,,
49372,2019-03-22 13:29:00,CORRIENTES,21,0,2,Motocicleta,,110 CC,2018,Privado,,,,,,,
49372,2019-03-22 13:29:00,CORRIENTES,21,1,2,Camioneta/Utilitario,,AMAROK 2.0L TDI 180 CV 4X4 561,2015,Privado,,,,,,,
49382,2019-03-22 9:40:00,CORRIENTES,21,0,1,Camioneta/Utilitario,,L200 TRITON HPE 3.5 L,2012,Privado,,,,,,,
49382,2019-03-22 9:40:00,CORRIENTES,21,1,1,Motocicleta,,WAVE 110,2010,Privado,,,,,,,
49404,2019-04-01 18:15:00,CORRIENTES,21,0,1,Motocicleta,,G 50 AE,2008,Privado,,,,,,,
49404,2019-04-01 18:15:00,CORRIENTES,21,1,1,Motocicleta,,CG 150 TITAN,2013,Privado,,,,,,,
49407,2019-04-02 10:15:00,CORRIENTES,21,0,2,Motocicleta,,FZR,2018,Privado,,,,,,,
49407,2019-04-02 10:15:00,CORRIENTES,21,1,1,Camioneta/Utilitario,,MERIVA,2013,,,,,,,,
49412,2019-04-02 10:15:00,CORRIENTES,21,0,2,Motocicleta,,FZR,2018,Privado,,,,,,,
49412,2019-04-02 10:15:00,CORRIENTES,21,1,1,Camioneta/Utilitario,,,2013,,,,,,,,
49413,2019-04-02 10:15:00,CORRIENTES,21,0,2,Motocicleta,,FZR,2018,Privado,,,,,,,
49413,2019-04-02 10:15:00,CORRIENTES,21,1,1,Camioneta/Utilitario,,CARAVAN,2013,Privado,,,,,,,
49424,2019-04-07 18:20:00,CORRIENTES,21,0,1,Motocicleta,,DT 125 (YAMAHA),2018,Privado,,,,,,,
49424,2019-04-07 18:20:00,CORRIENTES,21,1,1,Automóvil,,COROLLA,2019,Privado,Pax,,,,,,
49429,2019-04-09 13:45:00,CORRIENTES,21,0,1,Motocicleta,,CG125,2011,Privado,Pax,,,,,,
49429,2019-04-09 13:45:00,CORRIENTES,21,1,1,Automóvil,,ARGON3 75,2018,Privado,Pax,,,,,,
49458,2019-04-16 8:30:00,CORRIENTES,21,0,1,Motocicleta,,ZB 110 R,2018,Privado,,,,,,,
49458,2019-04-16 8:30:00,CORRIENTES,21,1,1,Automóvil,,208 ACTIVE 1.5 N,2017,Privado,,,,,,,
49464,2019-04-18 17:20:00,CORRIENTES,21,0,1,Transporte de pasajeros,,SPRINTER 310 D / C3550,2018,Publico,,,,,,,
49464,2019-04-18 17:20:00,CORRIENTES,21,1,1,Motocicleta,,QM 110,2018,Privado,,,,,,,
49468,2019-04-21 13:15:00,CORRIENTES,21,0,2,Automóvil,,CIVIC,2018,Privado,,,,,,,
49468,2019-04-21 13:15:00,CORRIENTES,21,1,1,Automóvil,,HILUX SW4 4X2 SR 3.0 TDI,2010,Privado,,,,,,,
49468,2019-04-21 13:15:00,CORRIENTES,21,2,1,Transporte de pasajeros,,17230 OD,2018,Privado,Pax,,,,,,
49469,2019-04-11 12:30:00,CORRIENTES,21,0,1,Automóvil,,ECOSPORT,2013,Privado,,,,,,,
49469,2019-04-11 12:30:00,CORRIENTES,21,1,1,Motocicleta,,110 CC,2019,Privado,,,,,,,
49473,2019-04-23 8:15:00,CORRIENTES,21,0,1,Motocicleta,,CG 150 TITAN,2011,Privado,,,,,,,
49473,2019-04-23 8:15:00,CORRIENTES,21,1,1,Automóvil,,LINEA ABSOLUTE 1.8 16V,2016,Privado,,,,,,,
49491,2019-04-29 22:24:00,CORRIENTES,21,0,1,Automóvil,,207 RC,2012,Privado,,,,,,,
49491,2019-04-29 22:24:00,CORRIENTES,21,1,1,Automóvil,,PUNTO,2011,,,,,,,,
49502,2019-05-07 22:20:00,CORRIENTES,21,0,1,Automóvil,,FOX  1.6 5P 70A,2016,Privado,Pax,,,,,,
49502,2019-05-07 22:20:00,CORRIENTES,21,1,1,Motocicleta,,ZB 110 R,2011,Privado,,,,,,,
49504,2019-05-04 20:35:00,CORRIENTES,21,0,1,Automóvil,,VOYAGE,2107,Publico,,,,,,,
49504,2019-05-04 20:35:00,CORRIENTES,21,1,1,Automóvil,,GOL,2000,Privado,Pax,,,,,,
49506,2019-03-10 1:15:00,CORRIENTES,21,0,1,Automóvil,,FIESTA,2005,Privado,,,,,,,
49506,2019-03-10 1:15:00,CORRIENTES,21,1,1,Motocicleta,,WAVE 110,2011,Privado,Pax,,,,,,
49511,2019-05-11 8:00:00,CORRIENTES,21,0,1,Motocicleta,,ZB110D,2012,Privado,,,,,,,
49511,2019-05-11 8:00:00,CORRIENTES,21,1,1,Automóvil,,SURAN 1.6L 5D 618,2018,,,,,,,,
49513,2019-05-11 9:00:00,CORRIENTES,21,0,1,Automóvil,,COROLLA,2017,Privado,,,,,,,
49513,2019-05-11 9:00:00,CORRIENTES,21,1,1,Motocicleta,,CG 150 TITAN,2010,Privado,,,,,,,
49514,2019-05-11 12:00:00,CORRIENTES,21,0,1,Motocicleta,,YBR 125,2016,Privado,,,,,,,
49514,2019-05-11 12:00:00,CORRIENTES,21,1,1,Automóvil,,MEGANE RXE TRI ABCP ABS T,2012,Privado,,,,,,,
49514,2019-05-11 12:00:00,CORRIENTES,21,2,1,Automóvil,,207 COMPACT ACTIVE 1.4 N 5P,2016,Privado,,,,,,,
49515,2019-05-12 8:15:00,CORRIENTES,21,0,1,Automóvil,,GRAND SIENA,2017,Privado,,,,,,,
49515,2019-05-12 8:15:00,CORRIENTES,21,1,1,Automóvil,,FOCUS,2018,Privado,,,,,,,
49515,2019-05-12 8:15:00,CORRIENTES,21,2,1,Automóvil,,CIVIC LX,2008,,,,,,,,
49519,2019-05-10 12:30:00,CORRIENTES,21,0,1,Automóvil,,SANDERO AUTHENTIQUE PACK I 1.6,2017,Privado,Pax,,,,,,
49519,2019-05-10 12:30:00,CORRIENTES,21,1,1,Automóvil,,SONIC,2014,Privado,,,,,,,
49526,2019-05-15 10:05:00,CORRIENTES,21,0,1,Automóvil,,LOGAN 1.6 8V PACK,2010,Privado,Pax,,,,,,
49526,2019-05-15 10:05:00,CORRIENTES,21,1,1,Automóvil,,FLUENCE PH2 2.0 LUXE F,2016,Privado,Pax,,,,,,
49536,2019-05-25 1:35:00,CORRIENTES,21,0,1,Camioneta/Utilitario,,FRONTIER,2011,Privado,,,,,,,
49536,2019-05-25 1:35:00,CORRIENTES,21,1,1,Transporte de carga,,17280 LR,2018,Oficial,,,,,,,
49538,2019-05-26 7:00:00,CORRIENTES,21,0,2,Motocicleta,,YBR 125,2018,Privado,,,,,,,
49538,2019-05-26 7:00:00,CORRIENTES,21,1,0,Automóvil,,GACEL,1980,,,,,,,,
49550,2019-06-02 23:30:00,CORRIENTES,21,0,1,Automóvil,,HILUX,2012,Privado,,,,,,,
49550,2019-06-02 23:30:00,CORRIENTES,21,1,1,Motocicleta,,ZB 110 R,2008,Privado,,,,,,,
49555,2019-06-03 8:10:00,CORRIENTES,21,0,1,Camioneta/Utilitario,,F 100 DIESEL 4X4,1990,Privado,,,,,,,
49555,2019-06-03 8:10:00,CORRIENTES,21,1,1,Automóvil,,UNO,1990,Privado,,,,,,,
49557,2019-06-06 1:35:00,CORRIENTES,21,0,1,Automóvil,,GOL,2013,Privado,,,,,,,
49557,2019-06-06 1:35:00,CORRIENTES,21,1,1,Motocicleta,,CG 150 TITAN,2017,Privado,,,,,,,
49561,2019-06-05 16:45:00,CORRIENTES,21,0,1,Motocicleta,,ENERGY 110 BY CORVEN,2019,Privado,,,,,,,
49561,2019-06-05 16:45:00,CORRIENTES,21,1,1,Camioneta/Utilitario,,RANGER XL 4X2 S/C 2.3L N,2015,Privado,,,,,,,
49564,2019-06-06 18:10:00,CORRIENTES,21,0,1,Motocicleta,,WAVE 110,2019,Privado,,,,,,,
49564,2019-06-06 18:10:00,CORRIENTES,21,1,1,Camioneta/Utilitario,,ECOSPORT,2012,Privado,,,,,,,
49570,2019-06-08 4:30:00,CORRIENTES,21,0,1,Automóvil,,BORA,2013,Privado,,,,,,,
49576,2019-06-10 14:00:00,CORRIENTES,21,0,1,Automóvil,,208 ACTIVE 1.5 N,2012,Privado,,,,,,,
49576,2019-06-10 14:00:00,CORRIENTES,21,1,2,Bicicleta,,MK 1,2018,Privado,,,,,,,
49608,2019-06-28 8:35:00,CORRIENTES,21,0,1,Camioneta/Utilitario,,S 10 EFI,2010,Privado,,,,,,,
49608,2019-06-28 8:35:00,CORRIENTES,21,1,1,Motocicleta,,WAVE 110,2010,Privado,,,,,,,
49612,2019-07-01 7:50:00,CORRIENTES,21,0,1,Automóvil,,PRISMA JOY 4P 1.4 N LS MT +,2018,Privado,,,,,,,
49612,2019-07-01 7:50:00,CORRIENTES,21,1,1,Transporte de pasajeros,,15190,2016,Publico,,,,,,,
49614,2019-07-01 19:30:00,CORRIENTES,21,0,1,Bicicleta,,,,Privado,,,,,,,
49614,2019-07-01 19:30:00,CORRIENTES,21,1,1,Bicicleta,,,,Privado,,,,,,,
49617,2019-07-01 10:40:00,CORRIENTES,21,0,1,Automóvil,,SIENA,2016,Publico,,,,,,,
49617,2019-07-01 10:40:00,CORRIENTES,21,1,3,Motocicleta,,YBR 125,2010,Privado,,,,,,,
49618,2019-07-02 18:45:00,CORRIENTES,21,0,1,Automóvil,,PRISMA 1.4 N LT,2018,Privado,,,,,,,
49618,2019-07-02 18:45:00,CORRIENTES,21,1,1,Motocicleta,,WAVE 110,2018,Privado,,,,,,,
53638,2019-07-13 0:40:00,CORRIENTES,21,0,1,Automóvil,,GOL,2012,Privado,,,,,,,
53638,2019-07-13 0:40:00,CORRIENTES,21,1,2,Motocicleta,,BIZ 125,,Privado,,,,,,,
53675,2019-07-13 11:37:00,CORRIENTES,21,0,2,Automóvil,,GOL,2018,Privado,,,,,,,
53675,2019-07-13 11:37:00,CORRIENTES,21,1,1,Camioneta/Utilitario,,510,2013,Privado,,,,,,,
53732,2019-07-19 16:00:00,CORRIENTES,21,0,1,Automóvil,,DUSTER PH2 EXPRESSION 1.6,2014,Privado,,,,,,,
53732,2019-07-19 16:00:00,CORRIENTES,21,1,1,Transporte de carga,,TRANSIT,2016,Privado,,,,,,,
53757,2019-07-21 2:40:00,CORRIENTES,21,0,1,Camioneta/Utilitario,,ECOSPORT,2012,Privado,,,,,,,
53757,2019-07-21 2:40:00,CORRIENTES,21,1,1,Automóvil,,COROLLA,2015,Privado,,,,,,,
53800,2019-07-24 8:30:00,CORRIENTES,21,0,1,Camioneta/Utilitario,,HILUX 4X4 COVER DX PACK 2.5 TDI CON VENTANAS,2010,Privado,,,,,,,
53800,2019-07-24 8:30:00,CORRIENTES,21,1,1,Peatón,,,,,,,,,,,
53856,2019-07-30 9:00:00,CORRIENTES,21,0,2,Camioneta/Utilitario,,PARTNER FURGON 1.4 N,2010,Privado,,,,,,,
53856,2019-07-30 9:00:00,CORRIENTES,21,1,1,Camioneta/Utilitario,,KANGOO RL GNC PLC IZQ,2016,Privado,,,,,,,
53983,2019-08-06 11:38:00,CORRIENTES,21,0,1,Motocicleta,,SOL 70,2008,Privado,,,,,,,
53983,2019-08-06 11:38:00,CORRIENTES,21,1,1,Automóvil,,ETIOS XLS 1.5 4A/T,2014,Privado,,,,,,,
54201,2019-08-07 0:29:00,CORRIENTES,21,0,1,Automóvil,,KA 1.6 XR,2018,Privado,,,,,,,
54201,2019-08-07 0:29:00,CORRIENTES,21,1,1,Motocicleta,,STORM,2004,Privado,,,,,,,
54213,2019-08-07 10:25:00,CORRIENTES,21,0,1,Motocicleta,,CG 150 TITAN,2011,Privado,,,,,,,
54213,2019-08-07 10:25:00,CORRIENTES,21,1,1,Motocicleta,,110 CC,2019,Privado,,,,,,,
54243,2019-08-07 16:30:00,CORRIENTES,21,0,1,Automóvil,,FIESTA,2016,Privado,,,,,,,
54243,2019-08-07 16:30:00,CORRIENTES,21,1,1,Motocicleta,,CG 150 TITAN,2018,Privado,,,,,,,
54936,2019-08-14 8:20:00,CORRIENTES,21,0,1,Automóvil,,VOYAGE,2017,Privado,,,,,,,
54936,2019-08-14 8:20:00,CORRIENTES,21,1,1,Bicicleta,,PALETERO A.PA.3E.37,2019,Privado,,,,,,,
54960,2019-08-17 10:20:00,CORRIENTES,21,0,1,Automóvil,,FIESTA 1.4L AMBIENTE TDCI,1990,Privado,,,,,,,
54960,2019-08-17 10:20:00,CORRIENTES,21,1,1,Transporte de carga,,450E33TY,2012,,,,,,,,
54984,2019-08-22 7:35:00,CORRIENTES,21,0,1,Automóvil,,208 ACTIVE 1.5 N,2019,Privado,,,,,,,
54984,2019-08-22 7:35:00,CORRIENTES,21,1,1,Peatón,,,,,,,,,,,
55271,2019-08-23 10:40:00,CORRIENTES,21,0,1,Motocicleta,,ELITE,2009,Privado,,,,,,,
55455,2019-08-25 4:30:00,CORRIENTES,21,0,1,Automóvil,,GOL TREND,2016,Privado,,,,,,,
55455,2019-08-25 4:30:00,CORRIENTES,21,1,1,Motocicleta,,ZB 110 R,2018,Privado,,,,,,,
56187,2019-08-29 12:30:00,CORRIENTES,21,0,1,Automóvil,,CLIO,2011,Privado,,,,,,,
56187,2019-08-29 12:30:00,CORRIENTES,21,1,1,Motocicleta,,ROUSER 200,2019,Privado,,,,,,,
56465,2019-08-30 10:50:00,CORRIENTES,21,0,1,Motocicleta,,ZR 150,2018,Privado,,,,,,,
56465,2019-08-30 10:50:00,CORRIENTES,21,1,1,Automóvil,,ETIOS,2016,Privado,,,,,,,
56782,2019-09-06 9:30:00,CORRIENTES,21,0,1,Motocicleta,,ZB110,2012,Privado,,,,,,,
56783,2019-09-06 15:27:00,CORRIENTES,21,0,1,Automóvil,,KA 1.6 XR,2019,Privado,Pax,,,,,,
56783,2019-09-06 15:27:00,CORRIENTES,21,1,1,Motocicleta,,CG 150 TITAN,2009,Privado,,,,,,,
56908,2019-09-09 0:15:00,CORRIENTES,21,0,1,Motocicleta,,BAJAJ,2019,Privado,,,,,,,
56908,2019-09-09 0:15:00,CORRIENTES,21,1,1,Automóvil,,PICK UP,1990,Privado,,,,,,,
57240,2019-09-10 10:40:00,CORRIENTES,21,0,1,Automóvil,,SURAN,2015,Privado,,,,,,,
57240,2019-09-10 10:40:00,CORRIENTES,21,1,1,Motocicleta,,CG 150 TITAN,2008,Privado,,,,,,,
58306,2019-09-12 8:00:00,CORRIENTES,21,0,1,Motocicleta,,SL 125,2019,Privado,,,,,,,
58306,2019-09-12 8:00:00,CORRIENTES,21,1,1,Automóvil,,GOL COUNTRY GL 1.8 MI,2012,Privado,,,,,,,
58477,2019-09-16 7:00:00,CORRIENTES,21,0,1,Motocicleta,,CG 150 ESD TITAN,2009,Privado,,,,,,,
58477,2019-09-16 7:00:00,CORRIENTES,21,1,1,Motocicleta,,RD 150 H,2019,Privado,,,,,,,
58999,2019-09-27 0:20:00,CORRIENTES,21,0,1,Transporte de carga,,113 H,2015,Privado,Carga,,,,,,
58999,2019-09-27 0:20:00,CORRIENTES,21,1,1,Motocicleta,,BIZ 125 KS,2009,Privado,,,,,,,
59883,2019-10-03 8:30:00,CORRIENTES,21,0,1,Motocicleta,,ENERGY 110 BY CORVEN,2018,Privado,,,,,,,
59883,2019-10-03 8:30:00,CORRIENTES,21,1,1,Automóvil,,UNO,2017,Privado,,,,,,,
60660,2019-09-17 8:00:00,CORRIENTES,21,0,1,Motocicleta,,CR 125 RS,2010,Privado,,,,,,,
60697,2019-10-11 23:00:00,CORRIENTES,21,0,1,Automóvil,,GOL 1.6 012,2007,Privado,,,,,,,
60697,2019-10-11 23:00:00,CORRIENTES,21,1,1,Motocicleta,,SMASH,2018,Privado,,,,,,,
62290,2019-10-06 6:00:00,CORRIENTES,21,0,1,Motocicleta,,ZB 110 R,2010,Privado,,,,,,,
62854,2019-10-13 9:30:00,CORRIENTES,21,0,1,Automóvil,,VERSA SENSE AT PURE DRIVE,2017,,,,,,,,
62854,2019-10-13 9:30:00,CORRIENTES,21,1,1,Motocicleta,,G 110 TRIP,2018,Privado,,,,,,,
62880,2019-10-16 11:25:00,CORRIENTES,21,0,1,Automóvil,,COROLLA XEI PACK 1.8 6M/T,2014,,,,,,,,
62880,2019-10-16 11:25:00,CORRIENTES,21,1,1,Automóvil,,407 SPORT 1.6 HDI,2018,Privado,,,,,,,
62895,2019-10-21 15:50:00,CORRIENTES,21,0,1,Motocicleta,,SMASH T,2017,Privado,,,,,,,
62895,2019-10-21 15:50:00,CORRIENTES,21,1,1,Peatón,,,,,,,,,,,
62907,2019-10-26 6:30:00,CORRIENTES,21,0,1,Automóvil,,KA,2006,,,,,,,,
62907,2019-10-26 6:30:00,CORRIENTES,21,1,1,Automóvil,,VENTO 2.0,2008,Privado,,,,,,,
64186,2019-11-10 8:00:00,CORRIENTES,21,0,1,Automóvil,,FZ 16,2017,Privado,,,,,,,
64186,2019-11-10 8:00:00,CORRIENTES,21,1,1,Motocicleta,,SAVEIRO CL 1.6MI,2018,,,,,,,,
64859,2019-11-11 8:00:00,CORRIENTES,21,0,1,Automóvil,,PUNTO,2009,Privado,,,,,,,
64859,2019-11-11 8:00:00,CORRIENTES,21,1,1,Bicicleta,,XJ,2018,Privado,,,,,,,
64877,2019-11-16 19:00:00,CORRIENTES,21,0,1,Camioneta/Utilitario,,RANGER2 CS 4X2 XL SAFETY 2.2L D,2008,,,,,,,,
64877,2019-11-16 19:00:00,CORRIENTES,21,1,1,Motocicleta,,TXR 110,2005,Privado,,,,,,,
67478,2019-11-22 19:25:00,CORRIENTES,21,0,1,Motocicleta,,110 C.C.,2018,Privado,,,,,,,
67478,2019-11-22 19:25:00,CORRIENTES,21,1,1,Bicicleta,,MM 540 4X2 / MM 540 DP,2017,Privado,,,,,,,
67700,2019-12-05 8:15:00,CORRIENTES,21,0,1,Automóvil,,208 ACTIVE 1.5 N,2017,,,,,,,,
67700,2019-12-05 8:15:00,CORRIENTES,21,1,1,Camioneta/Utilitario,,DUSTER PH2 EXPRESSION 1.6,2008,Privado,,,,,,,
67703,2019-12-05 15:35:00,CORRIENTES,21,0,1,Automóvil,,308 CC 1.6 TURBO THP 152 CV,2017,Privado,,,,,,,
67703,2019-12-05 15:35:00,CORRIENTES,21,1,1,Motocicleta,,FX 110,2016,Privado,,,,,,,
67706,2019-12-09 6:30:00,CORRIENTES,21,0,1,Automóvil,,SIENA,2010,Privado,,,,,,,
67706,2019-12-09 6:30:00,CORRIENTES,21,1,1,Automóvil,,SANDERO AUTHENTIQUE PACK I 1.6,2010,Privado,,,,,,,
68834,2019-12-14 13:05:00,CORRIENTES,21,0,1,Automóvil,,TORO VOLCANO 2.0 16V 4X4,2016,Privado,,,,,,,
68834,2019-12-14 13:05:00,CORRIENTES,21,1,1,Motocicleta,,CG 150 TITAN,,,,,,,,,
68869,2019-12-30 14:30:00,CORRIENTES,21,0,1,Automóvil,,208,,Privado,,,,,,,
68869,2019-12-30 14:30:00,CORRIENTES,21,1,2,Motocicleta,,,,,,,,,,,
68869,2019-12-30 14:30:00,CORRIENTES,21,2,1,Motocicleta,,,,,,,,,,,
49214,2019-01-12 10:15:00,CORRIENTES,21,0,1,Motocicleta,,ZB 110 R,2013,Privado,,,,,,,
49214,2019-01-12 10:15:00,CORRIENTES,21,1,1,Camioneta/Utilitario,,RANGER XL 4X2 S/C 2.3L N,2013,Privado,,,,,,,
49222,2019-01-18 8:05:00,CORRIENTES,21,0,1,Automóvil,,ASTRA,2011,Privado,,,,,,,
49222,2019-01-18 8:05:00,CORRIENTES,21,1,1,Camioneta/Utilitario,,HILUX,2014,Privado,,,,,,,
49225,2019-01-19 17:40:00,CORRIENTES,21,0,1,Automóvil,,STREAM,2010,Privado,,,,,,,
49225,2019-01-19 17:40:00,CORRIENTES,21,1,1,Automóvil,,21 NEVADA,2011,Privado,,,,,,,
49228,2019-01-20 10:33:00,CORRIENTES,21,0,1,Automóvil,,CITY,2010,Privado,,,,,,,
49230,2019-01-21 15:00:00,CORRIENTES,21,0,2,Motocicleta,,SOL 70,2005,Privado,,,,,,,
49230,2019-01-21 15:00:00,CORRIENTES,21,1,1,Automóvil,,GOL 1.6 012,2004,Privado,,,,,,,
49230,2019-01-21 15:00:00,CORRIENTES,21,2,1,Automóvil,,ONIX JOY 5P 1.4 N LS MT +,2018,Publico,Pax,,,,,,
49251,2019-01-30 8:40:00,CORRIENTES,21,0,1,Automóvil,,UNO,2010,Privado,,,,,,,
49251,2019-01-30 8:40:00,CORRIENTES,21,1,1,Motocicleta,,ZB110D,2018,Privado,,,,,,,
49259,2019-02-02 2:00:00,CORRIENTES,21,0,1,Automóvil,,CLIO,2010,Privado,,,,,,,
49259,2019-02-02 2:00:00,CORRIENTES,21,1,1,Motocicleta,,3LDXTZ750,2019,Privado,,,,,,,
49260,2019-02-02 11:10:00,CORRIENTES,21,0,1,Automóvil,,12,2016,Privado,,,,,,,
49260,2019-02-02 11:10:00,CORRIENTES,21,1,1,Motocicleta,,Z8,2018,Privado,,,,,,,
49261,2019-02-02 19:02:00,CORRIENTES,21,0,1,Automóvil,,HILUX 4X4 D/C SRX 2.8 TDI 6 A/T,2015,Privado,,,,,,,
49261,2019-02-02 19:02:00,CORRIENTES,21,1,2,Bicicleta,,14,2015,Privado,,,,,,,
49263,2019-02-03 18:30:00,CORRIENTES,21,0,1,Motocicleta,,SURAN 1.6L 5D 618,2018,Privado,,,,,,,
49274,2019-02-07 9:20:00,CORRIENTES,21,0,1,Automóvil,,MERCEDES-AMG GLC 43 COUPE,2010,Publico,,,,,,,
49274,2019-02-07 9:20:00,CORRIENTES,21,1,1,Transporte de pasajeros,,PALIO EX FIRE 16V (3P),2014,Publico,,,,,,,
49274,2019-02-07 9:20:00,CORRIENTES,21,2,1,Automóvil,,AVEO,2012,Privado,,,,,,,
49278,2019-02-11 7:25:00,CORRIENTES,21,0,1,Automóvil,,LOGAN,2018,Publico,,,,,,,
49278,2019-02-11 7:25:00,CORRIENTES,21,1,1,Motocicleta,,WAVE 110,2018,Privado,,,,,,,
49280,2019-02-11 12:30:00,CORRIENTES,21,0,1,Automóvil,,GOL 1.6 012,2018,Privado,,,,,,,
49280,2019-02-11 12:30:00,CORRIENTES,21,1,1,Motocicleta,,125 CC,2018,Privado,Carga,,,,,,
49281,2019-02-12 7:00:00,CORRIENTES,21,0,1,Motocicleta,,125 CC,2013,Privado,,,,,,,
49284,2019-02-12 22:30:00,CORRIENTES,21,0,1,Automóvil,,SONIC 1.6 LTZ A/T,2015,Privado,,,,,,,
49284,2019-02-12 22:30:00,CORRIENTES,21,1,1,Motocicleta,,CITIPLUS 110 T,2018,Privado,,,,,,,
49290,2019-02-16 17:20:00,CORRIENTES,21,0,1,Automóvil,,MEGANE RXE TRI ABCP ABS T,2000,Privado,,,,,,,
49290,2019-02-16 17:20:00,CORRIENTES,21,1,1,Motocicleta,,125 CC,2009,Privado,,,,,,,
49292,2019-02-16 20:20:00,CORRIENTES,21,0,1,Automóvil,,GOL 1.6 012,2012,Privado,,,,,,,
49292,2019-02-16 20:20:00,CORRIENTES,21,1,1,Motocicleta,,SMASH,2012,Privado,,,,,,,
49302,2019-02-20 14:35:00,CORRIENTES,21,0,1,Automóvil,,GOL,2015,Privado,,,,,,,
49302,2019-02-20 14:35:00,CORRIENTES,21,1,2,Motocicleta,,ZB110D,2015,Privado,,,,,,,
49308,2019-02-22 17:20:00,CORRIENTES,21,0,3,Automóvil,,LOGAN 1.6 8V PACK,2007,Privado,,,,,,,
49308,2019-02-22 17:20:00,CORRIENTES,21,1,2,Camioneta/Utilitario,,HILUX 4X4 D/C SRX 2.8 TDI 6 A/T,2014,Privado,,,,,,,
49308,2019-02-22 17:20:00,CORRIENTES,21,2,3,Camioneta/Utilitario,,AMAROK 2.0L TDI 180 CV 4X4 561,2014,Privado,,,,,,,
49313,2019-02-22 23:30:00,CORRIENTES,21,0,1,Motocicleta,,REGIA 125,,,,,,,,,
49313,2019-02-22 23:30:00,CORRIENTES,21,1,1,Motocicleta,,DAX 70,,,,,,,,,
49314,2019-02-23 23:15:00,CORRIENTES,21,0,2,Automóvil,,RANGER2 DC 4X4 LTD MT 3.2L DSL,2017,Privado,,,,,,,
49314,2019-02-23 23:15:00,CORRIENTES,21,1,1,Motocicleta,,YBR 125,,,,,,,,,
49323,2019-02-28 4:46:00,CORRIENTES,21,0,1,Motocicleta,,RX 150,2018,Privado,,,,,,,
49324,2019-03-01 16:20:00,CORRIENTES,21,0,1,Automóvil,,408 ALLURE+ 2.0N,2011,Privado,,,,,,,
49324,2019-03-01 16:20:00,CORRIENTES,21,1,2,Motocicleta,,ZB 50,2011,Privado,,,,,,,
49332,2019-03-05 0:31:00,CORRIENTES,21,0,1,Automóvil,,207,2014,Privado,,,,,,,
49332,2019-03-05 0:31:00,CORRIENTES,21,1,1,Motocicleta,,ZSC125,2008,Privado,,,,,,,
49349,2019-03-13 9:30:00,CORRIENTES,21,0,2,Automóvil,,SANDERO,2013,,,,,,,,
49349,2019-03-13 9:30:00,CORRIENTES,21,1,1,Motocicleta,,PATAGONIA,2016,Privado,,,,,,,
49363,2019-03-19 8:10:00,CORRIENTES,21,0,1,Motocicleta,,ZB110D,2018,Privado,,,,,,,
49363,2019-03-19 8:10:00,CORRIENTES,21,1,1,Motocicleta,,HOT,,Privado,,,,,,,
49370,2019-03-21 7:45:00,CORRIENTES,21,0,1,Motocicleta,,110 C.C.,2011,Privado,,,,,,,
49370,2019-03-21 7:45:00,CORRIENTES,21,1,2,Automóvil,,208 FELINE 1.6 N PACK CUIR,2016,Privado,,,,,,,
49374,2019-03-22 7:00:00,CORRIENTES,21,0,1,Automóvil,,SURAN 1.6L 5D 618,2013,Privado,,,,,,,
49374,2019-03-22 7:00:00,CORRIENTES,21,1,1,Automóvil,,FOCUS,2009,Privado,,,,,,,
49378,2019-03-23 9:45:00,CORRIENTES,21,0,1,Automóvil,,208 GTI,2014,Privado,,,,,,,
49378,2019-03-23 9:45:00,CORRIENTES,21,1,1,Automóvil,,CORSA,2008,Privado,,,,,,,
49388,2019-03-25 13:20:00,CORRIENTES,21,0,1,Automóvil,,DUSTER PRIVILEGE 2.0 4X2,2016,Privado,Pax,,,,,,
49388,2019-03-25 13:20:00,CORRIENTES,21,1,1,Camioneta/Utilitario,,RANGER2 DC 4X4 LTD MT 3.2L DSL,2013,Privado,,,,,,,
49395,2019-03-24 13:00:00,CORRIENTES,21,0,1,Motocicleta,,CG 125 TITAN,2019,Privado,,,,,,,
49395,2019-03-24 13:00:00,CORRIENTES,21,1,1,Automóvil,,GOL,2014,Privado,,,,,,,
49400,2019-03-29 7:50:00,CORRIENTES,21,0,1,Automóvil,,SIENA,2012,Privado,,,,,,,
49400,2019-03-29 7:50:00,CORRIENTES,21,1,2,Motocicleta,,150 CC,2008,Privado,,,,,,,
49423,2019-04-07 12:40:00,CORRIENTES,21,0,1,Automóvil,,SIENA,2017,Privado,Pax,,,,,,
49425,2019-04-08 11:15:00,CORRIENTES,21,0,1,Motocicleta,,ZB 110 R,2005,Privado,Pax,,,,,,
49425,2019-04-08 11:15:00,CORRIENTES,21,1,1,Automóvil,,FOCUS,1996,Oficial,,,,,,,
49437,2019-04-12 14:25:00,CORRIENTES,21,0,1,Automóvil,,CORSA,2014,Privado,,,,,,,
49437,2019-04-12 14:25:00,CORRIENTES,21,1,1,Motocicleta,,CG 150 TITAN,2018,Privado,,,,,,,
49440,2019-04-12 13:30:00,CORRIENTES,21,0,2,Motocicleta,,ZB110D,,Privado,,,,,,,
49444,2019-04-05 8:00:00,CORRIENTES,21,0,1,Automóvil,,FLUENCE PH2 2.0 GT,2011,Privado,,,,,,,
49444,2019-04-05 8:00:00,CORRIENTES,21,1,1,Motocicleta,,FZ 16,2012,Privado,,,,,,,
49446,2019-04-08 0:10:00,CORRIENTES,21,0,1,Automóvil,,FIESTA,2017,Privado,,,,,,,
49446,2019-04-08 0:10:00,CORRIENTES,21,1,1,Automóvil,,UNO,2008,Privado,,,,,,,
49474,2019-04-23 11:45:00,CORRIENTES,21,0,1,Automóvil,,KA,2009,Privado,Pax,,,,,,
49474,2019-04-23 11:45:00,CORRIENTES,21,1,1,Motocicleta,,110 CC,2010,Privado,,,,,,,
49475,2019-04-23 15:50:00,CORRIENTES,21,0,1,Motocicleta,,YBR 125,2011,Privado,,,,,,,
49475,2019-04-23 15:50:00,CORRIENTES,21,1,1,Automóvil,,PALIO,2012,Privado,,,,,,,
49480,2019-04-25 22:30:00,CORRIENTES,21,0,1,Motocicleta,,YBR 125,2019,Privado,,,,,,,
49512,2019-05-11 8:15:00,CORRIENTES,21,0,1,Automóvil,,PUNTO,2016,Privado,,,,,,,
49512,2019-05-11 8:15:00,CORRIENTES,21,1,1,Automóvil,,504 SL,2009,Privado,,,,,,,
49529,2019-05-17 19:00:00,CORRIENTES,21,0,1,Automóvil,,ETIOS XLS 1.5 4A/T,2017,Privado,,,,,,,
49529,2019-05-17 19:00:00,CORRIENTES,21,1,1,Motocicleta,,CITTA 150,2018,Privado,,,,,,,
49533,2019-05-21 7:20:00,CORRIENTES,21,0,1,Motocicleta,,ZR 150,2018,Privado,,,,,,,
49533,2019-05-21 7:20:00,CORRIENTES,21,1,1,Automóvil,,KA,2010,Privado,,,,,,,
49540,2019-05-28 19:15:00,CORRIENTES,21,0,1,Motocicleta,,ZB 110 R,2012,Privado,,,,,,,
49540,2019-05-28 19:15:00,CORRIENTES,21,1,1,Automóvil,,HILUX,2012,Privado,,,,,,,
49540,2019-05-28 19:15:00,CORRIENTES,21,2,1,Automóvil,,HILUX,2012,Privado,,,,,,,
49543,2019-05-28 20:45:00,CORRIENTES,21,0,1,Automóvil,,SANDERO,2018,Privado,,,,,,,
49543,2019-05-28 20:45:00,CORRIENTES,21,1,1,Motocicleta,,110CC,2010,Privado,,,,,,,
49546,2019-05-30 15:50:00,CORRIENTES,21,0,1,Motocicleta,,G 110 TRIP,2010,Privado,,,,,,,
49546,2019-05-30 15:50:00,CORRIENTES,21,1,1,Camioneta/Utilitario,,TRAILBLAZER 2.8 CTDI 4X4 LT A/T,2010,Privado,,,,,,,
49547,2019-05-31 1:40:00,CORRIENTES,21,0,1,Automóvil,,PALIO EX FIRE 16V (3P),2018,Privado,,,,,,,
49548,2019-05-31 20:30:00,CORRIENTES,21,0,1,Motocicleta,,CG 150 TITAN,2018,Privado,,,,,,,
49548,2019-05-31 20:30:00,CORRIENTES,21,1,1,Automóvil,,GOL,1995,Privado,Pax,,,,,,
49548,2019-05-31 20:30:00,CORRIENTES,21,2,1,Motocicleta,,YBR 150,2009,Privado,,,,,,,
49556,2019-05-30 15:00:00,CORRIENTES,21,0,2,Automóvil,,CELTA,2015,Privado,,,,,,,
49559,2019-06-04 11:00:00,CORRIENTES,21,0,1,Camioneta/Utilitario,,RANGER DC 4X4 XL PLUS 3.0L D,2016,Privado,Pax,,,,,,
49559,2019-06-04 11:00:00,CORRIENTES,21,1,1,Camioneta/Utilitario,,HILUX,2012,Privado,,,,,,,
49577,2019-06-10 14:30:00,CORRIENTES,21,0,1,Motocicleta,,G 100 TRIP,2011,Privado,,,,,,,
49577,2019-06-10 14:30:00,CORRIENTES,21,1,1,Automóvil,,LOGAN PH2 PACK 1.5 DCI,2017,Privado,,,,,,,
49592,2019-06-16 17:50:00,CORRIENTES,21,0,1,Automóvil,,C3 AIRCROSS 90 LIVE,2017,Privado,,,,,,,
49594,2019-06-14 19:50:00,CORRIENTES,21,0,2,Motocicleta,,BROSS,2004,Privado,,,,,,,
49594,2019-06-14 19:50:00,CORRIENTES,21,1,1,Motocicleta,,CG 125,2005,Privado,,,,,,,
49596,2019-06-20 3:00:00,CORRIENTES,21,0,1,Automóvil,,SPRINTER 310 D / C3550,2018,Privado,,,,,,,
49596,2019-06-20 3:00:00,CORRIENTES,21,1,1,Automóvil,,AGILE LTZ 1.4N C/GOOGLE,2019,Publico,Pax,,,,,,
49598,2019-06-20 9:10:00,CORRIENTES,21,0,1,Motocicleta,,XR 100 RT,2012,Privado,,,,,,,
49598,2019-06-20 9:10:00,CORRIENTES,21,1,1,Tracción a sangre,,,,,,,,,,,
49607,2019-06-28 7:45:00,CORRIENTES,21,0,2,Automóvil,,PALIO,2010,Privado,,,,,,,
49607,2019-06-28 7:45:00,CORRIENTES,21,1,1,Camioneta/Utilitario,,HILUX 4X4 D/C SRX 2.8 TDI 6 A/T,2018,Privado,,,,,,,
49611,2019-07-01 1:30:00,CORRIENTES,21,0,1,Automóvil,,BORA,2011,Privado,,,,,,,
49611,2019-07-01 1:30:00,CORRIENTES,21,1,1,Motocicleta,,PLUS,2010,Privado,,,,,,,
49613,2019-07-01 9:15:00,CORRIENTES,21,0,1,Camioneta/Utilitario,,RANGER,2016,Oficial,,,,,,,
49613,2019-07-01 9:15:00,CORRIENTES,21,1,1,Camioneta/Utilitario,,SAVEIRO,2004,Privado,,,,,,,
49615,2019-07-01 23:40:00,CORRIENTES,21,0,1,Automóvil,,C4 PICASSO 2.0 HDI,2010,Privado,,,,,,,
49615,2019-07-01 23:40:00,CORRIENTES,21,1,1,Motocicleta,,C 105 BIZ,2017,Privado,,,,,,,
52269,2019-07-03 9:20:00,CORRIENTES,21,0,1,Automóvil,,CLASSIC,2007,Privado,,,,,,,
52269,2019-07-03 9:20:00,CORRIENTES,21,1,1,Automóvil,,GOL,2013,Privado,,,,,,,
53642,2019-07-13 5:00:00,CORRIENTES,21,0,1,Automóvil,,POLO,2000,Privado,,,,,,,
53642,2019-07-13 5:00:00,CORRIENTES,21,1,1,Automóvil,,RANGER,2016,Privado,,,,,,,
53662,2019-07-14 0:30:00,CORRIENTES,21,0,1,Automóvil,,TORO FREEDOM 2.0 16V 4X2,2016,Privado,,,,,,,
53662,2019-07-14 0:30:00,CORRIENTES,21,1,1,Automóvil,,CIVIC,2008,Privado,,,,,,,
53664,2019-07-13 18:30:00,CORRIENTES,21,0,1,Motocicleta,,XR,2011,Privado,,,,,,,
53664,2019-07-13 18:30:00,CORRIENTES,21,1,1,Motocicleta,,YBR125E,2019,Privado,,,,,,,
53766,2019-07-23 11:10:00,CORRIENTES,21,0,1,Automóvil,,ETIOS XLS 1.5 4A/T,2019,Privado,,,,,,,
53766,2019-07-23 11:10:00,CORRIENTES,21,1,1,Transporte de carga,,FH 400 6X4 R,2008,Privado,,,,,,,
53796,2019-07-24 8:50:00,CORRIENTES,21,0,1,Automóvil,,FIESTA,2015,Privado,,,,,,,
53796,2019-07-24 8:50:00,CORRIENTES,21,1,1,Automóvil,,TIIDA 1.5 A/T,2017,Privado,,,,,,,
53852,2019-07-25 20:15:00,CORRIENTES,21,0,1,Motocicleta,,ZB 110 R,2013,Privado,,,,,,,
53852,2019-07-25 20:15:00,CORRIENTES,21,1,1,Camioneta/Utilitario,,KANGOO RL GNC PLC IZQ,2012,Privado,Carga,,,,,,
53854,2019-07-26 19:00:00,CORRIENTES,21,0,1,Automóvil,,COROLLA XEI PACK 1.8 6M/T,2015,Privado,,,,,,,
53854,2019-07-26 19:00:00,CORRIENTES,21,1,1,Transporte de carga,,R143 ML 4X2,2015,Privado,,,,,,,
54456,2019-08-08 8:50:00,CORRIENTES,21,0,1,Automóvil,,CIVIC,2010,Privado,,,,,,,
54456,2019-08-08 8:50:00,CORRIENTES,21,1,1,Motocicleta,,CG 150 TITAN,2011,Privado,,,,,,,
54492,2019-08-11 10:30:00,CORRIENTES,21,0,1,Automóvil,,DAILY 50.13 FURGON VIDRIADO 3950,2017,Privado,,,,,,,
54492,2019-08-11 10:30:00,CORRIENTES,21,1,1,Motocicleta,,110CC,2004,Privado,,,,,,,
54586,2019-08-13 9:35:00,CORRIENTES,21,0,1,Motocicleta,,FX 90,2008,Privado,,,,,,,
54586,2019-08-13 9:35:00,CORRIENTES,21,1,1,Automóvil,,GOL,2008,Privado,,,,,,,
54617,2019-08-13 16:35:00,CORRIENTES,21,0,1,Automóvil,,VOYAGE,2013,Privado,,,,,,,
54617,2019-08-13 16:35:00,CORRIENTES,21,1,1,Automóvil,,LINEA 1.9 16V,2015,Privado,,,,,,,
54617,2019-08-13 16:35:00,CORRIENTES,21,2,1,Camioneta/Utilitario,,AMAROK 2.0L TDI 180 CV 4X4 561,2018,Privado,,,,,,,
54617,2019-08-13 16:35:00,CORRIENTES,21,3,1,Automóvil,,ETIOS XLS 1.5 4A/T,2016,Privado,,,,,,,
54617,2019-08-13 16:35:00,CORRIENTES,21,4,1,Camioneta/Utilitario,,ECOSPORT,2013,Privado,,,,,,,
54644,2019-08-14 17:50:00,CORRIENTES,21,0,1,Motocicleta,,SMASH,2017,Privado,,,,,,,
54644,2019-08-14 17:50:00,CORRIENTES,21,1,2,Motocicleta,,GB 500 LL,,Privado,,,,,,,
54748,2019-08-21 17:40:00,CORRIENTES,21,0,1,Automóvil,,SANDERO AUTHENTIQUE PACK I 1.6,2015,Privado,,,,,,,
54748,2019-08-21 17:40:00,CORRIENTES,21,1,1,Motocicleta,,ENERGY 125,2018,Privado,,,,,,,
54956,2019-08-15 12:05:00,CORRIENTES,21,0,1,Automóvil,,ONIX JOY 5P 1.4 N LS MT,2018,Privado,,,,,,,
54956,2019-08-15 12:05:00,CORRIENTES,21,1,1,Peatón,,,,,,,,,,,
55234,2019-08-21 17:50:00,CORRIENTES,21,0,1,Camioneta/Utilitario,,HILUX,2016,Privado,,,,,,,
55234,2019-08-21 17:50:00,CORRIENTES,21,1,1,Camioneta/Utilitario,,HILUX,2007,Privado,,,,,,,
55290,2019-08-23 12:05:00,CORRIENTES,21,0,1,Motocicleta,,MIDNIGHT 750,2010,Privado,,,,,,,
55290,2019-08-23 12:05:00,CORRIENTES,21,1,1,Automóvil,,GACEL,1986,Privado,,,,,,,
56136,2019-08-28 16:05:00,CORRIENTES,21,0,1,Automóvil,,CLIO,2013,Privado,,,,,,,
56136,2019-08-28 16:05:00,CORRIENTES,21,1,1,Motocicleta,,SOL 50 MAX,2007,Privado,,,,,,,
57117,2019-09-09 1:30:00,CORRIENTES,21,0,1,Transporte de pasajeros,,17210,2016,Publico,,,,,,,
57117,2019-09-09 1:30:00,CORRIENTES,21,1,2,Motocicleta,,YBR 125,2010,Privado,,,,,,,
58494,2019-09-16 7:35:00,CORRIENTES,21,0,1,Automóvil,,AGILE LTZ 5P 1.4N,2017,Privado,,,,,,,
58494,2019-09-16 7:35:00,CORRIENTES,21,1,1,Peatón,,,,,,,,,,,
58523,2019-09-16 11:25:00,CORRIENTES,21,0,1,Motocicleta,,ZR 150,2007,Privado,,,,,,,
58523,2019-09-16 11:25:00,CORRIENTES,21,1,1,Automóvil,,UNO BASE FIRE,2010,Privado,,,,,,,
58549,2019-09-18 9:00:00,CORRIENTES,21,0,1,Camioneta/Utilitario,,HB 100,2007,Privado,,,,,,,
58549,2019-09-18 9:00:00,CORRIENTES,21,1,1,Motocicleta,,LD 110 S,2018,Privado,,,,,,,
58985,2019-09-20 7:00:00,CORRIENTES,21,0,1,Motocicleta,,BIZ 125 KS,2018,Privado,,,,,,,
58985,2019-09-20 7:00:00,CORRIENTES,21,1,1,Camioneta/Utilitario,,AMAROK 2.0L TDI 180 CV 4X4 561,2018,Privado,,,,,,,
62706,2019-10-09 22:35:00,CORRIENTES,21,0,1,Automóvil,,405,2010,Privado,Pax,,,,,,
62706,2019-10-09 22:35:00,CORRIENTES,21,1,1,Motocicleta,,KERAX 370.32 8X4,2009,Privado,,,,,,,
62898,2019-10-17 14:30:00,CORRIENTES,21,0,1,Automóvil,,G 110 TRIP,2017,Privado,,,,,,,
62898,2019-10-17 14:30:00,CORRIENTES,21,1,1,Camioneta/Utilitario,,COROLLA XL,2015,,,,,,,,
62901,2019-10-23 7:15:00,CORRIENTES,21,0,2,Motocicleta,,TORNADO,2018,Privado,,,,,,,
62901,2019-10-23 7:15:00,CORRIENTES,21,1,1,Transporte de carga,,1114,2017,,,,,,,,
62904,2019-10-25 4:00:00,CORRIENTES,21,0,1,Automóvil,,GOL,2018,Privado,,,,,,,
62904,2019-10-25 4:00:00,CORRIENTES,21,1,1,Camioneta/Utilitario,,RANGER2 DC 4X4 LTD MT 3.2L DSL,2018,Privado,,,,,,,
62908,2019-10-26 7:30:00,CORRIENTES,21,0,1,Automóvil,,FOCUS STYLE 2.0L NAFTA MT,2018,Privado,,,,,,,
62908,2019-10-26 7:30:00,CORRIENTES,21,1,1,Automóvil,,GOL 1.6 012,2007,Privado,,,,,,,
62910,2019-10-30 19:20:00,CORRIENTES,21,0,1,Motocicleta,,CG 150 TITAN,2009,Privado,,,,,,,
62910,2019-10-30 19:20:00,CORRIENTES,21,1,1,Peatón,,,,,,,,,,,
62911,2019-10-30 17:10:00,CORRIENTES,21,0,1,Motocicleta,,YBR 125,2005,Privado,,,,,,,
62911,2019-10-30 17:10:00,CORRIENTES,21,1,1,Motocicleta,,YBR,2018,Privado,,,,,,,
64177,2019-10-28 13:40:00,CORRIENTES,21,0,1,Motocicleta,,SZ15RR,2018,Privado,,,,,,,
64177,2019-10-28 13:40:00,CORRIENTES,21,1,1,Motocicleta,,G 100 TRIP,2018,Privado,,,,,,,
64839,2019-11-01 13:20:00,CORRIENTES,21,0,1,Automóvil,,ECOSPORT,2018,Privado,,,,,,,
64839,2019-11-01 13:20:00,CORRIENTES,21,1,1,Motocicleta,,ZB110D,2017,Privado,,,,,,,
67493,2019-11-29 11:30:00,CORRIENTES,21,0,3,Motocicleta,,ZB 110 R,2014,Privado,,,,,,,
67704,2019-12-06 13:50:00,CORRIENTES,21,0,1,Automóvil,,FIESTA,2013,Privado,,,,,,,
67704,2019-12-06 13:50:00,CORRIENTES,21,1,1,Motocicleta,,ZB110D,2018,Privado,,,,,,,
67705,2019-12-08 7:05:00,CORRIENTES,21,0,1,Motocicleta,,PALIO,2008,,,,,,,,
68790,2019-12-20 9:00:00,CORRIENTES,21,0,1,Automóvil,,PARTNER,,Privado,,,,,,,
68790,2019-12-20 9:00:00,CORRIENTES,21,1,1,Automóvil,,PALIO FIRE 1.4 5P,,Privado,,,,,,,
68790,2019-12-20 9:00:00,CORRIENTES,21,2,1,Automóvil,,SIENA,,,,,,,,,
49556,2019-05-30 15:00:00,CORRIENTES,21,1,1,Peatón,,,,,,,,,,,
49202,2019-01-03 11:30:00,CORRIENTES,21,0,1,Camioneta/Utilitario,,RANGER2 DC 4X4 LTD MT 3.2L DSL,2018,Privado,,,,,,,
49202,2019-01-03 11:30:00,CORRIENTES,21,1,1,Motocicleta,,CG 150 TITAN,2018,Privado,,,,,,,
49204,2019-01-04 9:15:00,CORRIENTES,21,0,1,Transporte de pasajeros,,MERCEDES-AMG GLA 45 4MATIC,2010,Publico,,,,,,,
49204,2019-01-04 9:15:00,CORRIENTES,21,1,1,Transporte de pasajeros,,SIENA,2012,Publico,,,,,,,
49215,2019-01-12 9:40:00,CORRIENTES,21,0,1,Automóvil,,SANDERO AUTHENTIQUE PACK I 1.6,2012,Privado,,,,,,,
49215,2019-01-12 9:40:00,CORRIENTES,21,1,1,Motocicleta,,GORILLA 110,2018,Privado,,,,,,,
49240,2019-01-23 17:50:00,CORRIENTES,21,0,1,Automóvil,,FOX,2016,Privado,,,,,,,
49240,2019-01-23 17:50:00,CORRIENTES,21,1,2,Motocicleta,,YBR,2012,Privado,,,,,,,
49245,2019-01-25 7:50:00,CORRIENTES,21,0,1,Automóvil,,ONIX,2017,,,,,,,,
49245,2019-01-25 7:50:00,CORRIENTES,21,1,1,Automóvil,,ECOSPORT,2011,Privado,,,,,,,
49245,2019-01-25 7:50:00,CORRIENTES,21,2,1,Automóvil,,SURAN,2015,Privado,,,,,,,
49269,2019-02-05 16:15:00,CORRIENTES,21,0,2,Motocicleta,,CX150,2009,Privado,,,,,,,
49270,2019-02-06 7:30:00,CORRIENTES,21,0,1,Automóvil,,STRADA ADVENTURE (F4) 1.6 16V CE,2013,Privado,,,,,,,
49270,2019-02-06 7:30:00,CORRIENTES,21,1,1,Motocicleta,,110CC,2019,Privado,,,,,,,
49277,2019-02-10 9:50:00,CORRIENTES,21,0,1,Automóvil,,508 FELINE N 156 CV TIP,2013,Privado,,,,,,,
49282,2019-02-12 8:00:00,CORRIENTES,21,0,1,Automóvil,,FOCUS STYLE 2.0L NAFTA MT,2018,Privado,,,,,,,
49282,2019-02-12 8:00:00,CORRIENTES,21,1,1,Automóvil,,SANDERO,2016,Privado,,,,,,,
49282,2019-02-12 8:00:00,CORRIENTES,21,2,1,Automóvil,,SIENA,2013,Publico,,,,,,,
49286,2019-02-13 7:15:00,CORRIENTES,21,0,1,Automóvil,,FOX 1.6 MSI 16V HIGHLINE PEPPER,2018,Privado,,,,,,,
49286,2019-02-13 7:15:00,CORRIENTES,21,1,1,Motocicleta,,BLITZ,2012,Privado,,,,,,,
49296,2019-02-19 9:00:00,CORRIENTES,21,0,2,Motocicleta,,GN 125 EP,,Privado,,,,,,,
49297,2019-02-18 9:00:00,CORRIENTES,21,0,1,Motocicleta,,G 100 DE LUXE,2010,,,,,,,,
49297,2019-02-18 9:00:00,CORRIENTES,21,1,1,Automóvil,,FIT,2010,Privado,,,,,,,
49305,2019-02-21 9:15:00,CORRIENTES,21,0,1,Motocicleta,,BIZ 125,2016,Privado,,,,,,,
49305,2019-02-21 9:15:00,CORRIENTES,21,1,1,Automóvil,,ETIOS XLS 1.5 4A/T,2018,Publico,,,,,,,
49334,2019-03-06 9:00:00,CORRIENTES,21,0,1,Automóvil,,CR-V EX,2005,Privado,,,,,,,
49334,2019-03-06 9:00:00,CORRIENTES,21,1,1,Camioneta/Utilitario,,SONIC,2015,Privado,,,,,,,
49339,2019-03-10 7:50:00,CORRIENTES,21,0,2,Motocicleta,,XR 250 LLP,2012,Privado,,,,,,,
49341,2019-03-10 19:50:00,CORRIENTES,21,0,1,Automóvil,,RANGER2 DC 4X4 LTD MT 3.2L DSL,2018,Privado,,,,,,,
49341,2019-03-10 19:50:00,CORRIENTES,21,1,2,Motocicleta,,CG 150 TITAN,2011,Privado,,,,,,,
49347,2019-03-12 14:20:00,CORRIENTES,21,0,1,Automóvil,,GOL,2009,Privado,,,,,,,
49347,2019-03-12 14:20:00,CORRIENTES,21,1,1,Automóvil,,SIENA,2011,Privado,,,,,,,
49350,2019-03-13 15:30:00,CORRIENTES,21,0,1,Automóvil,,KA,2006,Privado,,,,,,,
49351,2019-03-13 13:35:00,CORRIENTES,21,0,1,Automóvil,,CLIO,2018,Privado,Pax,,,,,,
49351,2019-03-13 13:35:00,CORRIENTES,21,1,1,Camioneta/Utilitario,,AMAROK 2.0L TDI 180 CV 4X4 561,2015,Privado,,,,,,,
49356,2019-03-16 10:05:00,CORRIENTES,21,0,1,Automóvil,,CELTA,2012,Privado,,,,,,,
49356,2019-03-16 10:05:00,CORRIENTES,21,1,1,Automóvil,,MASTER,2014,Privado,,,,,,,
49360,2019-03-21 16:45:00,CORRIENTES,21,0,1,Motocicleta,,DUE,2019,Privado,,,,,,,
49360,2019-03-21 16:45:00,CORRIENTES,21,1,1,Camioneta/Utilitario,,RANGER,2014,Privado,,,,,,,
49386,2019-03-25 10:00:00,CORRIENTES,21,0,1,Motocicleta,,ZB 110 R,2018,Privado,,,,,,,
49386,2019-03-25 10:00:00,CORRIENTES,21,1,1,Automóvil,,FIORINO,2017,Privado,,,,,,,
49396,2019-03-28 16:30:00,CORRIENTES,21,0,1,Motocicleta,,XR 100,2012,Privado,,,,,,,
49396,2019-03-28 16:30:00,CORRIENTES,21,1,1,Motocicleta,,CG 150 TITAN,2018,Privado,Pax,,,,,,
49415,2019-04-01 21:20:00,CORRIENTES,21,0,1,Motocicleta,,135,2010,Privado,,,,,,,
49415,2019-04-01 21:20:00,CORRIENTES,21,1,1,Automóvil,,COROLLA,2012,Privado,,,,,,,
49418,2019-04-05 14:30:00,CORRIENTES,21,0,1,Motocicleta,,ZB110D,2015,Privado,,,,,,,
49418,2019-04-05 14:30:00,CORRIENTES,21,1,,Motocicleta,,,,,,,,,,,
49431,2019-04-10 12:40:00,CORRIENTES,21,0,1,Automóvil,,CLIO,2014,Privado,,,,,,,
49431,2019-04-10 12:40:00,CORRIENTES,21,1,2,Automóvil,,GOL,2019,Privado,,,,,,,
49438,2019-04-12 22:30:00,CORRIENTES,21,0,1,Automóvil,,HILUX,2012,Privado,,,,,,,
49438,2019-04-12 22:30:00,CORRIENTES,21,1,1,Camioneta/Utilitario,,FIESTA,2016,Privado,Pax,,,,,,
49442,2019-04-14 7:30:00,CORRIENTES,21,0,1,Automóvil,,LOGAN PH2 PACK 1.5 DCI,2009,Privado,,,,,,,
49442,2019-04-14 7:30:00,CORRIENTES,21,1,1,Motocicleta,,CG 150 TITAN,2018,Privado,,,,,,,
49455,2019-04-15 7:30:00,CORRIENTES,21,0,1,Automóvil,,COROLLA,2016,Privado,,,,,,,
49455,2019-04-15 7:30:00,CORRIENTES,21,1,1,Automóvil,,COROLLA,2013,Privado,,,,,,,
49456,2019-04-15 17:00:00,CORRIENTES,21,0,1,Automóvil,,SAVEIRO,2016,Privado,,,,,,,
49456,2019-04-15 17:00:00,CORRIENTES,21,1,1,Motocicleta,,ZB 110,2018,Privado,,,,,,,
49465,2019-04-18 18:20:00,CORRIENTES,21,0,1,Automóvil,,GOL,2018,Privado,,,,,,,
49465,2019-04-18 18:20:00,CORRIENTES,21,1,1,Motocicleta,,ZB100-4L,2019,Privado,,,,,,,
49472,2019-04-23 8:10:00,CORRIENTES,21,0,1,Automóvil,,FIESTA,2013,Privado,Pax,,,,,,
49472,2019-04-23 8:10:00,CORRIENTES,21,1,1,Motocicleta,,XR 150 L,2017,Privado,,,,,,,
49476,2019-04-24 12:30:00,CORRIENTES,21,0,2,Motocicleta,,110 CC,2009,Privado,,,,,,,
49476,2019-04-24 12:30:00,CORRIENTES,21,1,4,Camioneta/Utilitario,,RANGER2 DC 4X4 LTD MT 3.2L DSL,2017,Privado,,,,,,,
49483,2019-04-26 18:50:00,CORRIENTES,21,0,1,Automóvil,,GOL,2010,Privado,,,,,,,
49483,2019-04-26 18:50:00,CORRIENTES,21,1,1,Motocicleta,,110,2018,Privado,,,,,,,
49496,2019-05-01 8:15:00,CORRIENTES,21,0,1,Transporte de carga,,L 1114,2012,Privado,Carga,,,,,,
49500,2019-05-02 9:24:00,CORRIENTES,21,0,1,Automóvil,,CORSA,2016,Publico,Pax,,,,,,
49500,2019-05-02 9:24:00,CORRIENTES,21,1,3,Motocicleta,,CITIPLUS 110 T,2018,Privado,,,,,,,
49500,2019-05-02 9:24:00,CORRIENTES,21,2,1,Automóvil,,12,1994,Privado,Pax,,,,,,
49505,2019-05-07 9:50:00,CORRIENTES,21,0,1,Motocicleta,,CG 150 TITAN,2012,Privado,,,,,,,
49520,2019-05-13 10:40:00,CORRIENTES,21,0,1,Automóvil,,FOCUS,2017,Privado,,,,,,,
49520,2019-05-13 10:40:00,CORRIENTES,21,1,1,Motocicleta,,WAVE 110,2011,Privado,,,,,,,
49549,2019-06-01 15:20:00,CORRIENTES,21,0,1,Automóvil,,AVEO,2013,Privado,,,,,,,
49549,2019-06-01 15:20:00,CORRIENTES,21,1,2,Motocicleta,,CG 150 TITAN,2019,Privado,,,,,,,
49567,2019-06-07 11:49:00,CORRIENTES,21,0,1,Motocicleta,,C 110,2019,Privado,,,,,,,
49569,2019-01-02 14:10:00,CORRIENTES,21,0,1,Motocicleta,,ZB 110 R,2018,Privado,,,,,,,
49569,2019-01-02 14:10:00,CORRIENTES,21,1,1,Automóvil,,GOL TREND 1.6 SPORTLINE,2015,Privado,Pax,,,,,,
49588,2019-06-14 19:20:00,CORRIENTES,21,0,1,Automóvil,,LOGAN PH2 PACK 1.5 DCI,2012,Privado,,,,,,,
49588,2019-06-14 19:20:00,CORRIENTES,21,1,1,Motocicleta,,NEVADA 110 SP,2010,Privado,,,,,,,
49599,2019-06-20 9:20:00,CORRIENTES,21,0,1,Motocicleta,,ZB 110 R,2018,Privado,,,,,,,
49599,2019-06-20 9:20:00,CORRIENTES,21,1,1,Motocicleta,,110 CC,2018,Privado,,,,,,,
49605,2019-06-25 10:40:00,CORRIENTES,21,0,2,Motocicleta,,XR 150 L,2019,Privado,,,,,,,
49605,2019-06-25 10:40:00,CORRIENTES,21,1,1,Automóvil,,AGILE LTZ 1.4N C/GOOGLE,2014,Privado,,,,,,,
49606,2019-06-26 23:00:00,CORRIENTES,21,0,1,Motocicleta,,BIZ 125,2018,Privado,,,,,,,
52270,2019-07-03 10:00:00,CORRIENTES,21,0,1,Automóvil,,OMEGA,2014,Privado,,,,,,,
52270,2019-07-03 10:00:00,CORRIENTES,21,1,2,Motocicleta,,SMASH R,2016,Privado,,,,,,,
52281,2019-07-06 20:30:00,CORRIENTES,21,0,1,Motocicleta,,SKUA 150,2019,Privado,,,,,,,
53678,2019-07-14 6:00:00,CORRIENTES,21,0,1,Automóvil,,207,,Privado,,,,,,,
53678,2019-07-14 6:00:00,CORRIENTES,21,1,5,Automóvil,,MEGANE,,Privado,,,,,,,
53761,2019-07-22 7:00:00,CORRIENTES,21,0,1,Automóvil,,GOL,2016,Privado,,,,,,,
53761,2019-07-22 7:00:00,CORRIENTES,21,1,-1,Motocicleta,,YBR,2008,Privado,,,,,,,
53785,2019-07-23 23:45:00,CORRIENTES,21,0,1,Automóvil,,PALIO,2016,Privado,,,,,,,
53785,2019-07-23 23:45:00,CORRIENTES,21,1,1,Motocicleta,,WAVE,2018,Privado,,,,,,,
53867,2019-08-03 10:00:00,CORRIENTES,21,0,1,Automóvil,,KA,2018,Privado,,,,,,,
53867,2019-08-03 10:00:00,CORRIENTES,21,1,1,Automóvil,,MARCH,2018,Privado,,,,,,,
53916,2019-08-05 19:20:00,CORRIENTES,21,0,1,Camioneta/Utilitario,,KANGOO,2015,Privado,,,,,,,
53916,2019-08-05 19:20:00,CORRIENTES,21,1,1,Motocicleta,,CG 150 TITAN,2011,Privado,,,,,,,
53920,2019-08-05 15:48:00,CORRIENTES,21,0,2,Automóvil,,SAVEIRO,2013,Privado,,,,,,,
53920,2019-08-05 15:48:00,CORRIENTES,21,1,1,Automóvil,,ECOSPORT,2008,Privado,,,,,,,
53920,2019-08-05 15:48:00,CORRIENTES,21,2,1,Automóvil,,207 RC,2011,Privado,,,,,,,
54370,2019-08-08 9:00:00,CORRIENTES,21,0,1,Automóvil,,CORSA,2013,Privado,,,,,,,
54370,2019-08-08 9:00:00,CORRIENTES,21,1,1,Motocicleta,,WAVE 110,2018,Privado,,,,,,,
54493,2019-08-10 22:00:00,CORRIENTES,21,0,1,Motocicleta,,STRONGER,2010,Privado,,,,,,,
54493,2019-08-10 22:00:00,CORRIENTES,21,1,1,Camioneta/Utilitario,,HILUX,2018,Privado,,,,,,,
54495,2019-08-10 17:15:00,CORRIENTES,21,0,1,Automóvil,,408 ALLURE+ 2.0N,2009,Privado,,,,,,,
54495,2019-08-10 17:15:00,CORRIENTES,21,1,2,Motocicleta,,110 C.C.,2019,Privado,,,,,,,
54499,2019-08-12 20:35:00,CORRIENTES,21,0,1,Automóvil,,PUNTO,2018,Privado,,,,,,,
54499,2019-08-12 20:35:00,CORRIENTES,21,1,1,Motocicleta,,BLITZ,2018,Privado,,,,,,,
54594,2019-08-13 12:15:00,CORRIENTES,21,0,2,Motocicleta,,WAVE 110,2018,Privado,,,,,,,
54594,2019-08-13 12:15:00,CORRIENTES,21,1,1,Automóvil,,208 ALLURE 1.6 5P TIPTRONIC,2017,Publico,,,,,,,
54611,2019-08-12 10:45:00,CORRIENTES,21,0,1,Transporte de carga,,1728,2017,Oficial,,,,,,,
54611,2019-08-12 10:45:00,CORRIENTES,21,1,1,Automóvil,,COROLLA,2016,Privado,,,,,,,
54943,2019-08-15 7:30:00,CORRIENTES,21,0,1,Automóvil,,KA,2019,Privado,,,,,,,
54943,2019-08-15 7:30:00,CORRIENTES,21,1,1,Automóvil,,AVEO,2012,Privado,,,,,,,
54943,2019-08-15 7:30:00,CORRIENTES,21,2,1,Automóvil,,ETIOS XLS 1.5 4A/T,2017,Privado,,,,,,,
55001,2019-08-18 6:20:00,CORRIENTES,21,0,1,Automóvil,,PARTNER 1.9D,2016,Oficial,,,,,,,
55001,2019-08-18 6:20:00,CORRIENTES,21,1,1,Automóvil,,207 RC,2010,Privado,,,,,,,
55800,2019-08-27 8:00:00,CORRIENTES,21,0,1,Camioneta/Utilitario,,ETIOS PLATINUM,2019,Privado,,,,,,,
55800,2019-08-27 8:00:00,CORRIENTES,21,1,1,Motocicleta,,CITIPLUS 110 T,2007,Privado,,,,,,,
57102,2019-09-09 10:05:00,CORRIENTES,21,0,1,Motocicleta,,G 110 TRIP,2018,Privado,,,,,,,
57102,2019-09-09 10:05:00,CORRIENTES,21,1,1,Motocicleta,,BIZ 125,2019,Privado,,,,,,,
57110,2019-09-10 9:30:00,CORRIENTES,21,0,1,Automóvil,,COROLLA,2015,Privado,,,,,,,
57110,2019-09-10 9:30:00,CORRIENTES,21,1,1,Motocicleta,,G 110 TRIP,2007,Privado,,,,,,,
57253,2019-09-11 6:20:00,CORRIENTES,21,0,1,Motocicleta,,ZB110D,2001,Privado,,,,,,,
57253,2019-09-11 6:20:00,CORRIENTES,21,1,1,Motocicleta,,CUSTOM 150,2019,Privado,,,,,,,
57267,2019-09-12 22:40:00,CORRIENTES,21,0,1,Camioneta/Utilitario,,HILUX,2018,Privado,,,,,,,
57267,2019-09-12 22:40:00,CORRIENTES,21,1,1,Motocicleta,,YBR 125,2012,Privado,,,,,,,
58476,2019-09-13 17:55:00,CORRIENTES,21,0,2,Motocicleta,,TRIAX 150,2011,Privado,,,,,,,
58476,2019-09-13 17:55:00,CORRIENTES,21,1,1,Camioneta/Utilitario,,TORO VOLCANO A6 1X1,2018,Privado,,,,,,,
58540,2019-09-16 14:37:00,CORRIENTES,21,0,1,Automóvil,,CELTA,2017,Privado,,,,,,,
58540,2019-09-16 14:37:00,CORRIENTES,21,1,1,Motocicleta,,G 110 TRIP,2009,Privado,,,,,,,
58986,2019-09-20 9:00:00,CORRIENTES,21,0,1,Automóvil,,ECOSPORT 1.6L 4X2 XLT,2017,Privado,,,,,,,
58986,2019-09-20 9:00:00,CORRIENTES,21,1,1,Bicicleta,,AM,2018,,,,,,,,
58988,2019-09-20 19:20:00,CORRIENTES,21,0,1,Automóvil,,FIESTA,2017,,,,,,,,
58988,2019-09-20 19:20:00,CORRIENTES,21,1,1,Automóvil,,COROLLA,2015,Privado,,,,,,,
58988,2019-09-20 19:20:00,CORRIENTES,21,2,1,Automóvil,,KA,2017,Privado,,,,,,,
58992,2019-09-21 8:30:00,CORRIENTES,21,0,1,Motocicleta,,BIZ 125,2018,Privado,,,,,,,
58992,2019-09-21 8:30:00,CORRIENTES,21,1,1,Motocicleta,,BIZ 125 KSST,2009,Privado,,,,,,,
59865,2019-09-20 14:57:00,CORRIENTES,21,0,2,Camioneta/Utilitario,,FRONTIER 4X4  XE 2.8TD(CAB.DOB.),2010,Privado,,,,,,,
59870,2019-09-28 6:15:00,CORRIENTES,21,0,1,Automóvil,,GOL,2014,Privado,,,,,,,
59875,2019-09-29 7:00:00,CORRIENTES,21,0,1,Automóvil,,MERIVA,2010,Privado,,,,,,,
59875,2019-09-29 7:00:00,CORRIENTES,21,1,1,Automóvil,,TRACKER FWD LTZ,2018,Privado,,,,,,,
59879,2019-09-30 9:30:00,CORRIENTES,21,0,1,Motocicleta,,ZB 110 R,2017,Privado,,,,,,,
59879,2019-09-30 9:30:00,CORRIENTES,21,1,1,Automóvil,,GS 1100 GK,2008,Privado,,,,,,,
59882,2019-10-02 9:00:00,CORRIENTES,21,0,1,Motocicleta,,SMASH,2018,Privado,,,,,,,
61388,2019-10-08 8:15:00,CORRIENTES,21,0,1,Transporte de pasajeros,,M 104 995,2012,Privado,Carga,,,,,,
61388,2019-10-08 8:15:00,CORRIENTES,21,1,1,Bicicleta,,SZ,2019,Privado,,,,,,,
61388,2019-10-08 8:15:00,CORRIENTES,21,2,1,Transporte de carga,,SEAC U652,2007,,,,,,,,
62851,2019-10-10 14:50:00,CORRIENTES,21,0,1,Automóvil,,MEGANE II DCI CONFORT PLUS,2015,Privado,,,,,,,
62851,2019-10-10 14:50:00,CORRIENTES,21,1,1,Automóvil,,405,2005,Privado,,,,,,,
62872,2019-10-15 11:06:00,CORRIENTES,21,0,1,Camioneta/Utilitario,,SAVEIRO,2011,Privado,,,,,,,
62872,2019-10-15 11:06:00,CORRIENTES,21,1,1,Transporte de pasajeros,,MERCEDES-AMG C 63 S,2014,Privado,Carga,,,,,,
62883,2019-10-16 13:55:00,CORRIENTES,21,0,1,Automóvil,,308 ALLURE 1.6N,2014,Privado,,,,,,,
62883,2019-10-16 13:55:00,CORRIENTES,21,1,1,Motocicleta,,ZB110D,2014,Privado,,,,,,,
62893,2019-10-21 8:05:00,CORRIENTES,21,0,1,Automóvil,,SURAN 1.6L 5D 618,2006,Privado,,,,,,,
62893,2019-10-21 8:05:00,CORRIENTES,21,1,1,Transporte de carga,,17220,2008,Privado,Carga,,,,,,
62900,2019-10-22 11:05:00,CORRIENTES,21,0,1,Motocicleta,,ZB 110 R,2018,Privado,,,,,,,
62900,2019-10-22 11:05:00,CORRIENTES,21,1,1,Automóvil,,KA,2018,Privado,,,,,,,
64181,2019-10-28 15:50:00,CORRIENTES,21,0,1,Automóvil,,CORSA CLASSIC WAGON GLS 1.4 N,2008,Privado,,,,,,,
64181,2019-10-28 15:50:00,CORRIENTES,21,1,1,Camioneta/Utilitario,,HILUX 4X4 COVER DX PACK 2.5 TDI CON VENTANAS,2013,Privado,,,,,,,
64185,2019-11-07 0:30:00,CORRIENTES,21,0,1,Automóvil,,SIENA,2016,Privado,,,,,,,
64185,2019-11-07 0:30:00,CORRIENTES,21,1,1,Motocicleta,,BLITZ,2019,Privado,,,,,,,
67475,2019-11-21 14:30:00,CORRIENTES,21,0,1,Automóvil,,KA,2016,Privado,,,,,,,
67475,2019-11-21 14:30:00,CORRIENTES,21,1,1,Motocicleta,,YBR 125,2010,Privado,,,,,,,
67485,2019-11-28 23:20:00,CORRIENTES,21,0,1,Automóvil,,GOL TREND 1.6 SPORTLINE,2006,Privado,,,,,,,
67485,2019-11-28 23:20:00,CORRIENTES,21,1,1,Camioneta/Utilitario,,RANGER2 DC 4X4 LTD MT 3.2L DSL,2009,Privado,,,,,,,
67509,2019-12-02 8:40:00,CORRIENTES,21,0,1,Automóvil,,FLUENCE PH2 1.6 DYNAMIQUE PACK,2010,Privado,,,,,,,
67509,2019-12-02 8:40:00,CORRIENTES,21,1,2,Motocicleta,,G 110 TRIP,2009,Privado,,,,,,,
68772,2019-12-20 7:32:00,CORRIENTES,21,0,1,Automóvil,,9,1996,,,,,,,,
68772,2019-12-20 7:32:00,CORRIENTES,21,1,1,Motocicleta,,XR 150 L,2017,,,,,,,,
68801,2019-12-19 20:40:00,CORRIENTES,21,0,1,Motocicleta,,RX,2018,Privado,,,,,,,
68801,2019-12-19 20:40:00,CORRIENTES,21,1,1,Automóvil,,MARCH,2016,Privado,,,,,,,
68822,2019-12-23 13:35:00,CORRIENTES,21,0,1,Automóvil,,FOCUS,2017,Privado,,,,,,,
68822,2019-12-23 13:35:00,CORRIENTES,21,1,2,Automóvil,,LOGUS,2011,Privado,,,,,,,
68827,2019-12-14 20:12:00,CORRIENTES,21,0,1,Bicicleta,,,,,,,,,,,
68827,2019-12-14 20:12:00,CORRIENTES,21,1,-1,Motocicleta,,CG 150,,Privado,,,,,,,
68866,2019-12-12 14:05:00,CORRIENTES,21,0,1,Automóvil,,CRV SI,2010,,,,,,,,
68866,2019-12-12 14:05:00,CORRIENTES,21,1,1,Motocicleta,,SKUA 200,,,,,,,,,
68870,2019-12-30 19:30:00,CORRIENTES,21,0,1,Automóvil,,GOL,,,,,,,,,
68870,2019-12-30 19:30:00,CORRIENTES,21,1,1,Motocicleta,,ZB,,,,,,,,,
49567,2019-06-07 11:49:00,CORRIENTES,21,1,1,Peatón,,,,,,,,,,,
49209,2019-01-13 9:30:00,CORRIENTES,21,0,1,Automóvil,,FOCUS STYLE 2.0L NAFTA MT,2011,Privado,,,,,,,
49209,2019-01-13 9:30:00,CORRIENTES,21,1,1,Motocicleta,,XT250 OLD,2008,Privado,,,,,,,
49219,2019-01-16 12:20:00,CORRIENTES,21,0,1,Automóvil,,SIENA FIRE 1242 MPI 16V,2014,Privado,,,,,,,
49219,2019-01-16 12:20:00,CORRIENTES,21,1,1,Automóvil,,CORSA CLASSIC 4 PTAS GLS 1.6 N,2015,Privado,,,,,,,
49241,2019-01-23 18:15:00,CORRIENTES,21,0,1,Automóvil,,TORO FREEDOM 2.0 16V 4X2,2018,Privado,,,,,,,
49241,2019-01-23 18:15:00,CORRIENTES,21,1,1,Motocicleta,,XR 100 RT,2010,Privado,,,,,,,
49246,2019-01-25 8:00:00,CORRIENTES,21,0,1,Automóvil,,CELTA,2011,,,,,,,,
49246,2019-01-25 8:00:00,CORRIENTES,21,1,1,Motocicleta,,FX 125,2017,Privado,,,,,,,
49249,2019-01-28 19:30:00,CORRIENTES,21,0,1,Automóvil,,GOL TREND COMFORTLINE 1.6 MSI,2018,Privado,,,,,,,
49249,2019-01-28 19:30:00,CORRIENTES,21,1,1,Motocicleta,,ZB110D,2014,Privado,,,,,,,
49257,2019-01-31 12:30:00,CORRIENTES,21,0,1,Motocicleta,,125 CC,2008,,,,,,,,
49257,2019-01-31 12:30:00,CORRIENTES,21,1,1,Automóvil,,MARCH VISIA,2018,,,,,,,,
49275,2019-02-07 11:20:00,CORRIENTES,21,0,1,Motocicleta,,CG 150,2012,Privado,,,,,,,
49275,2019-02-07 11:20:00,CORRIENTES,21,1,1,Automóvil,,HILUX,2013,Privado,,,,,,,
49283,2019-02-12 10:30:00,CORRIENTES,21,0,1,Automóvil,,ECOSPORT,2017,Privado,,,,,,,
49283,2019-02-12 10:30:00,CORRIENTES,21,1,1,Automóvil,,GOLD,2010,Privado,,,,,,,
49283,2019-02-12 10:30:00,CORRIENTES,21,2,1,Automóvil,,SIENA,2018,,,,,,,,
49283,2019-02-12 10:30:00,CORRIENTES,21,3,1,Automóvil,,KA,2010,Privado,,,,,,,
49291,2019-02-17 7:15:00,CORRIENTES,21,0,1,Automóvil,,STRADA ADVENTURE 1.8MPI 8V C Y M,2013,Privado,,,,,,,
49291,2019-02-17 7:15:00,CORRIENTES,21,1,1,Automóvil,,LOGAN PH2 PACK 1.5 DCI,2019,Publico,,,,,,,
49298,2019-02-18 15:35:00,CORRIENTES,21,0,1,Motocicleta,,G 110 TRIP,2008,Privado,,,,,,,
49298,2019-02-18 15:35:00,CORRIENTES,21,1,1,Motocicleta,,SMASH,2010,Privado,,,,,,,
49299,2019-02-20 18:35:00,CORRIENTES,21,0,1,Motocicleta,,CB 190 R,,,,,,,,,
49299,2019-02-20 18:35:00,CORRIENTES,21,1,1,Bicicleta,,,,,,,,,,,
49300,2019-02-20 19:35:00,CORRIENTES,21,0,1,Automóvil,,UNO,2013,Publico,,,,,,,
49300,2019-02-20 19:35:00,CORRIENTES,21,1,1,Motocicleta,,RX 150,2010,,,,,,,,
49301,2019-02-20 15:35:00,CORRIENTES,21,0,1,Motocicleta,,XR 250 TORNADO,,Privado,,,,,,,
49301,2019-02-20 15:35:00,CORRIENTES,21,1,1,Camioneta/Utilitario,,HILUX SW4 4X2 SRV 2.7 VVT-I 4 A/T C/CUERO 7 PAX,,Privado,,,,,,,
49315,2019-02-16 0:35:00,CORRIENTES,21,0,1,Automóvil,,FIT,2008,Privado,,,,,,,
49315,2019-02-16 0:35:00,CORRIENTES,21,1,1,Motocicleta,,ZB 110 R,2009,Privado,,,,,,,
49329,2019-03-03 7:45:00,CORRIENTES,21,0,3,Automóvil,,CLIO PACK PLUS 1.2,2016,Privado,,,,,,,
49329,2019-03-03 7:45:00,CORRIENTES,21,1,1,Automóvil,,VENTO,2010,Privado,,,,,,,
49357,2019-03-16 23:00:00,CORRIENTES,21,0,1,Automóvil,,CLIO,2015,Privado,,,,,,,
49357,2019-03-16 23:00:00,CORRIENTES,21,1,1,Camioneta/Utilitario,,HILUX,2013,Privado,,,,,,,
49362,2019-03-19 8:10:00,CORRIENTES,21,0,1,Camioneta/Utilitario,,BLAZER S10,2004,Privado,,,,,,,
49362,2019-03-19 8:10:00,CORRIENTES,21,1,1,Camioneta/Utilitario,,DUSTER OROCH OUTSIDER PLUS 2.0,2018,Privado,,,,,,,
49362,2019-03-19 8:10:00,CORRIENTES,21,2,2,Automóvil,,MARCH,2017,Privado,,,,,,,
49362,2019-03-19 8:10:00,CORRIENTES,21,3,3,Automóvil,,KA,2017,Privado,,,,,,,
49366,2019-03-19 16:55:00,CORRIENTES,21,0,1,Automóvil,,FIRE,2010,Publico,,,,,,,
49366,2019-03-19 16:55:00,CORRIENTES,21,1,1,Motocicleta,,ENERGY 110,2018,Privado,,,,,,,
49397,2019-03-28 18:20:00,CORRIENTES,21,0,1,Motocicleta,,CBR 600 F,2008,Privado,,,,,,,
49397,2019-03-28 18:20:00,CORRIENTES,21,1,1,Motocicleta,,CITIPLUS 110 T,2012,Privado,,,,,,,
49401,2019-03-29 11:38:00,CORRIENTES,21,0,1,Motocicleta,,CG 150 TITAN,2014,Privado,,,,,,,
49401,2019-03-29 11:38:00,CORRIENTES,21,1,1,Automóvil,,CIVIC,2013,,,,,,,,
49430,2019-04-09 15:50:00,CORRIENTES,21,0,2,Motocicleta,,ZB110D,2018,Privado,Pax,,,,,,
49430,2019-04-09 15:50:00,CORRIENTES,21,1,1,Automóvil,,308 1.6 HDI,2013,Privado,,,,,,,
49432,2019-04-10 17:45:00,CORRIENTES,21,0,1,Automóvil,,ETIOS XLS 1.5 4A/T,2017,Privado,Pax,,,,,,
49432,2019-04-10 17:45:00,CORRIENTES,21,1,1,Automóvil,,AGILE,2012,Privado,Pax,,,,,,
49434,2019-04-11 8:37:00,CORRIENTES,21,0,2,Motocicleta,,ZB110D,2018,Privado,,,,,,,
49434,2019-04-11 8:37:00,CORRIENTES,21,1,1,Automóvil,,CLIO,2011,Privado,Pax,,,,,,
49445,2019-04-05 7:30:00,CORRIENTES,21,0,1,Motocicleta,,WAVE 110,2012,Privado,,,,,,,
49445,2019-04-05 7:30:00,CORRIENTES,21,1,1,Automóvil,,SURAN 1.6 16V 5D CROSS 772,2014,Privado,,,,,,,
49447,2019-04-08 1:05:00,CORRIENTES,21,0,1,Motocicleta,,T110 CRYPTON,2018,Privado,,,,,,,
49452,2019-04-13 8:00:00,CORRIENTES,21,0,1,Bicicleta,,,,Privado,,,,,,,
49454,2019-04-13 11:30:00,CORRIENTES,21,0,1,Motocicleta,,WAVE 110,2019,Privado,,,,,,,
49454,2019-04-13 11:30:00,CORRIENTES,21,1,1,Motocicleta,,C 110,2018,Privado,,,,,,,
49457,2019-04-16 7:35:00,CORRIENTES,21,0,1,Automóvil,,CLASSIC 4P LT SPIRIT PACK 1.4N,2016,Privado,,,,,,,
49457,2019-04-16 7:35:00,CORRIENTES,21,1,1,Automóvil,,FIESTA,2018,Privado,,,,,,,
49466,2019-04-18 19:20:00,CORRIENTES,21,0,1,Automóvil,,GOL,2012,Privado,,,,,,,
49466,2019-04-18 19:20:00,CORRIENTES,21,1,1,Motocicleta,,DUE,2018,Privado,,,,,,,
49470,2019-04-22 10:45:00,CORRIENTES,21,0,3,Motocicleta,,G 110 TRIP,2011,Privado,,,,,,,
49470,2019-04-22 10:45:00,CORRIENTES,21,1,1,Automóvil,,MONTANA,2014,Privado,Pax,,,,,,
49471,2019-04-22 17:08:00,CORRIENTES,21,0,1,Motocicleta,,CG 150 TITAN,2019,Privado,,,,,,,
49471,2019-04-22 17:08:00,CORRIENTES,21,1,2,Motocicleta,,125 CC,2009,Privado,,,,,,,
49479,2019-04-25 8:00:00,CORRIENTES,21,0,1,Motocicleta,,C 105 BIZ,2013,Privado,,,,,,,
49486,2019-04-26 23:20:00,CORRIENTES,21,0,1,Automóvil,,CIVIC,2011,Privado,,,,,,,
49501,2019-05-06 16:05:00,CORRIENTES,21,0,1,Automóvil,,CLIO 1.6 AUTHENTIQUE AA,2016,Privado,,,,,,,
49501,2019-05-06 16:05:00,CORRIENTES,21,1,1,Motocicleta,,YBR 150,2019,Privado,,,,,,,
49503,2019-05-08 11:25:00,CORRIENTES,21,0,1,Motocicleta,,CG 150 TITAN,2011,Privado,Pax,,,,,,
49503,2019-05-08 11:25:00,CORRIENTES,21,1,1,Automóvil,,FOCUS,2016,Privado,Pax,,,,,,
49510,2019-05-10 17:05:00,CORRIENTES,21,0,1,Automóvil,,VOYAGE 1.6 GP,2012,,,,,,,,
49510,2019-05-10 17:05:00,CORRIENTES,21,1,1,Motocicleta,,ZB110D,2008,Privado,,,,,,,
49518,2019-05-13 9:44:00,CORRIENTES,21,0,1,Motocicleta,,C150,2011,Privado,,,,,,,
49518,2019-05-13 9:44:00,CORRIENTES,21,1,1,Automóvil,,SPRINTER,2015,Privado,Carga,,,,,,
49539,2019-05-28 9:30:00,CORRIENTES,21,0,1,Motocicleta,,WAVE 110,2006,Privado,,,,,,,
49539,2019-05-28 9:30:00,CORRIENTES,21,1,1,Camioneta/Utilitario,,STRADA ADVENTURE (F4) 1.6 16V CE,2018,Privado,,,,,,,
49541,2019-05-16 16:35:00,CORRIENTES,21,0,2,Motocicleta,,ZB 110 R,2019,Privado,,,,,,,
49541,2019-05-16 16:35:00,CORRIENTES,21,1,2,Automóvil,,PALIO WEEKEND (F4) ADVENTURE 1.6 16V,2012,Privado,Pax,,,,,,
49542,2019-05-15 16:10:00,CORRIENTES,21,0,1,Automóvil,,206 SW CONFORT 1.6,2010,Privado,,,,,,,
49542,2019-05-15 16:10:00,CORRIENTES,21,1,1,Automóvil,,LOGAN PH2 PACK 1.6 8V,2013,Privado,,,,,,,
49542,2019-05-15 16:10:00,CORRIENTES,21,2,1,Transporte de carga,,05 1114/45,2018,Privado,,,,,,,
49545,2019-05-30 18:30:00,CORRIENTES,21,0,1,Automóvil,,X4 28I,2019,Privado,,,,,,,
49545,2019-05-30 18:30:00,CORRIENTES,21,1,1,Automóvil,,CELTA,2010,Publico,,,,,,,
49558,2019-06-01 7:30:00,CORRIENTES,21,0,1,Automóvil,,PRISMA JOY 4P 1.4 N LS MT +,2019,Publico,Pax,,,,,,
49558,2019-06-01 7:30:00,CORRIENTES,21,1,1,Automóvil,,GOL,2002,Privado,,,,,,,
49562,2019-06-05 11:50:00,CORRIENTES,21,0,1,Motocicleta,,CITIPLUS 110 T,2010,Privado,,,,,,,
49562,2019-06-05 11:50:00,CORRIENTES,21,1,1,Automóvil,,CLASSIC 4P LT SPIRIT PACK 1.4N,2016,Publico,,,,,,,
49580,2019-06-12 19:00:00,CORRIENTES,21,0,1,Motocicleta,,YBR 125,2019,Privado,,,,,,,
49580,2019-06-12 19:00:00,CORRIENTES,21,1,1,Motocicleta,,CG 150 TITAN,2010,Privado,,,,,,,
49582,2019-06-13 12:40:00,CORRIENTES,21,0,1,Automóvil,,GOL TREND,2010,Privado,,,,,,,
49582,2019-06-13 12:40:00,CORRIENTES,21,1,1,Motocicleta,,SJ 110D,2008,Privado,,,,,,,
49584,2019-06-13 19:35:00,CORRIENTES,21,0,1,Automóvil,,KANGOO,2018,Privado,,,,,,,
49584,2019-06-13 19:35:00,CORRIENTES,21,1,1,Motocicleta,,GV650,2010,Privado,,,,,,,
49585,2019-06-13 19:55:00,CORRIENTES,21,0,1,Automóvil,,PRISMA 1.4 N LT,2015,Publico,Pax,,,,,,
49585,2019-06-13 19:55:00,CORRIENTES,21,1,1,Motocicleta,,NEVADA 110 SP,2008,Privado,,,,,,,
49601,2019-06-21 7:10:00,CORRIENTES,21,0,1,Automóvil,,FIESTA,2012,Privado,,,,,,,
49601,2019-06-21 7:10:00,CORRIENTES,21,1,1,Motocicleta,,ZB110D,2018,Privado,,,,,,,
49616,2019-07-01 9:25:00,CORRIENTES,21,0,1,Automóvil,,KANGOO,2010,Privado,,,,,,,
49616,2019-07-01 9:25:00,CORRIENTES,21,1,2,Motocicleta,,CM 200 T TWINSTAR,2006,Privado,,,,,,,
52254,2019-07-02 19:35:00,CORRIENTES,21,0,1,Peatón,,,,,,,,,,,
52254,2019-07-02 19:35:00,CORRIENTES,21,1,1,Automóvil,,SIENA,2012,Publico,Pax,,,,,,
53244,2019-07-09 23:40:00,CORRIENTES,21,0,1,Camioneta/Utilitario,,ECOSPORT 1.6 L 4X2 XLS,2015,Privado,,,,,,,
53244,2019-07-09 23:40:00,CORRIENTES,21,1,2,Tracción a sangre,,,,,,,,,,,
53380,2019-07-10 17:45:00,CORRIENTES,21,0,2,Motocicleta,,110CC,2018,Privado,,,,,,,
53380,2019-07-10 17:45:00,CORRIENTES,21,1,1,Transporte de pasajeros,,1715,2014,Publico,,,,,,,
53625,2019-07-12 1:30:00,CORRIENTES,21,0,1,Transporte de carga,,AMAROK 2.0L TDI 180 CV 4X4 561,2017,Publico,Carga,,,,,,
53625,2019-07-12 1:30:00,CORRIENTES,21,1,1,Motocicleta,,WAVE,2008,Privado,,,,,,,
53722,2019-07-15 17:35:00,CORRIENTES,21,0,1,Automóvil,,VERSA SENSE AT PURE DRIVE,2017,Privado,,,,,,,
53722,2019-07-15 17:35:00,CORRIENTES,21,1,1,Motocicleta,,SMASH,2017,Privado,,,,,,,
53734,2019-07-19 18:20:00,CORRIENTES,21,0,1,Motocicleta,,SKUA 150,2018,Privado,,,,,,,
53734,2019-07-19 18:20:00,CORRIENTES,21,1,2,Automóvil,,ECOSPORT,2014,Privado,,,,,,,
53737,2019-07-19 18:15:00,CORRIENTES,21,0,1,Camioneta/Utilitario,,100,1986,Privado,,,,,,,
53737,2019-07-19 18:15:00,CORRIENTES,21,1,1,Motocicleta,,CG 150 TITAN,2019,Privado,,,,,,,
53752,2019-07-22 0:00:00,CORRIENTES,21,0,1,Motocicleta,,,,,,,,,,,
53790,2019-07-24 7:30:00,CORRIENTES,21,0,1,Motocicleta,,SKUA 150,2017,Privado,,,,,,,
53790,2019-07-24 7:30:00,CORRIENTES,21,1,1,Camioneta/Utilitario,,ECOSPORT,,Privado,,,,,,,
53851,2019-07-25 11:30:00,CORRIENTES,21,0,1,Transporte de carga,,113 M/360,2016,Privado,,,,,,,
53851,2019-07-25 11:30:00,CORRIENTES,21,1,1,Automóvil,,UNO,2010,Privado,,,,,,,
53866,2019-08-03 9:45:00,CORRIENTES,21,0,1,Motocicleta,,SKUA 150,2016,Privado,,,,,,,
53866,2019-08-03 9:45:00,CORRIENTES,21,1,1,Automóvil,,FOISON BOX,2018,Privado,,,,,,,
53868,2019-08-03 12:05:00,CORRIENTES,21,0,1,Automóvil,,PRIMA,2010,Privado,,,,,,,
53868,2019-08-03 12:05:00,CORRIENTES,21,1,1,Bicicleta,,RR 400,2018,Privado,,,,,,,
53869,2019-08-03 12:30:00,CORRIENTES,21,0,1,Automóvil,,GOL,2011,Privado,,,,,,,
53869,2019-08-03 12:30:00,CORRIENTES,21,1,1,Automóvil,,HILUX 4X4 COVER DX PACK 2.5 TDI CON VENTANAS,2012,Privado,,,,,,,
53898,2019-08-05 12:20:00,CORRIENTES,21,0,1,Automóvil,,HIGH UP!,2016,Privado,,,,,,,
53898,2019-08-05 12:20:00,CORRIENTES,21,1,1,Motocicleta,,G 100 TRIP,2019,Privado,,,,,,,
53898,2019-08-05 12:20:00,CORRIENTES,21,2,1,Motocicleta,,WAVE 110,2003,Privado,,,,,,,
54498,2019-08-12 14:45:00,CORRIENTES,21,0,1,Camioneta/Utilitario,,ECOSPORT S 1.6L MT N,2018,Privado,,,,,,,
54498,2019-08-12 14:45:00,CORRIENTES,21,1,1,Motocicleta,,110CC,2010,Privado,,,,,,,
54634,2019-08-14 16:00:00,CORRIENTES,21,0,1,Automóvil,,12 TL,1985,Privado,,,,,,,
54634,2019-08-14 16:00:00,CORRIENTES,21,1,1,Motocicleta,,YBR 125,2010,Privado,,,,,,,
54782,2019-08-14 14:00:00,CORRIENTES,21,0,1,Motocicleta,,HOT 90 G2,2013,Privado,,,,,,,
54782,2019-08-14 14:00:00,CORRIENTES,21,1,3,Automóvil,,FOX,2009,Privado,,,,,,,
54949,2019-08-15 9:00:00,CORRIENTES,21,0,1,Motocicleta,,SMASH,2019,Privado,,,,,,,
54949,2019-08-15 9:00:00,CORRIENTES,21,1,1,Camioneta/Utilitario,,RANGER2 DC 4X4 LTD MT 3.2L DSL,2011,Oficial,,,,,,,
55070,2019-08-22 10:00:00,CORRIENTES,21,0,1,Automóvil,,FIESTA,2013,Privado,,,,,,,
55070,2019-08-22 10:00:00,CORRIENTES,21,1,1,Automóvil,,308 2.0 FELINE,2012,Privado,,,,,,,
55393,2019-08-25 10:30:00,CORRIENTES,21,0,1,Motocicleta,,110 CC,2019,Privado,,,,,,,
55688,2019-08-26 8:15:00,CORRIENTES,21,0,1,Automóvil,,ONIX,2013,Privado,,,,,,,
55688,2019-08-26 8:15:00,CORRIENTES,21,1,1,Motocicleta,,G 100 TRIP,2011,Privado,,,,,,,
55774,2019-08-27 12:30:00,CORRIENTES,21,0,1,Automóvil,,ETIOS XLS 1.5 4A/T,2015,Privado,,,,,,,
55774,2019-08-27 12:30:00,CORRIENTES,21,1,1,Motocicleta,,G 110 TRIP,2002,Privado,,,,,,,
56121,2019-08-21 23:10:00,CORRIENTES,21,0,1,Motocicleta,,125 CC,2018,Privado,,,,,,,
56150,2019-08-28 14:05:00,CORRIENTES,21,0,1,Automóvil,,FOCUS,2017,Privado,,,,,,,
56150,2019-08-28 14:05:00,CORRIENTES,21,1,1,Motocicleta,,WAVE 110,2018,Privado,,,,,,,
58322,2019-09-12 8:45:00,CORRIENTES,21,0,1,Motocicleta,,WAVE 110,2018,Privado,Pax,,,,,,
58323,2019-09-12 23:35:00,CORRIENTES,21,0,1,Automóvil,,AVEO,2012,Privado,,,,,,,
58323,2019-09-12 23:35:00,CORRIENTES,21,1,3,Motocicleta,,CB1,2014,Privado,,,,,,,
58323,2019-09-12 23:35:00,CORRIENTES,21,2,1,Bicicleta,,RC350,2018,Privado,,,,,,,
58323,2019-09-12 23:35:00,CORRIENTES,21,3,1,Bicicleta,,40-20 COILED TUBING UNIT,2019,Privado,,,,,,,
58509,2019-09-16 11:15:00,CORRIENTES,21,0,1,Motocicleta,,G 110 TRIP,2008,Privado,,,,,,,
58509,2019-09-16 11:15:00,CORRIENTES,21,1,1,Camioneta/Utilitario,,RANGER XL 4X2 S/C 2.3L N,2008,Privado,,,,,,,
58565,2019-09-24 5:40:00,CORRIENTES,21,0,1,Automóvil,,UNO,2013,,,,,,,,
58565,2019-09-24 5:40:00,CORRIENTES,21,1,1,Motocicleta,,DT 125 (YAMAHA),2015,Privado,,,,,,,
58983,2019-09-17 8:12:00,CORRIENTES,21,0,2,Motocicleta,,BIZ 125 KS,2011,,,,,,,,
58994,2019-09-21 11:30:00,CORRIENTES,21,0,1,Automóvil,,CLIO 1.6 AUTHENTIQUE AA,2013,Privado,,,,,,,
58994,2019-09-21 11:30:00,CORRIENTES,21,1,1,Motocicleta,,ROUSER RS 200,2018,,,,,,,,
58997,2019-09-26 6:05:00,CORRIENTES,21,0,2,Motocicleta,,YBR 125,2009,Privado,,,,,,,
59876,2019-09-29 16:55:00,CORRIENTES,21,0,1,Camioneta/Utilitario,,HILUX 4X4 COVER DX PACK 2.5 TDI CON VENTANAS,2017,Privado,,,,,,,
59876,2019-09-29 16:55:00,CORRIENTES,21,1,1,Automóvil,,SANDERO AUTHENTIQUE PACK I 1.6,2017,,,,,,,,
59878,2019-09-30 7:30:00,CORRIENTES,21,0,1,Automóvil,,DUCATO 2.5D P.M. 14 MAXI,2014,Privado,,,,,,,
59878,2019-09-30 7:30:00,CORRIENTES,21,1,1,Motocicleta,,125 CC,2019,Privado,,,,,,,
60688,2019-10-02 11:50:00,CORRIENTES,21,0,1,Motocicleta,,BLITZ,2018,Privado,,,,,,,
60688,2019-10-02 11:50:00,CORRIENTES,21,1,1,Automóvil,,CLIO 1.6 AUTHENTIQUE AA,2000,Privado,,,,,,,
62287,2019-10-05 6:30:00,CORRIENTES,21,0,1,Automóvil,,SIERRA,2015,Privado,,,,,,,
62287,2019-10-05 6:30:00,CORRIENTES,21,1,1,Automóvil,,207 RC,2012,,,,,,,,
62292,2019-10-09 16:00:00,CORRIENTES,21,0,2,Automóvil,,CELTA,2002,Privado,,,,,,,
62292,2019-10-09 16:00:00,CORRIENTES,21,1,1,Motocicleta,,ZB110D,2019,Privado,,,,,,,
62833,2019-10-10 5:10:00,CORRIENTES,21,0,1,Automóvil,,GLA 200,2008,Privado,,,,,,,
62870,2019-10-15 10:15:00,CORRIENTES,21,0,1,Automóvil,,AVEO,2010,,,,,,,,
62870,2019-10-15 10:15:00,CORRIENTES,21,1,1,Motocicleta,,CBR 250,2018,,,,,,,,
62876,2019-10-16 10:05:00,CORRIENTES,21,0,1,Motocicleta,,SPORT CITY 200,2010,Privado,,,,,,,
62881,2019-10-16 13:20:00,CORRIENTES,21,0,1,Automóvil,,MARCH VISIA,2018,Privado,,,,,,,
62881,2019-10-16 13:20:00,CORRIENTES,21,1,1,Camioneta/Utilitario,,RANGER XL 4X2 S/C 2.3L N,2016,Privado,,,,,,,
62888,2019-10-19 11:00:00,CORRIENTES,21,0,1,Motocicleta,,ZB110D,2011,,Emergencia,,,,,,
62888,2019-10-19 11:00:00,CORRIENTES,21,1,1,Automóvil,,FIORINO,2018,Privado,,,,,,,
62892,2019-10-20 7:36:00,CORRIENTES,21,0,1,Automóvil,,CLIO 1.6 AUTHENTIQUE AA,2008,Privado,,,,,,,
62892,2019-10-20 7:36:00,CORRIENTES,21,1,1,Motocicleta,,YBR 150,2018,Privado,,,,,,,
62903,2019-10-23 17:55:00,CORRIENTES,21,0,2,Motocicleta,,ROUSER NS 150,2019,Privado,,,,,,,
62903,2019-10-23 17:55:00,CORRIENTES,21,1,1,Bicicleta,,ASTRA,2016,Privado,,,,,,,
62909,2019-10-30 23:30:00,CORRIENTES,21,0,1,Automóvil,,301 ACTIVE 1.6 HDI,2018,Privado,,,,,,,
62909,2019-10-30 23:30:00,CORRIENTES,21,1,1,Camioneta/Utilitario,,RANGER XL 4X2 S/C 2.3L N,2018,Privado,,,,,,,
64842,2019-11-01 16:00:00,CORRIENTES,21,0,1,Motocicleta,,XLR 125,2009,Privado,,,,,,,
64842,2019-11-01 16:00:00,CORRIENTES,21,1,6,Automóvil,,MERIVA,2011,,,,,,,,
64844,2019-11-10 10:15:00,CORRIENTES,21,0,1,Automóvil,,RANGER XLT C/C 4X2 2.3L N,2010,Privado,,,,,,,
64844,2019-11-10 10:15:00,CORRIENTES,21,1,1,Motocicleta,,FX 125,2008,Privado,,,,,,,
65561,2019-11-21 11:40:00,CORRIENTES,21,0,1,Motocicleta,,FD125,2008,Privado,,,,,,,
65561,2019-11-21 11:40:00,CORRIENTES,21,1,1,Automóvil,,SURAN 1.6L 5D 618,2019,Privado,,,,,,,
67494,2019-11-19 15:00:00,CORRIENTES,21,0,1,Automóvil,,RANGER2 DC 4X4 LTD MT 3.2L DSL,200,Privado,,,,,,,
67494,2019-11-19 15:00:00,CORRIENTES,21,1,1,Camioneta/Utilitario,,CROMA,2019,Privado,,,,,,,
67513,2019-12-03 14:10:00,CORRIENTES,21,0,1,Automóvil,,COROLLA XEI PACK 1.8 6M/T,2017,Privado,,,,,,,
67513,2019-12-03 14:10:00,CORRIENTES,21,1,1,Motocicleta,,ZB110D,2019,Privado,,,,,,,
68758,2019-12-10 7:10:00,CORRIENTES,21,0,1,Motocicleta,,G 110,,Privado,,,,,,,
68807,2019-09-22 19:00:00,CORRIENTES,21,0,1,Motocicleta,,BIZ 125,,Privado,,,,,,,
68807,2019-09-22 19:00:00,CORRIENTES,21,1,1,Motocicleta,,GN,,Privado,,,,,,,
49207,2019-01-05 21:20:00,CORRIENTES,21,0,1,Automóvil,,WRANGLER TJ 4.0L SPORT,2018,Privado,,,,,,,
49207,2019-01-05 21:20:00,CORRIENTES,21,1,1,Automóvil,,2008 FELINE 1.6,2008,Privado,,,,,,,
49216,2019-01-13 8:45:00,CORRIENTES,21,0,1,Motocicleta,,GXR 250 TUNDRA,2018,Privado,,,,,,,
49218,2019-01-16 23:00:00,CORRIENTES,21,0,1,Automóvil,,PUNTO ESSENCE 1.6 16V DUALOGIC,2014,Privado,,,,,,,
49218,2019-01-16 23:00:00,CORRIENTES,21,1,1,Motocicleta,,ZB110D,2018,Privado,,,,,,,
49235,2019-01-22 9:45:00,CORRIENTES,21,0,1,Automóvil,,PALIO,2018,Privado,,,,,,,
49235,2019-01-22 9:45:00,CORRIENTES,21,1,2,Motocicleta,,BLITZ,2018,Privado,,,,,,,
49236,2019-01-22 16:30:00,CORRIENTES,21,0,1,Automóvil,,ECOSPORT,2010,Privado,,,,,,,
49236,2019-01-22 16:30:00,CORRIENTES,21,1,1,Automóvil,,CORSA,2016,Privado,,,,,,,
49244,2019-01-25 8:00:00,CORRIENTES,21,0,1,Transporte de pasajeros,,480,2015,Publico,Pax,,,,,,
49244,2019-01-25 8:00:00,CORRIENTES,21,1,1,Motocicleta,,GE 125,2008,Privado,,,,,,,
49247,2019-01-28 11:45:00,CORRIENTES,21,0,1,Automóvil,,CELTA,2013,Privado,,,,,,,
49247,2019-01-28 11:45:00,CORRIENTES,21,1,1,Bicicleta,,SL280,2015,,,,,,,,
49254,2019-01-31 9:50:00,CORRIENTES,21,0,1,Automóvil,,VOYAGE,2013,Privado,,,,,,,
49266,2019-02-03 21:40:00,CORRIENTES,21,0,1,Motocicleta,,HUNTER 200,2018,Privado,,,,,,,
49267,2019-02-04 6:40:00,CORRIENTES,21,0,2,Automóvil,,SOL 100,,Privado,,,,,,,
49267,2019-02-04 6:40:00,CORRIENTES,21,1,1,Motocicleta,,ETIOS XLS 1.5 4A/T,2012,Privado,,,,,,,
49272,2019-02-06 17:15:00,CORRIENTES,21,0,1,Automóvil,,PREMIUM 380 DXI,2007,Privado,,,,,,,
49272,2019-02-06 17:15:00,CORRIENTES,21,1,1,Motocicleta,,BZ,2010,Privado,,,,,,,
49287,2019-02-13 9:30:00,CORRIENTES,21,0,1,Automóvil,,307 SW HDI,2005,Privado,,,,,,,
49287,2019-02-13 9:30:00,CORRIENTES,21,1,1,Motocicleta,,CRYPTON,2010,Privado,,,,,,,
49289,2019-02-14 11:45:00,CORRIENTES,21,0,1,Automóvil,,HOGGAR XR 1.6,2013,Privado,,,,,,,
49289,2019-02-14 11:45:00,CORRIENTES,21,1,1,Motocicleta,,WAVE 110,2018,Privado,,,,,,,
49293,2019-02-19 13:20:00,CORRIENTES,21,0,1,Motocicleta,,G 100 TRIP,2014,Privado,,,,,,,
49293,2019-02-19 13:20:00,CORRIENTES,21,1,1,Automóvil,,GOL TREND COMFORTLINE 1.6 MSI,,Publico,,,,,,,
49304,2019-02-20 19:05:00,CORRIENTES,21,0,1,Motocicleta,,RX 125,2014,Privado,,,,,,,
49304,2019-02-20 19:05:00,CORRIENTES,21,1,1,Automóvil,,COROLLA XEI PACK 1.8 6M/T,2013,Privado,,,,,,,
49312,2019-02-24 18:30:00,CORRIENTES,21,0,1,Automóvil,,,,Privado,,,,,,,
49312,2019-02-24 18:30:00,CORRIENTES,21,1,2,Motocicleta,,BIG WELL 200,,,,,,,,,
49318,2019-02-26 10:20:00,CORRIENTES,21,0,1,Motocicleta,,BIZ 125,2018,Privado,,,,,,,
49319,2019-02-26 18:55:00,CORRIENTES,21,0,2,Motocicleta,,G 100 TRIP,2012,Privado,,,,,,,
49319,2019-02-26 18:55:00,CORRIENTES,21,1,1,Automóvil,,SIENA,2013,Privado,,,,,,,
49326,2019-03-02 5:00:00,CORRIENTES,21,0,1,Motocicleta,,CB150,2018,Privado,,,,,,,
49327,2019-03-02 11:35:00,CORRIENTES,21,0,1,Motocicleta,,WAVE 110,2018,Privado,,,,,,,
49327,2019-03-02 11:35:00,CORRIENTES,21,1,1,Motocicleta,,FALCON 400,2008,Privado,,,,,,,
49330,2019-03-03 8:00:00,CORRIENTES,21,0,1,Automóvil,,CLIO,2013,Privado,,,,,,,
49343,2019-03-11 11:15:00,CORRIENTES,21,0,1,Motocicleta,,SKUA 150,2017,Privado,,,,,,,
49343,2019-03-11 11:15:00,CORRIENTES,21,1,1,Motocicleta,,C110,2012,Privado,,,,,,,
49355,2019-03-15 10:15:00,CORRIENTES,21,0,2,Automóvil,,CORSA,2010,Privado,,,,,,,
49355,2019-03-15 10:15:00,CORRIENTES,21,1,3,Motocicleta,,WAVE,,Privado,,,,,,,
49361,2019-03-18 18:20:00,CORRIENTES,21,0,2,Motocicleta,,SMASH,2005,Privado,,,,,,,
49361,2019-03-18 18:20:00,CORRIENTES,21,1,1,Tracción a sangre,,,,Privado,,,,,,,
49373,2019-03-22 16:20:00,CORRIENTES,21,0,1,Motocicleta,,FZ 16,2012,Privado,,,,,,,
49373,2019-03-22 16:20:00,CORRIENTES,21,1,1,Automóvil,,FOCUS,2014,Privado,,,,,,,
49375,2019-03-23 12:10:00,CORRIENTES,21,0,1,Automóvil,,CIVIC,2014,Privado,,,,,,,
49375,2019-03-23 12:10:00,CORRIENTES,21,1,1,Motocicleta,,110 CC,2018,,,,,,,,
49376,2019-03-23 16:00:00,CORRIENTES,21,0,1,Motocicleta,,110 CC,2012,Privado,,,,,,,
49376,2019-03-23 16:00:00,CORRIENTES,21,1,1,Automóvil,,GOL TREND 1.6 SPORTLINE,2013,Privado,,,,,,,
49398,2019-03-28 18:35:00,CORRIENTES,21,0,1,Motocicleta,,RX 150,2010,Privado,,,,,,,
49398,2019-03-28 18:35:00,CORRIENTES,21,1,1,Motocicleta,,FZ 16,2014,Privado,,,,,,,
49402,2019-03-23 12:30:00,CORRIENTES,21,0,1,Camioneta/Utilitario,,,2016,Privado,,,,,,,
49402,2019-03-23 12:30:00,CORRIENTES,21,1,2,Motocicleta,,WAVE 110,2011,Privado,,,,,,,
49405,2019-04-01 20:30:00,CORRIENTES,21,0,1,Motocicleta,,ZB110D,2018,Privado,,,,,,,
49405,2019-04-01 20:30:00,CORRIENTES,21,1,1,Automóvil,,GOL,,Privado,,,,,,,
49411,2019-04-02 10:15:00,CORRIENTES,21,0,2,Motocicleta,,FZR,2018,Privado,,,,,,,
49411,2019-04-02 10:15:00,CORRIENTES,21,1,1,Camioneta/Utilitario,,TIPO 1.6 SX IE,2013,,,,,,,,
49420,2019-04-05 19:45:00,CORRIENTES,21,0,1,Transporte de pasajeros,,1114,2011,Publico,,,,,,,
49420,2019-04-05 19:45:00,CORRIENTES,21,1,1,Motocicleta,,110CC,2014,Privado,,,,,,,
49421,2019-04-07 6:30:00,CORRIENTES,21,0,2,Motocicleta,,RX,2018,Privado,Pax,,,,,,
49421,2019-04-07 6:30:00,CORRIENTES,21,1,1,Automóvil,,,,Privado,Pax,,,,,,
49435,2019-04-07 12:00:00,CORRIENTES,21,0,1,Motocicleta,,DUE 110 LUXURY,2013,Privado,,,,,,,
49435,2019-04-07 12:00:00,CORRIENTES,21,1,1,Motocicleta,,MOTOMEL 175 C.C,2018,Privado,,,,,,,
49436,2019-04-11 17:50:00,CORRIENTES,21,0,1,Automóvil,,SURAN 1.6L 5D 618,2017,Privado,,,,,,,
49436,2019-04-11 17:50:00,CORRIENTES,21,1,1,Motocicleta,,CG 150 ESD TITAN,2019,Privado,,,,,,,
49441,2019-04-13 13:00:00,CORRIENTES,21,0,1,Motocicleta,,SMASH,2009,Privado,,,,,,,
49441,2019-04-13 13:00:00,CORRIENTES,21,1,1,Automóvil,,X5,2005,Privado,Pax,,,,,,
49485,2019-04-28 7:10:00,CORRIENTES,21,0,1,Automóvil,,AGILE LTZ 1.4N C/GOOGLE,2015,Privado,,,,,,,
49485,2019-04-28 7:10:00,CORRIENTES,21,1,1,Motocicleta,,RX 150,2018,Privado,,,,,,,
49487,2019-04-28 15:50:00,CORRIENTES,21,0,1,Transporte de carga,,17230,2018,Privado,Carga,,,,,,
49487,2019-04-28 15:50:00,CORRIENTES,21,1,2,Motocicleta,,110 CC,2004,Privado,,,,,,,
49489,2019-04-29 18:15:00,CORRIENTES,21,0,1,Automóvil,,PRISMA 1.4 N LT,2010,Privado,,,,,,,
49489,2019-04-29 18:15:00,CORRIENTES,21,1,1,Motocicleta,,ZB110,2016,,,,,,,,
49507,2019-05-09 10:26:00,CORRIENTES,21,0,1,Motocicleta,,T105 CRYPTON,2014,Privado,,,,,,,
49507,2019-05-09 10:26:00,CORRIENTES,21,1,1,Automóvil,,RANGER2 DC 4X4 LTD MT 3.2L DSL,2010,Privado,,,,,,,
49516,2019-05-12 8:30:00,CORRIENTES,21,0,1,Automóvil,,TITAN 5.6 SE,2009,,,,,,,,
49516,2019-05-12 8:30:00,CORRIENTES,21,1,1,Transporte de carga,,RANGER2 DC 4X4 LTD MT 3.2L DSL,2016,Privado,,,,,,,
49517,2019-05-11 10:45:00,CORRIENTES,21,0,1,Automóvil,,GOL,2008,Privado,Pax,,,,,,
49517,2019-05-11 10:45:00,CORRIENTES,21,1,1,Automóvil,,FIT LX,2008,Privado,Pax,,,,,,
49527,2019-05-16 8:25:00,CORRIENTES,21,0,1,Motocicleta,,BLITZ,2016,Privado,,,,,,,
49565,2019-06-06 7:40:00,CORRIENTES,21,0,2,Motocicleta,,ZB110D,2018,Privado,,,,,,,
49565,2019-06-06 7:40:00,CORRIENTES,21,1,1,Automóvil,,GOL,2008,Privado,,,,,,,
49587,2019-06-14 10:00:00,CORRIENTES,21,0,1,Automóvil,,208,2016,Privado,,,,,,,
49590,2019-06-16 5:00:00,CORRIENTES,21,0,1,Motocicleta,,XR 250 LLP,2018,Privado,,,,,,,
49610,2019-06-26 12:20:00,CORRIENTES,21,0,1,Motocicleta,,VITA 110,2010,Privado,,,,,,,
49610,2019-06-26 12:20:00,CORRIENTES,21,1,1,Automóvil,,ECOSPORT,2018,Privado,,,,,,,
53364,2019-07-10 15:45:00,CORRIENTES,21,0,1,Automóvil,,CORSA,2015,Privado,,,,,,,
53364,2019-07-10 15:45:00,CORRIENTES,21,1,1,Automóvil,,GOL,,Privado,,,,,,,
53628,2019-08-07 22:48:00,CORRIENTES,21,0,1,Automóvil,,UNO,2007,Privado,,,,,,,
53628,2019-08-07 22:48:00,CORRIENTES,21,1,1,Camioneta/Utilitario,,DUSTER PRIVILEGE 2.0 4X2,2014,Publico,,,,,,,
53628,2019-08-07 22:48:00,CORRIENTES,21,2,1,Automóvil,,VENTO,2011,,,,,,,,
53682,2019-07-14 15:30:00,CORRIENTES,21,0,1,Motocicleta,,2B,2004,Privado,,,,,,,
53682,2019-07-14 15:30:00,CORRIENTES,21,1,1,Automóvil,,MASTER,2013,,,,,,,,
53687,2019-07-15 9:20:00,CORRIENTES,21,0,1,Camioneta/Utilitario,,FIORINO,2017,Privado,,,,,,,
53687,2019-07-15 9:20:00,CORRIENTES,21,1,1,Motocicleta,,TORNADO,2018,Privado,,,,,,,
53721,2019-07-15 17:25:00,CORRIENTES,21,0,1,Transporte de carga,,CARGO 1722,2009,Privado,Carga,,,,,,
53721,2019-07-15 17:25:00,CORRIENTES,21,1,1,Motocicleta,,110 CC,2011,Privado,,,,,,,
53870,2019-08-03 12:50:00,CORRIENTES,21,0,1,Automóvil,,KA,2016,Privado,,,,,,,
53870,2019-08-03 12:50:00,CORRIENTES,21,1,1,Automóvil,,CLASSIC 4P LT SPIRIT PACK 1.4N,2012,Privado,,,,,,,
53875,2019-08-05 8:30:00,CORRIENTES,21,0,1,Automóvil,,ASTRA,2019,Privado,,,,,,,
53875,2019-08-05 8:30:00,CORRIENTES,21,1,1,Motocicleta,,BLITZ,2018,Privado,,,,,,,
54068,2019-08-07 8:05:00,CORRIENTES,21,0,1,Automóvil,,ECOSPORT,2014,Privado,,,,,,,
54068,2019-08-07 8:05:00,CORRIENTES,21,1,0,Motocicleta,,ECO,2013,Privado,,,,,,,
54230,2019-08-07 10:30:00,CORRIENTES,21,0,1,Automóvil,,HIGH UP!,2014,Privado,,,,,,,
54230,2019-08-07 10:30:00,CORRIENTES,21,1,1,Motocicleta,,SMASH,2001,Privado,,,,,,,
54358,2019-08-07 17:50:00,CORRIENTES,21,0,1,Motocicleta,,ENERGY 110,2018,Privado,,,,,,,
54358,2019-08-07 17:50:00,CORRIENTES,21,1,1,Automóvil,,ETIOS XLS 1.5 4A/T,2018,Privado,,,,,,,
54358,2019-08-07 17:50:00,CORRIENTES,21,2,1,Camioneta/Utilitario,,HILUX 4X4 D/C SR 2.8 TDI 6 M/T,2015,Privado,,,,,,,
54358,2019-08-07 17:50:00,CORRIENTES,21,3,1,Motocicleta,,WAVE 110,2010,Privado,,,,,,,
54500,2019-08-12 10:30:00,CORRIENTES,21,0,1,Automóvil,,KA,2016,Privado,,,,,,,
54500,2019-08-12 10:30:00,CORRIENTES,21,1,1,Motocicleta,,WAVE 110,2019,Privado,,,,,,,
54539,2019-08-12 9:00:00,CORRIENTES,21,0,1,Motocicleta,,NEVADA 110 SP,2018,Privado,,,,,,,
54539,2019-08-12 9:00:00,CORRIENTES,21,1,1,Camioneta/Utilitario,,RANGER,2017,Privado,,,,,,,
54802,2019-08-14 11:30:00,CORRIENTES,21,0,1,Automóvil,,GOL,2013,Privado,,,,,,,
54802,2019-08-14 11:30:00,CORRIENTES,21,1,1,Automóvil,,YARIS,2019,Privado,,,,,,,
54955,2019-08-15 13:45:00,CORRIENTES,21,0,2,Automóvil,,PRISMA 1600,2017,Privado,,,,,,,
54955,2019-08-15 13:45:00,CORRIENTES,21,1,2,Motocicleta,,ENERGY 110,2012,Privado,,,,,,,
54968,2019-08-16 9:10:00,CORRIENTES,21,0,1,Automóvil,,KANGOO GET UP 1.5 DA AA CD PK 2P,2019,Privado,,,,,,,
54968,2019-08-16 9:10:00,CORRIENTES,21,1,1,Transporte de carga,,DAILY 70C16 PASO 3750,2015,Privado,,,,,,,
54974,2019-08-20 8:30:00,CORRIENTES,21,0,1,Automóvil,,SAVEIRO CROSS 1.6,2013,Privado,,,,,,,
54974,2019-08-20 8:30:00,CORRIENTES,21,1,1,Motocicleta,,WAVE,2018,Privado,,,,,,,
55249,2019-08-21 8:45:00,CORRIENTES,21,0,2,Automóvil,,PUNTO,2014,Privado,,,,,,,
55249,2019-08-21 8:45:00,CORRIENTES,21,1,2,Motocicleta,,SMASH,2018,Privado,,,,,,,
55263,2019-08-22 13:31:00,CORRIENTES,21,0,2,Automóvil,,ESCORT,2001,Privado,,,,,,,
55263,2019-08-22 13:31:00,CORRIENTES,21,1,1,Motocicleta,,BLITZ,2018,Privado,,,,,,,
57022,2019-09-09 1:30:00,CORRIENTES,21,0,1,Transporte de pasajeros,,17210,2016,Publico,,,,,,,
57022,2019-09-09 1:30:00,CORRIENTES,21,1,2,Motocicleta,,YBR 125,2010,Privado,,,,,,,
58981,2019-09-10 22:10:00,CORRIENTES,21,0,1,Automóvil,,PRISMA 1.4 N LT,2017,Privado,,,,,,,
58981,2019-09-10 22:10:00,CORRIENTES,21,1,1,Motocicleta,,RV 125,2011,Privado,,,,,,,
58996,2019-09-23 17:50:00,CORRIENTES,21,0,1,Automóvil,,C3 1.4HDI XTR,2019,Privado,,,,,,,
58996,2019-09-23 17:50:00,CORRIENTES,21,1,1,Motocicleta,,ST 70 DAX,2008,Privado,,,,,,,
58998,2019-09-26 10:10:00,CORRIENTES,21,0,1,Automóvil,,CORSA GL 1.6 M.P.F.I.,2017,Privado,Pax,,,,,,
58998,2019-09-26 10:10:00,CORRIENTES,21,1,1,Camioneta/Utilitario,,HILUX,2008,,,,,,,,
59000,2019-09-27 2:10:00,CORRIENTES,21,0,1,Automóvil,,DUSTER PH2 EXPRESSION 1.6,2014,Privado,,,,,,,
59000,2019-09-27 2:10:00,CORRIENTES,21,1,1,Motocicleta,,MTX 125,2018,Oficial,,,,,,,
59881,2019-09-27 12:20:00,CORRIENTES,21,0,1,Motocicleta,,RX 150,2017,Privado,,,,,,,
59881,2019-09-27 12:20:00,CORRIENTES,21,1,1,Motocicleta,,PATAGONIA,2019,,,,,,,,
60698,2019-10-08 6:50:00,CORRIENTES,21,0,1,Motocicleta,,ZB110,2018,Privado,,,,,,,
60698,2019-10-08 6:50:00,CORRIENTES,21,1,1,Motocicleta,,NIGHTHAWK 450,2019,Privado,,,,,,,
62283,2019-10-03 12:30:00,CORRIENTES,21,0,1,Automóvil,,ZB 110 R,2010,Privado,,,,,,,
62283,2019-10-03 12:30:00,CORRIENTES,21,1,1,Motocicleta,,CLIO 1.6 AUTHENTIQUE AA,2017,Privado,,,,,,,
62293,2019-10-08 10:00:00,CORRIENTES,21,0,1,Transporte de carga,,ECO 350,2015,Privado,Carga,,,,,,
62293,2019-10-08 10:00:00,CORRIENTES,21,1,1,Camioneta/Utilitario,,510,2014,Privado,,,,,,,
62293,2019-10-08 10:00:00,CORRIENTES,21,2,1,Camioneta/Utilitario,,HILUX 4X4 COVER DX PACK 2.5 TDI CON VENTANAS,2019,Privado,,,,,,,
62859,2019-10-13 16:00:00,CORRIENTES,21,0,1,Automóvil,,SANDERO AUTHENTIQUE PACK I 1.6,2010,Privado,,,,,,,
62859,2019-10-13 16:00:00,CORRIENTES,21,1,1,Camioneta/Utilitario,,HILUX,2010,Privado,,,,,,,
62885,2019-10-16 15:55:00,CORRIENTES,21,0,1,Automóvil,,CARGO 1933,2018,Privado,,,,,,,
62885,2019-10-16 15:55:00,CORRIENTES,21,1,1,Motocicleta,,TORNADO,2018,,,,,,,,
62886,2019-10-17 9:34:00,CORRIENTES,21,0,1,Motocicleta,,FZ 400R,2008,Privado,,,,,,,
62886,2019-10-17 9:34:00,CORRIENTES,21,1,1,Motocicleta,,ROUSER 135 LS,2018,,,,,,,,
62887,2019-10-19 4:15:00,CORRIENTES,21,0,1,Automóvil,,PALIO,2016,Privado,,,,,,,
62897,2019-10-22 17:00:00,CORRIENTES,21,0,1,Motocicleta,,150,2020,Privado,,,,,,,
62905,2019-10-28 12:30:00,CORRIENTES,21,0,1,Automóvil,,SEDAN,2014,Privado,,,,,,,
62905,2019-10-28 12:30:00,CORRIENTES,21,1,1,Motocicleta,,CX150,2015,Privado,,,,,,,
64182,2019-11-04 13:58:00,CORRIENTES,21,0,1,Automóvil,,KA,2008,Privado,,,,,,,
64182,2019-11-04 13:58:00,CORRIENTES,21,1,1,Automóvil,,CIVIC,2009,Privado,,,,,,,
64184,2019-11-06 22:45:00,CORRIENTES,21,0,2,Otro,,PARTNER 1.9D,2017,,,,,,,,
64184,2019-11-06 22:45:00,CORRIENTES,21,1,2,Automóvil,,TRAFIC,2017,,,,,,,,
64863,2019-11-11 22:58:00,CORRIENTES,21,0,1,Motocicleta,,FZR,2016,,,,,,,,
64863,2019-11-11 22:58:00,CORRIENTES,21,1,1,Motocicleta,,FD125,2019,Privado,,,,,,,
64885,2019-11-19 11:35:00,CORRIENTES,21,0,1,Automóvil,,CORSA COMBO 1.7,2012,Privado,,,,,,,
64885,2019-11-19 11:35:00,CORRIENTES,21,1,1,Motocicleta,,110CC,2018,Privado,,,,,,,
67474,2019-11-21 0:40:00,CORRIENTES,21,0,1,Automóvil,,CLASSIC 4P LT SPIRIT PACK 1.4N,2014,Privado,,,,,,,
67474,2019-11-21 0:40:00,CORRIENTES,21,1,1,Automóvil,,GOL TREND 1.6 SPORTLINE,2017,Privado,,,,,,,
67481,2019-11-24 8:00:00,CORRIENTES,21,0,1,Automóvil,,VANAGON,2011,Privado,,,,,,,
67481,2019-11-24 8:00:00,CORRIENTES,21,1,1,Transporte de carga,,COROLLA XEI PACK 1.8 6M/T,2005,Privado,,,,,,,
67483,2019-11-26 4:00:00,CORRIENTES,21,0,1,Peatón,,,,,,,,,,,
67483,2019-11-26 4:00:00,CORRIENTES,21,1,1,Motocicleta,,CG,2018,Privado,,,,,,,
68833,2019-12-24 15:50:00,CORRIENTES,21,0,2,Motocicleta,,CG 150 TITAN KS,,Privado,,,,,,,
68833,2019-12-24 15:50:00,CORRIENTES,21,1,1,Automóvil,,,2019,Privado,,,,,,,
68863,2019-12-10 12:20:00,CORRIENTES,21,0,1,Automóvil,,FIRE,2013,Privado,,,,,,,
68863,2019-12-10 12:20:00,CORRIENTES,21,1,1,Motocicleta,,,,,,,,,,,
49587,2019-06-14 10:00:00,CORRIENTES,21,1,1,Peatón,,,,,,,,,,,